tree
version=v4
num_class=1
num_tree_per_iteration=1
label_index=0
max_feature_idx=4
objective=quantile
feature_names=Column_0 Column_1 Column_2 Column_3 Column_4
feature_infos=[1:8] none [0.10000000149011612:0.5318182110786438] [0.10000000149011612:0.5] [0.10000000149011612:0.69999998807907104]
tree_sizes=8396 7433 7494 7482 2348 2349 7704 7726 7733 7732 7621 2266 7621 7658 2267 7693 7657 7708 7710 2354 7659 7715 7663 7729 7638 7780 2280 7654 7679 7738 7748 2378 7616 7702 7617 7583 2292 2211 7630 7814 7562 7638 7707 2205 2212 7716 2212 2208 7557 7879 7736 7619 7625 2339 7680 7663 7804 7679 7719 7721 7689 7658 7741 7723 7702 7806

Tree=0
num_leaves=95
num_cat=0
split_feature=4 3 4 2 2 2 2 2 2 2 2 2 2 2 2 2 2 2 2 4 2 4 2 2 2 2 2 2 2 2 2 4 2 2 2 2 2 2 2 2 2 2 4 2 2 2 2 2 2 2 2 3 2 2 2 2 2 2 2 2 2 2 2 2 2 2 2 2 2 2 2 2 2 2 2 2 2 2 2 2 2 2 4 2 2 2 2 2 2 2 2 2 2 2
split_gain=7392.56 2845.45 203.375 148.449 50.9818 60.8367 32.5131 19.7923 49.1107 27.7455 26.813 26.0335 55.2209 28.0124 22.4217 21.1145 14.0297 13.9803 33.0661 11.5414 23.4085 11.4672 10.6225 9.73149 24.226 18.362 17.4117 16.0576 15.3232 12.3238 9.80465 8.83963 7.8945 11.4533 7.49551 12.3471 6.99963 22.0202 6.8049 6.72919 9.20105 6.19506 5.99525 5.92812 7.23725 5.72418 5.67268 4.9982 4.94449 5.50428 4.84857 4.82518 4.8048 4.50517 4.40547 4.38618 4.01046 3.82296 6.94081 3.64129 3.63708 5.61713 3.42587 4.13101 3.30502 3.55448 3.27337 3.25238 2.99946 40.828 11.4377 6.52097 3.67974 4.56627 2.99498 2.92046 2.84279 4.74911 2.82761 2.80275 3.07665 2.7765 2.65598 10.7575 20.1186 7.70867 7.39237 13.8585 12.7514 9.70099 6.16493 18.6069 5.90939 12.2775
threshold=0.15000000223517421 0.15000000223517421 0.25000000745058065 0.20745369791984561 0.11293309181928636 0.13417843729257586 0.15954913944005969 0.18724054098129275 0.19548846781253817 0.15724790096282962 0.19101010262966159 0.20071429014205935 0.20206207782030108 0.20219807326793673 0.16370223462581637 0.18897569924592975 0.16259328275918963 0.25035211443901068 0.23357842862606051 0.25000000745058065 0.17280431091785434 0.25000000745058065 0.18843366950750354 0.14216374605894092 0.14586748182773593 0.15032467991113665 0.15280397981405261 0.14451952278614047 0.14926454424858096 0.14246211946010592 0.13440062105655673 0.35000000894069677 0.14415185153484347 0.14379280805587771 0.15119115263223651 0.15092624723911288 0.17394282668828967 0.18724054098129275 0.133558563888073 0.15188746154308322 0.15220635384321216 0.19344085454940799 0.35000000894069677 0.1273460388183594 0.11526600643992425 0.22039676457643512 0.18582589179277423 0.15886382013559344 0.14551208168268207 0.14503520727157596 0.17006493359804156 0.35000000894069677 0.12565835565328601 0.13465463370084765 0.14172885566949847 0.17660956084728244 0.14620192348957065 0.15339080244302752 0.15529115498065951 0.15460605919361117 0.16013698279857638 0.16159114986658099 0.15563492476940158 0.1583974361419678 0.14741302281618121 0.13688258826732638 0.168457105755806 0.15724790096282962 0.10629960522055627 0.10533428192138673 0.10840395465493204 0.10916084051132204 0.10458041727542879 0.10504237189888956 0.15153882652521136 0.19291979819536212 0.14295635372400287 0.14351332187652591 0.1779797971248627 0.15678746998310092 0.15629401057958606 0.15678746998310092 0.25000000745058065 0.14895787835121158 0.1483045965433121 0.14379280805587771 0.13263087719678882 0.1393149867653847 0.14295635372400287 0.11630280315876008 0.15092624723911288 0.15153882652521136 0.14551208168268207 0.14620192348957065
decision_type=2 2 2 2 2 2 2 2 2 2 2 2 2 2 2 2 2 2 2 2 2 2 2 2 2 2 2 2 2 2 2 2 2 2 2 2 2 2 2 2 2 2 2 2 2 2 2 2 2 2 2 2 2 2 2 2 2 2 2 2 2 2 2 2 2 2 2 2 2 2 2 2 2 2 2 2 2 2 2 2 2 2 2 2 2 2 2 2 2 2 2 2 2 2
left_child=-1 2 4 7 68 38 23 9 10 82 15 21 -13 -14 -11 22 43 18 31 20 -16 -10 -9 30 27 28 34 29 56 -25 -7 45 33 76 35 -27 50 55 52 74 -41 75 -20 44 -4 -5 -18 57 49 -29 60 -19 -6 -32 -55 -38 -26 -28 59 -59 -8 -62 -60 67 65 -45 -63 79 69 72 -70 -72 -2 -74 -36 -12 -31 -78 -22 80 -64 -66 83 84 86 -84 89 -88 -89 -3 -85 -92 -90 -94
right_child=1 3 16 17 5 6 36 8 11 14 41 12 13 -15 19 -17 46 51 42 -21 78 -23 -24 24 25 26 47 48 -30 32 53 -33 -34 -35 39 -37 37 -39 -40 40 -42 -43 -44 64 -46 -47 -48 -49 -50 -51 -52 -53 -54 54 -56 -57 -58 58 62 -61 61 66 63 -65 81 -67 -68 -69 70 -71 71 -73 73 -75 -76 -77 77 -79 -80 -81 -82 -83 85 90 -86 -87 87 88 92 -91 91 -93 93 -95
leaf_value=0.10000000149011612 0.10000000149011612 0.10951581051688584 0.10000000149011612 0.10951581051688584 0.10000000149011612 0.10000000149011612 0.10000000149011612 0.10951581051688584 0.10951581051688584 0.10951581051688584 0.10000000149011612 0.10000000149011612 0.10951581051688584 0.10951581051688584 0.10951581051688584 0.10951581051688584 0.10000000149011612 0.10951581051688584 0.10951581051688584 0.10951581051688584 0.10000000149011612 0.10951581051688584 0.10000000149011612 0.10000000149011612 0.10000000149011612 0.10000000149011612 0.10000000149011612 0.10000000149011612 0.10000000149011612 0.10000000149011612 0.10000000149011612 0.10951581051688584 0.10000000149011612 0.10000000149011612 0.10000000149011612 0.10000000149011612 0.10000000149011612 0.10000000149011612 0.10000000149011612 0.10000000149011612 0.10000000149011612 0.10000000149011612 0.10951581051688584 0.10000000149011612 0.10000000149011612 0.10951581051688584 0.10000000149011612 0.10000000149011612 0.10951581051688584 0.10000000149011612 0.10000000149011612 0.12854742857042528 0.10000000149011612 0.10000000149011612 0.10000000149011612 0.10000000149011612 0.10000000149011612 0.10000000149011612 0.10000000149011612 0.10000000149011612 0.10000000149011612 0.10000000149011612 0.10000000149011612 0.10000000149011612 0.10000000149011612 0.10951581051688584 0.10000000149011612 0.10000000149011612 0.10000000149011612 0.10000000149011612 0.10000000149011612 0.10000000149011612 0.10000000149011612 0.10000000149011612 0.10951581051688584 0.10000000149011612 0.10000000149011612 0.10000000149011612 0.10000000149011612 0.10000000149011612 0.10000000149011612 0.10951581051688584 0.10951581051688584 0.10000000149011612 0.10951581051688584 0.10951581051688584 0.10000000149011612 0.10951581051688584 0.10000000149011612 0.10951581051688584 0.10951581051688584 0.10000000149011612 0.10951581051688584 0.10000000149011612
leaf_weight=315397 33931 131 804 1147 37153 398 950 234 194 1215 350 368 199 490 413 291 1107 1755 759 1854 141 909 151 336 470 248 608 423 4277 1261 504 317 960 269 370 276 832 3210 399 319 493 416 175 402 538 773 298 170 261 960 680 313 22330 12546 486 1538 2686 966 543 202 425 2545 310 233 575 543 279 430 2616 1098 1092 6965 425 249 225 119 498 386 178 707 207 476 752 644 121 954 165 210 286 144 121 758 144 391
leaf_count=315397 33931 131 804 1147 37153 398 950 234 194 1215 350 368 199 490 413 291 1107 1755 759 1854 141 909 151 336 470 248 608 423 4277 1261 504 317 960 269 370 276 832 3210 399 319 493 416 175 402 538 773 298 170 261 960 680 313 22330 12546 486 1538 2686 966 543 202 425 2545 310 233 575 543 279 430 2616 1098 1092 6965 425 249 225 119 498 386 178 707 207 476 752 644 121 954 165 210 286 144 121 758 144 391
internal_value=0.1 0.0781778 0.0740497 0.114451 0.0734352 0.0722592 0.0749681 0.108754 0.102954 0.111257 0.0900941 0.112247 0.101575 0.117471 0.117337 0.104364 0.0934495 0.127872 0.123902 0.112327 0.10221 0.122474 0.0897427 0.0764323 0.0778277 0.0757118 0.0794883 0.0832576 0.0725075 0.0797885 0.0745203 0.130181 0.0780578 0.0809605 0.0870149 0.0773001 0.0703444 0.0726463 0.0702919 0.090633 0.0849997 0.0791942 0.108864 0.0968072 0.0919165 0.132611 0.0854723 0.076167 0.0910862 0.0888191 0.0677118 0.133959 0.070375 0.0740874 0.0744288 0.0796032 0.0775371 0.0755204 0.0766998 0.0827282 0.068919 0.0704333 0.0738022 0.0757188 0.100095 0.104179 0.0688984 0.0773899 0.0760566 0.076475 0.0746569 0.0764319 0.0759018 0.0689395 0.0983207 0.071696 0.0786393 0.0827768 0.0828477 0.0748888 0.0802137 0.0964237 0.106464 0.104811 0.110281 0.109482 0.107213 0.103978 0.108076 0.121281 0.099094 0.104276 0.102724 0.108626
internal_weight=0 172070 154488 17582 149745 103369 43487 12343 3721 8622 1561 2160 1057 689 3801 676 4743 5239 3171 2586 732 1103 385 33028 19094 13740 6307 5354 7433 3710 13934 2237 3374 2414 1931 524 10459 5580 59882 1407 812 885 934 3338 1342 1920 1405 4376 1644 1383 4879 2068 59483 13536 13032 2370 3156 4206 3598 1168 4199 3249 2430 1887 1996 945 2824 1654 46376 35703 10673 8057 34605 674 595 469 2145 884 319 1224 517 1051 4821 3115 1592 1706 1471 1196 1031 275 1523 879 821 535
internal_count=487467 172070 154488 17582 149745 103369 43487 12343 3721 8622 1561 2160 1057 689 3801 676 4743 5239 3171 2586 732 1103 385 33028 19094 13740 6307 5354 7433 3710 13934 2237 3374 2414 1931 524 10459 5580 59882 1407 812 885 934 3338 1342 1920 1405 4376 1644 1383 4879 2068 59483 13536 13032 2370 3156 4206 3598 1168 4199 3249 2430 1887 1996 945 2824 1654 46376 35703 10673 8057 34605 674 595 469 2145 884 319 1224 517 1051 4821 3115 1592 1706 1471 1196 1031 275 1523 879 821 535
is_linear=0
shrinkage=1


Tree=1
num_leaves=95
num_cat=0
split_feature=3 2 2 2 2 0 2 2 2 2 2 2 2 2 2 0 2 2 2 2 2 2 0 0 2 2 2 2 2 2 0 2 2 2 2 2 0 0 0 2 2 2 2 2 2 2 2 0 2 2 0 2 2 2 2 2 2 2 2 0 2 2 0 2 2 0 2 0 2 2 2 2 2 0 2 2 2 2 2 2 2 2 3 2 2 0 2 2 2 2 2 0 2 2
split_gain=5475.71 1990.68 224.374 148.449 111.957 45.355 44.6194 39.233 37.0994 24.0691 46.9631 22.6621 22.4028 42.9654 38.0779 17.5727 15.186 37.3524 32.2194 23.1846 13.9803 33.0661 20.1333 13.7472 13.1962 12.9728 16.3143 10.132 9.99031 9.66818 8.46774 11.3884 7.64029 22.8468 8.53561 13.0473 18.4348 7.54875 7.40962 15.3822 17.3965 9.01869 18.268 18.1728 9.60352 7.2011 9.564 6.85446 6.35195 10.3008 7.34028 6.93363 6.27079 6.20683 10.2818 6.48753 16.0427 6.13505 6.89434 13.7142 6.02036 5.98497 7.13553 5.70183 5.6352 5.44484 6.11249 5.31713 6.42946 10.6566 9.11559 5.15159 10.4857 11.7082 5.1099 9.38842 10.9847 9.99749 6.06372 4.85912 4.84277 5.17683 4.82518 4.82262 5.43949 4.74134 4.50009 4.36888 4.95525 4.76369 4.12936 4.58199 4.08146 3.97429
threshold=0.15000000223517421 0.11084018647670747 0.13417843729257586 0.20745369791984561 0.10074627026915552 2.5000000000000004 0.11854497343301774 0.17280431091785434 0.15724790096282962 0.19548846781253817 0.19101010262966159 0.15954913944005969 0.20071429014205935 0.20206207782030108 0.20219807326793673 2.5000000000000004 0.15119115263223651 0.14926454424858096 0.14216374605894092 0.15188746154308322 0.25035211443901068 0.23357842862606051 2.5000000000000004 1.5000000000000002 0.1613835692405701 0.18897569924592975 0.18843366950750354 0.13440062105655673 0.14246211946010592 0.12565835565328601 2.5000000000000004 0.22736185789108279 0.14451952278614047 0.14586748182773593 0.14415185153484347 0.14379280805587771 1.5000000000000002 1.5000000000000002 1.5000000000000002 0.14765568077564242 0.13969421386718753 0.14895787835121158 0.1393149867653847 0.13263087719678882 0.10873378813266756 0.19510195404291156 0.19101010262966159 1.5000000000000002 0.10629960522055627 0.10533428192138673 1.5000000000000002 0.10317540168762208 0.133558563888073 0.16013698279857638 0.16159114986658099 0.19344085454940799 0.17660956084728244 0.14551208168268207 0.14503520727157596 1.5000000000000002 0.19344085454940799 0.15886382013559344 1.5000000000000002 0.10840395465493204 0.15092624723911288 1.5000000000000002 0.17394282668828967 1.5000000000000002 0.14741302281618121 0.14790198951959613 0.14765568077564242 0.15032467991113665 0.15092624723911288 1.5000000000000002 0.15220635384321216 0.15280397981405261 0.15392307937145236 0.15529115498065951 0.15803226083517077 0.19548846781253817 0.18724054098129275 0.19101010262966159 0.35000000894069677 0.17089758068323138 0.16688596457242968 2.5000000000000004 0.15255323797464374 0.11984848231077196 0.1201351322233677 0.12061157822608949 0.14295635372400287 1.5000000000000002 0.13465463370084765 0.19238026440143588
decision_type=2 2 2 2 2 2 2 2 2 2 2 2 2 2 2 2 2 2 2 2 2 2 2 2 2 2 2 2 2 2 2 2 2 2 2 2 2 2 2 2 2 2 2 2 2 2 2 2 2 2 2 2 2 2 2 2 2 2 2 2 2 2 2 2 2 2 2 2 2 2 2 2 2 2 2 2 2 2 2 2 2 2 2 2 2 2 2 2 2 2 2 2 2 2
left_child=1 4 6 5 -1 7 -3 8 38 10 25 16 23 -14 -15 29 17 18 27 -18 21 30 -23 -11 -10 26 -9 47 -20 87 31 -5 34 57 35 90 -37 -26 41 40 -40 42 43 44 -2 46 -7 -4 49 51 -51 -6 -31 -13 -55 56 65 58 59 -34 93 62 86 -50 -43 66 83 -35 -69 70 -70 85 73 -73 -64 -76 -77 -78 -79 -57 -58 -82 -22 84 -56 -19 -21 -8 -89 -90 -30 -92 -29 -12
right_child=3 2 11 20 48 45 15 9 24 12 60 53 13 14 -16 -17 19 71 28 61 82 22 -24 -25 37 -27 -28 92 32 52 -32 -33 33 67 -36 36 -38 -39 39 -41 -42 64 -44 -45 -46 -47 -48 -49 63 50 -52 -53 -54 54 55 79 80 -59 -60 -61 -62 -63 74 -65 -66 -67 -68 68 69 -71 -72 72 -74 -75 75 76 77 78 -80 -81 81 -83 -84 -85 -86 -87 -88 88 89 -91 91 -93 -94 -95
leaf_value=0 0.0086103028259232918 0 0 0.0086103028259232918 0 0.0086103028259232918 0 0.0086103028259232918 0.0086103028259232918 0.0086103028259232918 0 0 0 0.0086103028259232918 -0.00090550620084642753 0 0 0 0 0 0.0086103028259232918 0.0086103028259232918 0.0086103028259232918 0.0086103028259232918 0.0086103028259232918 0.0086103028259232918 0 0 0 0 0.0086103028259232918 0.0086103028259232918 0.0095158090267697202 0 0 0.0095158090267697202 0 0.0086103028259232918 0.0086103028259232918 0.0086103028259232918 0 0 0.0086103028259232918 0 0.0086103028259232918 0.0086103028259232918 0 0 0 0 0 0 0 0 0 0 0 0.0086103028259232918 0 0 0 0 0 0 0.0086103028259232918 0 0 0 0 0 0.0095158090267697202 0.0095158090267697202 0 0 0.0095158090267697202 0 0.0095158090267697202 0 0 0 0 0 0.025830908477769879 0 0 0 0 0 0 0 0 0 0 0
leaf_weight=313058 476 30754 284 1338 1249 892 3491 1211 740 328 130 1082 361 196 364 384 612 4790 346 240 1755 684 250 530 569 218 144 513 1381 24061 730 169 335 2140 1013 184 107 815 261 1413 491 342 791 142 173 420 127 124 7660 2765 558 5083 389 526 1508 187 1855 284 980 131 312 222 201 9357 620 2744 375 555 122 419 155 143 286 112 218 456 339 870 210 2776 478 189 313 433 390 132 2945 4486 537 18070 596 326 13669 277
leaf_count=313058 476 30754 284 1338 1249 892 3491 1211 740 328 130 1082 361 196 364 384 612 4790 346 240 1755 684 250 530 569 218 144 513 1381 24061 730 169 335 2140 1013 184 107 815 261 1413 491 342 791 142 173 420 127 124 7660 2765 558 5083 389 526 1508 187 1855 284 980 131 312 222 201 9357 620 2744 375 555 122 419 155 143 286 112 218 456 339 870 210 2776 478 189 313 433 390 132 2945 4486 537 18070 596 326 13669 277
internal_value=0 -0.0396383 -0.0296317 0.0144507 -0.043472 0.00875411 -0.0326508 0.00665862 0.0110644 -0.000736301 -0.00718253 -0.0244613 0.00756879 -0.00273799 0.0137639 -0.0309359 -0.023231 -0.0241481 -0.0225108 -0.019 0.0278717 0.0239021 0.00886376 0.0186324 0.0215047 0.00202657 -0.00143966 -0.0252798 -0.0180584 -0.0310885 0.0301809 0.0342556 -0.0186871 -0.0163242 -0.0220417 -0.019149 -0.000163502 0.0160201 0.00635532 0.00226358 -0.00873126 0.00983749 0.0142557 0.00403008 0.0107768 0.0246327 0.020311 -0.0104954 -0.0375538 -0.0356042 -0.0313137 -0.0378558 -0.0297228 -0.0279375 -0.0272871 -0.0279122 -0.0264991 -0.00742563 -0.00993698 -0.000408404 -0.0273298 -0.0208894 -0.02151 -0.0386599 0.00257184 -0.029403 -0.0263742 -0.0208641 -0.0159357 -0.00984394 0.00463767 -0.0312404 -0.0224264 -0.0083963 -0.0174636 -0.0160719 -0.018245 -0.0141161 -0.0185911 -0.031714 -0.0202239 -0.0271778 0.0339587 -0.0281882 -0.0261208 -0.0322091 -0.0244244 -0.0323446 -0.0328189 -0.0321345 -0.021548 -0.0166165 -0.0257052 -0.0349536
internal_weight=0 469885 130155 17582 339730 12343 82172 10904 6833 4071 2292 47983 1779 921 560 51418 35440 29127 23664 6313 5239 3171 934 858 2124 1573 1355 14590 9074 51034 2237 1507 8728 5121 3607 2594 291 1384 4709 2165 752 2544 1582 791 649 1439 1019 408 26672 9655 3323 6332 24450 12543 11461 10935 7972 1730 1446 466 719 5701 5479 17017 962 5450 2706 3391 1251 696 277 5463 541 255 2294 2093 1875 1419 1080 2963 2522 667 2068 2331 1898 4922 3185 26584 23093 18607 2303 922 14182 407
internal_count=487467 469885 130155 17582 339730 12343 82172 10904 6833 4071 2292 47983 1779 921 560 51418 35440 29127 23664 6313 5239 3171 934 858 2124 1573 1355 14590 9074 51034 2237 1507 8728 5121 3607 2594 291 1384 4709 2165 752 2544 1582 791 649 1439 1019 408 26672 9655 3323 6332 24450 12543 11461 10935 7972 1730 1446 466 719 5701 5479 17017 962 5450 2706 3391 1251 696 277 5463 541 255 2294 2093 1875 1419 1080 2963 2522 667 2068 2331 1898 4922 3185 26584 23093 18607 2303 922 14182 407
is_linear=0
shrinkage=0.0951581


Tree=2
num_leaves=95
num_cat=0
split_feature=4 4 2 2 2 2 2 2 2 2 2 2 2 0 2 2 0 2 0 2 0 0 4 2 2 2 0 2 2 2 2 0 0 2 2 2 2 2 0 2 2 2 2 2 2 2 2 0 2 2 0 2 4 0 2 2 2 2 2 2 2 2 2 2 0 2 2 2 0 2 2 2 2 2 0 2 2 0 0 2 2 2 2 2 2 2 2 2 2 0 2 2 2 2
split_gain=7392.56 2330.6 232.97 97.0173 76.7402 41.0763 51.9206 51.9466 33.1489 23.0299 20.1212 18.7712 25.1081 20.2522 17.1944 44.893 16.9615 16.4428 14.6586 13.1264 22.9595 12.2402 12.0765 11.0979 10.473 11.114 10.9452 24.1613 13.3841 10.3775 26.5693 14.9782 10.264 10.0831 9.88623 12.7753 20.7223 10.994 12.6784 9.57001 9.13357 9.10992 8.9274 11.5029 14.2115 9.94843 8.52792 8.33532 8.22801 22.4524 7.97071 11.4479 7.85288 7.79639 7.55494 9.29586 6.47596 6.4644 6.19483 62.6923 13.4283 9.75101 6.14571 5.93761 19.3454 8.88514 10.5657 7.23244 5.70828 5.54838 5.03588 4.7023 4.37084 4.3521 4.29727 4.70528 4.74764 4.05728 5.73568 3.87207 3.74211 3.73303 21.5465 3.67887 3.46687 3.46634 3.46535 6.23573 4.88667 3.43559 3.26145 6.47505 3.25872 3.23925
threshold=0.15000000223517421 0.25000000745058065 0.20206207782030108 0.1406514793634415 0.11293309181928636 0.20071429014205935 0.19548846781253817 0.19101010262966159 0.14895787835121158 0.1281470060348511 0.13417843729257586 0.25035211443901068 0.23357842862606051 2.5000000000000004 0.15032467991113665 0.15529115498065951 1.5000000000000002 0.14451952278614047 2.5000000000000004 0.14503520727157596 1.5000000000000002 1.5000000000000002 0.35000000894069677 0.18724054098129275 0.14415185153484347 0.14216374605894092 1.5000000000000002 0.14379280805587771 0.14246211946010592 0.20219807326793673 0.20745369791984561 2.5000000000000004 1.5000000000000002 0.17394282668828967 0.14765568077564242 0.14586748182773593 0.14551208168268207 0.14790198951959613 1.5000000000000002 0.13440062105655673 0.14351332187652591 0.14295635372400287 0.16587346047163012 0.16013698279857638 0.15954913944005969 0.17660956084728244 0.14172885566949847 1.5000000000000002 0.18897569924592975 0.18843366950750354 2.5000000000000004 0.22736185789108279 0.35000000894069677 2.5000000000000004 0.15188746154308322 0.15460605919361117 0.133558563888073 0.16159114986658099 0.10504237189888956 0.10629960522055627 0.10873378813266756 0.10533428192138673 0.10947888717055322 0.16688596457242968 2.5000000000000004 0.15678746998310092 0.1613835692405701 0.17280431091785434 1.5000000000000002 0.15724790096282962 0.15119115263223651 0.10458041727542879 0.13465463370084765 0.14094635099172595 1.5000000000000002 0.13533937186002734 0.13688258826732638 1.5000000000000002 2.5000000000000004 0.14122316241264346 0.12565835565328601 0.17089758068323138 0.16688596457242968 0.16259328275918963 0.1276228874921799 0.13481555134058001 0.15280397981405261 0.15298574417829516 0.15220635384321216 2.5000000000000004 0.19344085454940799 0.19238026440143588 0.1139211878180504 0.17660956084728244
decision_type=2 2 2 2 2 2 2 2 2 2 2 2 2 2 2 2 2 2 2 2 2 2 2 2 2 2 2 2 2 2 2 2 2 2 2 2 2 2 2 2 2 2 2 2 2 2 2 2 2 2 2 2 2 2 2 2 2 2 2 2 2 2 2 2 2 2 2 2 2 2 2 2 2 2 2 2 2 2 2 2 2 2 2 2 2 2 2 2 2 2 2 2 2 2
left_child=-1 3 5 4 16 6 7 9 17 21 53 12 29 22 -10 54 58 24 90 20 -19 92 -14 32 25 46 27 28 -27 -4 31 -31 33 -17 35 36 -21 38 -36 47 -28 -30 43 44 69 81 73 -12 49 63 51 52 -32 56 70 86 80 -45 71 61 -61 -60 -62 65 93 68 -67 -66 -11 -34 -16 -2 -41 -5 -74 85 -77 -8 -79 -75 -6 82 -44 -68 -55 -76 88 -88 -56 -13 91 -9 -3 -65
right_child=1 2 11 8 10 -7 77 18 14 48 39 89 13 -15 15 23 -18 19 -20 34 -22 -23 -24 -25 -26 26 40 -29 41 30 50 -33 42 -35 37 -37 -38 -39 -40 72 -42 -43 45 57 -46 -47 -48 -49 -50 -51 -52 -53 -54 84 55 -57 -58 -59 59 60 62 -63 -64 64 67 66 83 -69 -70 -71 -72 -73 74 79 75 76 -78 78 -80 -81 -82 -83 -84 -85 -86 -87 87 -89 -90 -91 -92 -93 -94 -95
leaf_value=0 0 0.0077909628645909928 0.0077909628645909928 0 0 0 0.0077909628645909928 0 0 0.0077909628645909928 0 0.0077909628645909928 -0.0017248461621787272 0.0077909628645909928 0 0 0 0.0086103028259232918 0.0086964690654374194 0 0 0 0.0077909628645909928 0 0 0.0077909628645909928 0 0.0086103028259232918 0 -0.00081933996133230107 0.0077909628645909928 0.0077909628645909928 0 0 0 0 0.0077909628645909928 0 0.0086103028259232918 0 0 0 0 0.0077909628645909928 0 0 0 0 0.0077909628645909928 0 0.0077909628645909928 0.0077909628645909928 0.0077909628645909928 0 0 0.0086103028259232918 0 0 0 0 0 0.0095158090267697202 0 0 0.0077909628645909928 0.0077909628645909928 -0.00090550620084642753 0.0077909628645909928 0.0077909628645909928 0 0 0 0 0 0 0 0 0.0077909628645909928 0.0077909628645909928 0 0 0 0 0.0077909628645909928 0 0 0 0 0 0.0077909628645909928 0 0 0 0.0077909628645909928
leaf_weight=315397 33838 1103 199 380 37107 368 329 149 5070 1288 278 740 574 249 677 4352 3368 352 163 1010 111 282 109 3561 1039 256 804 195 833 363 1172 126 829 1047 137 2243 320 985 174 506 231 626 836 294 577 1043 505 120 303 156 739 170 183 177 414 275 386 590 199 2252 744 796 4984 831 159 1007 244 436 1279 437 698 326 7640 450 106 857 2220 425 254 863 22202 893 281 930 198 262 298 1513 613 1341 290 266 468 997
leaf_count=315397 33838 1103 199 380 37107 368 329 149 5070 1288 278 740 574 249 677 4352 3368 352 163 1010 111 282 109 3561 1039 256 804 195 833 363 1172 126 829 1047 137 2243 320 985 174 506 231 626 836 294 577 1043 505 120 303 156 739 170 183 177 414 275 386 590 199 2252 744 796 4984 831 159 1007 244 436 1279 437 698 326 7640 450 106 857 2220 425 254 863 22202 893 281 930 198 262 298 1513 613 1341 290 266 468 997
internal_value=0 -0.0218222 0.0108917 -0.0255712 -0.0268822 0.00310377 0.00411746 0.00210982 -0.0212307 0.00414931 -0.0288271 0.0262024 0.022295 0.00867858 -0.0232236 -0.0219238 -0.0238688 -0.017025 -0.0201718 -0.0131529 0.00215801 -0.00536644 0.000208986 -0.0244609 -0.0203646 -0.0186042 -0.0147826 -0.0105122 -0.0141211 0.026594 0.0250771 0.00496223 -0.0229872 -0.0259706 -0.0146089 -0.0171913 -0.009802 -0.00748929 0.00810833 -0.0252678 -0.0226633 -0.0176424 -0.0202005 -0.0162435 -0.0205238 -0.023735 -0.0237246 -0.0107591 0.00646027 0.00582481 0.0294217 0.0333521 0.0362724 -0.0295375 -0.013591 -0.0161857 -0.0296234 -0.00731985 -0.023361 -0.0211362 -0.0239445 0.00138673 -0.021497 0.00660175 0.00276874 0.00855781 0.0130237 0.0176722 0.00476346 -0.0148825 -0.00771646 -0.0239455 -0.025766 -0.0204874 -0.0253712 -0.0225811 -0.0237973 0.0247336 0.0205312 -0.0230829 -0.0295435 -0.0276479 -0.0239812 0.00688964 -0.0158597 -0.0124119 -0.0178044 -0.0203084 -0.0133888 0.0334951 -0.0261179 -0.0315283 -0.00208972 -0.00208223
internal_weight=0 172070 17692 154378 118566 11727 11359 10351 35812 9483 72059 5965 3884 932 24298 19228 46507 11514 868 5332 463 1853 683 14740 6182 5143 2945 1910 1715 2952 2753 489 11179 5399 4869 3573 1330 1296 311 11989 1035 1459 5780 2727 1843 3053 2198 398 7630 7327 2264 1525 1355 60070 4488 3113 59695 884 43139 8975 7980 995 5728 7171 2423 4748 2181 595 2567 1266 1375 34164 11591 1693 11085 3445 3077 1008 679 1313 59309 2010 1117 1174 375 368 2838 1811 1027 2081 705 415 1571 1828
internal_count=487467 172070 17692 154378 118566 11727 11359 10351 35812 9483 72059 5965 3884 932 24298 19228 46507 11514 868 5332 463 1853 683 14740 6182 5143 2945 1910 1715 2952 2753 489 11179 5399 4869 3573 1330 1296 311 11989 1035 1459 5780 2727 1843 3053 2198 398 7630 7327 2264 1525 1355 60070 4488 3113 59695 884 43139 8975 7980 995 5728 7171 2423 4748 2181 595 2567 1266 1375 34164 11591 1693 11085 3445 3077 1008 679 1313 59309 2010 1117 1174 375 368 2838 1811 1027 2081 705 415 1571 1828
is_linear=0
shrinkage=0.0951581


Tree=3
num_leaves=95
num_cat=0
split_feature=4 3 4 2 2 2 2 2 2 2 2 2 2 2 2 2 2 2 2 4 2 4 2 2 2 2 2 2 2 2 2 4 2 2 2 2 2 2 2 2 2 2 2 4 2 2 2 2 2 2 2 3 2 2 2 2 2 2 2 2 2 2 2 2 2 2 2 2 2 2 2 2 2 2 2 2 2 2 2 2 2 2 4 2 2 2 2 2 2 2 2 2 2 2
split_gain=7394.56 2844.93 205.829 148.449 50.9818 60.8367 32.5131 19.7923 49.1107 27.7455 26.813 26.0335 55.2209 28.0124 22.4217 21.1145 13.9803 33.0661 13.0418 11.5414 23.4085 11.4672 10.6225 9.73149 24.226 18.362 17.4117 16.0576 15.3232 12.3238 9.80465 8.83963 7.8945 11.4533 7.49551 12.3471 7.23747 6.99963 22.0202 6.8049 6.72919 9.20105 6.19506 5.99525 5.92812 7.23725 5.72418 4.9982 4.94449 5.50428 4.84857 4.82518 4.8048 4.50517 4.40547 4.38618 4.01046 3.82296 6.94081 3.64129 3.63708 5.61713 3.42587 4.13101 3.30502 3.55448 3.27337 3.25238 2.99946 40.828 11.4377 6.52097 3.67974 4.56627 2.99498 2.92046 2.84279 4.74911 2.82761 2.80275 3.07665 2.7765 2.65598 10.7575 20.1186 7.70867 7.39237 13.8585 12.7514 9.70099 6.16493 18.6069 5.90939 12.2775
threshold=0.15000000223517421 0.15000000223517421 0.25000000745058065 0.20745369791984561 0.11293309181928636 0.13417843729257586 0.15954913944005969 0.18724054098129275 0.19548846781253817 0.15724790096282962 0.19101010262966159 0.20071429014205935 0.20206207782030108 0.20219807326793673 0.16370223462581637 0.18897569924592975 0.25035211443901068 0.23357842862606051 0.16259328275918963 0.25000000745058065 0.17280431091785434 0.25000000745058065 0.18843366950750354 0.14216374605894092 0.14586748182773593 0.15032467991113665 0.15280397981405261 0.14451952278614047 0.14926454424858096 0.14246211946010592 0.13440062105655673 0.35000000894069677 0.14415185153484347 0.14379280805587771 0.15119115263223651 0.15092624723911288 0.18582589179277423 0.17394282668828967 0.18724054098129275 0.133558563888073 0.15188746154308322 0.15220635384321216 0.19344085454940799 0.35000000894069677 0.1273460388183594 0.11526600643992425 0.22039676457643512 0.15886382013559344 0.14551208168268207 0.14503520727157596 0.17006493359804156 0.35000000894069677 0.12565835565328601 0.13465463370084765 0.14172885566949847 0.17660956084728244 0.14620192348957065 0.15339080244302752 0.15529115498065951 0.15460605919361117 0.16013698279857638 0.16159114986658099 0.15563492476940158 0.1583974361419678 0.14741302281618121 0.13688258826732638 0.168457105755806 0.15724790096282962 0.10629960522055627 0.10533428192138673 0.10840395465493204 0.10916084051132204 0.10458041727542879 0.10504237189888956 0.15153882652521136 0.19291979819536212 0.14295635372400287 0.14351332187652591 0.1779797971248627 0.15678746998310092 0.15629401057958606 0.15678746998310092 0.25000000745058065 0.14895787835121158 0.1483045965433121 0.14379280805587771 0.13263087719678882 0.1393149867653847 0.14295635372400287 0.11630280315876008 0.15092624723911288 0.15153882652521136 0.14551208168268207 0.14620192348957065
decision_type=2 2 2 2 2 2 2 2 2 2 2 2 2 2 2 2 2 2 2 2 2 2 2 2 2 2 2 2 2 2 2 2 2 2 2 2 2 2 2 2 2 2 2 2 2 2 2 2 2 2 2 2 2 2 2 2 2 2 2 2 2 2 2 2 2 2 2 2 2 2 2 2 2 2 2 2 2 2 2 2 2 2 2 2 2 2 2 2 2 2 2 2 2 2
left_child=-1 2 4 7 68 39 23 9 10 82 15 21 -13 -14 -11 22 17 31 44 20 -16 -10 -9 30 27 28 34 29 56 -25 -7 46 33 76 35 -27 -20 50 55 52 74 -42 75 -19 45 -4 -5 57 49 -29 60 -18 -6 -32 -55 -39 -26 -28 59 -59 -8 -62 -60 67 65 -46 -63 79 69 72 -70 -72 -2 -74 -36 -12 -31 -78 -22 80 -64 -66 83 84 86 -84 89 -88 -89 -3 -85 -92 -90 -94
right_child=1 3 18 16 5 6 37 8 11 14 42 12 13 -15 19 -17 51 43 36 -21 78 -23 -24 24 25 26 47 48 -30 32 53 -33 -34 -35 40 -37 -38 38 -40 -41 41 -43 -44 -45 64 -47 -48 -49 -50 -51 -52 -53 -54 54 -56 -57 -58 58 62 -61 61 66 63 -65 81 -67 -68 -69 70 -71 71 -73 73 -75 -76 -77 77 -79 -80 -81 -82 -83 85 90 -86 -87 87 88 92 -91 91 -93 93 -95
leaf_value=0 0 0.0077909628645909928 0 0.0070495897280972875 0 0 0 0.0070495897280972875 0.0077909628645909928 0.0070495897280972875 0 0 0.0070495897280972875 0.0070495897280972875 0.0077909628645909928 0.0070495897280972875 0.0070495897280972875 0.0070495897280972875 0 0.0070495897280972875 -0.00081933996133229966 0.0070495897280972875 0 0 0 0 0 0 0 0 0 0.0070495897280972875 0 0 0 0 0 0 0 0 0 0 0 0.0070495897280972875 0 0 0.0070495897280972875 0 0.0070495897280972875 0 0 0.022631515457279271 0 0 0 0 0 0 0 -0.00081933996133229966 0 0 0 0 -0.00074137313649370602 0.0078689296894295865 0 0 0 0 0 0 0 0 0.0086103028259232918 0 0 0 -0.00081933996133229966 0 0 0.0078689296894295865 0.0070495897280972875 0 0.0077909628645909928 0.0070495897280972875 0 0.0077909628645909928 0 0.0077909628645909928 0.0077909628645909928 -0.00081933996133229966 0.0077909628645909928 0
leaf_weight=315397 33931 131 804 1147 37153 398 950 234 194 1215 350 368 199 490 413 291 1755 759 1107 1854 141 909 151 336 470 248 608 423 4277 1261 504 317 960 269 370 276 298 832 3210 399 319 493 416 175 402 538 773 170 261 960 680 313 22330 12546 486 1538 2686 966 543 202 425 2545 310 233 575 543 279 430 2616 1098 1092 6965 425 249 225 119 498 386 178 707 207 476 752 644 121 954 165 210 286 144 121 758 144 391
leaf_count=315397 33931 131 804 1147 37153 398 950 234 194 1215 350 368 199 490 413 291 1755 759 1107 1854 141 909 151 336 470 248 608 423 4277 1261 504 317 960 269 370 276 298 832 3210 399 319 493 416 175 402 538 773 170 261 960 680 313 22330 12546 486 1538 2686 966 543 202 425 2545 310 233 575 543 279 430 2616 1098 1092 6965 425 249 225 119 498 386 178 707 207 476 752 644 121 954 165 210 286 144 121 758 144 391
internal_value=0 -0.0218188 -0.0259466 0.0144507 -0.0265648 -0.0277408 -0.0250319 0.00875411 0.00295371 0.0112574 -0.00990595 0.0122472 0.00157547 0.017471 0.0173367 0.00436376 0.0278717 0.0239021 -0.00643014 0.0123271 0.00220996 0.0224739 -0.0102573 -0.0235677 -0.0221723 -0.0242882 -0.0205117 -0.0167424 -0.0274925 -0.0202115 -0.0254797 0.0301809 -0.0219422 -0.0190395 -0.0129851 -0.0226999 -0.0141213 -0.0296556 -0.0273537 -0.0297081 -0.00936702 -0.0150003 -0.0208058 0.00886376 -0.00319284 -0.00808347 0.0326115 -0.023833 -0.00891384 -0.0111809 -0.0322882 0.0339587 -0.029625 -0.0259126 -0.0255712 -0.0203968 -0.0224629 -0.0244796 -0.0233002 -0.0172718 -0.031081 -0.0295667 -0.0261978 -0.0242812 9.53488e-05 0.0041789 -0.0311016 -0.0226101 -0.0239434 -0.023525 -0.0253431 -0.0235681 -0.0240982 -0.0310605 -0.00167926 -0.028304 -0.0213607 -0.0172232 -0.0171523 -0.0251112 -0.0197863 -0.00357635 0.00646428 0.00481136 0.0102809 0.00948234 0.00721287 0.00397818 0.00807598 0.0212808 -0.00090597 0.00427616 0.00272377 0.00862648
internal_weight=0 172070 154488 17582 149745 103369 43487 12343 3721 8622 1561 2160 1057 689 3801 676 5239 3171 4743 2586 732 1103 385 33028 19094 13740 6307 5354 7433 3710 13934 2237 3374 2414 1931 524 1405 10459 5580 59882 1407 812 885 934 3338 1342 1920 4376 1644 1383 4879 2068 59483 13536 13032 2370 3156 4206 3598 1168 4199 3249 2430 1887 1996 945 2824 1654 46376 35703 10673 8057 34605 674 595 469 2145 884 319 1224 517 1051 4821 3115 1592 1706 1471 1196 1031 275 1523 879 821 535
internal_count=487467 172070 154488 17582 149745 103369 43487 12343 3721 8622 1561 2160 1057 689 3801 676 5239 3171 4743 2586 732 1103 385 33028 19094 13740 6307 5354 7433 3710 13934 2237 3374 2414 1931 524 1405 10459 5580 59882 1407 812 885 934 3338 1342 1920 4376 1644 1383 4879 2068 59483 13536 13032 2370 3156 4206 3598 1168 4199 3249 2430 1887 1996 945 2824 1654 46376 35703 10673 8057 34605 674 595 469 2145 884 319 1224 517 1051 4821 3115 1592 1706 1471 1196 1031 275 1523 879 821 535
is_linear=0
shrinkage=0.0951581


Tree=4
num_leaves=26
num_cat=0
split_feature=4 3 4 0 3 4 0 3 0 0 4 0 0 3 4 0 0 0 4 0 0 4 0 0 0
split_gain=7394.56 2844.93 205.829 110.059 26.838 11.9029 9.07992 8.89377 6.20622 5.77409 4.60573 2.9496 2.66521 2.0066 6.47053 1.83833 1.50343 1.24964 0.709348 0.618356 0.177661 0.102726 0.0693964 0.0303677 0.00700137
threshold=0.15000000223517421 0.15000000223517421 0.25000000745058065 2.5000000000000004 0.25000000745058065 0.25000000745058065 1.5000000000000002 0.35000000894069677 1.5000000000000002 2.5000000000000004 0.35000000894069677 1.5000000000000002 1.5000000000000002 0.25000000745058065 0.35000000894069677 4.5000000000000009 2.5000000000000004 3.5000000000000004 0.45000000298023229 1.5000000000000002 3.5000000000000004 0.25000000745058065 4.5000000000000009 3.5000000000000004 1.5000000000000002
decision_type=2 2 2 2 2 2 2 2 2 2 2 2 2 2 2 2 2 2 2 2 2 2 2 2 2
left_child=24 2 8 4 5 11 -4 13 -2 -10 12 -3 -7 14 17 18 -8 21 -15 -12 -16 -5 -9 -20 -1
right_child=1 3 6 7 -6 10 16 22 9 -11 19 -13 -14 15 20 -17 -18 -19 23 -21 -22 -23 -24 -25 -26
leaf_value=0 0 0.0070495897280972875 0 0.007120137378890559 0.015894573978149584 0.0063787642423968529 0 0.02047794369859143 0 0 0.0063787642423968529 0.0070495897280972875 0.0063787642423968529 0.015894573978149584 0.0063787642423968529 0.0063787642423968529 -0.00067082548570043376 0.0063787642423968529 0.025410382295936288 0.0063787642423968529 0.0063787642423968529 0.0063787642423968529 0.02047794369859143 0.015894573978149584 0
leaf_weight=310726 113386 1992 2798 150 328 3390 1364 153 34831 1528 373 2491 4790 143 243 107 581 215 163 467 170 2151 136 120 4671
leaf_count=310726 113386 1992 2798 150 328 3390 1364 153 34831 1528 373 2491 4790 143 243 107 581 215 163 467 170 2151 136 120 4671
internal_value=0 -0.0218188 -0.0259466 0.0144507 0.0105299 0.00987662 -0.00643014 0.0289077 -0.0265648 -0.0276466 0.0118684 0.00586911 0.0111793 0.0275689 0.0265916 0.0329393 -0.0114239 0.0284037 0.0357401 0.0185785 0.0155525 0.029052 0.0449449 0.0385004 -0.0463429
internal_weight=0 172070 154488 17582 13831 13503 4743 3751 149745 36359 9020 4483 8180 3462 2929 533 1945 2516 426 840 413 2301 289 283 315397
internal_count=487467 172070 154488 17582 13831 13503 4743 3751 149745 36359 9020 4483 8180 3462 2929 533 1945 2516 426 840 413 2301 289 283 315397
is_linear=0
shrinkage=0.0951581


Tree=5
num_leaves=26
num_cat=0
split_feature=4 3 4 0 3 4 0 0 0 4 3 4 0 0 0 0 0 3 4 0 4 3 0 0 0
split_gain=7395.9 2819.17 220.012 102.992 24.0861 11.9029 6.20622 5.86202 5.77409 4.60573 4.17501 6.47053 2.9496 2.66521 1.24964 0.618356 0.584661 1.54715 0.665378 0.177661 0.102726 0.0491234 0.0303677 0.00700137 0.00201648
threshold=0.15000000223517421 0.15000000223517421 0.25000000745058065 2.5000000000000004 0.25000000745058065 0.25000000745058065 1.5000000000000002 1.5000000000000002 2.5000000000000004 0.35000000894069677 0.25000000745058065 0.35000000894069677 1.5000000000000002 1.5000000000000002 3.5000000000000004 1.5000000000000002 4.5000000000000009 0.35000000894069677 0.45000000298023229 3.5000000000000004 0.25000000745058065 0.35000000894069677 3.5000000000000004 1.5000000000000002 2.5000000000000004
decision_type=2 2 2 2 2 2 2 2 2 2 2 2 2 2 2 2 2 2 2 2 2 2 2 2 2
left_child=23 2 6 4 5 12 -2 -4 -8 13 11 14 -3 -7 20 -11 18 -18 -12 -13 -5 22 -20 -1 -9
right_child=1 3 7 10 -6 9 8 24 -10 15 16 19 -14 -15 -16 -17 17 -19 21 -21 -22 -23 -24 -25 -26
leaf_value=0 0 0.0063787642423968529 0 0.0064425987135677994 0.0143820766953082 0.0057717732278673639 0 0 0 0.0057717732278673639 0.0143820766953082 0.0057717732278673639 0.0063787642423968529 0.0057717732278673639 0.0057717732278673639 0.0057717732278673639 0.0057717732278673639 0.018529301712661071 0.022992378879713952 0.0057717732278673639 0.0057717732278673639 0.018529301712661071 0.0143820766953082 0 -0.0006069910145294874
leaf_weight=310726 113386 1992 2798 150 328 3390 34831 1364 1528 373 143 243 2491 4790 215 467 107 136 163 170 2151 153 120 4671 581
leaf_count=310726 113386 1992 2798 150 328 3390 34831 1364 1528 373 143 243 2491 4790 215 467 107 136 163 170 2151 153 120 4671 581
internal_value=0 -0.0218166 -0.0259257 0.0142883 0.0104955 0.00987662 -0.0265648 -0.00574801 -0.0276466 0.0118684 0.0282734 0.0265916 0.00586911 0.0111793 0.0284037 0.0185785 0.0342662 0.0303488 0.0359103 0.0155525 0.029052 0.0377577 0.0385004 -0.0463429 -0.00976043
internal_weight=0 172070 154488 17582 13831 13503 149745 4743 36359 9020 3751 2929 4483 8180 2516 840 822 243 579 413 2301 436 283 315397 1945
internal_count=487467 172070 154488 17582 13831 13503 149745 4743 36359 9020 3751 2929 4483 8180 2516 840 822 243 579 413 2301 436 283 315397 1945
is_linear=0
shrinkage=0.0951581


Tree=6
num_leaves=95
num_cat=0
split_feature=4 3 4 2 2 2 2 2 2 2 2 2 2 2 2 2 2 4 2 4 2 2 2 2 2 2 2 2 2 2 2 4 2 2 2 2 2 2 2 2 2 2 2 4 2 2 2 2 2 2 2 2 2 2 2 2 2 2 2 2 2 2 2 2 2 2 2 2 2 2 2 2 2 2 2 2 2 2 2 2 2 2 4 2 2 2 2 2 2 2 2 2 2 2
split_gain=7395.9 2819.17 220.012 140.107 50.9818 60.8367 32.5131 19.7923 49.1107 27.7455 26.813 26.0335 55.2209 28.0124 22.4217 21.1145 14.7848 11.5414 23.4085 11.4672 10.6225 10.4057 33.0661 9.73149 24.226 18.362 17.4117 16.0576 15.3232 12.3238 9.80465 8.83963 7.8945 11.4533 7.56782 7.49551 12.3471 6.99963 22.0202 6.8049 6.72919 9.20105 6.19506 5.99525 5.72418 4.9982 4.94449 5.50428 4.84857 4.8048 4.50517 4.40547 4.38618 4.01046 3.82296 6.94081 3.81767 4.58961 3.64129 3.63708 5.61713 3.42587 4.13101 3.27337 3.25238 3.05392 2.99946 40.828 11.4377 6.52097 3.67974 4.56627 2.99498 2.96142 3.8088 3.37015 2.92046 2.84279 4.74911 2.82761 2.80275 3.07665 2.65598 10.7575 20.1186 7.70867 7.39237 13.8585 12.7514 9.70099 6.16493 18.6069 5.90939 12.2775
threshold=0.15000000223517421 0.15000000223517421 0.25000000745058065 0.20745369791984561 0.11293309181928636 0.13417843729257586 0.15954913944005969 0.18724054098129275 0.19548846781253817 0.15724790096282962 0.19101010262966159 0.20071429014205935 0.20206207782030108 0.20219807326793673 0.16370223462581637 0.18897569924592975 0.16159114986658099 0.25000000745058065 0.17280431091785434 0.25000000745058065 0.18843366950750354 0.25035211443901068 0.23357842862606051 0.14216374605894092 0.14586748182773593 0.15032467991113665 0.15280397981405261 0.14451952278614047 0.14926454424858096 0.14246211946010592 0.13440062105655673 0.35000000894069677 0.14415185153484347 0.14379280805587771 0.18582589179277423 0.15119115263223651 0.15092624723911288 0.17394282668828967 0.18724054098129275 0.133558563888073 0.15188746154308322 0.15220635384321216 0.19344085454940799 0.35000000894069677 0.22039676457643512 0.15886382013559344 0.14551208168268207 0.14503520727157596 0.17006493359804156 0.12565835565328601 0.13465463370084765 0.14172885566949847 0.17660956084728244 0.14620192348957065 0.15339080244302752 0.15529115498065951 0.1273460388183594 0.120864424854517 0.15460605919361117 0.16013698279857638 0.16159114986658099 0.15563492476940158 0.1583974361419678 0.168457105755806 0.15724790096282962 0.16587346047163012 0.10629960522055627 0.10533428192138673 0.10840395465493204 0.10916084051132204 0.10458041727542879 0.10504237189888956 0.15153882652521136 0.14741302281618121 0.15678746998310092 0.14451952278614047 0.19291979819536212 0.14295635372400287 0.14351332187652591 0.1779797971248627 0.15678746998310092 0.15629401057958606 0.25000000745058065 0.14895787835121158 0.1483045965433121 0.14379280805587771 0.13263087719678882 0.1393149867653847 0.14295635372400287 0.11630280315876008 0.15092624723911288 0.15153882652521136 0.14551208168268207 0.14620192348957065
decision_type=2 2 2 2 2 2 2 2 2 2 2 2 2 2 2 2 2 2 2 2 2 2 2 2 2 2 2 2 2 2 2 2 2 2 2 2 2 2 2 2 2 2 2 2 2 2 2 2 2 2 2 2 2 2 2 2 2 2 2 2 2 2 2 2 2 2 2 2 2 2 2 2 2 2 2 2 2 2 2 2 2 2 2 2 2 2 2 2 2 2 2 2 2 2
left_child=-1 2 4 7 66 39 23 9 10 82 15 19 -13 -14 -11 20 56 18 -16 -10 -9 22 31 30 27 28 35 29 53 -25 -7 44 33 77 65 36 -27 48 52 49 72 -42 76 -24 -5 54 47 -29 59 -6 -32 -52 -39 -26 -28 58 57 -4 -56 -8 -61 -57 64 -62 80 -18 67 70 -68 -70 -2 -72 -37 75 -75 -58 -12 -31 -79 -20 81 -63 83 84 86 -84 89 -88 -89 -3 -85 -92 -90 -94
right_child=1 3 16 21 5 6 37 8 11 14 42 12 13 -15 17 -17 34 -19 79 -21 -22 -23 43 24 25 26 45 46 -30 32 50 -33 -34 -35 -36 40 -38 38 -40 -41 41 -43 -44 -45 -46 -47 -48 -49 -50 -51 51 -53 -54 -55 55 61 73 -59 -60 60 63 62 -64 -65 -66 -67 68 -69 69 -71 71 -73 -74 74 -76 -77 -78 78 -80 -81 -82 -83 85 90 -86 -87 87 88 92 -91 91 -93 93 -95
leaf_value=0 0 0.0057717732278673639 0 0.0052225423182294612 0 0 0 0.0052225423182294612 0.0057589856819656787 0.0052225423182294612 -0.0011562219241673891 -0.0011562219241673891 0.0052225423182294612 0.0052225423182294612 0.0057717732278673639 0.0052225423182294612 -0.00061977856043117399 0.0052225423182294612 -0.0020191896367236272 0.0052225423182294612 -0.0011562219241673891 0.0052225423182294612 0.0052225423182294612 0 0 0 0 0 0 0 0 0.0052225423182294612 0 0 3.8983412419297521e-05 0 0 0 0 0 0 0 -0.0011562219241673891 0.0052225423182294612 0.0052225423182294612 0 0.0063787642423968529 0 0 0 0 0 0 0 0 0 0.007120137378890559 0 -0.00074137313649370602 0 0 0 0 0 0 0 0 0 0 0 0 0 0.0077909628645909928 -0.00054923090963790173 0.007120137378890559 0.007120137378890559 -0.0011562219241673891 0 0 -0.0020191896367236272 0 0 0.0052225423182294612 -0.0012778165002299213 0.0057717732278673639 0.0052225423182294612 -0.0012778165002299213 0.0057717732278673639 -0.0012778165002299213 0.0057717732278673639 0.0057717732278673639 -0.0020191896367236272 0.0057717732278673639 -0.0012778165002299213
leaf_weight=315397 33931 131 939 1147 37153 398 950 234 194 1215 350 368 199 490 413 291 335 1854 141 909 151 2068 759 336 470 248 608 423 4277 1261 504 317 960 269 298 370 276 832 3210 399 319 493 416 175 773 170 261 960 680 22330 12546 486 1538 2686 966 543 759 403 202 425 2545 310 233 279 430 864 2616 1098 1092 6965 425 249 225 575 384 186 119 498 386 178 707 207 752 644 121 954 165 210 286 144 121 758 144 391
leaf_count=315397 33931 131 939 1147 37153 398 950 234 194 1215 350 368 199 490 413 291 335 1854 141 909 151 2068 759 336 470 248 608 423 4277 1261 504 317 960 269 298 370 276 832 3210 399 319 493 416 175 773 170 261 960 680 22330 12546 486 1538 2686 966 543 759 403 202 425 2545 310 233 279 430 864 2616 1098 1092 6965 425 249 225 575 384 186 119 498 386 178 707 207 752 644 121 954 165 210 286 144 121 758 144 391
internal_value=0 -0.0218166 -0.0259257 0.0142883 -0.0265648 -0.0277408 -0.0250319 0.00875411 0.00295371 0.0112574 -0.00990595 0.0122472 0.00157547 0.017471 0.0173367 0.00436376 -0.00574801 0.0123271 0.00220996 0.0224739 -0.0102573 0.0273268 0.0239021 -0.0235677 -0.0221723 -0.0242882 -0.0205117 -0.0167424 -0.0274925 -0.0202115 -0.0254797 0.0301809 -0.0219422 -0.0190395 -0.0135713 -0.0129851 -0.0226999 -0.0296556 -0.0273537 -0.0297081 -0.00936702 -0.0150003 -0.0208058 0.00886376 0.0326115 -0.023833 -0.00891384 -0.0111809 -0.0322882 -0.029625 -0.0259126 -0.0255712 -0.0203968 -0.0224629 -0.0244796 -0.0233002 -0.00214003 -0.00602715 -0.0172718 -0.031081 -0.0295667 -0.0261978 -0.0242812 -0.0311016 -0.0226101 -0.0169443 -0.0239434 -0.023525 -0.0253431 -0.0235681 -0.0240982 -0.0310605 -0.00167926 0.000599736 -0.00312563 0.00438029 -0.028304 -0.0213607 -0.0172232 -0.0171523 -0.0251112 -0.0197863 0.00646428 0.00481136 0.0102809 0.00948234 0.00721287 0.00397818 0.00807598 0.0212808 -0.00090597 0.00427616 0.00272377 0.00862648
internal_weight=0 172070 154488 17582 149745 103369 43487 12343 3721 8622 1561 2160 1057 689 3801 676 4743 2586 732 1103 385 5239 3171 33028 19094 13740 6307 5354 7433 3710 13934 2237 3374 2414 1497 1931 524 10459 5580 59882 1407 812 885 934 1920 4376 1644 1383 4879 59483 13536 13032 2370 3156 4206 3598 3246 1342 1168 4199 3249 2430 1887 2824 1654 1199 46376 35703 10673 8057 34605 674 595 1904 959 945 469 2145 884 319 1224 517 4821 3115 1592 1706 1471 1196 1031 275 1523 879 821 535
internal_count=487467 172070 154488 17582 149745 103369 43487 12343 3721 8622 1561 2160 1057 689 3801 676 4743 2586 732 1103 385 5239 3171 33028 19094 13740 6307 5354 7433 3710 13934 2237 3374 2414 1497 1931 524 10459 5580 59882 1407 812 885 934 1920 4376 1644 1383 4879 59483 13536 13032 2370 3156 4206 3598 3246 1342 1168 4199 3249 2430 1887 2824 1654 1199 46376 35703 10673 8057 34605 674 595 1904 959 945 469 2145 884 319 1224 517 4821 3115 1592 1706 1471 1196 1031 275 1523 879 821 535
is_linear=0
shrinkage=0.0951581


Tree=7
num_leaves=95
num_cat=0
split_feature=4 3 4 2 2 2 2 2 2 2 2 2 2 2 2 2 2 4 2 4 2 2 2 2 2 2 2 2 2 2 2 4 2 2 2 2 2 2 2 2 2 2 2 4 2 2 2 2 2 2 2 2 2 2 2 2 2 2 2 2 2 2 2 2 2 2 2 2 2 2 2 2 2 2 2 2 2 2 2 2 4 2 2 2 2 2 2 2 2 2 2 2 2 2
split_gain=7395.23 2819.34 219.164 140.107 50.9818 60.8367 32.5131 19.7923 49.1107 27.7455 26.813 26.0335 55.2209 28.0124 22.4217 21.1145 14.6335 11.5414 23.4085 11.4672 10.6225 10.4057 33.0661 9.73149 24.226 18.362 17.4117 16.0576 15.3232 12.3238 9.80465 8.83963 7.8945 11.4533 7.56782 7.49551 12.3471 6.99963 22.0202 6.8049 6.72919 9.20105 6.19506 5.99525 5.72418 4.9982 4.94449 5.50428 4.84857 4.8048 4.50517 4.40547 4.38618 4.01046 3.88516 5.69216 3.82296 6.94081 3.8088 3.64129 3.63708 5.61713 3.42587 4.13101 3.27337 3.25238 3.05392 2.99946 40.828 11.4377 6.52097 3.67974 4.56627 2.99498 2.92046 2.84279 4.74911 2.82761 2.80275 3.07665 2.65598 10.7575 20.1186 7.70867 7.39237 13.8585 12.7514 9.70099 6.16493 18.6069 5.90939 12.2775 10.473 4.85448
threshold=0.15000000223517421 0.15000000223517421 0.25000000745058065 0.20745369791984561 0.11293309181928636 0.13417843729257586 0.15954913944005969 0.18724054098129275 0.19548846781253817 0.15724790096282962 0.19101010262966159 0.20071429014205935 0.20206207782030108 0.20219807326793673 0.16370223462581637 0.18897569924592975 0.16159114986658099 0.25000000745058065 0.17280431091785434 0.25000000745058065 0.18843366950750354 0.25035211443901068 0.23357842862606051 0.14216374605894092 0.14586748182773593 0.15032467991113665 0.15280397981405261 0.14451952278614047 0.14926454424858096 0.14246211946010592 0.13440062105655673 0.35000000894069677 0.14415185153484347 0.14379280805587771 0.18582589179277423 0.15119115263223651 0.15092624723911288 0.17394282668828967 0.18724054098129275 0.133558563888073 0.15188746154308322 0.15220635384321216 0.19344085454940799 0.35000000894069677 0.22039676457643512 0.15886382013559344 0.14551208168268207 0.14503520727157596 0.17006493359804156 0.12565835565328601 0.13465463370084765 0.14172885566949847 0.17660956084728244 0.14620192348957065 0.13642506301403048 0.14741302281618121 0.15339080244302752 0.15529115498065951 0.15678746998310092 0.15460605919361117 0.16013698279857638 0.16159114986658099 0.15563492476940158 0.1583974361419678 0.168457105755806 0.15724790096282962 0.16587346047163012 0.10629960522055627 0.10533428192138673 0.10840395465493204 0.10916084051132204 0.10458041727542879 0.10504237189888956 0.15153882652521136 0.19291979819536212 0.14295635372400287 0.14351332187652591 0.1779797971248627 0.15678746998310092 0.15629401057958606 0.25000000745058065 0.14895787835121158 0.1483045965433121 0.14379280805587771 0.13263087719678882 0.1393149867653847 0.14295635372400287 0.11630280315876008 0.15092624723911288 0.15153882652521136 0.14551208168268207 0.14620192348957065 0.1471008434891701 0.13969421386718753
decision_type=2 2 2 2 2 2 2 2 2 2 2 2 2 2 2 2 2 2 2 2 2 2 2 2 2 2 2 2 2 2 2 2 2 2 2 2 2 2 2 2 2 2 2 2 2 2 2 2 2 2 2 2 2 2 2 2 2 2 2 2 2 2 2 2 2 2 2 2 2 2 2 2 2 2 2 2 2 2 2 2 2 2 2 2 2 2 2 2 2 2 2 2 2 2
left_child=-1 2 4 7 67 39 23 9 10 80 15 19 -13 -14 -11 20 54 18 -16 -10 -9 22 31 30 27 28 35 29 53 -25 -7 44 33 75 66 36 -27 48 52 49 73 -42 74 -24 -5 56 47 -29 60 -6 -32 -52 -39 -26 -4 -56 -28 59 -57 -58 -8 -62 -59 65 -63 78 -18 68 71 -69 -71 -2 -73 -37 -12 -31 -77 -20 79 -64 81 82 84 93 87 -86 -87 -3 -83 -90 -88 -92 -93 -82
right_child=1 3 16 21 5 6 37 8 11 14 42 12 13 -15 17 -17 34 -19 77 -21 -22 -23 43 24 25 26 45 46 -30 32 50 -33 -34 -35 -36 40 -38 38 -40 -41 41 -43 -44 -45 -46 -47 -48 -49 -50 -51 51 -53 -54 -55 55 58 57 62 -60 -61 61 64 63 -65 -66 -67 -68 69 -70 70 -72 72 -74 -75 -76 76 -78 -79 -80 -81 83 88 -84 -85 85 86 90 -89 89 -91 91 92 -94 -95
leaf_value=0 0 0.0052225423182294612 0 0.0047255751722899003 0 0 0 0.0047255751722899003 0.00521097161075686 0.0047255751722899003 -0.0010461980555774612 -0.0010461980555774612 0.0047255751722899003 0.0047255751722899003 0.0052225423182294612 0.0047255751722899003 -0.00056080161711050569 0.0047255751722899003 -0.0018270474098678242 0.0047255751722899003 -0.0010461980555774612 0.0047255751722899003 0.0047255751722899003 0 0 0 0 0 0 0 0 0.0047255751722899003 0 0 3.5273825396636109e-05 0 0 0 0 0 0 0 -0.0010461980555774612 0.0047255751722899003 0.0047255751722899003 0 0.0057717732278673639 0 0 0 0 0 0 0 0.0064425987135677994 -0.00049696714593955933 0 0 0.0064425987135677994 -0.00067082548570043376 0 0 0 0 0 0 0 0 0 0 0 0 0 0.0070495897280972875 -0.0010461980555774612 0 0 -0.0018270474098678242 0 0 0.0047255751722899003 -0.0011562219241673891 0.0052225423182294612 0.0047255751722899003 -0.0011562219241673891 0.0052225423182294612 -0.0011562219241673891 0.0052225423182294612 0.0052225423182294612 -0.0018270474098678242 0.0052225423182294612 -0.0011562219241673891 0.0075402471412700312 -0.00397089389314752
leaf_weight=315397 33931 131 1730 1147 37153 398 950 234 194 1215 350 368 199 490 413 291 335 1854 141 909 151 2068 759 336 470 248 608 423 4277 1261 504 317 960 269 298 370 276 832 3210 399 319 493 416 175 773 170 261 960 680 22330 12546 486 1538 2686 557 575 966 543 384 202 425 2545 310 233 279 430 864 2616 1098 1092 6965 425 249 225 119 498 386 178 707 207 616 644 121 954 165 210 286 144 121 758 144 155 236 136
leaf_count=315397 33931 131 1730 1147 37153 398 950 234 194 1215 350 368 199 490 413 291 335 1854 141 909 151 2068 759 336 470 248 608 423 4277 1261 504 317 960 269 298 370 276 832 3210 399 319 493 416 175 773 170 261 960 680 22330 12546 486 1538 2686 557 575 966 543 384 202 425 2545 310 233 279 430 864 2616 1098 1092 6965 425 249 225 119 498 386 178 707 207 616 644 121 954 165 210 286 144 121 758 144 155 236 136
internal_value=0 -0.0218177 -0.0259269 0.0142883 -0.0265648 -0.0277408 -0.0250319 0.00875411 0.00295371 0.0112574 -0.00990595 0.0122472 0.00157547 0.017471 0.0173367 0.00436376 -0.00578813 0.0123271 0.00220996 0.0224739 -0.0102573 0.0273268 0.0239021 -0.0235677 -0.0221723 -0.0242882 -0.0205117 -0.0167424 -0.0274925 -0.0202115 -0.0254797 0.0301809 -0.0219422 -0.0190395 -0.0135713 -0.0129851 -0.0226999 -0.0296556 -0.0273537 -0.0297081 -0.00936702 -0.0150003 -0.0208058 0.00886376 0.0326115 -0.023833 -0.00891384 -0.0111809 -0.0322882 -0.029625 -0.0259126 -0.0255712 -0.0203968 -0.0224629 -0.00219866 0.00131815 -0.0244796 -0.0233002 -0.00312563 -0.0172718 -0.031081 -0.0295667 -0.0261978 -0.0242812 -0.0311016 -0.0226101 -0.0169443 -0.0239434 -0.023525 -0.0253431 -0.0235681 -0.0240982 -0.0310605 -0.00167926 -0.028304 -0.0213607 -0.0172232 -0.0171523 -0.0251112 -0.0197863 0.00646428 0.00481136 0.0102809 0.00948234 0.00721287 0.00397818 0.00807598 0.0212808 -0.00090597 0.00427616 0.00272377 0.00862648 -0.000121686 0.00227772
internal_weight=0 172070 154488 17582 149745 103369 43487 12343 3721 8622 1561 2160 1057 689 3801 676 4743 2586 732 1103 385 5239 3171 33028 19094 13740 6307 5354 7433 3710 13934 2237 3374 2414 1497 1931 524 10459 5580 59882 1407 812 885 934 1920 4376 1644 1383 4879 59483 13536 13032 2370 3156 3246 1516 4206 3598 959 1168 4199 3249 2430 1887 2824 1654 1199 46376 35703 10673 8057 34605 674 595 469 2145 884 319 1224 517 4821 3115 1592 1706 1471 1196 1031 275 1523 879 821 535 391 752
internal_count=487467 172070 154488 17582 149745 103369 43487 12343 3721 8622 1561 2160 1057 689 3801 676 4743 2586 732 1103 385 5239 3171 33028 19094 13740 6307 5354 7433 3710 13934 2237 3374 2414 1497 1931 524 10459 5580 59882 1407 812 885 934 1920 4376 1644 1383 4879 59483 13536 13032 2370 3156 3246 1516 4206 3598 959 1168 4199 3249 2430 1887 2824 1654 1199 46376 35703 10673 8057 34605 674 595 469 2145 884 319 1224 517 4821 3115 1592 1706 1471 1196 1031 275 1523 879 821 535 391 752
is_linear=0
shrinkage=0.0951581


Tree=8
num_leaves=95
num_cat=0
split_feature=4 3 4 2 2 2 2 2 2 2 2 2 2 2 2 2 2 4 2 4 2 2 2 2 2 2 2 2 2 2 2 4 2 2 2 2 2 2 2 2 2 2 2 4 2 2 2 2 2 2 2 2 2 2 2 2 2 2 2 2 2 2 2 2 2 2 2 2 2 2 2 2 2 2 2 2 2 2 2 2 4 2 2 2 2 2 2 2 2 2 2 2 2 2
split_gain=7395.23 2819.34 219.164 140.107 50.9818 60.8367 32.5131 19.7923 49.1107 27.7455 26.813 26.0335 55.2209 28.0124 22.4217 21.1145 14.6335 11.5414 23.4085 11.4672 10.6225 10.4057 33.0661 9.73149 24.226 18.362 17.4117 16.0576 15.3232 12.3238 9.80465 8.83963 7.8945 11.4533 7.56782 7.49551 12.3471 6.99963 22.0202 6.8049 6.72919 9.20105 6.19506 5.99525 5.72418 4.9982 4.94449 5.50428 4.84857 4.8048 4.50517 4.40547 4.38618 4.01046 3.88516 5.69216 3.82296 6.94081 3.8088 3.64129 3.63708 5.61713 3.42587 4.13101 3.27337 3.25238 3.05392 2.99946 40.828 11.4377 6.52097 3.67974 4.56627 2.99498 2.92046 2.84279 4.74911 2.82761 2.80275 3.07665 2.65598 10.7575 20.1186 7.70867 7.39237 13.8585 12.7514 9.70099 6.16493 18.6069 5.90939 12.2775 10.473 4.85448
threshold=0.15000000223517421 0.15000000223517421 0.25000000745058065 0.20745369791984561 0.11293309181928636 0.13417843729257586 0.15954913944005969 0.18724054098129275 0.19548846781253817 0.15724790096282962 0.19101010262966159 0.20071429014205935 0.20206207782030108 0.20219807326793673 0.16370223462581637 0.18897569924592975 0.16159114986658099 0.25000000745058065 0.17280431091785434 0.25000000745058065 0.18843366950750354 0.25035211443901068 0.23357842862606051 0.14216374605894092 0.14586748182773593 0.15032467991113665 0.15280397981405261 0.14451952278614047 0.14926454424858096 0.14246211946010592 0.13440062105655673 0.35000000894069677 0.14415185153484347 0.14379280805587771 0.18582589179277423 0.15119115263223651 0.15092624723911288 0.17394282668828967 0.18724054098129275 0.133558563888073 0.15188746154308322 0.15220635384321216 0.19344085454940799 0.35000000894069677 0.22039676457643512 0.15886382013559344 0.14551208168268207 0.14503520727157596 0.17006493359804156 0.12565835565328601 0.13465463370084765 0.14172885566949847 0.17660956084728244 0.14620192348957065 0.13642506301403048 0.14741302281618121 0.15339080244302752 0.15529115498065951 0.15678746998310092 0.15460605919361117 0.16013698279857638 0.16159114986658099 0.15563492476940158 0.1583974361419678 0.168457105755806 0.15724790096282962 0.16587346047163012 0.10629960522055627 0.10533428192138673 0.10840395465493204 0.10916084051132204 0.10458041727542879 0.10504237189888956 0.15153882652521136 0.19291979819536212 0.14295635372400287 0.14351332187652591 0.1779797971248627 0.15678746998310092 0.15629401057958606 0.25000000745058065 0.14895787835121158 0.1483045965433121 0.14379280805587771 0.13263087719678882 0.1393149867653847 0.14295635372400287 0.11630280315876008 0.15092624723911288 0.15153882652521136 0.14551208168268207 0.14620192348957065 0.1471008434891701 0.13969421386718753
decision_type=2 2 2 2 2 2 2 2 2 2 2 2 2 2 2 2 2 2 2 2 2 2 2 2 2 2 2 2 2 2 2 2 2 2 2 2 2 2 2 2 2 2 2 2 2 2 2 2 2 2 2 2 2 2 2 2 2 2 2 2 2 2 2 2 2 2 2 2 2 2 2 2 2 2 2 2 2 2 2 2 2 2 2 2 2 2 2 2 2 2 2 2 2 2
left_child=-1 2 4 7 67 39 23 9 10 80 15 19 -13 -14 -11 20 54 18 -16 -10 -9 22 31 30 27 28 35 29 53 -25 -7 44 33 75 66 36 -27 48 52 49 73 -42 74 -24 -5 56 47 -29 60 -6 -32 -52 -39 -26 -4 -56 -28 59 -57 -58 -8 -62 -59 65 -63 78 -18 68 71 -69 -71 -2 -73 -37 -12 -31 -77 -20 79 -64 81 82 84 93 87 -86 -87 -3 -83 -90 -88 -92 -93 -82
right_child=1 3 16 21 5 6 37 8 11 14 42 12 13 -15 17 -17 34 -19 77 -21 -22 -23 43 24 25 26 45 46 -30 32 50 -33 -34 -35 -36 40 -38 38 -40 -41 41 -43 -44 -45 -46 -47 -48 -49 -50 -51 51 -53 -54 -55 55 58 57 62 -60 -61 61 64 63 -65 -66 -67 -68 69 -70 70 -72 72 -74 -75 -76 76 -78 -79 -80 -81 83 88 -84 -85 85 86 90 -89 89 -91 91 92 -94 -95
leaf_value=0 0 0.0047255751722899003 0 0.0042758984701790556 0 0 0 0.0042758984701790556 0.004715105511227031 0.0042758984701790556 -0.00094664384805040545 -0.00094664384805040545 0.0042758984701790556 0.0042758984701790556 0.0047255751722899003 0.0042758984701790556 -0.00050743680700243167 0.0042758984701790556 -0.0016531890701069511 0.0042758984701790556 -0.00094664384805040545 0.0042758984701790556 0.0042758984701790556 0 0 0 0 0 0 0 0 0.0042758984701790556 0 0 3.1917235585472516e-05 0 0 0 0 0 0 0 -0.00094664384805040545 0.0042758984701790556 0.0042758984701790556 0 0.0052225423182294612 0 0 0 0 0 0 0 0.0058295333327589493 -0.00044967670211084606 0 0 0.0058295333327589493 -0.0006069910145294874 0 0 0 0 0 0 0 0 0 0 0 0 0 0.0063787642423968529 -0.00094664384805040545 0 0 -0.0016531890701069511 0 0 0.0042758984701790556 -0.0010461980555774612 0.0047255751722899003 0.0042758984701790556 -0.0010461980555774612 0.0047255751722899003 -0.0010461980555774612 0.0047255751722899003 0.0047255751722899003 -0.0016531890701069511 0.0047255751722899003 -0.0010461980555774612 0.0068227316338521264 -0.0035930312192505318
leaf_weight=315397 33931 131 1730 1147 37153 398 950 234 194 1215 350 368 199 490 413 291 335 1854 141 909 151 2068 759 336 470 248 608 423 4277 1261 504 317 960 269 298 370 276 832 3210 399 319 493 416 175 773 170 261 960 680 22330 12546 486 1538 2686 557 575 966 543 384 202 425 2545 310 233 279 430 864 2616 1098 1092 6965 425 249 225 119 498 386 178 707 207 616 644 121 954 165 210 286 144 121 758 144 155 236 136
leaf_count=315397 33931 131 1730 1147 37153 398 950 234 194 1215 350 368 199 490 413 291 335 1854 141 909 151 2068 759 336 470 248 608 423 4277 1261 504 317 960 269 298 370 276 832 3210 399 319 493 416 175 773 170 261 960 680 22330 12546 486 1538 2686 557 575 966 543 384 202 425 2545 310 233 279 430 864 2616 1098 1092 6965 425 249 225 119 498 386 178 707 207 616 644 121 954 165 210 286 144 121 758 144 155 236 136
internal_value=0 -0.0218177 -0.0259269 0.0142883 -0.0265648 -0.0277408 -0.0250319 0.00875411 0.00295371 0.0112574 -0.00990595 0.0122472 0.00157547 0.017471 0.0173367 0.00436376 -0.00578813 0.0123271 0.00220996 0.0224739 -0.0102573 0.0273268 0.0239021 -0.0235677 -0.0221723 -0.0242882 -0.0205117 -0.0167424 -0.0274925 -0.0202115 -0.0254797 0.0301809 -0.0219422 -0.0190395 -0.0135713 -0.0129851 -0.0226999 -0.0296556 -0.0273537 -0.0297081 -0.00936702 -0.0150003 -0.0208058 0.00886376 0.0326115 -0.023833 -0.00891384 -0.0111809 -0.0322882 -0.029625 -0.0259126 -0.0255712 -0.0203968 -0.0224629 -0.00219866 0.00131815 -0.0244796 -0.0233002 -0.00312563 -0.0172718 -0.031081 -0.0295667 -0.0261978 -0.0242812 -0.0311016 -0.0226101 -0.0169443 -0.0239434 -0.023525 -0.0253431 -0.0235681 -0.0240982 -0.0310605 -0.00167926 -0.028304 -0.0213607 -0.0172232 -0.0171523 -0.0251112 -0.0197863 0.00646428 0.00481136 0.0102809 0.00948234 0.00721287 0.00397818 0.00807598 0.0212808 -0.00090597 0.00427616 0.00272377 0.00862648 -0.000121686 0.00227772
internal_weight=0 172070 154488 17582 149745 103369 43487 12343 3721 8622 1561 2160 1057 689 3801 676 4743 2586 732 1103 385 5239 3171 33028 19094 13740 6307 5354 7433 3710 13934 2237 3374 2414 1497 1931 524 10459 5580 59882 1407 812 885 934 1920 4376 1644 1383 4879 59483 13536 13032 2370 3156 3246 1516 4206 3598 959 1168 4199 3249 2430 1887 2824 1654 1199 46376 35703 10673 8057 34605 674 595 469 2145 884 319 1224 517 4821 3115 1592 1706 1471 1196 1031 275 1523 879 821 535 391 752
internal_count=487467 172070 154488 17582 149745 103369 43487 12343 3721 8622 1561 2160 1057 689 3801 676 4743 2586 732 1103 385 5239 3171 33028 19094 13740 6307 5354 7433 3710 13934 2237 3374 2414 1497 1931 524 10459 5580 59882 1407 812 885 934 1920 4376 1644 1383 4879 59483 13536 13032 2370 3156 3246 1516 4206 3598 959 1168 4199 3249 2430 1887 2824 1654 1199 46376 35703 10673 8057 34605 674 595 469 2145 884 319 1224 517 4821 3115 1592 1706 1471 1196 1031 275 1523 879 821 535 391 752
is_linear=0
shrinkage=0.0951581


Tree=9
num_leaves=95
num_cat=0
split_feature=4 3 4 2 2 2 2 2 2 2 2 2 2 2 2 2 2 4 2 4 2 2 2 2 2 2 2 2 2 2 2 4 2 2 2 2 2 2 2 2 2 2 2 4 2 2 2 2 2 2 2 2 2 2 2 2 2 2 2 2 2 2 2 2 2 2 2 2 2 2 2 2 2 2 2 2 2 2 2 2 4 2 2 2 2 2 2 2 2 2 2 2 2 2
split_gain=7395.23 2819.34 219.164 140.107 50.9818 60.8367 32.5131 19.7923 49.1107 27.7455 26.813 26.0335 55.2209 28.0124 22.4217 21.1145 14.6335 11.5414 23.4085 11.4672 10.6225 10.4057 33.0661 9.73149 24.226 18.362 17.4117 16.0576 15.3232 12.3238 9.80465 8.83963 7.8945 11.4533 7.56782 7.49551 12.3471 6.99963 22.0202 6.8049 6.72919 9.20105 6.19506 5.99525 5.72418 4.9982 4.94449 5.50428 4.84857 4.8048 4.50517 4.40547 4.38618 4.01046 3.88516 5.69216 3.82296 6.94081 3.8088 3.64129 3.63708 5.61713 3.42587 4.13101 3.27337 3.25238 3.05392 2.99946 40.828 11.4377 6.52097 3.67974 4.56627 2.99498 2.92046 2.84279 4.74911 2.82761 2.80275 3.07665 2.65598 10.7575 20.1186 7.70867 7.39237 13.8585 12.7514 9.70099 6.16493 18.6069 5.90939 12.2775 10.473 4.85448
threshold=0.15000000223517421 0.15000000223517421 0.25000000745058065 0.20745369791984561 0.11293309181928636 0.13417843729257586 0.15954913944005969 0.18724054098129275 0.19548846781253817 0.15724790096282962 0.19101010262966159 0.20071429014205935 0.20206207782030108 0.20219807326793673 0.16370223462581637 0.18897569924592975 0.16159114986658099 0.25000000745058065 0.17280431091785434 0.25000000745058065 0.18843366950750354 0.25035211443901068 0.23357842862606051 0.14216374605894092 0.14586748182773593 0.15032467991113665 0.15280397981405261 0.14451952278614047 0.14926454424858096 0.14246211946010592 0.13440062105655673 0.35000000894069677 0.14415185153484347 0.14379280805587771 0.18582589179277423 0.15119115263223651 0.15092624723911288 0.17394282668828967 0.18724054098129275 0.133558563888073 0.15188746154308322 0.15220635384321216 0.19344085454940799 0.35000000894069677 0.22039676457643512 0.15886382013559344 0.14551208168268207 0.14503520727157596 0.17006493359804156 0.12565835565328601 0.13465463370084765 0.14172885566949847 0.17660956084728244 0.14620192348957065 0.13642506301403048 0.14741302281618121 0.15339080244302752 0.15529115498065951 0.15678746998310092 0.15460605919361117 0.16013698279857638 0.16159114986658099 0.15563492476940158 0.1583974361419678 0.168457105755806 0.15724790096282962 0.16587346047163012 0.10629960522055627 0.10533428192138673 0.10840395465493204 0.10916084051132204 0.10458041727542879 0.10504237189888956 0.15153882652521136 0.19291979819536212 0.14295635372400287 0.14351332187652591 0.1779797971248627 0.15678746998310092 0.15629401057958606 0.25000000745058065 0.14895787835121158 0.1483045965433121 0.14379280805587771 0.13263087719678882 0.1393149867653847 0.14295635372400287 0.11630280315876008 0.15092624723911288 0.15153882652521136 0.14551208168268207 0.14620192348957065 0.1471008434891701 0.13969421386718753
decision_type=2 2 2 2 2 2 2 2 2 2 2 2 2 2 2 2 2 2 2 2 2 2 2 2 2 2 2 2 2 2 2 2 2 2 2 2 2 2 2 2 2 2 2 2 2 2 2 2 2 2 2 2 2 2 2 2 2 2 2 2 2 2 2 2 2 2 2 2 2 2 2 2 2 2 2 2 2 2 2 2 2 2 2 2 2 2 2 2 2 2 2 2 2 2
left_child=-1 2 4 7 67 39 23 9 10 80 15 19 -13 -14 -11 20 54 18 -16 -10 -9 22 31 30 27 28 35 29 53 -25 -7 44 33 75 66 36 -27 48 52 49 73 -42 74 -24 -5 56 47 -29 60 -6 -32 -52 -39 -26 -4 -56 -28 59 -57 -58 -8 -62 -59 65 -63 78 -18 68 71 -69 -71 -2 -73 -37 -12 -31 -77 -20 79 -64 81 82 84 93 87 -86 -87 -3 -83 -90 -88 -92 -93 -82
right_child=1 3 16 21 5 6 37 8 11 14 42 12 13 -15 17 -17 34 -19 77 -21 -22 -23 43 24 25 26 45 46 -30 32 50 -33 -34 -35 -36 40 -38 38 -40 -41 41 -43 -44 -45 -46 -47 -48 -49 -50 -51 51 -53 -54 -55 55 58 57 62 -60 -61 61 64 63 -65 -66 -67 -68 69 -70 70 -72 72 -74 -75 -76 76 -78 -79 -80 -81 83 88 -84 -85 85 86 90 -89 89 -91 91 92 -94 -95
leaf_value=0 0 0.0042758984701790556 0 0.0038690121436413269 0 0 0 0.0038690121436413269 0.0042664250820538315 0.0038690121436413269 -0.0008565630286485736 -0.0008565630286485736 0.0038690121436413269 0.0038690121436413269 0.0042758984701790556 0.0038690121436413269 -0.00045915009023606988 0.0038690121436413269 -0.0014958747576883098 0.0038690121436413269 -0.0008565630286485736 0.0038690121436413269 0.0038690121436413269 0 0 0 0 0 0 0 0 0.0038690121436413269 0 0 2.8880052445792173e-05 0 0 0 0 0 0 0 -0.0008565630286485736 0.0038690121436413269 0.0038690121436413269 0 0.0047255751722899003 0 0 0 0 0 0 0 0.005274806081927803 -0.00040688632653772754 0 0 0.005274806081927803 -0.00054923090963790173 0 0 0 0 0 0 0 0 0 0 0 0 0 0.0057717732278673639 -0.0008565630286485736 0 0 -0.0014958747576883098 0 0 0.0038690121436413269 -0.00094664384805040545 0.0042758984701790556 0.0038690121436413269 -0.00094664384805040545 0.0042758984701790556 -0.00094664384805040545 0.0042758984701790556 0.0042758984701790556 -0.0014958747576883098 0.0042758984701790556 -0.00094664384805040545 0.0061734935308401535 -0.0032511252352492321
leaf_weight=315397 33931 131 1730 1147 37153 398 950 234 194 1215 350 368 199 490 413 291 335 1854 141 909 151 2068 759 336 470 248 608 423 4277 1261 504 317 960 269 298 370 276 832 3210 399 319 493 416 175 773 170 261 960 680 22330 12546 486 1538 2686 557 575 966 543 384 202 425 2545 310 233 279 430 864 2616 1098 1092 6965 425 249 225 119 498 386 178 707 207 616 644 121 954 165 210 286 144 121 758 144 155 236 136
leaf_count=315397 33931 131 1730 1147 37153 398 950 234 194 1215 350 368 199 490 413 291 335 1854 141 909 151 2068 759 336 470 248 608 423 4277 1261 504 317 960 269 298 370 276 832 3210 399 319 493 416 175 773 170 261 960 680 22330 12546 486 1538 2686 557 575 966 543 384 202 425 2545 310 233 279 430 864 2616 1098 1092 6965 425 249 225 119 498 386 178 707 207 616 644 121 954 165 210 286 144 121 758 144 155 236 136
internal_value=0 -0.0218177 -0.0259269 0.0142883 -0.0265648 -0.0277408 -0.0250319 0.00875411 0.00295371 0.0112574 -0.00990595 0.0122472 0.00157547 0.017471 0.0173367 0.00436376 -0.00578813 0.0123271 0.00220996 0.0224739 -0.0102573 0.0273268 0.0239021 -0.0235677 -0.0221723 -0.0242882 -0.0205117 -0.0167424 -0.0274925 -0.0202115 -0.0254797 0.0301809 -0.0219422 -0.0190395 -0.0135713 -0.0129851 -0.0226999 -0.0296556 -0.0273537 -0.0297081 -0.00936702 -0.0150003 -0.0208058 0.00886376 0.0326115 -0.023833 -0.00891384 -0.0111809 -0.0322882 -0.029625 -0.0259126 -0.0255712 -0.0203968 -0.0224629 -0.00219866 0.00131815 -0.0244796 -0.0233002 -0.00312563 -0.0172718 -0.031081 -0.0295667 -0.0261978 -0.0242812 -0.0311016 -0.0226101 -0.0169443 -0.0239434 -0.023525 -0.0253431 -0.0235681 -0.0240982 -0.0310605 -0.00167926 -0.028304 -0.0213607 -0.0172232 -0.0171523 -0.0251112 -0.0197863 0.00646428 0.00481136 0.0102809 0.00948234 0.00721287 0.00397818 0.00807598 0.0212808 -0.00090597 0.00427616 0.00272377 0.00862648 -0.000121686 0.00227772
internal_weight=0 172070 154488 17582 149745 103369 43487 12343 3721 8622 1561 2160 1057 689 3801 676 4743 2586 732 1103 385 5239 3171 33028 19094 13740 6307 5354 7433 3710 13934 2237 3374 2414 1497 1931 524 10459 5580 59882 1407 812 885 934 1920 4376 1644 1383 4879 59483 13536 13032 2370 3156 3246 1516 4206 3598 959 1168 4199 3249 2430 1887 2824 1654 1199 46376 35703 10673 8057 34605 674 595 469 2145 884 319 1224 517 4821 3115 1592 1706 1471 1196 1031 275 1523 879 821 535 391 752
internal_count=487467 172070 154488 17582 149745 103369 43487 12343 3721 8622 1561 2160 1057 689 3801 676 4743 2586 732 1103 385 5239 3171 33028 19094 13740 6307 5354 7433 3710 13934 2237 3374 2414 1497 1931 524 10459 5580 59882 1407 812 885 934 1920 4376 1644 1383 4879 59483 13536 13032 2370 3156 3246 1516 4206 3598 959 1168 4199 3249 2430 1887 2824 1654 1199 46376 35703 10673 8057 34605 674 595 469 2145 884 319 1224 517 4821 3115 1592 1706 1471 1196 1031 275 1523 879 821 535 391 752
is_linear=0
shrinkage=0.0951581


Tree=10
num_leaves=95
num_cat=0
split_feature=4 4 2 2 2 2 2 2 2 2 2 2 2 0 2 0 2 2 0 2 0 4 2 2 2 0 2 2 2 2 0 0 2 2 2 2 2 0 2 2 2 2 2 2 2 2 2 2 2 2 0 0 2 2 0 2 4 0 2 2 2 2 0 0 2 2 2 2 2 2 2 2 0 2 0 2 2 2 0 2 2 2 2 0 0 2 2 2 2 2 2 2 2 2
split_gain=7395.23 2336.1 220.189 97.0173 76.7402 41.7609 50.5791 53.3273 33.1489 20.1212 17.8815 17.1944 44.893 16.9615 16.4428 14.6586 14.0253 23.7855 19.3719 13.1264 22.9595 11.504 11.0979 10.473 11.114 10.9452 24.1613 13.3841 10.3456 26.1482 14.7726 10.264 10.0831 9.88623 12.7753 20.7223 10.994 12.6784 9.57001 9.13357 9.10992 8.9274 11.5029 14.2115 9.94843 8.7458 14.2559 11.2366 17.0916 8.52792 8.33532 8.12082 17.6327 8.38271 7.97071 11.4479 7.85288 7.79639 7.55494 9.29586 6.47596 6.4644 6.38988 10.1625 6.19483 62.6923 13.4283 9.75101 6.14571 5.54838 5.03588 4.7023 4.62769 4.38369 4.88566 5.98878 4.37084 4.3521 4.29727 4.70528 4.74764 4.22775 4.43598 4.05728 5.73568 3.87207 3.74211 3.73303 21.5465 3.55471 3.46687 3.46634 3.46535 6.23573
threshold=0.15000000223517421 0.25000000745058065 0.20206207782030108 0.1406514793634415 0.11293309181928636 0.20071429014205935 0.19548846781253817 0.19101010262966159 0.14895787835121158 0.13417843729257586 0.14122316241264346 0.15032467991113665 0.15529115498065951 1.5000000000000002 0.14451952278614047 2.5000000000000004 0.25035211443901068 0.23357842862606051 2.5000000000000004 0.14503520727157596 1.5000000000000002 0.35000000894069677 0.18724054098129275 0.14415185153484347 0.14216374605894092 1.5000000000000002 0.14379280805587771 0.14246211946010592 0.20219807326793673 0.20745369791984561 2.5000000000000004 1.5000000000000002 0.17394282668828967 0.14765568077564242 0.14586748182773593 0.14551208168268207 0.14790198951959613 1.5000000000000002 0.13440062105655673 0.14351332187652591 0.14295635372400287 0.16587346047163012 0.16013698279857638 0.15954913944005969 0.17660956084728244 0.1613835692405701 0.15678746998310092 0.18897569924592975 0.18843366950750354 0.14172885566949847 1.5000000000000002 2.5000000000000004 0.17006493359804156 0.16688596457242968 2.5000000000000004 0.22736185789108279 0.35000000894069677 2.5000000000000004 0.15188746154308322 0.15460605919361117 0.133558563888073 0.16159114986658099 2.5000000000000004 1.5000000000000002 0.10504237189888956 0.10629960522055627 0.10873378813266756 0.10533428192138673 0.10947888717055322 0.15724790096282962 0.15119115263223651 0.10458041727542879 2.5000000000000004 0.16259328275918963 1.5000000000000002 0.16505814343690875 0.13465463370084765 0.14094635099172595 1.5000000000000002 0.13533937186002734 0.13688258826732638 0.1273460388183594 0.1139211878180504 1.5000000000000002 2.5000000000000004 0.14122316241264346 0.12565835565328601 0.17089758068323138 0.16688596457242968 0.13230550289154056 0.1276228874921799 0.13481555134058001 0.15280397981405261 0.15298574417829516
decision_type=2 2 2 2 2 2 2 2 2 2 2 2 2 2 2 2 2 2 2 2 2 2 2 2 2 2 2 2 2 2 2 2 2 2 2 2 2 2 2 2 2 2 2 2 2 2 2 2 2 2 2 2 2 2 2 2 2 2 2 2 2 2 2 2 2 2 2 2 2 2 2 2 2 2 2 2 2 2 2 2 2 2 2 2 2 2 2 2 2 2 2 2 2 2
left_child=-1 3 5 4 13 6 7 10 14 57 62 -10 58 64 23 -9 17 28 21 20 -16 -19 31 24 49 26 27 -26 -4 30 -30 32 -14 34 35 -21 37 -35 50 -27 -29 42 43 69 87 46 72 48 51 77 -11 53 -53 73 55 56 -31 60 70 92 86 -44 63 81 71 67 -67 -66 -68 -33 -13 -2 -12 -47 75 -75 -40 -5 -78 91 -81 82 -3 -8 -85 -79 -6 88 -43 -65 -59 -80 -60 -94
right_child=1 2 16 8 9 -7 83 15 11 38 45 12 22 -15 19 -17 -18 18 -20 33 -22 -23 -24 -25 25 39 -28 40 29 54 -32 41 -34 36 -36 -37 -38 -39 76 -41 -42 44 61 -45 -46 47 -48 -49 -50 -51 -52 52 -54 -55 -56 -57 -58 90 59 -61 -62 -63 -64 89 65 66 68 -69 -70 -71 -72 -73 -74 74 -76 -77 78 85 79 80 -82 -83 -84 84 -86 -87 -88 -89 -90 -91 -92 -93 93 -95
leaf_value=0 0 0.0035008443423160166 0.0035008443423160166 0 0 -0.00077505412786303771 0.0035008443423160166 -0.00077505412786303771 0 0 0.0035008443423160166 0 0 0 0.0077909628645909928 0.0070938755615665488 0.0035008443423160166 -0.0051094584836072748 0.0035008443423160166 0 0 0.0035008443423160166 0 0 0.0031276390071476182 0 0.0077909628645909928 0 -0.0042901185222749749 0.0035008443423160166 0.0035008443423160166 0 0 0 0 0.0031276390071476182 0 0.0077909628645909928 0 0 0 0 0.0033792497662534821 0 0 -0.0013638119565941781 0.0035008443423160166 0.0035008443423160166 -0.00077505412786303771 0 0 -0.0004154582451540235 0.0035008443423160166 0 0.0035008443423160166 0.0035008443423160166 0.0035008443423160166 0 0 0.0073429388908492861 0 0 0.00012159457606253203 0 0 0 0 0.0086103028259232918 0 0 0 0 -0.00036816780132531017 0.0035008443423160166 0.0035008443423160166 -0.00074137313649370602 0 0 0 0 0 0.0045465249598834667 0 0.0035008443423160166 0.0035008443423160166 0 0 0 0 -0.0014189118018164656 0 0 0 0
leaf_weight=315397 33838 1103 199 380 37107 368 329 705 5070 278 1598 677 4352 3368 352 163 2081 574 249 1010 111 109 3561 1039 256 804 195 833 363 1172 126 829 1047 137 2243 320 985 174 506 231 626 836 294 577 1043 211 1007 303 156 505 120 266 512 1828 739 170 183 177 1027 275 386 590 149 306 199 2252 744 796 4984 437 698 326 200 213 399 168 7640 450 106 857 2220 408 442 425 254 863 22202 893 281 214 198 262 298 1513
leaf_count=315397 33838 1103 199 380 37107 368 329 705 5070 278 1598 677 4352 3368 352 163 2081 574 249 1010 111 109 3561 1039 256 804 195 833 363 1172 126 829 1047 137 2243 320 985 174 506 231 626 836 294 577 1043 211 1007 303 156 505 120 266 512 1828 739 170 183 177 1027 275 386 590 149 306 199 2252 744 796 4984 437 698 326 200 213 399 168 7640 450 106 857 2220 408 442 425 254 863 22202 893 281 214 198 262 298 1513
internal_value=0 -0.0218177 0.0109347 -0.0255712 -0.0268822 0.00336344 0.00438553 0.002404 -0.0212307 -0.0288271 0.00447041 -0.0232236 -0.0219238 -0.0238688 -0.017025 -0.0201718 0.0258195 0.022442 0.00918909 -0.0131529 0.00215801 0.000905604 -0.0244609 -0.0203646 -0.0186042 -0.0147826 -0.0105122 -0.0141211 0.0266262 0.0251116 0.00515683 -0.0229872 -0.0259706 -0.0146089 -0.0171913 -0.009802 -0.00748929 0.00810833 -0.0252678 -0.0226633 -0.0176424 -0.0202005 -0.0162435 -0.0205238 -0.023735 0.00702486 0.0111103 0.00419953 0.0027764 -0.0237246 -0.0107591 0.00411373 0.0127204 0.00173843 0.0294217 0.0333521 0.0362724 -0.0295375 -0.013591 -0.0161857 -0.0296234 -0.00731985 -0.00221382 -0.0033669 -0.023361 -0.0211362 -0.0239445 0.00138673 -0.021497 -0.0148825 -0.00771646 -0.0239455 0.00603338 0.00878604 0.0120778 0.00437078 -0.025766 -0.0204874 -0.0253712 -0.0225811 -0.0237973 -0.000219258 -0.00249444 0.0247336 0.0205312 -0.0230829 -0.0295435 -0.0276479 -0.0239812 -0.0151887 -0.0158597 -0.0124119 -0.0178044 -0.0203084
internal_weight=0 172070 17692 154378 118566 11727 11359 10351 35812 72059 9483 24298 19228 46507 11514 868 5965 3884 932 5332 463 683 14740 6182 5143 2945 1910 1715 2952 2753 489 11179 5399 4869 3573 1330 1296 311 11989 1035 1459 5780 2727 1843 3053 6861 2805 4056 3753 2198 398 3597 778 2819 2264 1525 1355 60070 4488 3113 59695 884 2622 2473 43139 8975 7980 995 5728 1266 1375 34164 1798 991 780 381 11591 1693 11085 3445 3077 1953 1545 1008 679 1313 59309 2010 1117 520 375 368 2838 1811
internal_count=487467 172070 17692 154378 118566 11727 11359 10351 35812 72059 9483 24298 19228 46507 11514 868 5965 3884 932 5332 463 683 14740 6182 5143 2945 1910 1715 2952 2753 489 11179 5399 4869 3573 1330 1296 311 11989 1035 1459 5780 2727 1843 3053 6861 2805 4056 3753 2198 398 3597 778 2819 2264 1525 1355 60070 4488 3113 59695 884 2622 2473 43139 8975 7980 995 5728 1266 1375 34164 1798 991 780 381 11591 1693 11085 3445 3077 1953 1545 1008 679 1313 59309 2010 1117 520 375 368 2838 1811
is_linear=0
shrinkage=0.0951581


Tree=11
num_leaves=25
num_cat=0
split_feature=4 3 4 0 3 4 0 0 0 4 0 3 0 4 3 0 0 0 0 0 4 0 0 4
split_gain=7394.9 2802.55 227.28 97.197 24.0861 11.9029 6.20622 5.77409 5.71589 4.60573 2.9496 2.7682 2.66521 1.9492 4.90538 1.24964 0.849503 0.910974 0.618356 0.177661 0.102726 0.0688412 0.00700137 0.00623759
threshold=0.15000000223517421 0.15000000223517421 0.25000000745058065 2.5000000000000004 0.25000000745058065 0.25000000745058065 1.5000000000000002 2.5000000000000004 1.5000000000000002 0.35000000894069677 1.5000000000000002 0.35000000894069677 1.5000000000000002 0.35000000894069677 0.25000000745058065 3.5000000000000004 4.5000000000000009 3.5000000000000004 1.5000000000000002 3.5000000000000004 0.25000000745058065 2.5000000000000004 1.5000000000000002 0.59999999403953563
decision_type=2 2 2 2 2 2 2 2 2 2 2 2 2 2 2 2 2 2 2 2 2 2 2 2
left_child=22 2 6 4 5 10 -2 -8 -4 12 -3 13 -7 15 19 20 17 -16 -11 -15 -5 -10 -1 -13
right_child=1 3 8 11 -6 9 7 -9 21 18 -12 23 -14 14 16 -17 -18 -19 -20 -21 -22 -23 -24 -25
leaf_value=0 0 0.0038690121436413269 0 0.0041078353568455052 0.010958674130403781 0.0031677106853408308 0 0 0 0.0031677106853408308 0.0036493588179478784 0.0051954488232888547 0.0031677106853408308 0.0031677106853408308 0.010958674130403781 0.0031677106853408308 0.0031677106853408308 0.010958674130403781 0.0031677106853408308 0.0031677106853408308 0.0031677106853408308 -0.00033313365697518578 0 0.024227065458862274
leaf_weight=310726 113386 1992 2798 150 328 3390 34831 1528 1364 373 2491 146 4790 243 259 215 107 167 467 170 2151 581 4671 143
leaf_count=310726 113386 1992 2798 150 328 3390 34831 1528 1364 373 2491 146 4790 243 259 215 107 167 467 170 2151 581 4671 143
internal_value=0 -0.0218183 -0.0259152 0.0141801 0.0104955 0.00987662 -0.0265648 -0.0276466 -0.00540694 0.0118684 0.00586911 0.0277661 0.0111793 0.0270192 0.0233369 0.0284037 0.0293687 0.0312726 0.0185785 0.0155525 0.029052 -0.00936904 -0.0463429 0.0367132
internal_weight=0 172070 154488 17582 13831 13503 149745 36359 4743 9020 4483 3751 8180 3462 946 2516 533 426 840 413 2301 1945 315397 289
internal_count=487467 172070 154488 17582 13831 13503 149745 36359 4743 9020 4483 3751 8180 3462 946 2516 533 426 840 413 2301 1945 315397 289
is_linear=0
shrinkage=0.0951581


Tree=12
num_leaves=95
num_cat=0
split_feature=3 2 2 2 2 2 2 0 2 2 2 2 0 2 2 2 2 2 0 2 2 2 2 2 0 2 2 2 2 0 2 0 2 2 2 2 2 0 0 0 2 2 2 2 2 2 2 2 0 2 2 2 2 0 2 2 2 2 2 2 0 2 2 0 2 2 0 2 0 2 2 2 2 2 0 2 2 2 2 2 2 2 0 2 2 2 2 2 0 2 2 2 0 2
split_gain=5418.73 2002.1 225.706 134.744 112.206 55.6763 44.6295 34.5055 29.9504 45.9452 46.9631 37.0994 25.5658 20.6626 15.186 37.3524 32.2194 23.1846 13.7472 13.1962 12.9728 16.3143 11.7896 26.254 20.1333 10.132 9.99031 9.80457 27.6052 14.6713 9.66818 8.46774 11.3884 7.64029 22.8468 8.53561 13.0473 18.4348 7.54875 7.40962 15.3822 17.3965 9.01869 18.268 18.1728 9.60352 6.98969 9.564 6.85446 6.59549 9.9172 6.30554 10.3008 7.34028 6.93363 6.27079 6.22575 18.5046 6.13505 6.89434 13.7142 6.02036 5.98497 7.13553 5.6352 5.62119 5.44484 6.11249 5.31713 6.42946 10.6566 9.11559 5.15159 10.4857 11.7082 5.1099 9.38842 10.9847 9.99749 6.06372 4.82262 5.43949 4.74134 4.50009 4.36888 4.95525 4.76369 4.12936 4.58199 4.08146 3.97429 3.9255 3.92471 5.63767
threshold=0.15000000223517421 0.11084018647670747 0.13417843729257586 0.20206207782030108 0.10074627026915552 0.20071429014205935 0.11854497343301774 2.5000000000000004 0.17280431091785434 0.19548846781253817 0.19101010262966159 0.15724790096282962 2.5000000000000004 0.15954913944005969 0.15119115263223651 0.14926454424858096 0.14216374605894092 0.15188746154308322 1.5000000000000002 0.1613835692405701 0.18897569924592975 0.18843366950750354 0.25035211443901068 0.23357842862606051 2.5000000000000004 0.13440062105655673 0.14246211946010592 0.20219807326793673 0.20745369791984561 2.5000000000000004 0.12565835565328601 2.5000000000000004 0.22736185789108279 0.14451952278614047 0.14586748182773593 0.14415185153484347 0.14379280805587771 1.5000000000000002 1.5000000000000002 1.5000000000000002 0.14765568077564242 0.13969421386718753 0.14895787835121158 0.1393149867653847 0.13263087719678882 0.10873378813266756 0.19510195404291156 0.19101010262966159 1.5000000000000002 0.16013698279857638 0.16159114986658099 0.10629960522055627 0.10533428192138673 1.5000000000000002 0.10317540168762208 0.133558563888073 0.19344085454940799 0.17660956084728244 0.14551208168268207 0.14503520727157596 1.5000000000000002 0.19344085454940799 0.15886382013559344 1.5000000000000002 0.15092624723911288 0.10840395465493204 1.5000000000000002 0.17394282668828967 1.5000000000000002 0.14741302281618121 0.14790198951959613 0.14765568077564242 0.15032467991113665 0.15092624723911288 1.5000000000000002 0.15220635384321216 0.15280397981405261 0.15392307937145236 0.15529115498065951 0.15803226083517077 0.17089758068323138 0.16688596457242968 2.5000000000000004 0.15255323797464374 0.11984848231077196 0.1201351322233677 0.12061157822608949 0.14295635372400287 1.5000000000000002 0.13465463370084765 0.19238026440143588 0.16587346047163012 1.5000000000000002 0.13533937186002734
decision_type=2 2 2 2 2 2 2 2 2 2 2 2 2 2 2 2 2 2 2 2 2 2 2 2 2 2 2 2 2 2 2 2 2 2 2 2 2 2 2 2 2 2 2 2 2 2 2 2 2 2 2 2 2 2 2 2 2 2 2 2 2 2 2 2 2 2 2 2 2 2 2 2 2 2 2 2 2 2 2 2 2 2 2 2 2 2 2 2 2 2 2 2 2 2
left_child=1 4 6 5 -1 7 -3 8 11 10 20 39 30 14 15 16 25 -16 -11 -13 21 -10 23 27 -25 48 -18 -5 29 -29 84 32 -30 35 58 36 87 -38 -21 42 41 -41 43 44 45 -2 47 -9 -4 -15 -51 52 54 -54 -6 -32 57 66 59 60 -35 90 63 83 -44 -53 67 80 -36 -70 71 -71 82 74 -74 -65 -77 -78 -79 -80 81 -52 -17 -19 -8 -86 -87 -28 -89 -27 -12 -68 -91 -94
right_child=3 2 13 22 51 -7 12 46 9 18 61 19 -14 49 17 72 26 62 -20 38 -22 -23 -24 24 -26 89 33 28 31 -31 55 -33 -34 34 68 -37 37 -39 -40 40 -42 -43 64 -45 -46 -47 -48 -49 -50 50 56 65 53 -55 -56 -57 -58 -59 -60 -61 -62 -63 -64 75 -66 -67 91 -69 69 70 -72 -73 73 -75 -76 76 77 78 79 -81 -82 -83 -84 -85 85 86 -88 88 -90 92 -92 -93 93 -95
leaf_value=0 0.0028662773904949254 0 0 0.0028662773904949254 0 -0.0010027347531464015 0 0.0028662773904949254 0.0031994110474701108 0.0028662773904949254 -0.0010027347531464015 0.0028662773904949254 0 0 0 0 0 0 0.0028662773904949254 0.0032699586982633819 0.0028662773904949254 -0.0010027347531464015 0.0028662773904949254 0.00040005790807483873 0.0028662773904949254 0 0 -0.0041833123376023599 0.0028662773904949254 0.0028662773904949254 0 0.0028662773904949254 0.0028662773904949254 0.0070495897280972875 0 0 0.0070495897280972875 0 0.0028662773904949254 0.0033344319827772946 0.0028662773904949254 -0.001203829039291408 -0.0012247308299738837 0.0035008443423160166 -0.0012247308299738837 0.0035008443423160166 0.0028662773904949254 -0.0025790664396932628 0 0 0 0 0 0 0 0 0 0 0.0039782783196470163 0 0 -0.0010027347531464015 0 0 0.0028662773904949254 0 0 0 0 0 0 0.0070495897280972875 0.0086103028259232918 0 0 0.0086103028259232918 0 0.0074145956485901499 0 0 0 0 0 0 0 0 0 0 0 0 -0.0010027347531464015 0 0 0
leaf_weight=313058 476 30754 284 199 1249 368 3491 892 1211 328 130 740 384 1082 612 4790 346 240 530 569 218 144 2068 684 250 513 1381 364 1338 126 24061 730 169 335 2140 1013 184 107 815 261 1413 491 342 791 142 173 284 127 124 526 1508 7660 2765 558 5083 389 2963 2522 284 980 131 312 222 201 620 9357 618 375 555 122 419 155 143 286 112 218 456 339 870 210 433 390 132 2945 4486 537 18070 596 326 9382 277 2126 379 3908
leaf_count=313058 476 30754 284 199 1249 368 3491 892 1211 328 130 740 384 1082 612 4790 346 240 530 569 218 144 2068 684 250 513 1381 364 1338 126 24061 730 169 335 2140 1013 184 107 815 261 1413 491 342 791 142 173 284 127 124 526 1508 7660 2765 558 5083 389 2963 2522 284 980 131 312 222 201 620 9357 618 375 555 122 419 155 143 286 112 218 456 339 870 210 433 390 132 2945 4486 537 18070 596 326 9382 277 2126 379 3908
internal_value=0 -0.0396267 -0.0295915 0.0141801 -0.0434714 0.00823876 -0.0326195 0.00942643 0.00752552 -0.000151045 -0.00718253 0.0110644 -0.0309044 -0.0244058 -0.023231 -0.0241481 -0.0225108 -0.019 0.0186324 0.0215047 0.00202657 -0.00143966 0.0258603 0.0227541 0.00886376 -0.0252798 -0.0180584 0.027188 0.0257 0.0052434 -0.0310885 0.0301809 0.0342556 -0.0186871 -0.0163242 -0.0220417 -0.019149 -0.000163502 0.0160201 0.00635532 0.00226358 -0.00873126 0.00983749 0.0142557 0.00403008 0.0107768 0.0239904 0.020311 -0.0104954 -0.027725 -0.0270546 -0.0375466 -0.0356042 -0.0313137 -0.0378558 -0.0297228 -0.0276685 -0.0262843 -0.00742563 -0.00993698 -0.000408404 -0.0273298 -0.0208894 -0.02151 0.00257184 -0.0386487 -0.029403 -0.0263742 -0.0208641 -0.0159357 -0.00984394 0.00463767 -0.0312404 -0.0224264 -0.0083963 -0.0174636 -0.0160719 -0.018245 -0.0141161 -0.0185911 -0.0281882 -0.0261208 -0.0322091 -0.0244244 -0.0323446 -0.0328189 -0.0321345 -0.021548 -0.0166165 -0.0257052 -0.0349536 -0.0323898 -0.0253924 -0.0230071
internal_weight=0 469885 130155 17582 339730 11654 82172 11286 9983 3150 2292 6833 51418 47983 35440 29127 23664 6313 858 2124 1573 1355 5928 3860 934 14590 9074 2926 2727 490 51034 2237 1507 8728 5121 3607 2594 291 1384 4709 2165 752 2544 1582 791 649 1303 1019 408 12543 11461 26672 9655 3323 6332 24450 10935 7972 1730 1446 466 719 5701 5479 962 17017 5450 2706 3391 1251 696 277 5463 541 255 2294 2093 1875 1419 1080 2331 1898 4922 3185 26584 23093 18607 2303 922 14182 407 2744 13669 4287
internal_count=487467 469885 130155 17582 339730 11654 82172 11286 9983 3150 2292 6833 51418 47983 35440 29127 23664 6313 858 2124 1573 1355 5928 3860 934 14590 9074 2926 2727 490 51034 2237 1507 8728 5121 3607 2594 291 1384 4709 2165 752 2544 1582 791 649 1303 1019 408 12543 11461 26672 9655 3323 6332 24450 10935 7972 1730 1446 466 719 5701 5479 962 17017 5450 2706 3391 1251 696 277 5463 541 255 2294 2093 1875 1419 1080 2331 1898 4922 3185 26584 23093 18607 2303 922 14182 407 2744 13669 4287
is_linear=0
shrinkage=0.0951581


Tree=13
num_leaves=95
num_cat=0
split_feature=4 4 2 2 2 2 2 2 2 2 2 2 2 0 2 0 2 0 2 2 0 4 2 2 2 0 2 2 2 2 0 0 2 2 2 2 2 0 2 2 2 2 2 2 2 2 0 2 2 2 2 0 2 2 0 2 4 0 2 2 2 2 0 0 2 2 2 2 2 2 2 2 0 2 0 2 2 2 0 2 2 2 2 0 0 2 2 2 2 2 2 2 2 2
split_gain=7394.9 2335.41 211.007 97.0173 76.7402 42.1701 49.7909 48.5667 33.1489 20.1212 18.3136 17.1944 44.893 16.9615 16.4428 13.3162 13.1264 22.9595 11.5007 23.7855 19.3719 11.504 11.0979 10.473 11.114 10.9452 24.1613 13.3841 10.3456 26.1482 14.7726 10.264 10.0831 9.88623 12.7753 20.7223 10.994 12.6784 9.57001 9.13357 9.10992 8.9274 11.5029 14.2115 9.94843 8.52792 8.33532 8.27719 14.2559 10.9986 12.3 8.12082 17.6327 8.38271 7.97071 11.4479 7.85288 7.79639 7.55494 9.29586 6.47596 6.4644 6.38988 10.1625 6.19483 62.6923 13.4283 9.75101 6.14571 5.54838 5.03588 4.7023 4.62769 4.38369 4.88566 5.98878 4.37084 4.3521 4.29727 4.70528 4.74764 4.22775 4.43598 4.05728 5.73568 3.87207 3.77829 8.36207 3.74211 3.73303 21.5465 3.55471 3.46687 3.46634
threshold=0.15000000223517421 0.25000000745058065 0.20206207782030108 0.1406514793634415 0.11293309181928636 0.20071429014205935 0.19548846781253817 0.19101010262966159 0.14895787835121158 0.13417843729257586 0.14122316241264346 0.15032467991113665 0.15529115498065951 1.5000000000000002 0.14451952278614047 2.5000000000000004 0.14503520727157596 1.5000000000000002 0.25035211443901068 0.23357842862606051 2.5000000000000004 0.35000000894069677 0.18724054098129275 0.14415185153484347 0.14216374605894092 1.5000000000000002 0.14379280805587771 0.14246211946010592 0.20219807326793673 0.20745369791984561 2.5000000000000004 1.5000000000000002 0.17394282668828967 0.14765568077564242 0.14586748182773593 0.14551208168268207 0.14790198951959613 1.5000000000000002 0.13440062105655673 0.14351332187652591 0.14295635372400287 0.16587346047163012 0.16013698279857638 0.15954913944005969 0.17660956084728244 0.14172885566949847 1.5000000000000002 0.1613835692405701 0.15678746998310092 0.18897569924592975 0.18843366950750354 2.5000000000000004 0.17006493359804156 0.16688596457242968 2.5000000000000004 0.22736185789108279 0.35000000894069677 2.5000000000000004 0.15188746154308322 0.15460605919361117 0.133558563888073 0.16159114986658099 2.5000000000000004 1.5000000000000002 0.10504237189888956 0.10629960522055627 0.10873378813266756 0.10533428192138673 0.10947888717055322 0.15724790096282962 0.15119115263223651 0.10458041727542879 2.5000000000000004 0.16259328275918963 1.5000000000000002 0.16505814343690875 0.13465463370084765 0.14094635099172595 1.5000000000000002 0.13533937186002734 0.13688258826732638 0.1273460388183594 0.1139211878180504 1.5000000000000002 2.5000000000000004 0.14122316241264346 0.19238026440143588 0.19344085454940799 0.12565835565328601 0.17089758068323138 0.16688596457242968 0.13230550289154056 0.1276228874921799 0.13481555134058001
decision_type=2 2 2 2 2 2 2 2 2 2 2 2 2 2 2 2 2 2 2 2 2 2 2 2 2 2 2 2 2 2 2 2 2 2 2 2 2 2 2 2 2 2 2 2 2 2 2 2 2 2 2 2 2 2 2 2 2 2 2 2 2 2 2 2 2 2 2 2 2 2 2 2 2 2 2 2 2 2 2 2 2 2 2 2 2 2 2 2 2 2 2 2 2 2
left_child=-1 3 5 4 13 6 7 10 14 57 62 -10 58 64 23 86 17 -16 19 28 21 -21 31 24 45 26 27 -26 -4 30 -30 32 -14 34 35 -18 37 -35 46 -27 -29 42 43 69 89 77 -11 48 72 50 51 53 -53 73 55 56 -31 60 70 -60 88 -44 63 81 71 67 -67 -66 -68 -33 -13 -2 -12 -49 75 -75 -40 -5 -78 93 -81 82 -3 -8 -85 -79 -9 -88 -6 90 -43 -65 -59 -80
right_child=1 2 18 8 9 -7 83 15 11 38 47 12 22 -15 16 -17 33 -19 -20 20 -22 -23 -24 -25 25 39 -28 40 29 54 -32 41 -34 36 -36 -37 -38 -39 76 -41 -42 44 61 -45 -46 -47 -48 49 -50 -51 -52 52 -54 -55 -56 -57 -58 92 59 -61 -62 -63 -64 91 65 66 68 -69 -70 -71 -72 -73 -74 74 -76 -77 78 85 79 80 -82 -83 -84 84 -86 -87 87 -89 -90 -91 -92 -93 -94 -95
leaf_value=0 0 0.0025935279119022347 0.0025935279119022347 0 0 -0.00090731643041378331 0.0025935279119022347 -0.00090731643041378331 0 0 0.0025935279119022347 0 0 0 0.0063787642423968529 0.0058446531471514664 0 0 0.0025935279119022347 -0.0049627542200576897 0.0025935279119022347 0.0028282086445333013 0 0 0.0021287173983150828 0 0.0063787642423968529 0 -0.0037852363304946182 0.0025935279119022347 0.0025935279119022347 0 0 0 0 0.0021287173983150828 0 0.0063787642423968529 0 0 0 0 0.0024376713275153761 0 0 0 0 -0.0012340342172542642 0.0025935279119022347 0.0025935279119022347 -0.00090731643041378331 -0.00034422367041902271 0.0025935279119022347 0 0.0025935279119022347 0.0025935279119022347 0.0025935279119022347 0 0 0.0060032815795377026 0 0 0.00014172423071920828 0 0 0 0 0.0077909628645909928 0 0 0 0 -0.00030143329484590554 0.002555114370150627 0.0025935279119022347 -0.00067082548570043376 0 0 0 0 0 0.004021441208938231 0 0.0025935279119022347 0.0025935279119022347 0 -0.00090731643041378331 -0.00090731643041378331 0 0 0 -0.0012838908665092818 0 0
leaf_weight=315397 33838 1103 199 380 37107 368 329 149 5070 278 1598 677 4352 3368 352 163 1010 111 2081 574 249 109 3561 1039 256 804 195 833 363 1172 126 829 1047 137 2243 320 985 174 506 231 626 836 294 577 1043 505 120 211 1007 303 156 266 512 1828 739 170 183 177 2838 275 386 590 149 306 199 2252 744 796 4984 437 698 326 200 213 399 168 7640 450 106 857 2220 408 442 425 254 863 266 290 22202 893 281 214 198 262
leaf_count=315397 33838 1103 199 380 37107 368 329 149 5070 278 1598 677 4352 3368 352 163 1010 111 2081 574 249 109 3561 1039 256 804 195 833 363 1172 126 829 1047 137 2243 320 985 174 506 231 626 836 294 577 1043 505 120 211 1007 303 156 266 512 1828 739 170 183 177 2838 275 386 590 149 306 199 2252 744 796 4984 437 698 326 200 213 399 168 7640 450 106 857 2220 408 442 425 254 863 266 290 22202 893 281 214 198 262
internal_value=0 -0.0218183 0.0109293 -0.0255712 -0.0268822 0.00351761 0.0045447 0.00257867 -0.0212307 -0.0288271 0.00455069 -0.0232236 -0.0219238 -0.0238688 -0.017025 -0.0189658 -0.0131529 0.00215801 0.0255005 0.022442 0.00918909 0.000905604 -0.0244609 -0.0203646 -0.0186042 -0.0147826 -0.0105122 -0.0141211 0.0266262 0.0251116 0.00515683 -0.0229872 -0.0259706 -0.0146089 -0.0171913 -0.009802 -0.00748929 0.00810833 -0.0252678 -0.0226633 -0.0176424 -0.0202005 -0.0162435 -0.0205238 -0.023735 -0.0237246 -0.0107591 0.00713582 0.0111103 0.00438722 0.00297924 0.00411373 0.0127204 0.00173843 0.0294217 0.0333521 0.0362724 -0.0295375 -0.013591 -0.0161857 -0.0296234 -0.00731985 -0.00221382 -0.0033669 -0.023361 -0.0211362 -0.0239445 0.00138673 -0.021497 -0.0148825 -0.00771646 -0.0239455 0.00603338 0.00878604 0.0120778 0.00437078 -0.025766 -0.0204874 -0.0253712 -0.0225811 -0.0237973 -0.000219258 -0.00249444 0.0247336 0.0205312 -0.0230829 -0.0246331 -0.0282394 -0.0295435 -0.0276479 -0.0239812 -0.0151887 -0.0158597 -0.0124119
internal_weight=0 172070 17692 154378 118566 11727 11359 10351 35812 72059 9483 24298 19228 46507 11514 868 5332 463 5965 3884 932 683 14740 6182 5143 2945 1910 1715 2952 2753 489 11179 5399 4869 3573 1330 1296 311 11989 1035 1459 5780 2727 1843 3053 2198 398 6861 2805 4056 3753 3597 778 2819 2264 1525 1355 60070 4488 3113 59695 884 2622 2473 43139 8975 7980 995 5728 1266 1375 34164 1798 991 780 381 11591 1693 11085 3445 3077 1953 1545 1008 679 1313 705 556 59309 2010 1117 520 375 368
internal_count=487467 172070 17692 154378 118566 11727 11359 10351 35812 72059 9483 24298 19228 46507 11514 868 5332 463 5965 3884 932 683 14740 6182 5143 2945 1910 1715 2952 2753 489 11179 5399 4869 3573 1330 1296 311 11989 1035 1459 5780 2727 1843 3053 2198 398 6861 2805 4056 3753 3597 778 2819 2264 1525 1355 60070 4488 3113 59695 884 2622 2473 43139 8975 7980 995 5728 1266 1375 34164 1798 991 780 381 11591 1693 11085 3445 3077 1953 1545 1008 679 1313 705 556 59309 2010 1117 520 375 368
is_linear=0
shrinkage=0.0951581


Tree=14
num_leaves=25
num_cat=0
split_feature=4 3 4 0 4 4 0 0 0 4 3 0 0 0 4 0 3 4 0 0 4 0 0 4
split_gain=7353.6 2709.51 227.28 79.7155 13.5633 8.06921 6.20622 5.77409 5.71589 5.66557 10.9067 2.9496 2.66521 1.24964 1.08939 1.30991 1.14669 0.391369 0.269415 0.177661 0.102726 0.0688412 0.00700137 0.00623759
threshold=0.15000000223517421 0.15000000223517421 0.25000000745058065 2.5000000000000004 0.25000000745058065 0.35000000894069677 1.5000000000000002 2.5000000000000004 1.5000000000000002 0.35000000894069677 0.35000000894069677 1.5000000000000002 1.5000000000000002 3.5000000000000004 0.45000000298023229 3.5000000000000004 0.25000000745058065 0.45000000298023229 1.5000000000000002 3.5000000000000004 0.25000000745058065 2.5000000000000004 1.5000000000000002 0.59999999403953563
decision_type=2 2 2 2 2 2 2 2 2 2 2 2 2 2 2 2 2 2 2 2 2 2 2 2
left_child=22 2 6 4 11 12 -2 -8 -4 13 14 -3 -6 20 16 -16 19 18 -7 -11 -5 -10 -1 -12
right_child=1 3 8 9 5 17 7 -9 21 10 23 -13 -14 -15 15 -17 -18 -19 -20 -21 -22 -23 -24 -25
leaf_value=0 0 0.0031677106853408308 0 0.0034441921163860432 0.0023467327524271842 0.0023467327524271842 0 0 0 0.0023467327524271842 0.0041815152044803548 0.0027983160833282075 0.0023467327524271842 0.0023467327524271842 0.017187285289878864 0.0023467327524271842 0.0093963230057598282 0.0093963230057598282 0.0025590817150512226 0.0023467327524271842 0.0023467327524271842 -0.00027274947859269203 0 0.021402119573291859
leaf_weight=310726 113386 1992 2798 150 3390 400 34831 1528 1364 243 146 2491 4790 215 163 217 153 237 531 170 2151 581 4671 143
leaf_count=310726 113386 1992 2798 150 3390 400 34831 1528 1364 243 146 2491 4790 215 163 217 153 237 531 170 2151 581 4671 143
internal_value=0 -0.0218869 -0.0259152 0.013509 0.0101722 0.0122358 -0.0265648 -0.0276466 -0.00540694 0.0258127 0.0205341 0.00586911 0.0111793 0.0284037 0.0155914 0.0195324 0.0129455 0.0196345 0.0187556 0.0155525 0.029052 -0.00936904 -0.0463429 0.0367132
internal_weight=0 172070 154488 17582 13831 9348 149745 36359 4743 3751 1235 4483 8180 2516 946 380 566 1168 931 413 2301 1945 315397 289
internal_count=487467 172070 154488 17582 13831 9348 149745 36359 4743 3751 1235 4483 8180 2516 946 380 566 1168 931 413 2301 1945 315397 289
is_linear=0
shrinkage=0.0951581


Tree=15
num_leaves=95
num_cat=0
split_feature=4 4 2 2 2 2 2 2 2 2 2 2 2 0 2 0 2 0 2 2 0 2 0 2 0 2 2 2 0 2 2 0 2 4 2 2 2 2 0 2 2 2 2 2 2 2 2 0 2 2 2 2 4 0 2 2 0 2 2 4 2 2 2 0 0 2 2 2 2 2 2 2 2 2 0 0 0 2 0 2 2 2 2 2 0 2 2 2 2 2 2 2 2 2
split_gain=7352.27 2248.15 176.151 97.0173 76.7402 42.0407 48.1894 48.4838 33.1489 20.1212 18.599 17.1944 44.893 16.9615 16.4428 13.3162 13.1264 22.9595 13.1225 18.2121 14.7726 14.2261 27.0089 17.6584 14.2185 11.0979 10.473 11.114 10.9452 24.1613 13.3841 10.264 10.0831 10.0078 9.88623 12.7753 20.7223 10.994 12.6784 9.57001 9.13357 9.10992 8.9274 11.5029 14.2115 9.94843 8.52792 8.33532 8.27719 14.2559 10.9986 12.3 8.24292 8.12082 17.6327 8.38271 7.79639 7.55494 9.29586 7.48699 6.81305 6.47596 6.4644 6.43844 10.0306 6.40858 6.19483 62.6923 13.4283 9.75101 6.14571 5.54838 5.03588 4.7023 4.62769 4.41827 5.92577 4.38369 4.88566 5.98878 4.37084 4.3521 4.32393 4.30134 4.29727 4.70528 4.74764 3.87207 3.77829 8.36207 3.74211 3.73303 21.5465 3.55471
threshold=0.15000000223517421 0.25000000745058065 0.20206207782030108 0.1406514793634415 0.11293309181928636 0.20071429014205935 0.19548846781253817 0.19101010262966159 0.14895787835121158 0.13417843729257586 0.14122316241264346 0.15032467991113665 0.15529115498065951 1.5000000000000002 0.14451952278614047 2.5000000000000004 0.14503520727157596 1.5000000000000002 0.20219807326793673 0.20745369791984561 2.5000000000000004 0.22736185789108279 2.5000000000000004 0.25035211443901068 2.5000000000000004 0.18724054098129275 0.14415185153484347 0.14216374605894092 1.5000000000000002 0.14379280805587771 0.14246211946010592 1.5000000000000002 0.17394282668828967 0.35000000894069677 0.14765568077564242 0.14586748182773593 0.14551208168268207 0.14790198951959613 1.5000000000000002 0.13440062105655673 0.14351332187652591 0.14295635372400287 0.16587346047163012 0.16013698279857638 0.15954913944005969 0.17660956084728244 0.14172885566949847 1.5000000000000002 0.1613835692405701 0.15678746998310092 0.18897569924592975 0.18843366950750354 0.35000000894069677 2.5000000000000004 0.17006493359804156 0.16688596457242968 2.5000000000000004 0.15188746154308322 0.15460605919361117 0.35000000894069677 0.32517604529857641 0.133558563888073 0.16159114986658099 2.5000000000000004 1.5000000000000002 0.22039676457643512 0.10504237189888956 0.10629960522055627 0.10873378813266756 0.10533428192138673 0.10947888717055322 0.15724790096282962 0.15119115263223651 0.10458041727542879 2.5000000000000004 1.5000000000000002 2.5000000000000004 0.16259328275918963 1.5000000000000002 0.16505814343690875 0.13465463370084765 0.14094635099172595 0.1273460388183594 0.1139211878180504 1.5000000000000002 0.13533937186002734 0.13688258826732638 0.14122316241264346 0.19238026440143588 0.19344085454940799 0.12565835565328601 0.17089758068323138 0.16688596457242968 0.13230550289154056
decision_type=2 2 2 2 2 2 2 2 2 2 2 2 2 2 2 2 2 2 2 2 2 2 2 2 2 2 2 2 2 2 2 2 2 2 2 2 2 2 2 2 2 2 2 2 2 2 2 2 2 2 2 2 2 2 2 2 2 2 2 2 2 2 2 2 2 2 2 2 2 2 2 2 2 2 2 2 2 2 2 2 2 2 2 2 2 2 2 2 2 2 2 2 2 2
left_child=-1 3 5 4 13 6 7 10 14 56 63 -10 57 66 26 88 17 -16 -4 20 -20 24 23 59 52 31 27 46 29 30 -29 32 -14 -24 35 36 -18 38 -36 47 -30 -32 43 44 71 91 81 -11 49 74 51 53 -21 55 -55 77 61 72 -59 -23 -35 90 -45 64 82 -26 73 69 -69 -68 -70 -33 -13 -2 -12 -8 -77 -50 79 -79 -41 -5 83 -3 -82 -86 -87 -83 -9 -90 -6 92 -44 -66
right_child=1 2 18 8 9 -7 75 15 11 39 48 12 25 -15 16 -17 34 -19 19 21 -22 22 33 -25 65 -27 -28 28 40 -31 41 42 -34 60 37 -37 -38 -39 -40 80 -42 -43 45 62 -46 -47 -48 -49 50 -51 -52 -53 -54 54 -56 -57 -58 58 -60 -61 -62 -63 -64 -65 93 -67 67 68 70 -71 -72 -73 -74 -75 -76 76 -78 78 -80 -81 84 87 -84 -85 85 86 -88 -89 89 -91 -92 -93 -94 -95
leaf_value=0 0 0.0021234221486651429 0.0021234221486651429 0 0 -0.0010442885366756878 0.0021234221486651429 -0.0010442885366756878 0 0 0.0021234221486651429 0 0 0 0.0057717732278673639 0.0050651765199169257 0 0 -0.0036483510792022209 0.0021234221486651429 0.0021234221486651429 -0.0047138186168081036 0.0021234221486651429 0.0021234221486651429 0.0021234221486651429 0 0 0.0016247194241443426 0 0.0057717732278673639 0 0 0 0.0021234221486651429 0 0 0.0016247194241443426 0 0.0057717732278673639 0 0 0 0 0.001939424772258249 0 0 0 0 -0.0011166058795651743 0.0021234221486651429 0.0021234221486651429 -0.0010442885366756878 0.0021032154272126167 -0.00028551368468746774 0.0021234221486651429 0 0 0 0.0051305874827561951 0.0023155643898366551 0.009173012401997787 0 0 0.00015419234289791212 0 0.0021234221486651429 0 0 0 0.0070495897280972875 0 0 0 0 -0.00024679515947505042 0.0021234221486651429 0.0021234221486651429 0.0020886639661325673 0.0021234221486651429 -0.0006069910145294874 0 0 0.0035271132471930947 0 0 0 0 0 -0.0010442885366756878 -0.0010442885366756878 0 0 0 -0.0011617182653606338
leaf_weight=315397 33838 1103 199 380 37107 368 329 149 5070 278 1598 677 4352 3368 352 163 1010 111 363 1172 126 726 708 740 412 3561 1039 256 804 195 833 829 1047 485 137 2243 320 985 174 506 231 626 836 294 577 1043 505 120 211 1007 303 156 183 266 512 1828 375 2838 275 127 518 386 590 149 306 206 199 2252 744 796 4984 437 698 326 200 425 254 213 399 168 7640 450 408 442 368 857 2220 863 266 290 22202 893 281 214
leaf_count=315397 33838 1103 199 380 37107 368 329 149 5070 278 1598 677 4352 3368 352 163 1010 111 363 1172 126 726 708 740 412 3561 1039 256 804 195 833 829 1047 485 137 2243 320 985 174 506 231 626 836 294 577 1043 505 120 211 1007 303 156 183 266 512 1828 375 2838 275 127 518 386 590 149 306 206 199 2252 744 796 4984 437 698 326 200 425 254 213 399 168 7640 450 408 442 368 857 2220 863 266 290 22202 893 281 214
internal_value=0 -0.0218891 0.0102408 -0.0255712 -0.0268822 0.00346892 0.00449444 0.00256029 -0.0212307 -0.0288271 0.00453062 -0.0232236 -0.0219238 -0.0238688 -0.017025 -0.0189658 -0.0131529 0.00215801 0.0235542 0.0227251 0.00515683 0.024353 0.020535 0.0116185 0.0307467 -0.0244609 -0.0203646 -0.0186042 -0.0147826 -0.0105122 -0.0141211 -0.0229872 -0.0259706 0.0288366 -0.0146089 -0.0171913 -0.009802 -0.00748929 0.00810833 -0.0252678 -0.0226633 -0.0176424 -0.0202005 -0.0162435 -0.0205238 -0.023735 -0.0237246 -0.0107591 0.00713582 0.0111103 0.00438722 0.00297924 0.0362022 0.00411373 0.0127204 0.00173843 -0.0295375 -0.013591 -0.0161857 0.00228692 0.0227222 -0.0296234 -0.00731985 -0.00228641 -0.00344385 0.0187853 -0.023361 -0.0211362 -0.0239445 0.00138673 -0.021497 -0.0148825 -0.00771646 -0.0239455 0.00603338 0.0243559 0.0199706 0.00878604 0.0120778 0.00437078 -0.025766 -0.0204874 -0.000316706 -0.00261762 -0.0253712 -0.0225811 -0.0237973 -0.0230829 -0.0246331 -0.0282394 -0.0295435 -0.0276479 -0.0239812 -0.0151887
internal_weight=0 172070 17692 154378 118566 11727 11359 10351 35812 72059 9483 24298 19228 46507 11514 868 5332 463 5965 5766 489 5277 3304 1593 1973 14740 6182 5143 2945 1910 1715 11179 5399 1711 4869 3573 1330 1296 311 11989 1035 1459 5780 2727 1843 3053 2198 398 6861 2805 4056 3753 1355 3597 778 2819 60070 4488 3113 853 1003 59695 884 2622 2473 618 43139 8975 7980 995 5728 1266 1375 34164 1798 1008 679 991 780 381 11591 1693 1953 1545 11085 3445 3077 1313 705 556 59309 2010 1117 520
internal_count=487467 172070 17692 154378 118566 11727 11359 10351 35812 72059 9483 24298 19228 46507 11514 868 5332 463 5965 5766 489 5277 3304 1593 1973 14740 6182 5143 2945 1910 1715 11179 5399 1711 4869 3573 1330 1296 311 11989 1035 1459 5780 2727 1843 3053 2198 398 6861 2805 4056 3753 1355 3597 778 2819 60070 4488 3113 853 1003 59695 884 2622 2473 618 43139 8975 7980 995 5728 1266 1375 34164 1798 1008 679 991 780 381 11591 1693 1953 1545 11085 3445 3077 1313 705 556 59309 2010 1117 520
is_linear=0
shrinkage=0.0951581


Tree=16
num_leaves=95
num_cat=0
split_feature=3 2 2 2 2 2 2 0 2 2 2 2 0 2 2 2 2 2 0 2 2 2 0 2 0 0 2 2 2 3 2 2 2 2 2 2 2 0 0 0 2 2 2 2 2 2 0 2 2 2 2 2 2 2 0 2 2 2 2 2 2 0 2 2 0 2 2 0 2 0 2 2 2 2 2 0 2 2 2 2 2 2 2 0 2 2 2 2 2 0 2 2 2 2
split_gain=5252.16 2002.1 225.706 112.206 101.51 55.5267 44.6295 34.3993 30.2866 44.7685 46.9631 37.2976 25.5658 20.6626 15.186 37.3524 32.2194 23.1846 14.3512 13.2016 17.9243 17.6719 23.8034 18.6806 15.1467 14.6713 13.1962 12.9728 16.3143 10.876 10.132 9.99031 9.66818 7.64029 22.8468 8.53561 13.0473 18.4348 7.54875 7.26397 15.3822 17.3965 8.83392 18.7004 17.8903 9.8991 6.85446 6.71497 9.564 6.69512 6.59549 9.9172 6.30554 10.3008 7.34028 6.93363 6.27079 6.22575 18.5046 6.13505 6.89434 13.7142 6.02036 5.98497 7.13553 5.6352 5.62119 5.44484 6.11249 5.31713 6.42946 10.6566 9.11559 5.15159 10.4857 11.7082 5.1099 9.38842 10.9847 9.99749 6.06372 4.82262 5.43949 4.74134 4.50009 4.36888 4.95525 4.76369 4.12936 4.58199 4.08146 4.0056 3.97429 3.9255
threshold=0.15000000223517421 0.11084018647670747 0.13417843729257586 0.10074627026915552 0.20206207782030108 0.20071429014205935 0.11854497343301774 2.5000000000000004 0.17280431091785434 0.19548846781253817 0.19101010262966159 0.15724790096282962 2.5000000000000004 0.15954913944005969 0.15119115263223651 0.14926454424858096 0.14216374605894092 0.15188746154308322 1.5000000000000002 0.20219807326793673 0.20745369791984561 0.22736185789108279 2.5000000000000004 0.25035211443901068 2.5000000000000004 2.5000000000000004 0.1613835692405701 0.18897569924592975 0.18843366950750354 0.25000000745058065 0.13440062105655673 0.14246211946010592 0.12565835565328601 0.14451952278614047 0.14586748182773593 0.14415185153484347 0.14379280805587771 1.5000000000000002 1.5000000000000002 1.5000000000000002 0.14765568077564242 0.13969421386718753 0.14895787835121158 0.1393149867653847 0.13263087719678882 0.10873378813266756 1.5000000000000002 0.19510195404291156 0.19101010262966159 0.22039676457643512 0.16013698279857638 0.16159114986658099 0.10629960522055627 0.10533428192138673 1.5000000000000002 0.10317540168762208 0.133558563888073 0.19344085454940799 0.17660956084728244 0.14551208168268207 0.14503520727157596 1.5000000000000002 0.19344085454940799 0.15886382013559344 1.5000000000000002 0.15092624723911288 0.10840395465493204 1.5000000000000002 0.17394282668828967 1.5000000000000002 0.14741302281618121 0.14790198951959613 0.14765568077564242 0.15032467991113665 0.15092624723911288 1.5000000000000002 0.15220635384321216 0.15280397981405261 0.15392307937145236 0.15529115498065951 0.15803226083517077 0.17089758068323138 0.16688596457242968 2.5000000000000004 0.15255323797464374 0.11984848231077196 0.1201351322233677 0.12061157822608949 0.14295635372400287 1.5000000000000002 0.13465463370084765 0.33771552145481115 0.19238026440143588 0.16587346047163012
decision_type=2 2 2 2 2 2 2 2 2 2 2 2 2 2 2 2 2 2 2 2 2 2 2 2 2 2 2 2 2 2 2 2 2 2 2 2 2 2 2 2 2 2 2 2 2 2 2 2 2 2 2 2 2 2 2 2 2 2 2 2 2 2 2 2 2 2 2 2 2 2 2 2 2 2 2 2 2 2 2 2 2 2 2 2 2 2 2 2 2 2 2 2 2 2
left_child=1 3 6 -1 5 7 -3 8 11 10 27 39 32 14 15 16 30 -16 -11 -6 25 24 23 -23 -22 -21 -13 28 -10 -24 46 -18 85 35 59 36 88 -38 -28 42 41 -41 43 44 45 -2 -4 48 -9 -26 -15 -52 53 55 -55 -5 -34 58 67 60 61 -35 92 64 84 -44 -54 68 81 -36 -71 72 -72 83 75 -75 -66 -78 -79 -80 -81 82 -53 -17 -19 -8 -87 -88 -33 -90 -32 -31 -12 -69
right_child=4 2 13 52 19 -7 12 47 9 18 62 26 -14 50 17 73 31 63 -20 20 21 22 29 -25 49 -27 38 -29 -30 91 90 33 56 34 69 -37 37 -39 -40 40 -42 -43 65 -45 -46 -47 -48 -49 -50 -51 51 57 66 54 -56 -57 -58 -59 -60 -61 -62 -63 -64 -65 76 -67 -68 93 -70 70 71 -73 -74 74 -76 -77 77 78 79 80 -82 -83 -84 -85 -86 86 87 -89 89 -91 -92 -93 -94 -95
leaf_value=0 0.0019213613551769776 0 0 0 0.0019213613551769776 -0.00094491603531794634 0 0.0019213613551769776 0.0026716506029860962 0.0019213613551769776 -0.00094491603531794634 0.0019213613551769776 0 0 0 0 0 0 0.0019213613551769776 -0.0033011809630524832 0.0019213613551769776 0.0020952197078913052 0.0019213613551769776 0.0019213613551769776 0.0019213613551769776 0.0019213613551769776 0.0028570796502195746 0.0019213613551769776 -0.00094491603531794634 0.0058339069579040189 0 0 0 0.0052225423182294612 0 0 0.0052225423182294612 0 0.0019213613551769776 0.0029381655476310091 0.0019213613551769776 -0.0013555573790976065 -0.0014096210796841291 0.0028662773904949254 -0.0014096210796841291 0.0028662773904949254 0 0.0019213613551769776 -0.0035951165508319406 0.0019213613551769776 0 0 0 0 0 0 0 0 0 0.00324254308319364 0 0 -0.00094491603531794634 0 0 0.0019213613551769776 0 0 0 0 0 0 0.0052225423182294612 0.0077909628645909928 0 0 0.0077909628645909928 0 0.0056495591956057419 0 0 0 0 0 0 0 0 0 0 0 0 0.0089768401304082777 -0.00094491603531794634 0
leaf_weight=313058 476 30754 284 1249 199 368 3491 892 1211 328 130 740 384 1082 612 4790 346 240 530 364 1338 853 887 736 410 126 569 218 144 435 513 1381 24061 335 2140 1013 184 107 815 261 1413 491 342 791 142 173 124 284 127 200 526 1508 7660 2765 558 5083 389 2963 2522 284 980 131 312 222 201 620 9357 618 375 555 122 419 155 143 286 112 218 456 339 870 210 433 390 132 2945 4486 537 18070 596 326 13669 380 277 2126
leaf_count=313058 476 30754 284 1249 199 368 3491 892 1211 328 130 740 384 1082 612 4790 346 240 530 364 1338 853 887 736 410 126 569 218 144 435 513 1381 24061 335 2140 1013 184 107 815 261 1413 491 342 791 142 173 124 284 127 200 526 1508 7660 2765 558 5083 389 2963 2522 284 980 131 312 222 201 620 9357 618 375 555 122 419 155 143 286 112 218 456 339 870 210 433 390 132 2945 4486 537 18070 596 326 13669 380 277 2126
internal_value=0 -0.0396267 -0.0295915 -0.0434714 0.0133466 0.00818977 -0.0326195 0.00937585 0.00747786 -0.000241671 -0.00718253 0.0110366 -0.0309044 -0.0244058 -0.023231 -0.0241481 -0.0225108 -0.019 0.0182996 0.0234845 0.0226476 0.0242754 0.0200234 0.0116477 0.0314588 0.0052434 0.0215047 0.00202657 -0.00143966 0.027843 -0.0252798 -0.0180584 -0.0310885 -0.0186871 -0.0163242 -0.0220417 -0.019149 -0.000163502 0.0160201 0.00631491 0.00226358 -0.00873126 0.00976268 0.0141354 0.00378948 0.0104835 -0.0104954 0.0239173 0.020311 0.0190316 -0.027725 -0.0270546 -0.0375466 -0.0356042 -0.0313137 -0.0378558 -0.0297228 -0.0276685 -0.0262843 -0.00742563 -0.00993698 -0.000408404 -0.0273298 -0.0208894 -0.02151 0.00257184 -0.0386487 -0.029403 -0.0263742 -0.0208641 -0.0159357 -0.00984394 0.00463767 -0.0312404 -0.0224264 -0.0083963 -0.0174636 -0.0160719 -0.018245 -0.0141161 -0.0185911 -0.0281882 -0.0261208 -0.0322091 -0.0244244 -0.0323446 -0.0328189 -0.0321345 -0.021548 -0.0166165 -0.0257052 0.0199073 -0.0349536 -0.0323898
internal_weight=0 469885 130155 339730 17582 11654 82172 11286 9983 3150 2292 6833 51418 47983 35440 29127 23664 6313 858 5928 5729 5239 3291 1589 1948 490 2124 1573 1355 1702 14590 9074 51034 8728 5121 3607 2594 291 1384 4709 2165 752 2544 1582 791 649 408 1303 1019 610 12543 11461 26672 9655 3323 6332 24450 10935 7972 1730 1446 466 719 5701 5479 962 17017 5450 2706 3391 1251 696 277 5463 541 255 2294 2093 1875 1419 1080 2331 1898 4922 3185 26584 23093 18607 2303 922 14182 815 407 2744
internal_count=487467 469885 130155 339730 17582 11654 82172 11286 9983 3150 2292 6833 51418 47983 35440 29127 23664 6313 858 5928 5729 5239 3291 1589 1948 490 2124 1573 1355 1702 14590 9074 51034 8728 5121 3607 2594 291 1384 4709 2165 752 2544 1582 791 649 408 1303 1019 610 12543 11461 26672 9655 3323 6332 24450 10935 7972 1730 1446 466 719 5701 5479 962 17017 5450 2706 3391 1251 696 277 5463 541 255 2294 2093 1875 1419 1080 2331 1898 4922 3185 26584 23093 18607 2303 922 14182 815 407 2744
is_linear=0
shrinkage=0.0951581


Tree=17
num_leaves=95
num_cat=0
split_feature=4 3 4 2 2 2 2 2 2 2 2 2 2 2 2 2 4 2 2 4 4 2 2 2 2 2 2 2 2 2 2 2 2 4 2 2 2 2 2 2 2 2 2 2 2 2 2 2 2 2 2 2 2 2 2 2 2 2 2 2 2 2 2 2 2 2 2 2 2 2 2 2 2 2 2 2 2 2 2 4 2 2 2 2 2 2 2 2 3 4 2 2 2 2
split_gain=7343.62 2687.24 227.28 101.51 55.5267 50.9818 60.8367 32.5131 21.9568 88.783 20.549 29.3356 13.2016 17.9243 17.6719 17.7657 13.2231 11.6905 13.9576 11.0935 10.1604 9.73149 24.226 18.362 17.4117 16.0576 15.3232 12.3238 9.80465 7.8945 11.4533 7.49551 12.3471 7.47591 19.6955 7.68857 25.1957 12.1132 6.99963 22.0202 6.8049 6.72919 9.20105 6.19506 4.9982 4.94449 5.50428 4.84857 4.8048 4.50517 4.43864 8.46414 4.40547 4.38618 4.01046 3.88516 5.69216 3.82296 6.94081 3.8088 3.64129 3.63708 5.61713 3.42587 4.13101 3.30193 3.27337 3.25238 3.1515 3.05392 2.99946 40.828 11.4377 6.52097 3.67974 4.56627 2.99498 2.94963 2.92046 2.88638 2.84279 4.74911 2.83391 2.80275 3.07665 2.70276 2.61648 2.56404 2.53169 2.53063 10.7575 20.1186 8.01449 7.39237
threshold=0.15000000223517421 0.15000000223517421 0.25000000745058065 0.20206207782030108 0.20071429014205935 0.11293309181928636 0.13417843729257586 0.15954913944005969 0.19548846781253817 0.19101010262966159 0.15724790096282962 0.16370223462581637 0.20219807326793673 0.20745369791984561 0.22736185789108279 0.25035211443901068 0.35000000894069677 0.16159114986658099 0.18582589179277423 0.25000000745058065 0.35000000894069677 0.14216374605894092 0.14586748182773593 0.15032467991113665 0.15280397981405261 0.14451952278614047 0.14926454424858096 0.14246211946010592 0.13440062105655673 0.14415185153484347 0.14379280805587771 0.15119115263223651 0.15092624723911288 0.25000000745058065 0.17154762148857119 0.18724054098129275 0.18897569924592975 0.18843366950750354 0.17394282668828967 0.18724054098129275 0.133558563888073 0.15188746154308322 0.15220635384321216 0.19344085454940799 0.15886382013559344 0.14551208168268207 0.14503520727157596 0.17006493359804156 0.12565835565328601 0.13465463370084765 0.23357842862606051 0.23021738976240161 0.14172885566949847 0.17660956084728244 0.14620192348957065 0.13642506301403048 0.14741302281618121 0.15339080244302752 0.15529115498065951 0.15678746998310092 0.15460605919361117 0.16013698279857638 0.16159114986658099 0.15563492476940158 0.1583974361419678 0.32517604529857641 0.168457105755806 0.15724790096282962 0.26417112350463873 0.16587346047163012 0.10629960522055627 0.10533428192138673 0.10840395465493204 0.10916084051132204 0.10458041727542879 0.10504237189888956 0.15153882652521136 0.42745216190814977 0.19291979819536212 0.35000000894069677 0.14295635372400287 0.14351332187652591 0.19510195404291156 0.15678746998310092 0.15629401057958606 0.22039676457643512 0.11441558599472047 0.16688596457242968 0.35000000894069677 0.25000000745058065 0.14895787835121158 0.1483045965433121 0.14379280805587771 0.13263087719678882
decision_type=2 2 2 2 2 2 2 2 2 2 2 2 2 2 2 2 2 2 2 2 2 2 2 2 2 2 2 2 2 2 2 2 2 2 2 2 2 2 2 2 2 2 2 2 2 2 2 2 2 2 2 2 2 2 2 2 2 2 2 2 2 2 2 2 2 2 2 2 2 2 2 2 2 2 2 2 2 2 2 2 2 2 2 2 2 2 2 2 2 2 2 2 2 2
left_child=-1 2 5 4 8 70 40 21 9 10 89 -12 -5 -14 20 50 68 55 69 -10 85 28 25 26 31 27 54 -23 -8 30 80 32 -25 34 87 -35 37 -37 47 53 48 76 -43 78 57 46 -27 61 86 -30 51 -16 -51 -40 -24 -4 -57 -26 60 -58 -59 -9 -63 -60 67 -18 -64 83 -17 -19 71 74 -72 -74 -2 -76 -33 88 -11 -52 -29 -82 -20 84 -65 -15 -7 -13 -67 90 91 93 -91 -3
right_child=1 3 17 12 -6 6 7 38 19 43 11 33 13 14 15 16 65 18 82 -21 -22 22 23 24 44 45 -28 29 49 -31 -32 41 -34 35 -36 36 -38 -39 39 -41 -42 42 -44 -45 -46 -47 -48 -49 -50 52 79 -53 -54 -55 -56 56 59 58 63 -61 -62 62 66 64 -66 77 -68 -69 -70 -71 72 -73 73 -75 75 -77 -78 -79 -80 -81 81 -83 -84 -85 -86 -87 -88 -89 -90 92 -92 -93 -94 -95
leaf_value=0 0 0.0025935279119022347 0 0.0017385282806286065 -0.00085499963127362534 0 0 0 0.0026862211705905911 -0.00085499963127362534 0.0017385282806286065 0.0026163737879194588 0.0017385282806286065 0.0017385282806286065 0.0017385282806286065 0.0017385282806286065 0.0017385282806286065 -0.00025834474811216291 0.0079795947497674855 0.0017385282806286065 0.0017385282806286065 0 0 0 0 0 0 0 0 0 0 0 0 0.0017385282806286065 -0.0025257576018943096 0.0017385282806286065 0.0017385282806286065 -0.00085499963127362534 0 0 0 0 0 -0.00085499963127362534 0 0.0029339888803840189 0 0 0 0 0.0017385282806286065 0.0023726030163016571 0 0 0 0.0036219209744049238 -0.00022331060376203982 0 0 0.0039908760061802143 -0.0022551848788041795 0 0 0 0 0.0074459071221095723 0 0 0.0017385282806286065 0 0 0 0 0 0 0 0.0052225423182294612 0.0081226211796890553 -0.00085499963127362534 0.0018958426047680759 0 0 -0.0013569650196927807 0 0 0.0017385282806286065 0 0.0027998811693704553 0.0099970049703956929 0.0014037501823141465 -0.0012754842317390922 0.0025935279119022347 0.0017385282806286065 0.0011973647502330393
leaf_weight=315397 33931 275 1730 199 368 3655 398 950 194 350 1215 132 490 1147 128 425 713 335 134 909 285 336 470 248 608 423 4277 1261 504 960 269 370 276 1854 433 197 268 132 832 3210 399 319 493 416 170 261 960 680 22330 12546 759 161 486 1538 2686 557 575 966 543 384 202 425 2545 310 233 326 279 430 290 864 2616 1098 1092 6965 425 249 225 142 119 175 498 386 164 707 207 516 33498 246 172 752 1523 121 954 1196
leaf_count=315397 33931 275 1730 199 368 3655 398 950 194 350 1215 132 490 1147 128 425 713 335 134 909 285 336 470 248 608 423 4277 1261 504 960 269 370 276 1854 433 197 268 132 832 3210 399 319 493 416 170 261 960 680 22330 12546 759 161 486 1538 2686 557 575 966 543 384 202 425 2545 310 233 326 279 430 290 864 2616 1098 1092 6965 425 249 225 142 119 175 498 386 164 707 207 516 33498 246 172 752 1523 121 954 1196
internal_value=0 -0.0219034 -0.0259152 0.0133466 0.00818977 -0.0265648 -0.0277408 -0.0250319 0.00937585 0.00799448 0.0107357 0.0153779 0.0234845 0.0226476 0.0242754 0.0200234 0.0254 -0.00540694 -0.0123636 0.0221288 0.0314588 -0.0235677 -0.0221723 -0.0242882 -0.0205117 -0.0167424 -0.0274925 -0.0202115 -0.0254797 -0.0219422 -0.0190395 -0.0129851 -0.0226999 0.0106768 0.00275736 0.0132973 0.00390515 -0.0137386 -0.0296556 -0.0273537 -0.0297081 -0.00936702 -0.0150003 -0.0208058 -0.023833 -0.00891384 -0.0111809 -0.0322882 -0.029625 -0.0259126 0.0109319 0.0212377 -0.0255712 -0.0203968 -0.0224629 -0.00219866 0.00131815 -0.0244796 -0.0233002 -0.00312563 -0.0172718 -0.031081 -0.0295667 -0.0261978 -0.0242812 0.0198686 -0.0311016 -0.0226101 0.0358673 -0.0169443 -0.0239434 -0.023525 -0.0253431 -0.0235681 -0.0240982 -0.0310605 -0.00167926 0.0248303 -0.028304 0.00774306 -0.0213607 -0.0172232 0.00606713 -0.0251112 -0.0197863 0.0343038 -0.0302881 0.0186288 0.0282799 0.0064248 0.00481136 0.0102809 0.00937078 0.00721287
internal_weight=0 172070 154488 17582 11654 149745 103369 43487 11286 10183 9298 4477 5928 5729 5239 3291 2068 4743 1497 1103 1948 33028 19094 13740 6307 5354 7433 3710 13934 3374 2414 1931 524 3262 811 2451 597 329 10459 5580 59882 1407 812 885 4376 1644 1383 4879 59483 13536 1223 289 13032 2370 3156 3246 1516 4206 3598 959 1168 4199 3249 2430 1887 1353 2824 1654 715 1199 46376 35703 10673 8057 34605 674 595 640 469 934 2145 884 298 1224 517 1663 37153 378 498 4821 3115 1592 1706 1471
internal_count=487467 172070 154488 17582 11654 149745 103369 43487 11286 10183 9298 4477 5928 5729 5239 3291 2068 4743 1497 1103 1948 33028 19094 13740 6307 5354 7433 3710 13934 3374 2414 1931 524 3262 811 2451 597 329 10459 5580 59882 1407 812 885 4376 1644 1383 4879 59483 13536 1223 289 13032 2370 3156 3246 1516 4206 3598 959 1168 4199 3249 2430 1887 1353 2824 1654 715 1199 46376 35703 10673 8057 34605 674 595 640 469 934 2145 884 298 1224 517 1663 37153 378 498 4821 3115 1592 1706 1471
is_linear=0
shrinkage=0.0951581


Tree=18
num_leaves=95
num_cat=0
split_feature=4 3 4 2 2 2 2 2 2 2 2 2 2 2 2 2 2 4 4 4 2 2 2 2 2 2 2 2 2 2 2 2 4 2 2 2 2 2 2 2 2 2 2 2 2 2 2 2 2 2 2 2 2 2 2 2 2 3 2 2 2 2 2 2 2 2 2 2 2 2 2 2 2 2 2 2 2 2 2 4 2 2 2 2 2 2 2 4 2 2 2 2 2 2
split_gain=7330.01 2675.03 217.896 97.5019 55.5267 50.9818 60.8367 32.5131 21.9568 88.783 20.549 29.3356 15.1284 13.538 17.2802 19.4107 15.6835 15.5242 11.0935 10.1604 9.73149 24.226 18.362 17.4117 16.0576 15.3232 12.3238 9.80465 7.8945 11.4533 7.49551 12.3471 7.47591 19.6955 7.68857 25.1957 12.1132 6.99963 22.0202 6.8049 6.7363 6.72919 9.20105 6.19506 4.9982 4.94449 5.50428 4.84857 4.8048 4.50517 4.43864 8.46414 4.40547 4.38618 4.01046 3.88516 5.69216 3.8773 4.91062 3.82296 6.94081 3.8088 3.64129 3.63708 5.61713 3.42587 4.13101 3.27337 3.25238 3.1515 3.05392 2.99946 40.828 11.4377 6.52097 3.67974 4.56627 2.99498 2.92046 2.88638 2.84279 4.74911 2.80275 3.07665 2.70276 2.61648 2.56404 2.53063 10.7575 20.1186 8.01449 7.39237 13.8585 12.7514
threshold=0.15000000223517421 0.15000000223517421 0.25000000745058065 0.20206207782030108 0.20071429014205935 0.11293309181928636 0.13417843729257586 0.15954913944005969 0.19548846781253817 0.19101010262966159 0.15724790096282962 0.16370223462581637 0.16159114986658099 0.20219807326793673 0.20745369791984561 0.22736185789108279 0.25035211443901068 0.35000000894069677 0.25000000745058065 0.35000000894069677 0.14216374605894092 0.14586748182773593 0.15032467991113665 0.15280397981405261 0.14451952278614047 0.14926454424858096 0.14246211946010592 0.13440062105655673 0.14415185153484347 0.14379280805587771 0.15119115263223651 0.15092624723911288 0.25000000745058065 0.17154762148857119 0.18724054098129275 0.18897569924592975 0.18843366950750354 0.17394282668828967 0.18724054098129275 0.133558563888073 0.18582589179277423 0.15188746154308322 0.15220635384321216 0.19344085454940799 0.15886382013559344 0.14551208168268207 0.14503520727157596 0.17006493359804156 0.12565835565328601 0.13465463370084765 0.23357842862606051 0.23021738976240161 0.14172885566949847 0.17660956084728244 0.14620192348957065 0.13642506301403048 0.14741302281618121 0.35000000894069677 0.42745216190814977 0.15339080244302752 0.15529115498065951 0.15678746998310092 0.15460605919361117 0.16013698279857638 0.16159114986658099 0.15563492476940158 0.1583974361419678 0.168457105755806 0.15724790096282962 0.26417112350463873 0.16587346047163012 0.10629960522055627 0.10533428192138673 0.10840395465493204 0.10916084051132204 0.10458041727542879 0.10504237189888956 0.15153882652521136 0.19291979819536212 0.35000000894069677 0.14295635372400287 0.14351332187652591 0.15678746998310092 0.15629401057958606 0.22039676457643512 0.11441558599472047 0.16688596457242968 0.25000000745058065 0.14895787835121158 0.1483045965433121 0.14379280805587771 0.13263087719678882 0.1393149867653847 0.14295635372400287
decision_type=2 2 2 2 2 2 2 2 2 2 2 2 2 2 2 2 2 2 2 2 2 2 2 2 2 2 2 2 2 2 2 2 2 2 2 2 2 2 2 2 2 2 2 2 2 2 2 2 2 2 2 2 2 2 2 2 2 2 2 2 2 2 2 2 2 2 2 2 2 2 2 2 2 2 2 2 2 2 2 2 2 2 2 2 2 2 2 2 2 2 2 2 2 2
left_child=-1 2 5 4 8 71 39 20 9 10 87 -12 55 -5 -15 19 50 69 -10 84 27 24 25 30 26 54 -22 -8 29 80 31 -24 33 86 -34 36 -36 47 53 48 70 77 -43 78 59 46 -26 63 85 -29 51 -17 -51 -39 -23 -4 -57 -19 -59 -25 62 -58 -61 -9 -65 -62 68 -66 82 -18 -14 72 75 -73 -75 -2 -77 -32 -11 -52 -28 -82 83 -67 -16 -7 -13 88 89 91 -89 -3 -93 -94
right_child=1 3 12 13 -6 6 7 37 18 43 11 32 40 14 15 16 17 57 -20 -21 21 22 23 44 45 -27 28 49 -30 -31 41 -33 34 -35 35 -37 -38 38 -40 -41 -42 42 -44 -45 -46 -47 -48 -49 -50 52 79 -53 -54 -55 -56 56 61 58 -60 60 65 -63 -64 64 67 66 -68 -69 -70 -71 -72 73 -74 74 -76 76 -78 -79 -80 -81 81 -83 -84 -85 -86 -87 -88 90 -90 -91 -92 92 93 -95
leaf_value=0 0 0.0023467327524271842 0 0.0015730932520327805 -0.00077363950039440236 0 0 0 0.0024306054977695033 -0.00077363950039440236 0.0015730932520327805 0.0023674046585445115 -0.00023376115561744428 0.0015730932520327805 0.0015730932520327805 0.0015730932520327805 0.0015730932520327805 0.003600324180011424 0.0015730932520327805 0.0015730932520327805 0 0 0 0 0 0 0 0 0 0 0 0 0.0015730932520327805 -0.0022854113356003663 0.0015730932520327805 0.0015730932520327805 -0.00077363950039440236 0 0 0 -0.00042308621967820475 0 0 -0.00077363950039440236 0 0.0026547961058203135 0 0 0 0 0.0015730932520327805 0.002146830647671284 0 0 0 0.0032772658965157958 -0.00020206079348816406 0.010621017359820288 0.0073496880717794965 0 0 0.0036111118725958564 -0.0020405857957343618 0 0 0 0 0 0 0.0015730932520327805 0 0 0 0 0 0 0 0.0047255751722899003 -0.00077363950039440236 0.0017154378457384493 0 0 0 0 0.0015730932520327805 0 0.0025334498282868112 0.0012701719977426707 -0.0011541115898888324 0.0023467327524271842 0.0015730932520327805 -0.0013894231730273035 0.0024795889706140219 0.0010834258089448268
leaf_weight=315397 33931 275 1730 199 368 3655 398 950 194 350 1215 132 335 490 1147 128 425 1040 909 285 336 470 248 608 423 4277 1261 504 960 269 370 276 1854 433 197 268 132 832 3210 399 298 319 493 416 170 261 960 680 22330 12546 759 161 486 1538 2686 557 575 180 133 966 543 384 202 425 2545 310 233 279 430 290 864 2616 1098 1092 6965 425 249 225 119 175 498 386 707 207 516 33498 246 752 1523 121 954 165 210 821
leaf_count=315397 33931 275 1730 199 368 3655 398 950 194 350 1215 132 335 490 1147 128 425 1040 909 285 336 470 248 608 423 4277 1261 504 960 269 370 276 1854 433 197 268 132 832 3210 399 298 319 493 416 170 261 960 680 22330 12546 759 161 486 1538 2686 557 575 180 133 966 543 384 202 425 2545 310 233 279 430 290 864 2616 1098 1092 6965 425 249 225 119 175 498 386 707 207 516 33498 246 752 1523 121 954 165 210 821
internal_value=0 -0.0219261 -0.0259287 0.0132438 0.00818977 -0.0265648 -0.0277408 -0.0250319 0.00937585 0.00799448 0.0107357 0.0153779 -0.00584832 0.0231795 0.022332 0.0239303 0.019474 0.0245258 0.0221288 0.0314588 -0.0235677 -0.0221723 -0.0242882 -0.0205117 -0.0167424 -0.0274925 -0.0202115 -0.0254797 -0.0219422 -0.0190395 -0.0129851 -0.0226999 0.0106768 0.00275736 0.0132973 0.00390515 -0.0137386 -0.0296556 -0.0273537 -0.0297081 -0.013762 -0.00936702 -0.0150003 -0.0208058 -0.023833 -0.00891384 -0.0111809 -0.0322882 -0.029625 -0.0259126 0.0109319 0.0212377 -0.0255712 -0.0203968 -0.0224629 -0.00219866 0.00131815 0.0185323 0.0278178 -0.0244796 -0.0233002 -0.00312563 -0.0172718 -0.031081 -0.0295667 -0.0261978 -0.0242812 -0.0311016 -0.0226101 0.0358673 -0.0169443 -0.0239434 -0.023525 -0.0253431 -0.0235681 -0.0240982 -0.0310605 -0.00167926 -0.028304 0.00774306 -0.0213607 -0.0172232 -0.0251112 -0.0197863 0.0343038 -0.0302881 0.0186288 0.0064248 0.00481136 0.0102809 0.00937078 0.00721287 0.00397818 0.00807598
internal_weight=0 172070 154488 17582 11654 149745 103369 43487 11286 10183 9298 4477 4743 5928 5729 5239 3291 2068 1103 1948 33028 19094 13740 6307 5354 7433 3710 13934 3374 2414 1931 524 3262 811 2451 597 329 10459 5580 59882 1497 1407 812 885 4376 1644 1383 4879 59483 13536 1223 289 13032 2370 3156 3246 1516 1353 313 4206 3598 959 1168 4199 3249 2430 1887 2824 1654 715 1199 46376 35703 10673 8057 34605 674 595 469 934 2145 884 1224 517 1663 37153 378 4821 3115 1592 1706 1471 1196 1031
internal_count=487467 172070 154488 17582 11654 149745 103369 43487 11286 10183 9298 4477 4743 5928 5729 5239 3291 2068 1103 1948 33028 19094 13740 6307 5354 7433 3710 13934 3374 2414 1931 524 3262 811 2451 597 329 10459 5580 59882 1497 1407 812 885 4376 1644 1383 4879 59483 13536 1223 289 13032 2370 3156 3246 1516 1353 313 4206 3598 959 1168 4199 3249 2430 1887 2824 1654 715 1199 46376 35703 10673 8057 34605 674 595 469 934 2145 884 1224 517 1663 37153 378 4821 3115 1592 1706 1471 1196 1031
is_linear=0
shrinkage=0.0951581


Tree=19
num_leaves=26
num_cat=0
split_feature=4 3 4 0 4 4 4 0 0 0 3 0 0 4 0 0 4 0 3 4 0 0 4 0 0
split_gain=7329.01 2672.82 217.896 68.0451 13.3904 12.2422 7.45918 6.29126 6.20622 5.77409 5.33602 2.9496 2.66521 2.63851 1.61632 1.24964 0.904199 1.87424 1.75822 0.468742 0.331085 0.164245 0.102726 0.0477934 0.00700137
threshold=0.15000000223517421 0.15000000223517421 0.25000000745058065 2.5000000000000004 0.25000000745058065 0.35000000894069677 0.35000000894069677 1.5000000000000002 1.5000000000000002 2.5000000000000004 0.35000000894069677 1.5000000000000002 1.5000000000000002 0.59999999403953563 4.5000000000000009 3.5000000000000004 0.45000000298023229 3.5000000000000004 0.25000000745058065 0.45000000298023229 3.5000000000000004 1.5000000000000002 0.25000000745058065 2.5000000000000004 1.5000000000000002
decision_type=2 2 2 2 2 2 2 2 2 2 2 2 2 2 2 2 2 2 2 2 2 2 2 2 2
left_child=24 2 8 4 11 15 12 -4 -2 -10 14 -3 -6 -12 16 22 18 -18 20 21 -7 -8 -5 -9 -1
right_child=1 3 7 5 6 10 19 23 9 -11 13 -13 -14 -15 -16 -17 17 -19 -20 -21 -22 -23 -24 -25 -26
leaf_value=0 0 0.0021234221486651429 0 0.0026184887263693904 0.0014234007045869326 0.0013948857346580102 0.0014253235375822743 0 0 0 0.00058418955077593532 0.0015829340179770801 0.0014234007045869326 0.015676457896671329 0.00018735738604967094 0.0014234007045869326 0.012773532529588769 0.0063947688624076621 0.0072369476393823141 0.0076092580014752382 0.0014234007045869326 0.0015522000587974796 0.0014234007045869326 -0.00018283307454836979 0
leaf_weight=310726 113386 1992 2798 150 3390 243 400 1364 34831 1528 146 2491 4790 143 137 215 163 120 143 237 140 531 2151 581 4671
leaf_count=310726 113386 1992 2798 150 3390 243 400 1364 34831 1528 146 2491 4790 143 137 215 163 120 143 237 140 531 2151 581 4671
internal_value=0 -0.0219278 -0.0259287 0.0132275 0.0101446 0.024595 0.0121951 -0.00584832 -0.0265648 -0.0276466 0.0168357 0.00586911 0.0111793 0.0281523 0.0133785 0.0284037 0.0149971 0.0193342 0.0126636 0.0193086 0.0160253 0.0183468 0.029052 -0.0100051 -0.0463429
internal_weight=0 172070 154488 17582 13831 3751 9348 4743 149745 36359 1235 4483 8180 289 946 2516 809 283 526 1168 383 931 2301 1945 315397
internal_count=487467 172070 154488 17582 13831 3751 9348 4743 149745 36359 1235 4483 8180 289 946 2516 809 283 526 1168 383 931 2301 1945 315397
is_linear=0
shrinkage=0.0951581


Tree=20
num_leaves=95
num_cat=0
split_feature=3 2 2 2 2 2 2 0 2 2 2 2 0 2 2 2 2 2 0 2 2 2 0 2 0 0 2 2 2 2 2 2 2 2 2 2 2 0 0 0 2 2 2 2 2 2 0 2 2 2 2 2 0 2 2 2 2 2 2 0 2 2 2 2 0 2 2 0 2 0 2 2 2 2 2 0 2 2 2 2 2 2 2 2 2 2 0 3 2 2 2 2 2 2
split_gain=5199.51 1997.47 223.314 112.206 91.1358 55.5267 44.6295 34.3993 30.2866 44.7685 46.9631 37.2976 25.5658 22.2259 15.186 37.3524 32.2194 23.1846 14.3512 14.0958 16.2545 22.4227 16.2951 18.6806 15.1467 14.6713 13.2833 13.1962 12.9728 16.3143 10.132 9.99031 9.66818 7.64029 22.8468 8.53561 13.0473 18.4348 7.54875 7.26397 15.3822 17.3965 8.83392 18.7004 17.8903 9.8991 6.85446 6.71497 9.564 6.69512 6.30554 10.3008 7.34028 6.93363 6.28912 10.2031 6.27079 6.13505 6.89434 13.7142 6.02036 6.01696 16.0427 5.98497 7.13553 5.6352 5.62119 5.44484 6.11249 5.31713 6.42946 10.6566 9.11559 5.15159 10.4857 11.7082 5.1099 9.38842 10.9847 9.99749 6.06372 4.98606 4.84277 5.17683 4.82262 5.43949 4.74134 4.64211 4.50009 4.45891 4.36888 4.95525 4.76369 4.12936
threshold=0.15000000223517421 0.11084018647670747 0.13417843729257586 0.10074627026915552 0.20206207782030108 0.20071429014205935 0.11854497343301774 2.5000000000000004 0.17280431091785434 0.19548846781253817 0.19101010262966159 0.15724790096282962 2.5000000000000004 0.15954913944005969 0.15119115263223651 0.14926454424858096 0.14216374605894092 0.15188746154308322 1.5000000000000002 0.20219807326793673 0.20745369791984561 0.22736185789108279 2.5000000000000004 0.25035211443901068 2.5000000000000004 2.5000000000000004 0.28112535178661352 0.1613835692405701 0.18897569924592975 0.18843366950750354 0.13440062105655673 0.14246211946010592 0.12565835565328601 0.14451952278614047 0.14586748182773593 0.14415185153484347 0.14379280805587771 1.5000000000000002 1.5000000000000002 1.5000000000000002 0.14765568077564242 0.13969421386718753 0.14895787835121158 0.1393149867653847 0.13263087719678882 0.10873378813266756 1.5000000000000002 0.19510195404291156 0.19101010262966159 0.22039676457643512 0.10629960522055627 0.10533428192138673 1.5000000000000002 0.10317540168762208 0.16013698279857638 0.16159114986658099 0.133558563888073 0.14551208168268207 0.14503520727157596 1.5000000000000002 0.19344085454940799 0.19344085454940799 0.17660956084728244 0.15886382013559344 1.5000000000000002 0.15092624723911288 0.10840395465493204 1.5000000000000002 0.17394282668828967 1.5000000000000002 0.14741302281618121 0.14790198951959613 0.14765568077564242 0.15032467991113665 0.15092624723911288 1.5000000000000002 0.15220635384321216 0.15280397981405261 0.15392307937145236 0.15529115498065951 0.15803226083517077 0.19548846781253817 0.18724054098129275 0.19101010262966159 0.17089758068323138 0.16688596457242968 2.5000000000000004 0.35000000894069677 0.15255323797464374 0.42745216190814977 0.11984848231077196 0.1201351322233677 0.12061157822608949 0.14295635372400287
decision_type=2 2 2 2 2 2 2 2 2 2 2 2 2 2 2 2 2 2 2 2 2 2 2 2 2 2 2 2 2 2 2 2 2 2 2 2 2 2 2 2 2 2 2 2 2 2 2 2 2 2 2 2 2 2 2 2 2 2 2 2 2 2 2 2 2 2 2 2 2 2 2 2 2 2 2 2 2 2 2 2 2 2 2 2 2 2 2 2 2 2 2 2 2 2
left_child=1 3 6 -1 5 7 -3 8 11 10 28 39 32 14 15 16 30 -16 -11 -6 25 24 23 -23 -22 -21 -24 -13 29 -10 46 -18 90 35 57 36 93 -38 -29 42 41 -41 43 44 45 -2 -4 48 -9 -26 51 53 -53 -5 -15 -56 -34 58 59 -35 -12 62 67 64 88 -44 -52 68 84 -36 -71 72 -72 86 75 -75 -66 -78 -79 -80 -81 -63 -64 -84 85 -57 -17 -28 -19 -89 -8 -92 -93 -33
right_child=4 2 13 50 19 -7 12 47 9 18 60 27 -14 54 17 73 31 63 -20 20 21 22 26 -25 49 -27 87 38 -30 -31 -32 33 56 34 69 -37 37 -39 -40 40 -42 -43 65 -45 -46 -47 -48 -49 -50 -51 66 52 -54 -55 55 61 -58 -59 -60 -61 -62 81 82 -65 76 -67 -68 -69 -70 70 71 -73 -74 74 -76 -77 77 78 79 80 -82 -83 83 -85 -86 -87 -88 89 -90 -91 91 92 -94 -95
leaf_value=0 0.0013486348655256386 0 0 0 0.0012879526138710789 -0.00083546953479406399 0 0.0012879526138710789 0.0019668457707741793 0.0012879526138710789 -0.00083546953479406399 0.0012879526138710789 0 0 0 0 0 0 0.0012879526138710789 -0.0034376225584188212 0.0012879526138710789 0.0014044956676898721 0.0012879526138710789 0.0012879526138710789 0.0012879526138710789 0.0012879526138710789 0.0012879526138710789 0.0019068034094911958 0.0012879526138710789 -0.00083546953479406399 0 0 0 0.0047255751722899003 0 0 0.0047255751722899003 0 0.0012879526138710789 0.0020378405902313022 0.0012879526138710789 -0.0015942297761803281 -0.0012463493301638519 0.0020415752295493551 -0.0014592691127666615 0.0019213613551769776 0 0.0012879526138710789 -0.0032334820341831738 0.0012879526138710789 0 0 0 0 0 0 0 0.0024021707821047442 0 0 -0.00083546953479406399 0 0 0 0 0.0012879526138710789 0 0 0 0 0 0 0.0047255751722899003 0.0070495897280972875 0 0 0.0070495897280972875 0 0.0055207352672342822 0 0 0 0 0 0 0 0 0.004967983319582028 0 0.0051585640278467744 0 0 0 0
leaf_weight=313058 476 30754 284 1249 199 368 3491 892 1211 328 407 740 384 1082 612 4790 346 240 530 364 1338 853 781 736 410 126 641 569 218 144 14182 1381 24061 335 2140 1013 184 107 815 261 1413 491 342 791 142 173 124 284 127 200 7660 2765 558 5083 526 1508 389 284 980 131 312 187 1855 222 201 620 9357 2744 375 555 122 419 155 143 286 112 218 456 339 870 210 2776 478 189 433 390 132 159 2945 121 4486 537 18070 922
leaf_count=313058 476 30754 284 1249 199 368 3491 892 1211 328 407 740 384 1082 612 4790 346 240 530 364 1338 853 781 736 410 126 641 569 218 144 14182 1381 24061 335 2140 1013 184 107 815 261 1413 491 342 791 142 173 124 284 127 200 7660 2765 558 5083 526 1508 389 284 980 131 312 187 1855 222 201 620 9357 2744 375 555 122 419 155 143 286 112 218 456 339 870 210 2776 478 189 433 390 132 159 2945 121 4486 537 18070 922
internal_value=0 -0.0396312 -0.0296075 -0.0434714 0.013076 0.00818977 -0.0326195 0.00937585 0.00747786 -0.000241671 -0.00718253 0.0110366 -0.0309044 -0.0244494 -0.023231 -0.0241481 -0.0225108 -0.019 0.0182996 0.0226819 0.0218171 0.0233672 0.0185777 0.0116477 0.0314588 0.0052434 0.0250475 0.0215047 0.00202657 -0.00143966 -0.0252798 -0.0180584 -0.0310885 -0.0186871 -0.0163242 -0.0220417 -0.019149 -0.000163502 0.0160201 0.00631491 0.00226358 -0.00873126 0.00976268 0.0141354 0.00378948 0.0104835 -0.0104954 0.0239173 0.020311 0.0190316 -0.0375466 -0.0356042 -0.0313137 -0.0378558 -0.0278919 -0.0272372 -0.0297228 -0.00742563 -0.00993698 -0.000408404 -0.0273298 -0.02786 -0.0264991 -0.0208894 -0.02151 0.00257184 -0.0386487 -0.029403 -0.0263742 -0.0208641 -0.0159357 -0.00984394 0.00463767 -0.0312404 -0.0224264 -0.0083963 -0.0174636 -0.0160719 -0.018245 -0.0141161 -0.0185911 -0.0315213 -0.0202239 -0.0271778 -0.0281882 -0.0261208 -0.0322091 0.0173062 -0.0244244 0.0275279 -0.0323446 -0.0328189 -0.0321345 -0.021548
internal_weight=0 469885 130155 339730 17582 11654 82172 11286 9983 3150 2292 6833 51418 47983 35440 29127 23664 6313 858 5928 5729 5239 3291 1589 1948 490 1702 2124 1573 1355 14590 9074 51034 8728 5121 3607 2594 291 1384 4709 2165 752 2544 1582 791 649 408 1303 1019 610 26672 9655 3323 6332 12543 11461 24450 1730 1446 466 719 10935 7972 5701 5479 962 17017 5450 2706 3391 1251 696 277 5463 541 255 2294 2093 1875 1419 1080 2963 2522 667 2331 1898 4922 921 3185 280 26584 23093 18607 2303
internal_count=487467 469885 130155 339730 17582 11654 82172 11286 9983 3150 2292 6833 51418 47983 35440 29127 23664 6313 858 5928 5729 5239 3291 1589 1948 490 1702 2124 1573 1355 14590 9074 51034 8728 5121 3607 2594 291 1384 4709 2165 752 2544 1582 791 649 408 1303 1019 610 26672 9655 3323 6332 12543 11461 24450 1730 1446 466 719 10935 7972 5701 5479 962 17017 5450 2706 3391 1251 696 277 5463 541 255 2294 2093 1875 1419 1080 2963 2522 667 2331 1898 4922 921 3185 280 26584 23093 18607 2303
is_linear=0
shrinkage=0.0951581


Tree=21
num_leaves=95
num_cat=0
split_feature=4 3 4 2 2 2 2 2 2 2 2 2 4 2 2 2 2 2 4 2 2 2 2 2 2 2 2 2 2 2 2 4 2 2 2 2 2 2 2 2 2 2 2 2 2 2 2 2 2 2 2 2 2 2 2 2 2 4 2 2 2 2 2 2 2 2 2 2 2 2 2 2 2 2 2 2 2 2 2 2 2 2 2 2 2 4 2 2 2 2 2 2 2 2
split_gain=7301.15 2611.11 217.896 80.1803 55.5267 50.9818 60.8367 32.5131 21.9568 88.783 20.549 29.3356 20.1787 15.1284 11.12 24.0215 18.336 32.5497 11.0935 9.73149 24.226 18.362 17.4117 16.0576 15.3232 12.3238 9.80465 7.8945 11.4533 7.49551 12.3471 7.47591 19.6955 7.68857 25.1957 12.1132 6.99963 22.0202 6.8049 6.7363 6.72919 9.20105 6.19506 5.74273 6.81807 4.9982 4.94449 5.50428 4.84857 4.8048 4.50517 4.40547 4.38618 4.01046 3.88516 5.69216 3.84218 7.98115 3.82296 6.94081 3.8088 3.64129 3.63708 5.61713 3.42587 4.13101 3.27337 3.25238 3.1515 3.05392 2.99946 40.828 11.4377 6.52097 3.67974 4.56627 2.99498 2.92046 2.84279 4.74911 2.80275 3.07665 2.70276 2.61648 2.56404 2.53063 10.7575 20.1186 8.01449 7.39237 13.8585 12.7514 9.70099 6.16493
threshold=0.15000000223517421 0.15000000223517421 0.25000000745058065 0.20206207782030108 0.20071429014205935 0.11293309181928636 0.13417843729257586 0.15954913944005969 0.19548846781253817 0.19101010262966159 0.15724790096282962 0.16370223462581637 0.35000000894069677 0.16159114986658099 0.20219807326793673 0.20745369791984561 0.22736185789108279 0.25035211443901068 0.25000000745058065 0.14216374605894092 0.14586748182773593 0.15032467991113665 0.15280397981405261 0.14451952278614047 0.14926454424858096 0.14246211946010592 0.13440062105655673 0.14415185153484347 0.14379280805587771 0.15119115263223651 0.15092624723911288 0.25000000745058065 0.17154762148857119 0.18724054098129275 0.18897569924592975 0.18843366950750354 0.17394282668828967 0.18724054098129275 0.133558563888073 0.18582589179277423 0.15188746154308322 0.15220635384321216 0.19344085454940799 0.23357842862606051 0.23021738976240161 0.15886382013559344 0.14551208168268207 0.14503520727157596 0.17006493359804156 0.12565835565328601 0.13465463370084765 0.14172885566949847 0.17660956084728244 0.14620192348957065 0.13642506301403048 0.14741302281618121 0.38397435843944555 0.59999999403953563 0.15339080244302752 0.15529115498065951 0.15678746998310092 0.15460605919361117 0.16013698279857638 0.16159114986658099 0.15563492476940158 0.1583974361419678 0.168457105755806 0.15724790096282962 0.26417112350463873 0.16587346047163012 0.10629960522055627 0.10533428192138673 0.10840395465493204 0.10916084051132204 0.10458041727542879 0.10504237189888956 0.15153882652521136 0.19291979819536212 0.14295635372400287 0.14351332187652591 0.15678746998310092 0.15629401057958606 0.22039676457643512 0.11441558599472047 0.16688596457242968 0.25000000745058065 0.14895787835121158 0.1483045965433121 0.14379280805587771 0.13263087719678882 0.1393149867653847 0.14295635372400287 0.11630280315876008 0.15092624723911288
decision_type=2 2 2 2 2 2 2 2 2 2 2 2 2 2 2 2 2 2 2 2 2 2 2 2 2 2 2 2 2 2 2 2 2 2 2 2 2 2 2 2 2 2 2 2 2 2 2 2 2 2 2 2 2 2 2 2 2 2 2 2 2 2 2 2 2 2 2 2 2 2 2 2 2 2 2 2 2 2 2 2 2 2 2 2 2 2 2 2 2 2 2 2 2 2
left_child=-1 2 5 4 8 70 38 19 9 10 85 -12 14 54 -5 -16 82 43 -10 26 23 24 29 25 53 -21 -8 28 78 30 -23 32 84 -33 35 -35 48 52 49 69 76 -42 77 44 -18 58 47 -25 62 83 -28 -52 -38 -22 -4 -56 -14 -58 -24 61 -57 -60 -9 -64 -61 67 -65 80 -19 -15 71 74 -72 -74 -2 -76 -31 -11 -27 -80 81 -66 -17 -7 -13 86 87 89 -87 92 -91 -92 -3 -88
right_child=1 3 13 12 -6 6 7 36 18 42 11 31 56 39 15 16 17 68 -20 20 21 22 45 46 -26 27 50 -29 -30 40 -32 33 -34 34 -36 -37 37 -39 -40 -41 41 -43 -44 -45 -46 -47 -48 -49 -50 -51 51 -53 -54 -55 55 60 57 -59 59 64 -62 -63 63 66 65 -67 -68 -69 -70 -71 72 -73 73 -75 75 -77 -78 -79 79 -81 -82 -83 -84 -85 -86 88 93 -89 -90 90 91 -93 -94 -95
leaf_value=0 0 0.0019433284212442583 0 0.0011653935046060917 -0.00075596785057088713 0 0 0 0.0018275842317132444 -0.00075596785057088713 0.0011653935046060917 0.0017586183939559653 0.0012708465441547759 -0.00019411884484903951 0.0011653935046060917 0.0011653935046060917 0.0011653935046060917 0.0011653935046060917 0.0011653935046060917 0 0 0 0 0 0 0 0 0 0 0 0 0.0011653935046060917 -0.0024057262212040975 0.0011653935046060917 0.0011653935046060917 -0.00075596785057088713 0 0 0 -0.00037412712061869697 0 0 -0.00075596785057088713 0.0011653935046060917 0.0016734451319039033 0 0.0021735848013889922 0 0 0 0 0 0 0 0.0029654075371509507 -0.00016543502859582603 -0.00043380083087332931 0.010381705782010617 0 0 0.0032674853681770605 -0.0018464075512783717 0 0 0 0 0 0 0.0011653935046060917 0 0 0 0 0 0 0 0.0042758984701790556 -0.00075596785057088713 0 0 0 0 0.0011653935046060917 0 0.0020191834992394461 0.00083093220610630123 -0.0011277491098663174 0.001727088958090111 0.0011653935046060917 -0.0013204078528783437 0.0018473028324624886 0.00058399588898013107 0.0017385282806286065 0.0026504042866393037
leaf_weight=315397 33931 131 1730 198 368 3655 398 950 194 350 1215 132 1625 335 441 1147 118 425 909 336 470 248 608 423 4277 1261 504 960 269 370 276 1854 433 197 268 132 832 3210 399 298 319 493 416 759 139 170 261 960 680 22330 12546 486 1538 2686 557 575 124 146 966 543 384 202 425 2545 310 233 279 430 290 864 2616 1098 1092 6965 425 249 225 119 498 386 707 207 516 33498 246 752 644 121 954 165 210 821 144 879
leaf_count=315397 33931 131 1730 198 368 3655 398 950 194 350 1215 132 1625 335 441 1147 118 425 909 336 470 248 608 423 4277 1261 504 960 269 370 276 1854 433 197 268 132 832 3210 399 298 319 493 416 759 139 170 261 960 680 22330 12546 486 1538 2686 557 575 124 146 966 543 384 202 425 2545 310 233 279 430 290 864 2616 1098 1092 6965 425 249 225 119 498 386 707 207 516 33498 246 752 644 121 954 165 210 821 144 879
internal_value=0 -0.0219742 -0.0259287 0.0127729 0.00818977 -0.0265648 -0.0277408 -0.0250319 0.00937585 0.00799448 0.0107357 0.0153779 0.021783 -0.00584832 0.0255886 0.0244533 0.027168 0.0203125 0.0221288 -0.0235677 -0.0221723 -0.0242882 -0.0205117 -0.0167424 -0.0274925 -0.0202115 -0.0254797 -0.0219422 -0.0190395 -0.0129851 -0.0226999 0.0106768 0.00275736 0.0132973 0.00390515 -0.0137386 -0.0296556 -0.0273537 -0.0297081 -0.013762 -0.00936702 -0.0150003 -0.0208058 0.00936595 0.0216605 -0.023833 -0.00891384 -0.0111809 -0.0322882 -0.029625 -0.0259126 -0.0255712 -0.0203968 -0.0224629 -0.00219866 0.00131815 0.0136837 0.00317194 -0.0244796 -0.0233002 -0.00312563 -0.0172718 -0.031081 -0.0295667 -0.0261978 -0.0242812 -0.0311016 -0.0226101 0.0358673 -0.0169443 -0.0239434 -0.023525 -0.0253431 -0.0235681 -0.0240982 -0.0310605 -0.00167926 -0.028304 -0.0213607 -0.0172232 -0.0251112 -0.0197863 0.0343038 -0.0302881 0.0186288 0.0064248 0.00481136 0.0102809 0.00937078 0.00721287 0.00397818 0.00807598 0.0212808 -0.00090597
internal_weight=0 172070 154488 17582 11654 149745 103369 43487 11286 10183 9298 4477 5928 4743 4033 3835 3394 1731 1103 33028 19094 13740 6307 5354 7433 3710 13934 3374 2414 1931 524 3262 811 2451 597 329 10459 5580 59882 1497 1407 812 885 1016 257 4376 1644 1383 4879 59483 13536 13032 2370 3156 3246 1516 1895 270 4206 3598 959 1168 4199 3249 2430 1887 2824 1654 715 1199 46376 35703 10673 8057 34605 674 595 469 2145 884 1224 517 1663 37153 378 4821 3115 1592 1706 1471 1196 1031 275 1523
internal_count=487467 172070 154488 17582 11654 149745 103369 43487 11286 10183 9298 4477 5928 4743 4033 3835 3394 1731 1103 33028 19094 13740 6307 5354 7433 3710 13934 3374 2414 1931 524 3262 811 2451 597 329 10459 5580 59882 1497 1407 812 885 1016 257 4376 1644 1383 4879 59483 13536 13032 2370 3156 3246 1516 1895 270 4206 3598 959 1168 4199 3249 2430 1887 2824 1654 715 1199 46376 35703 10673 8057 34605 674 595 469 2145 884 1224 517 1663 37153 378 4821 3115 1592 1706 1471 1196 1031 275 1523
is_linear=0
shrinkage=0.0951581


Tree=22
num_leaves=95
num_cat=0
split_feature=4 4 2 2 2 2 2 2 2 2 4 2 2 2 0 2 0 2 0 2 2 2 0 2 0 2 2 2 0 2 2 0 2 2 2 2 2 0 2 2 2 2 2 2 2 2 2 2 2 2 0 0 2 2 2 0 2 2 2 2 0 0 2 2 2 2 2 2 2 2 0 0 0 0 2 0 2 2 2 2 2 0 2 2 2 4 2 2 2 2 2 2 2 2
split_gain=7299.49 2142.06 142.706 97.0173 76.7402 41.5678 49.0878 53.1104 33.1489 20.1212 19.3173 18.0016 17.1944 44.893 16.9615 16.4428 14.6586 13.1264 22.9595 11.6517 22.9311 17.4396 40.9464 22.9218 13.7837 11.0979 10.473 11.114 10.9452 24.1613 13.3841 10.264 10.0831 9.88623 12.7753 20.7223 10.994 12.6784 9.57001 9.13357 9.10992 8.9274 11.5029 14.2115 9.94843 8.92485 14.2559 11.3265 19.0912 8.52792 8.33532 8.12082 17.6327 8.38271 8.05205 7.79639 7.55494 9.29586 6.47596 6.4644 6.43844 10.0306 6.19483 62.6923 13.4283 9.75101 6.14571 5.54838 5.03588 4.7023 4.62769 4.52821 4.41827 5.92577 4.38369 4.88566 5.98878 4.37084 4.3521 4.32393 4.30134 4.29727 4.70528 4.74764 4.18108 7.35995 3.87207 3.74211 3.73303 21.5465 3.684 3.55471 3.46687 3.46634
threshold=0.15000000223517421 0.25000000745058065 0.20206207782030108 0.1406514793634415 0.11293309181928636 0.20071429014205935 0.19548846781253817 0.19101010262966159 0.14895787835121158 0.13417843729257586 0.35000000894069677 0.14122316241264346 0.15032467991113665 0.15529115498065951 1.5000000000000002 0.14451952278614047 2.5000000000000004 0.14503520727157596 1.5000000000000002 0.20219807326793673 0.20745369791984561 0.22736185789108279 2.5000000000000004 0.25035211443901068 2.5000000000000004 0.18724054098129275 0.14415185153484347 0.14216374605894092 1.5000000000000002 0.14379280805587771 0.14246211946010592 1.5000000000000002 0.17394282668828967 0.14765568077564242 0.14586748182773593 0.14551208168268207 0.14790198951959613 1.5000000000000002 0.13440062105655673 0.14351332187652591 0.14295635372400287 0.16587346047163012 0.16013698279857638 0.15954913944005969 0.17660956084728244 0.1613835692405701 0.15678746998310092 0.18897569924592975 0.18843366950750354 0.14172885566949847 1.5000000000000002 2.5000000000000004 0.17006493359804156 0.16688596457242968 0.22039676457643512 2.5000000000000004 0.15188746154308322 0.15460605919361117 0.133558563888073 0.16159114986658099 2.5000000000000004 1.5000000000000002 0.10504237189888956 0.10629960522055627 0.10873378813266756 0.10533428192138673 0.10947888717055322 0.15724790096282962 0.15119115263223651 0.10458041727542879 2.5000000000000004 1.5000000000000002 1.5000000000000002 2.5000000000000004 0.16259328275918963 1.5000000000000002 0.16505814343690875 0.13465463370084765 0.14094635099172595 0.1273460388183594 0.1139211878180504 1.5000000000000002 0.13533937186002734 0.13688258826732638 0.38397435843944555 0.59999999403953563 0.14122316241264346 0.12565835565328601 0.17089758068323138 0.16688596457242968 0.25920708477497106 0.13230550289154056 0.1276228874921799 0.13481555134058001
decision_type=2 2 2 2 2 2 2 2 2 2 2 2 2 2 2 2 2 2 2 2 2 2 2 2 2 2 2 2 2 2 2 2 2 2 2 2 2 2 2 2 2 2 2 2 2 2 2 2 2 2 2 2 2 2 2 2 2 2 2 2 2 2 2 2 2 2 2 2 2 2 2 2 2 2 2 2 2 2 2 2 2 2 2 2 2 2 2 2 2 2 2 2 2 2
left_child=-1 3 5 4 14 6 7 11 15 55 19 60 -10 56 62 26 -9 18 -17 -4 71 24 23 -23 -22 31 27 49 29 30 -29 32 -15 34 35 -19 37 -35 50 -30 -32 42 43 67 88 46 70 48 51 78 -11 53 -53 74 -26 58 68 -58 87 -44 61 79 69 65 -65 -64 -66 -33 -14 -2 -13 -21 -8 -74 -47 76 -76 -40 -5 80 -3 -79 93 -84 -12 -86 -80 -6 89 -43 -25 -63 -57 -83
right_child=1 2 10 8 9 -7 72 16 12 38 84 45 13 25 -16 17 -18 33 -20 20 21 22 -24 90 54 -27 -28 28 39 -31 40 41 -34 36 -36 -37 -38 -39 77 -41 -42 44 59 -45 -46 47 -48 -49 -50 -51 -52 52 -54 -55 -56 92 57 -59 -60 -61 -62 91 63 64 66 -67 -68 -69 -70 -71 -72 -73 73 -75 75 -77 -78 81 86 -81 -82 82 83 -85 85 -87 -88 -89 -90 -91 -92 -93 -94 -95
leaf_value=0 0 0.0011410484553563253 0.0010544968859498855 0 0 -0.0006840313946787223 0.0010544968859498855 -0.0006840313946787223 0 0 0.0011499152157917224 0.0010544968859498855 0 0 0 0.0042758984701790556 0.0043692583711534673 0 0 -0.0032214015842291699 0.0010544968859498855 -0.0051597591581204194 0.0010544968859498855 0.0010544968859498855 0.0010544968859498855 0 0 0.0002753538637294682 0 0.0042758984701790556 0 0 0 0 0 0.00052842395628868082 0 0.0042758984701790556 0 0 0 0 0.00087282746302516591 0 0 -0.00094505196247124672 0.0010544968859498855 0.0010544968859498855 -0.0006840313946787223 0 0 -0.00017564686656348691 0.0010544968859498855 0 0.0010544968859498855 0 0 0.0041139058943869163 0 0 0.00015691774018502781 0 0 0 0 0.0063787642423968529 0 0 0 0 -0.00014969254744584662 0.0010544968859498855 0.0010544968859498855 0.0010544968859498855 0.00087511640198667182 0.0010544968859498855 -0.00054923090963790173 0 0 0.0026241493018755177 0 0 0 0 -0.00039252117286599545 0.0093938025007942808 0 0 0 0 0.0010544968859498855 -0.0010511713754470914 0 0
leaf_weight=315397 33838 1103 198 380 37107 368 329 705 5070 278 1625 1598 677 4352 3368 352 163 1010 111 119 1172 726 708 182 336 3561 1039 256 804 195 833 829 1047 137 2243 320 985 174 506 231 626 836 294 577 1043 211 1007 303 156 505 120 266 512 1828 180 177 2838 275 386 590 149 306 199 2252 744 796 4984 437 698 326 200 321 425 254 213 399 168 7640 450 408 442 106 857 2220 124 146 863 22202 893 281 128 214 198 262
leaf_count=315397 33838 1103 198 380 37107 368 329 705 5070 278 1625 1598 677 4352 3368 352 163 1010 111 119 1172 726 708 182 336 3561 1039 256 804 195 833 829 1047 137 2243 320 985 174 506 231 626 836 294 577 1043 211 1007 303 156 505 120 266 512 1828 180 177 2838 275 386 590 149 306 199 2252 744 796 4984 437 698 326 200 321 425 254 213 399 168 7640 450 408 442 106 857 2220 124 146 863 22202 893 281 128 214 198 262
internal_value=0 -0.021977 0.00938565 -0.0255712 -0.0268822 0.00329041 0.00431014 0.00235804 -0.0212307 -0.0288271 0.0213687 0.00442024 -0.0232236 -0.0219238 -0.0238688 -0.017025 -0.0201718 -0.0131529 0.00215801 0.0250638 0.0239124 0.0265345 0.019861 0.00780737 0.0334294 -0.0244609 -0.0203646 -0.0186042 -0.0147826 -0.0105122 -0.0141211 -0.0229872 -0.0259706 -0.0146089 -0.0171913 -0.009802 -0.00748929 0.00810833 -0.0252678 -0.0226633 -0.0176424 -0.0202005 -0.0162435 -0.0205238 -0.023735 0.00698325 0.0111103 0.00412915 0.00270033 -0.0237246 -0.0107591 0.00411373 0.0127204 0.00173843 0.0204701 -0.0295375 -0.013591 -0.0161857 -0.0296234 -0.00731985 -0.00228641 -0.00344385 -0.023361 -0.0211362 -0.0239445 0.00138673 -0.021497 -0.0148825 -0.00771646 -0.0239455 0.00603338 0.00346029 0.0243559 0.0199706 0.00878604 0.0120778 0.00437078 -0.025766 -0.0204874 -0.000316706 -0.00261762 -0.0253712 -0.0225811 -0.0237973 0.0134326 0.00246706 -0.0230829 -0.0295435 -0.0276479 -0.0239812 0.0294683 -0.0151887 -0.0158597 -0.0124119
internal_weight=0 172070 17692 154378 118566 11727 11359 10351 35812 72059 5965 9483 24298 19228 46507 11514 868 5332 463 4070 3872 3432 1744 1036 1688 14740 6182 5143 2945 1910 1715 11179 5399 4869 3573 1330 1296 311 11989 1035 1459 5780 2727 1843 3053 6861 2805 4056 3753 2198 398 3597 778 2819 516 60070 4488 3113 59695 884 2622 2473 43139 8975 7980 995 5728 1266 1375 34164 1798 440 1008 679 991 780 381 11591 1693 1953 1545 11085 3445 3077 1895 270 1313 59309 2010 1117 310 520 375 368
internal_count=487467 172070 17692 154378 118566 11727 11359 10351 35812 72059 5965 9483 24298 19228 46507 11514 868 5332 463 4070 3872 3432 1744 1036 1688 14740 6182 5143 2945 1910 1715 11179 5399 4869 3573 1330 1296 311 11989 1035 1459 5780 2727 1843 3053 6861 2805 4056 3753 2198 398 3597 778 2819 516 60070 4488 3113 59695 884 2622 2473 43139 8975 7980 995 5728 1266 1375 34164 1798 440 1008 679 991 780 381 11591 1693 1953 1545 11085 3445 3077 1895 270 1313 59309 2010 1117 310 520 375 368
is_linear=0
shrinkage=0.0951581


Tree=23
num_leaves=95
num_cat=0
split_feature=4 3 4 2 2 2 2 2 2 2 4 2 2 2 2 2 2 2 4 2 2 2 2 2 2 2 2 2 2 2 2 4 2 2 2 2 2 2 2 2 2 2 2 2 2 2 2 2 2 2 2 2 2 2 4 2 2 2 2 2 2 2 2 2 2 2 2 2 2 2 2 2 2 2 2 2 2 2 2 2 2 2 2 2 2 4 2 2 2 2 2 2 2 2
split_gain=7299.16 2606.73 217.896 79.0481 55.5267 50.9818 60.8367 32.5131 21.9568 88.783 21.213 20.549 29.3356 15.1284 11.12 24.0215 18.336 32.5497 11.0935 9.73149 24.226 18.362 17.4117 16.0576 15.3232 12.3238 9.80465 7.8945 11.4533 7.49551 12.3471 7.47591 19.6955 7.68857 25.1957 12.1132 6.99963 22.0202 6.8049 6.7363 6.72919 9.20105 6.19506 5.74273 6.81807 4.9982 4.94449 5.50428 4.84857 4.8048 4.50517 4.40547 4.38618 4.14288 7.35995 4.01046 3.88516 5.69216 3.82296 6.94081 3.8088 3.64129 3.63708 5.61713 3.42587 4.13101 3.27337 3.25238 3.1515 3.05392 2.99946 40.828 11.4377 6.52097 3.67974 4.56627 2.99498 2.92046 2.84279 4.74911 2.80275 3.07665 2.70276 2.61648 2.56404 2.53063 10.7575 20.1186 8.01449 7.39237 13.8585 12.7514 9.70099 6.16493
threshold=0.15000000223517421 0.15000000223517421 0.25000000745058065 0.20206207782030108 0.20071429014205935 0.11293309181928636 0.13417843729257586 0.15954913944005969 0.19548846781253817 0.19101010262966159 0.35000000894069677 0.15724790096282962 0.16370223462581637 0.16159114986658099 0.20219807326793673 0.20745369791984561 0.22736185789108279 0.25035211443901068 0.25000000745058065 0.14216374605894092 0.14586748182773593 0.15032467991113665 0.15280397981405261 0.14451952278614047 0.14926454424858096 0.14246211946010592 0.13440062105655673 0.14415185153484347 0.14379280805587771 0.15119115263223651 0.15092624723911288 0.25000000745058065 0.17154762148857119 0.18724054098129275 0.18897569924592975 0.18843366950750354 0.17394282668828967 0.18724054098129275 0.133558563888073 0.18582589179277423 0.15188746154308322 0.15220635384321216 0.19344085454940799 0.23357842862606051 0.23021738976240161 0.15886382013559344 0.14551208168268207 0.14503520727157596 0.17006493359804156 0.12565835565328601 0.13465463370084765 0.14172885566949847 0.17660956084728244 0.38397435843944555 0.59999999403953563 0.14620192348957065 0.13642506301403048 0.14741302281618121 0.15339080244302752 0.15529115498065951 0.15678746998310092 0.15460605919361117 0.16013698279857638 0.16159114986658099 0.15563492476940158 0.1583974361419678 0.168457105755806 0.15724790096282962 0.26417112350463873 0.16587346047163012 0.10629960522055627 0.10533428192138673 0.10840395465493204 0.10916084051132204 0.10458041727542879 0.10504237189888956 0.15153882652521136 0.19291979819536212 0.14295635372400287 0.14351332187652591 0.15678746998310092 0.15629401057958606 0.22039676457643512 0.11441558599472047 0.16688596457242968 0.25000000745058065 0.14895787835121158 0.1483045965433121 0.14379280805587771 0.13263087719678882 0.1393149867653847 0.14295635372400287 0.11630280315876008 0.15092624723911288
decision_type=2 2 2 2 2 2 2 2 2 2 2 2 2 2 2 2 2 2 2 2 2 2 2 2 2 2 2 2 2 2 2 2 2 2 2 2 2 2 2 2 2 2 2 2 2 2 2 2 2 2 2 2 2 2 2 2 2 2 2 2 2 2 2 2 2 2 2 2 2 2 2 2 2 2 2 2 2 2 2 2 2 2 2 2 2 2 2 2 2 2 2 2 2 2
left_child=-1 2 5 4 8 70 38 19 9 11 14 85 -13 56 -5 -16 82 43 -10 26 23 24 29 25 55 -21 -8 28 78 30 -23 32 84 -33 35 -35 48 52 49 69 76 -42 77 44 -18 58 47 -25 62 83 -28 -52 -38 -12 -55 -22 -4 -58 -24 61 -59 -60 -9 -64 -61 67 -65 80 -19 -15 71 74 -72 -74 -2 -76 -31 -11 -27 -80 81 -66 -17 -7 -14 86 87 89 -87 92 -91 -92 -3 -88
right_child=1 3 13 10 -6 6 7 36 18 42 53 12 31 39 15 16 17 68 -20 20 21 22 45 46 -26 27 50 -29 -30 40 -32 33 -34 34 -36 -37 37 -39 -40 -41 41 -43 -44 -45 -46 -47 -48 -49 -50 -51 51 -53 -54 54 -56 -57 57 60 59 64 -62 -63 63 66 65 -67 -68 -69 -70 -71 72 -73 73 -75 75 -77 -78 -79 79 -81 -82 -83 -84 -85 -86 88 93 -89 -90 90 91 -93 -94 -95
leaf_value=0 0 0.0017584050026712896 0 0.00095415297758490159 -0.00061894027444787893 0 0 0 0.001653674809011507 -0.00061894027444787893 0.0010404914815177562 0.00095415297758490159 0.0015912716285711318 -0.00015893264642886153 0.00095415297758490159 0.00095415297758490159 0.00095415297758490159 0.00095415297758490159 0.00095415297758490159 0 0 0 0 0 0 0 0 0 0 0 0 0.00095415297758490159 -0.0021768019116986306 0.00095415297758490159 0.00095415297758490159 -0.00061894027444787893 0 0 0 -0.00018236316176827516 0 0 -0.00061894027444787893 0.00095415297758490159 0.0020051961117686788 0 0.0019164668119531479 0 0 0 0 0 0 -0.00035516960822301401 0.0084999062077868691 0 0.0024335159908322485 -0.00013544809071585226 0 0 0.0028562137968318876 -0.0020621783600785117 0 0 0 0 0 0 0.00095415297758490159 0 0 0 0 0 0 0 0.0038690121436413269 -0.00061894027444787893 0 0 0 0 0.00095415297758490159 0 0.001827041856414909 0.00057271777404979674 -0.0010204346598694527 0.0015627424735647816 0.00095415297758490159 -0.0011947603650962631 0.0016715170253986634 0.00047814014250583542 0.0015730932520327805 0.0023981968800435736
leaf_weight=315397 33931 131 1730 198 368 3655 398 950 194 350 1625 1215 132 335 441 1147 118 425 909 336 470 248 608 423 4277 1261 504 960 269 370 276 1854 433 197 268 132 832 3210 399 298 319 493 416 759 139 170 261 960 680 22330 12546 486 1538 124 146 2686 557 575 966 543 384 202 425 2545 310 233 279 430 290 864 2616 1098 1092 6965 425 249 225 119 498 386 707 207 516 33498 246 752 644 121 954 165 210 821 144 879
leaf_count=315397 33931 131 1730 198 368 3655 398 950 194 350 1625 1215 132 335 441 1147 118 425 909 336 470 248 608 423 4277 1261 504 960 269 370 276 1854 433 197 268 132 832 3210 399 298 319 493 416 759 139 170 261 960 680 22330 12546 486 1538 124 146 2686 557 575 966 543 384 202 425 2545 310 233 279 430 290 864 2616 1098 1092 6965 425 249 225 119 498 386 707 207 516 33498 246 752 644 121 954 165 210 821 144 879
internal_value=0 -0.0219776 -0.0259287 0.0127404 0.00818977 -0.0265648 -0.0277408 -0.0250319 0.00937585 0.00799448 0.0216867 0.0107357 0.0153779 -0.00584832 0.0255886 0.0244533 0.027168 0.0203125 0.0221288 -0.0235677 -0.0221723 -0.0242882 -0.0205117 -0.0167424 -0.0274925 -0.0202115 -0.0254797 -0.0219422 -0.0190395 -0.0129851 -0.0226999 0.0106768 0.00275736 0.0132973 0.00390515 -0.0137386 -0.0296556 -0.0273537 -0.0297081 -0.013762 -0.00936702 -0.0150003 -0.0208058 0.00936595 0.0216605 -0.023833 -0.00891384 -0.0111809 -0.0322882 -0.029625 -0.0259126 -0.0255712 -0.0203968 0.0133824 0.00246706 -0.0224629 -0.00219866 0.00131815 -0.0244796 -0.0233002 -0.00312563 -0.0172718 -0.031081 -0.0295667 -0.0261978 -0.0242812 -0.0311016 -0.0226101 0.0358673 -0.0169443 -0.0239434 -0.023525 -0.0253431 -0.0235681 -0.0240982 -0.0310605 -0.00167926 -0.028304 -0.0213607 -0.0172232 -0.0251112 -0.0197863 0.0343038 -0.0302881 0.0186288 0.0064248 0.00481136 0.0102809 0.00937078 0.00721287 0.00397818 0.00807598 0.0212808 -0.00090597
internal_weight=0 172070 154488 17582 11654 149745 103369 43487 11286 10183 5928 9298 4477 4743 4033 3835 3394 1731 1103 33028 19094 13740 6307 5354 7433 3710 13934 3374 2414 1931 524 3262 811 2451 597 329 10459 5580 59882 1497 1407 812 885 1016 257 4376 1644 1383 4879 59483 13536 13032 2370 1895 270 3156 3246 1516 4206 3598 959 1168 4199 3249 2430 1887 2824 1654 715 1199 46376 35703 10673 8057 34605 674 595 469 2145 884 1224 517 1663 37153 378 4821 3115 1592 1706 1471 1196 1031 275 1523
internal_count=487467 172070 154488 17582 11654 149745 103369 43487 11286 10183 5928 9298 4477 4743 4033 3835 3394 1731 1103 33028 19094 13740 6307 5354 7433 3710 13934 3374 2414 1931 524 3262 811 2451 597 329 10459 5580 59882 1497 1407 812 885 1016 257 4376 1644 1383 4879 59483 13536 13032 2370 1895 270 3156 3246 1516 4206 3598 959 1168 4199 3249 2430 1887 2824 1654 715 1199 46376 35703 10673 8057 34605 674 595 469 2145 884 1224 517 1663 37153 378 4821 3115 1592 1706 1471 1196 1031 275 1523
is_linear=0
shrinkage=0.0951581


Tree=24
num_leaves=95
num_cat=0
split_feature=3 2 2 2 2 2 2 0 2 2 2 2 0 2 2 2 2 2 2 0 2 2 2 2 2 0 0 2 2 2 0 2 2 2 2 2 2 0 0 0 2 2 2 2 2 2 0 2 2 2 2 2 0 2 2 2 2 2 2 0 2 2 2 2 0 2 2 0 2 0 2 2 2 2 2 0 2 2 2 2 2 2 2 2 2 2 0 2 2 2 2 2 0 2
split_gain=5133.52 1997.47 223.314 112.206 79.0481 55.5267 44.6295 34.3993 30.2866 44.7685 46.9631 37.2976 25.5658 22.2259 19.6305 15.186 37.3524 32.2194 23.1846 14.3512 13.1962 12.9728 16.3143 10.9979 28.0124 15.1467 14.6713 10.132 9.99031 9.66818 9.37723 24.3567 18.2166 7.64029 22.8468 8.53561 13.0473 18.4348 7.54875 7.26397 15.3822 17.3965 8.83392 18.7004 17.8903 9.8991 6.85446 6.71497 9.564 6.69512 6.30554 10.3008 7.34028 6.93363 6.28912 10.2031 6.27079 6.13505 6.89434 13.7142 6.02036 6.01696 16.0427 5.98497 7.13553 5.6352 5.62119 5.44484 6.11249 5.31713 6.42946 10.6566 9.11559 5.15159 10.4857 11.7082 5.1099 9.38842 10.9847 9.99749 6.06372 4.98606 4.84277 5.17683 4.82262 5.43949 4.74134 4.50009 4.36888 4.95525 4.76369 4.12936 4.58199 4.08146
threshold=0.15000000223517421 0.11084018647670747 0.13417843729257586 0.10074627026915552 0.20206207782030108 0.20071429014205935 0.11854497343301774 2.5000000000000004 0.17280431091785434 0.19548846781253817 0.19101010262966159 0.15724790096282962 2.5000000000000004 0.15954913944005969 0.22736185789108279 0.15119115263223651 0.14926454424858096 0.14216374605894092 0.15188746154308322 1.5000000000000002 0.1613835692405701 0.18897569924592975 0.18843366950750354 0.20745369791984561 0.20219807326793673 2.5000000000000004 2.5000000000000004 0.13440062105655673 0.14246211946010592 0.12565835565328601 2.5000000000000004 0.28112535178661352 0.25035211443901068 0.14451952278614047 0.14586748182773593 0.14415185153484347 0.14379280805587771 1.5000000000000002 1.5000000000000002 1.5000000000000002 0.14765568077564242 0.13969421386718753 0.14895787835121158 0.1393149867653847 0.13263087719678882 0.10873378813266756 1.5000000000000002 0.19510195404291156 0.19101010262966159 0.22039676457643512 0.10629960522055627 0.10533428192138673 1.5000000000000002 0.10317540168762208 0.16013698279857638 0.16159114986658099 0.133558563888073 0.14551208168268207 0.14503520727157596 1.5000000000000002 0.19344085454940799 0.19344085454940799 0.17660956084728244 0.15886382013559344 1.5000000000000002 0.15092624723911288 0.10840395465493204 1.5000000000000002 0.17394282668828967 1.5000000000000002 0.14741302281618121 0.14790198951959613 0.14765568077564242 0.15032467991113665 0.15092624723911288 1.5000000000000002 0.15220635384321216 0.15280397981405261 0.15392307937145236 0.15529115498065951 0.15803226083517077 0.19548846781253817 0.18724054098129275 0.19101010262966159 0.17089758068323138 0.16688596457242968 2.5000000000000004 0.15255323797464374 0.11984848231077196 0.1201351322233677 0.12061157822608949 0.14295635372400287 1.5000000000000002 0.13465463370084765
decision_type=2 2 2 2 2 2 2 2 2 2 2 2 2 2 2 2 2 2 2 2 2 2 2 2 2 2 2 2 2 2 2 2 2 2 2 2 2 2 2 2 2 2 2 2 2 2 2 2 2 2 2 2 2 2 2 2 2 2 2 2 2 2 2 2 2 2 2 2 2 2 2 2 2 2 2 2 2 2 2 2 2 2 2 2 2 2 2 2 2 2 2 2 2 2
left_child=1 3 6 -1 5 7 -3 8 11 10 21 39 29 15 23 16 17 27 -17 -11 -13 22 -10 24 -6 -25 -26 46 -19 88 32 -32 -16 35 57 36 91 -38 -22 42 41 -41 43 44 45 -2 -4 48 -9 -27 51 53 -53 -5 -15 -56 -31 58 59 -35 -12 62 67 64 87 -44 -52 68 84 -36 -71 72 -72 86 75 -75 -66 -78 -79 -80 -81 -63 -64 -84 85 -57 -18 -20 -8 -90 -91 -30 -93 -29
right_child=4 2 13 50 14 -7 12 47 9 19 60 20 -14 54 30 18 73 28 63 -21 38 -23 -24 25 26 49 -28 93 33 56 31 -33 -34 34 69 -37 37 -39 -40 40 -42 -43 65 -45 -46 -47 -48 -49 -50 -51 66 52 -54 -55 55 61 -58 -59 -60 -61 -62 81 82 -65 76 -67 -68 -69 -70 70 71 -73 -74 74 -76 -77 77 78 79 80 -82 -83 83 -85 -86 -87 -88 -89 89 90 -92 92 -94 -95
leaf_value=0 0.00097815270934384227 0 0 0 0.00086335760376764323 -0.00056004310081929061 0 0.00086335760376764323 0.0015779924936916664 0.00086335760376764323 -0.00056004310081929061 0.00086335760376764323 0 0 0.00094148030067210209 0 0 0 0 0.00086335760376764323 0.0013593561871024162 0.00086335760376764323 -0.00056004310081929061 0.00086335760376764323 -0.0030056545398736835 0.00086335760376764323 0.00086335760376764323 0 0 0 0.00086335760376764323 0.0015902939156788546 0.00086335760376764323 0.0038690121436413269 0 0 0.0038690121436413269 0 0.00086335760376764323 0.0015287959982428099 0.00086335760376764323 -0.001543596752346316 -0.00092333204784025022 0.0015124586597819389 -0.0010810692521202958 0.0014234007045869326 0 0.00086335760376764323 -0.0032107267102492632 0.00085104914746655263 0 0 0 0 0 0 0 0.0017340994927837491 0 0 -0.00056004310081929061 0 0 0 0 0.00086335760376764323 0 0 0 0 0 0 0.0038690121436413269 0.0063787642423968529 0 0 0.0063787642423968529 0 0.004975854792971161 0 0 0 0 0 0 0 0 0 0 0 0 0 0 0
leaf_weight=313058 476 30754 284 1249 199 368 3491 892 1211 328 407 740 384 1082 853 612 4790 346 240 530 569 218 144 1338 364 410 126 513 1381 24061 781 921 736 335 2140 1013 184 107 815 261 1413 491 342 791 142 173 124 284 127 200 7660 2765 558 5083 526 1508 389 284 980 131 312 187 1855 222 201 620 9357 2744 375 555 122 419 155 143 286 112 218 456 339 870 210 2776 478 189 433 390 132 2945 4486 537 18070 596 326 13669
leaf_count=313058 476 30754 284 1249 199 368 3491 892 1211 328 407 740 384 1082 853 612 4790 346 240 530 569 218 144 1338 364 410 126 513 1381 24061 781 921 736 335 2140 1013 184 107 815 261 1413 491 342 791 142 173 124 284 127 200 7660 2765 558 5083 526 1508 389 284 980 131 312 187 1855 222 201 620 9357 2744 375 555 122 419 155 143 286 112 218 456 339 870 210 2776 478 189 433 390 132 2945 4486 537 18070 596 326 13669
internal_value=0 -0.0396312 -0.0296075 -0.0434714 0.0127404 0.00818977 -0.0326195 0.00937585 0.00747786 -0.000241671 -0.00718253 0.0110366 -0.0309044 -0.0244494 0.0216867 -0.023231 -0.0241481 -0.0225108 -0.019 0.0182996 0.0215047 0.00202657 -0.00143966 0.0278041 0.017471 0.0314588 0.0052434 -0.0252798 -0.0180584 -0.0310885 0.016785 0.0216929 0.011528 -0.0186871 -0.0163242 -0.0220417 -0.019149 -0.000163502 0.0160201 0.00631491 0.00226358 -0.00873126 0.00976268 0.0141354 0.00378948 0.0104835 -0.0104954 0.0239173 0.020311 0.0190316 -0.0375466 -0.0356042 -0.0313137 -0.0378558 -0.0278919 -0.0272372 -0.0297228 -0.00742563 -0.00993698 -0.000408404 -0.0273298 -0.02786 -0.0264991 -0.0208894 -0.02151 0.00257184 -0.0386487 -0.029403 -0.0263742 -0.0208641 -0.0159357 -0.00984394 0.00463767 -0.0312404 -0.0224264 -0.0083963 -0.0174636 -0.0160719 -0.018245 -0.0141161 -0.0185911 -0.0315213 -0.0202239 -0.0271778 -0.0281882 -0.0261208 -0.0322091 -0.0244244 -0.0323446 -0.0328189 -0.0321345 -0.021548 -0.0166165 -0.0257052
internal_weight=0 469885 130155 339730 17582 11654 82172 11286 9983 3150 2292 6833 51418 47983 5928 35440 29127 23664 6313 858 2124 1573 1355 2637 689 1948 490 14590 9074 51034 3291 1702 1589 8728 5121 3607 2594 291 1384 4709 2165 752 2544 1582 791 649 408 1303 1019 610 26672 9655 3323 6332 12543 11461 24450 1730 1446 466 719 10935 7972 5701 5479 962 17017 5450 2706 3391 1251 696 277 5463 541 255 2294 2093 1875 1419 1080 2963 2522 667 2331 1898 4922 3185 26584 23093 18607 2303 922 14182
internal_count=487467 469885 130155 339730 17582 11654 82172 11286 9983 3150 2292 6833 51418 47983 5928 35440 29127 23664 6313 858 2124 1573 1355 2637 689 1948 490 14590 9074 51034 3291 1702 1589 8728 5121 3607 2594 291 1384 4709 2165 752 2544 1582 791 649 408 1303 1019 610 26672 9655 3323 6332 12543 11461 24450 1730 1446 466 719 10935 7972 5701 5479 962 17017 5450 2706 3391 1251 696 277 5463 541 255 2294 2093 1875 1419 1080 2963 2522 667 2331 1898 4922 3185 26584 23093 18607 2303 922 14182
is_linear=0
shrinkage=0.0951581


Tree=25
num_leaves=95
num_cat=0
split_feature=4 3 4 2 2 2 2 2 4 2 2 2 2 2 2 2 2 2 4 2 2 2 2 2 2 2 2 2 2 2 2 4 2 2 2 2 2 2 2 2 2 2 2 2 2 2 2 2 2 4 2 2 2 2 2 2 2 2 2 2 2 2 2 2 2 2 4 2 2 2 2 2 2 2 2 2 2 2 2 2 2 2 2 2 2 2 2 2 2 2 2 2 2 2
split_gain=7284.92 2589.2 210.781 78.9818 55.1037 50.9818 60.8367 32.5131 22.8129 22.4531 87.8063 22.1182 29.3356 13.8711 11.12 24.0215 18.336 32.5497 11.0935 9.73149 24.226 18.362 17.4117 16.0576 15.3232 12.3238 9.80465 7.8945 11.4533 7.49551 12.3471 7.47591 19.6955 7.68857 25.1957 12.1132 7.23747 6.99963 22.0202 6.8049 6.72919 9.20105 6.19506 5.74273 6.81807 4.9982 4.94449 5.50428 4.90184 8.86293 4.84857 4.8048 4.50517 4.40547 4.38618 4.01046 3.82296 6.94081 3.64129 3.63708 5.61713 3.42587 4.13101 3.27337 3.25238 3.1515 3.13994 9.61401 11.3989 9.96101 20.1741 9.70099 8.01449 7.66627 6.16493 18.6069 4.70465 4.21786 4.0415 4.02059 3.96578 3.36742 4.94768 6.31915 2.99946 40.828 11.4377 6.52097 3.67974 4.56627 2.99498 2.92046 2.84279 4.74911
threshold=0.15000000223517421 0.15000000223517421 0.25000000745058065 0.20206207782030108 0.20071429014205935 0.11293309181928636 0.13417843729257586 0.15954913944005969 0.35000000894069677 0.19548846781253817 0.19101010262966159 0.15724790096282962 0.16370223462581637 0.16259328275918963 0.20219807326793673 0.20745369791984561 0.22736185789108279 0.25035211443901068 0.25000000745058065 0.14216374605894092 0.14586748182773593 0.15032467991113665 0.15280397981405261 0.14451952278614047 0.14926454424858096 0.14246211946010592 0.13440062105655673 0.14415185153484347 0.14379280805587771 0.15119115263223651 0.15092624723911288 0.25000000745058065 0.17154762148857119 0.18724054098129275 0.18897569924592975 0.18843366950750354 0.18582589179277423 0.17394282668828967 0.18724054098129275 0.133558563888073 0.15188746154308322 0.15220635384321216 0.19344085454940799 0.23357842862606051 0.23021738976240161 0.15886382013559344 0.14551208168268207 0.14503520727157596 0.38397435843944555 0.59999999403953563 0.17006493359804156 0.12565835565328601 0.13465463370084765 0.14172885566949847 0.17660956084728244 0.14620192348957065 0.15339080244302752 0.15529115498065951 0.15460605919361117 0.16013698279857638 0.16159114986658099 0.15563492476940158 0.1583974361419678 0.168457105755806 0.15724790096282962 0.26417112350463873 0.25000000745058065 0.13263087719678882 0.1393149867653847 0.14895787835121158 0.1483045965433121 0.11630280315876008 0.14379280805587771 0.14172885566949847 0.15092624723911288 0.15153882652521136 0.13969421386718753 0.14670995622873309 0.12612039595842364 0.15280397981405261 0.15392307937145236 0.14586748182773593 0.14451952278614047 0.14379280805587771 0.10629960522055627 0.10533428192138673 0.10840395465493204 0.10916084051132204 0.10458041727542879 0.10504237189888956 0.15153882652521136 0.19291979819536212 0.14295635372400287 0.14351332187652591
decision_type=2 2 2 2 2 2 2 2 2 2 2 2 2 2 2 2 2 2 2 2 2 2 2 2 2 2 2 2 2 2 2 2 2 2 2 2 2 2 2 2 2 2 2 2 2 2 2 2 2 2 2 2 2 2 2 2 2 2 2 2 2 2 2 2 2 2 2 2 2 2 2 2 2 2 2 2 2 2 2 2 2 2 2 2 2 2 2 2 2 2 2 2 2 2
left_child=-1 2 5 4 9 84 39 19 14 10 11 66 -13 -4 -5 -16 -17 43 -11 26 23 24 29 25 55 -21 -8 28 92 30 -23 32 -14 -33 35 -35 -15 50 54 51 90 -42 91 44 -18 56 47 -25 -10 -50 59 -7 -28 -54 -39 -22 -24 58 -58 -9 -61 -59 64 -62 -63 -19 67 71 -69 70 73 -3 76 -70 -71 -76 78 81 -68 -77 -81 82 83 -75 85 88 -86 -88 -2 -90 -31 -12 -27 -94
right_child=1 3 13 8 -6 6 7 37 48 18 42 12 31 36 15 16 17 65 -20 20 21 22 45 46 -26 27 52 -29 -30 40 -32 33 -34 34 -36 -37 -38 38 -40 -41 41 -43 -44 -45 -46 -47 -48 -49 49 -51 -52 -53 53 -55 -56 -57 57 61 -60 60 63 62 -64 -65 -66 -67 72 68 69 74 -72 -73 -74 77 75 79 -78 -79 -80 80 -82 -83 -84 -85 86 -87 87 -89 89 -91 -92 -93 93 -95
leaf_value=0 0 0.0014979994007689357 0 0.00078120214419922964 -0.0005067504696718493 0 0 0 0.00085189083457047545 0.001414158815038613 -0.0005067504696718493 0.00078120214419922964 0.0014351046269794659 0 0.00078120214419922964 0.00078120214419922964 0.00078120214419922964 0.00078120214419922964 0.00078120214419922964 0 0 0 0 0 0 0 0 0 0 0 0 0.00078120214419922964 -0.0021198203518958689 0.00078120214419922964 0.00078120214419922964 -0.0005067504696718493 -0.0001650098318178122 0 0 0 0 0 -0.0005067504696718493 0.00078120214419922964 0.0017247960159022316 0 0.0015690858991751595 0 -0.00047270167681235709 0.0076089159180834937 0 0 0 0 0 0 0 0 -0.0018659454084661684 0 0 0 0 0 0 0.00078120214419922964 0.00063790447801233697 -0.0009781967681743197 0.0013685359842528632 -0.00083546953479406399 0.0012701122108869801 0.0012879526138710789 0.00078120214419922964 0.0013685359842528632 0.0020878335886848247 -0.0030272242369409974 -0.0029800565531794151 0.0034521890815435064 0.001737679701765427 0.0063811002972250803 -0.0030272242369409974 -0.0013967110354383887 0.00028871856481356699 -0.0013967110354383887 0 0 0 0 0 0 0.0035008443423160166 -0.0005067504696718493 0 0
leaf_weight=315397 33931 131 3338 198 368 37153 398 950 1625 194 350 1215 378 1107 441 1663 118 425 909 336 470 248 608 423 4277 1261 504 960 269 370 276 1854 433 197 268 132 298 832 3210 399 319 493 416 759 139 170 261 960 124 146 680 22330 12546 486 1538 2686 966 543 202 425 2545 1224 233 279 430 290 463 165 113 644 121 144 954 171 121 285 136 306 153 161 312 170 149 122 2616 1098 1092 6965 425 249 225 119 498 386
leaf_count=315397 33931 131 3338 198 368 37153 398 950 1625 194 350 1215 378 1107 441 1663 118 425 909 336 470 248 608 423 4277 1261 504 960 269 370 276 1854 433 197 268 132 298 832 3210 399 319 493 416 759 139 170 261 960 124 146 680 22330 12546 486 1538 2686 966 543 202 425 2545 1224 233 279 430 290 463 165 113 644 121 144 954 171 121 285 136 306 153 161 312 170 149 122 2616 1098 1092 6965 425 249 225 119 498 386
internal_value=0 -0.0220013 -0.0259392 0.0125997 0.00805096 -0.0265648 -0.0277408 -0.0250319 0.0215422 0.00923251 0.00783561 0.0105617 0.0153779 -0.00618939 0.0255886 0.0244533 0.027168 0.0203125 0.0221288 -0.0235677 -0.0221723 -0.0242882 -0.0205117 -0.0167424 -0.0274925 -0.0202115 -0.0254797 -0.0219422 -0.0190395 -0.0129851 -0.0226999 0.0106768 0.00275736 0.0132973 0.00390515 -0.0137386 -0.0141213 -0.0296556 -0.0273537 -0.0297081 -0.00936702 -0.0150003 -0.0208058 0.00936595 0.0216605 -0.023833 -0.00891384 -0.0111809 0.0129305 0.00105731 -0.0322882 -0.029625 -0.0259126 -0.0255712 -0.0203968 -0.0224629 -0.0244796 -0.0233002 -0.0172718 -0.031081 -0.0295667 -0.0261978 -0.0242812 -0.0311016 -0.0226101 0.0358673 0.00608925 0.00429204 0.002647 0.00414427 0.0108209 0.0212808 0.00937078 0.00650693 -0.00090597 0.00427616 0.00202464 0.00362803 0.00556119 -0.00125538 0.00412419 -0.000932922 0.00344464 -0.00373487 -0.0239434 -0.023525 -0.0253431 -0.0235681 -0.0240982 -0.0310605 -0.00167926 -0.028304 -0.0213607 -0.0172232
internal_weight=0 172070 154488 17582 11654 149745 103369 43487 5928 11286 10183 9298 4477 4743 4033 3835 3394 1731 1103 33028 19094 13740 6307 5354 7433 3710 13934 3374 2414 1931 524 3262 811 2451 597 329 1405 10459 5580 59882 1407 812 885 1016 257 4376 1644 1383 1895 270 4879 59483 13536 13032 2370 3156 4206 3598 1168 4199 3249 2430 1887 2824 1654 715 4821 3115 2840 2675 1152 275 1706 1031 1523 879 752 918 616 758 473 612 442 293 46376 35703 10673 8057 34605 674 595 469 2145 884
internal_count=487467 172070 154488 17582 11654 149745 103369 43487 5928 11286 10183 9298 4477 4743 4033 3835 3394 1731 1103 33028 19094 13740 6307 5354 7433 3710 13934 3374 2414 1931 524 3262 811 2451 597 329 1405 10459 5580 59882 1407 812 885 1016 257 4376 1644 1383 1895 270 4879 59483 13536 13032 2370 3156 4206 3598 1168 4199 3249 2430 1887 2824 1654 715 4821 3115 2840 2675 1152 275 1706 1031 1523 879 752 918 616 758 473 612 442 293 46376 35703 10673 8057 34605 674 595 469 2145 884
is_linear=0
shrinkage=0.0951581


Tree=26
num_leaves=25
num_cat=0
split_feature=4 3 4 0 4 4 4 0 0 0 0 4 0 0 0 0 3 3 4 0 4 0 0 0
split_gain=7279.62 2577.58 210.781 51.0848 30.7994 13.757 6.21304 6.20622 5.77409 5.3012 2.34845 2.18066 2.05496 2.02282 1.45143 1.24964 0.435488 0.33225 0.309153 0.221822 0.102726 0.0477934 0.0233008 0.00700137
threshold=0.15000000223517421 0.15000000223517421 0.25000000745058065 2.5000000000000004 0.35000000894069677 0.25000000745058065 0.35000000894069677 1.5000000000000002 2.5000000000000004 1.5000000000000002 4.5000000000000009 0.45000000298023229 1.5000000000000002 1.5000000000000002 3.5000000000000004 3.5000000000000004 0.25000000745058065 0.35000000894069677 0.45000000298023229 1.5000000000000002 0.25000000745058065 2.5000000000000004 3.5000000000000004 1.5000000000000002
decision_type=2 2 2 2 2 2 2 2 2 2 2 2 2 2 2 2 2 2 2 2 2 2 2 2
left_child=23 2 7 5 15 12 13 -2 -9 -4 11 16 -3 -7 -13 20 22 -12 19 -8 -5 -11 -6 -1
right_child=1 3 9 4 10 6 18 8 -10 21 17 14 -14 -15 -16 -17 -18 -19 -20 -21 -22 -23 -24 -25
leaf_value=0 0 0.0011653935046060917 0 0.0018885740791393384 0.00064700595794179834 0.00070686444115192009 0.00070668146803890756 0 0 0 -0.0001177426525849874 0.0093238484923221666 0.00054248233331515017 0.00070686444115192009 0.0054010114067037642 0.00070686444115192009 0.005863974546713775 0.0011016713026807201 0.0062700304364479266 0.00077082653084414778 0.00070686444115192009 -0.00012255910926498717 0.00067280749782867681 0
leaf_weight=310726 113386 1992 2798 150 243 3390 400 34831 1528 1364 137 240 2491 4790 196 215 143 136 237 531 2151 581 140 4671
leaf_count=310726 113386 1992 2798 150 243 3390 400 34831 1528 1364 137 240 2491 4790 196 215 143 136 237 531 2151 581 140 4671
internal_value=0 -0.0220102 -0.0259392 0.0125131 0.0223625 0.00984192 0.0119202 -0.0265648 -0.0276466 -0.00618939 0.0100552 0.0122657 0.00550826 0.0109932 0.0172419 0.0284037 0.0081409 0.00226567 0.0184124 0.0176313 0.029052 -0.0100051 0.00981395 -0.0463429
internal_weight=0 172070 154488 17582 3751 13831 9348 149745 36359 4743 1235 962 4483 8180 436 2516 526 273 1168 931 2301 1945 383 315397
internal_count=487467 172070 154488 17582 3751 13831 9348 149745 36359 4743 1235 962 4483 8180 436 2516 526 273 1168 931 2301 1945 383 315397
is_linear=0
shrinkage=0.0951581


Tree=27
num_leaves=95
num_cat=0
split_feature=3 2 2 2 2 2 2 0 2 2 2 2 0 2 2 2 2 2 2 0 2 2 2 2 2 0 0 2 2 0 2 2 2 0 2 2 2 2 0 2 0 2 2 2 2 2 0 2 2 2 2 2 2 2 2 0 2 0 2 0 2 2 2 2 2 0 2 2 2 2 2 0 2 2 2 2 2 2 2 2 2 2 2 2 0 2 2 2 0 2 2 2 2 0
split_gain=5082.33 1993.89 221.475 112.206 79.196 54.7071 44.6295 35.7283 27.8687 44.7685 46.9631 40.6444 25.5658 21.7927 21.3135 15.5154 36.7697 30.6482 23.1846 14.3512 13.1962 12.9728 16.3143 10.9979 28.0124 15.1467 14.6713 10.2162 10.132 10.0899 25.4708 15.769 9.66818 7.54875 7.1642 20.3034 8.35419 11.8777 17.3012 6.89626 6.85446 6.71497 9.564 6.69512 6.30554 10.3008 7.34028 6.93363 6.28912 10.2031 6.27079 6.02036 6.01696 16.0427 5.98497 7.13553 5.62119 5.44484 6.11249 5.31713 6.42946 10.6566 9.11559 5.15159 10.4857 11.7082 5.1099 9.38842 10.9847 9.99749 6.06372 5.06946 15.3822 17.3965 6.06141 18.0041 20.2783 9.72241 5.6352 4.98606 4.84277 5.17683 4.82262 5.43949 4.74134 4.68725 4.50009 4.37564 10.875 4.36888 4.95525 4.76369 4.12936 4.58199
threshold=0.15000000223517421 0.11084018647670747 0.13417843729257586 0.10074627026915552 0.20206207782030108 0.20071429014205935 0.11854497343301774 2.5000000000000004 0.17280431091785434 0.19548846781253817 0.19101010262966159 0.15724790096282962 2.5000000000000004 0.15954913944005969 0.22736185789108279 0.15119115263223651 0.14926454424858096 0.14216374605894092 0.15188746154308322 1.5000000000000002 0.1613835692405701 0.18897569924592975 0.18843366950750354 0.20745369791984561 0.20219807326793673 2.5000000000000004 2.5000000000000004 0.14246211946010592 0.13440062105655673 2.5000000000000004 0.28112535178661352 0.25035211443901068 0.12565835565328601 1.5000000000000002 0.14451952278614047 0.14586748182773593 0.14415185153484347 0.14379280805587771 1.5000000000000002 0.14551208168268207 1.5000000000000002 0.19510195404291156 0.19101010262966159 0.22039676457643512 0.10629960522055627 0.10533428192138673 1.5000000000000002 0.10317540168762208 0.16013698279857638 0.16159114986658099 0.133558563888073 0.19344085454940799 0.19344085454940799 0.17660956084728244 0.15886382013559344 1.5000000000000002 0.10840395465493204 1.5000000000000002 0.17394282668828967 1.5000000000000002 0.14741302281618121 0.14790198951959613 0.14765568077564242 0.15032467991113665 0.15092624723911288 1.5000000000000002 0.15220635384321216 0.15280397981405261 0.15392307937145236 0.15529115498065951 0.15803226083517077 1.5000000000000002 0.14765568077564242 0.13969421386718753 0.14895787835121158 0.13969421386718753 0.12846482545137408 0.10873378813266756 0.15092624723911288 0.19548846781253817 0.18724054098129275 0.19101010262966159 0.17089758068323138 0.16688596457242968 2.5000000000000004 0.38397435843944555 0.15255323797464374 0.14503520727157596 1.5000000000000002 0.11984848231077196 0.1201351322233677 0.12061157822608949 0.14295635372400287 1.5000000000000002
decision_type=2 2 2 2 2 2 2 2 2 2 2 2 2 2 2 2 2 2 2 2 2 2 2 2 2 2 2 2 2 2 2 2 2 2 2 2 2 2 2 2 2 2 2 2 2 2 2 2 2 2 2 2 2 2 2 2 2 2 2 2 2 2 2 2 2 2 2 2 2 2 2 2 2 2 2 2 2 2 2 2 2 2 2 2 2 2 2 2 2 2 2 2 2 2
left_child=1 3 6 -1 5 7 -3 8 11 10 21 71 32 15 23 16 17 28 -17 -11 -13 22 -10 24 -6 -25 -26 -19 40 31 -31 -16 89 -22 36 39 37 92 -39 87 -4 42 -9 -27 45 47 -47 -5 -15 -50 -34 -12 53 57 55 86 -46 58 82 -37 -61 62 -62 84 65 -65 -57 -68 -69 -70 -71 74 73 -73 75 76 77 -2 -76 -54 -55 -82 83 -51 -18 -32 -20 88 -36 -8 -91 -92 -29 -94
right_child=4 2 13 44 14 -7 12 41 9 19 51 20 -14 48 29 18 63 27 54 -21 33 -23 -24 25 26 43 -28 34 -30 30 85 -33 50 -35 35 59 -38 38 -40 -41 -42 -43 -44 -45 56 46 -48 -49 49 52 -52 -53 79 80 -56 66 -58 -59 -60 60 61 -63 -64 64 -66 -67 67 68 69 70 -72 72 -74 -75 78 -77 -78 -79 -80 -81 81 -83 -84 -85 -86 -87 -88 -89 -90 90 91 -93 93 -95
leaf_value=0 0.00075710792662730508 0 0 0 0.00063960057185606992 -0.00052579293275002324 0 0.00063960057185606992 0.0012862321714295858 0.00063960057185606992 -0.00052579293275002324 0.00063960057185606992 0 0 0.00069747615133435026 0 0 0 0 0.00063960057185606992 0.00098254401801271406 0.00063960057185606992 -0.00052579293275002324 0.00063960057185606992 -0.0028612437704599466 0.00063960057185606992 0.00063960057185606992 0 0 0.00063960057185606992 0.0005704267016991278 0.00063960057185606992 0 0.00063960057185606992 0.0035008443423160166 0 0 0.0035008443423160166 0 0.0014197746837685903 0 0.00063960057185606992 -0.0029210017621226253 0.00062794807382563302 0 0 0 0 0 0 0 -0.00052579293275002324 0 0 0 0 0 0 0 0 0 0 0.0035008443423160166 0.0057717732278673639 0 0 0.0057717732278673639 0 0.0046799217594458205 0 0 0.001209138001470905 0.00063960057185606992 -0.0013154242647037554 -0.00086686446922709345 0.0011274120968130699 -0.00099601005185207458 0.0010544968859498855 0.00063960057185606992 0 0 0 0 0 0 -6.1032297981949155e-05 0 0 0 0 0 0 0 0
leaf_weight=313058 476 30754 284 1249 199 368 3491 892 1211 328 407 740 384 1082 853 612 4790 346 240 530 569 218 144 1338 364 410 126 1381 14182 781 676 736 24061 815 335 2140 1013 184 107 284 124 284 127 200 7660 2765 558 5083 526 1508 389 312 187 1855 222 201 9357 2744 375 555 122 419 155 143 286 112 218 456 339 870 210 261 1413 491 342 788 171 147 620 2776 478 189 433 390 132 245 2945 980 131 4486 537 18070 596 326
leaf_count=313058 476 30754 284 1249 199 368 3491 892 1211 328 407 740 384 1082 853 612 4790 346 240 530 569 218 144 1338 364 410 126 1381 14182 781 676 736 24061 815 335 2140 1013 184 107 284 124 284 127 200 7660 2765 558 5083 526 1508 389 312 187 1855 222 201 9357 2744 375 555 122 419 155 143 286 112 218 456 339 870 210 261 1413 491 342 788 171 147 620 2776 478 189 433 390 132 245 2945 980 131 4486 537 18070 596 326
internal_value=0 -0.0396346 -0.02962 -0.0434714 0.0124752 0.00792031 -0.0326195 0.00909761 0.00716331 -0.000241671 -0.00718253 0.010577 -0.0309044 -0.0244831 0.0214298 -0.0232767 -0.0242036 -0.0225791 -0.019 0.0182996 0.0215047 0.00202657 -0.00143966 0.0278041 0.017471 0.0314588 0.0052434 -0.0182367 -0.0252798 0.0163223 0.0214134 0.0108692 -0.0310885 0.0160201 -0.0188724 -0.0165844 -0.0221209 -0.0192591 -0.00114451 -0.0081957 -0.0104954 0.0239173 0.020311 0.0190316 -0.0375466 -0.0356042 -0.0313137 -0.0378558 -0.0278919 -0.0272372 -0.0297228 -0.0273298 -0.02786 -0.0264991 -0.0208894 -0.02151 -0.0386487 -0.029403 -0.0263742 -0.0208641 -0.0159357 -0.00984394 0.00463767 -0.0312404 -0.0224264 -0.0083963 -0.0174636 -0.0160719 -0.018245 -0.0141161 -0.0185911 0.00564805 0.00226358 -0.00873126 0.00852832 0.0121504 0.00203739 0.0100046 0.00257184 -0.0315213 -0.0202239 -0.0271778 -0.0281882 -0.0261208 -0.0322091 0.0106937 -0.0244244 -0.0108583 -0.00326723 -0.0323446 -0.0328189 -0.0321345 -0.021548 -0.0166165
internal_weight=0 469885 130155 339730 17582 11654 82172 11286 9983 3150 2292 6833 51418 47983 5928 35440 29127 23664 6313 858 2124 1573 1355 2637 689 1948 490 9074 14590 3291 1702 1589 51034 1384 8728 5121 3607 2594 291 1730 408 1303 1019 610 26672 9655 3323 6332 12543 11461 24450 719 10935 7972 5701 5479 17017 5450 2706 3391 1251 696 277 5463 541 255 2294 2093 1875 1419 1080 4709 2165 752 2544 1582 794 623 962 2963 2522 667 2331 1898 4922 921 3185 1446 466 26584 23093 18607 2303 922
internal_count=487467 469885 130155 339730 17582 11654 82172 11286 9983 3150 2292 6833 51418 47983 5928 35440 29127 23664 6313 858 2124 1573 1355 2637 689 1948 490 9074 14590 3291 1702 1589 51034 1384 8728 5121 3607 2594 291 1730 408 1303 1019 610 26672 9655 3323 6332 12543 11461 24450 719 10935 7972 5701 5479 17017 5450 2706 3391 1251 696 277 5463 541 255 2294 2093 1875 1419 1080 4709 2165 752 2544 1582 794 623 962 2963 2522 667 2331 1898 4922 921 3185 1446 466 26584 23093 18607 2303 922
is_linear=0
shrinkage=0.0951581


Tree=28
num_leaves=95
num_cat=0
split_feature=4 3 4 2 2 2 2 2 4 2 2 2 2 4 2 2 2 2 2 4 2 2 2 2 2 2 2 2 2 2 2 2 2 2 2 2 2 2 2 2 2 2 2 2 2 2 2 2 2 2 2 2 2 2 2 2 2 2 2 2 2 4 2 2 2 2 2 2 2 2 2 2 2 2 2 2 2 2 2 2 2 4 2 2 2 2 2 2 2 2 4 2 2 2
split_gain=7277.31 2572.5 210.781 79.196 54.7071 50.9818 60.8367 32.5131 24.0975 22.9253 86.8919 23.7272 21.4316 19.0202 13.8711 11.12 24.0215 18.336 32.5497 11.0935 9.73149 24.226 18.362 17.4117 16.0576 15.3232 12.3238 9.80465 8.60753 8.5385 7.8945 11.4533 7.49551 12.3471 7.23747 6.99963 22.0202 6.98799 25.1957 12.1132 6.8049 6.72919 9.20105 6.19506 5.74273 6.81807 5.63561 4.9982 4.94449 5.50428 4.84857 4.8048 4.50517 4.40547 4.38618 4.01046 3.82296 6.94081 3.64129 3.63708 5.61713 3.45602 6.92481 3.42587 4.13101 3.27337 3.25238 3.17121 3.1515 2.99946 40.828 11.4377 6.52097 3.67974 4.56627 2.99498 2.92046 2.84279 4.74911 2.80275 3.07665 2.71163 6.97112 3.52453 3.28322 2.94447 2.70276 2.61648 2.5248 5.11301 2.4958 2.8149 13.8341 12.7173
threshold=0.15000000223517421 0.15000000223517421 0.25000000745058065 0.20206207782030108 0.20071429014205935 0.11293309181928636 0.13417843729257586 0.15954913944005969 0.35000000894069677 0.19548846781253817 0.19101010262966159 0.15460605919361117 0.17089758068323138 0.25000000745058065 0.16259328275918963 0.20219807326793673 0.20745369791984561 0.22736185789108279 0.25035211443901068 0.25000000745058065 0.14216374605894092 0.14586748182773593 0.15032467991113665 0.15280397981405261 0.14451952278614047 0.14926454424858096 0.14246211946010592 0.13440062105655673 0.15724790096282962 0.1613835692405701 0.14415185153484347 0.14379280805587771 0.15119115263223651 0.15092624723911288 0.18582589179277423 0.17394282668828967 0.18724054098129275 0.18724054098129275 0.18897569924592975 0.18843366950750354 0.133558563888073 0.15188746154308322 0.15220635384321216 0.19344085454940799 0.23357842862606051 0.23021738976240161 0.33771552145481115 0.15886382013559344 0.14551208168268207 0.14503520727157596 0.17006493359804156 0.12565835565328601 0.13465463370084765 0.14172885566949847 0.17660956084728244 0.14620192348957065 0.15339080244302752 0.15529115498065951 0.15460605919361117 0.16013698279857638 0.16159114986658099 0.59999999403953563 0.38397435843944555 0.15563492476940158 0.1583974361419678 0.168457105755806 0.15724790096282962 0.15629401057958606 0.26417112350463873 0.10629960522055627 0.10533428192138673 0.10840395465493204 0.10916084051132204 0.10458041727542879 0.10504237189888956 0.15153882652521136 0.19291979819536212 0.14295635372400287 0.14351332187652591 0.15678746998310092 0.15629401057958606 0.25000000745058065 0.16259328275918963 0.16370223462581637 0.16370223462581637 0.16688596457242968 0.22039676457643512 0.11441558599472047 0.12700557708740237 0.120864424854517 0.35000000894069677 0.14670995622873309 0.14895787835121158 0.1483045965433121
decision_type=2 2 2 2 2 2 2 2 2 2 2 2 2 2 2 2 2 2 2 2 2 2 2 2 2 2 2 2 2 2 2 2 2 2 2 2 2 2 2 2 2 2 2 2 2 2 2 2 2 2 2 2 2 2 2 2 2 2 2 2 2 2 2 2 2 2 2 2 2 2 2 2 2 2 2 2 2 2 2 2 2 2 2 2 2 2 2 2 2 2 2 2 2 2
left_child=-1 2 5 4 9 69 40 20 15 10 11 90 28 -14 88 -5 -17 86 44 -11 27 24 25 32 26 55 -22 -8 67 -30 31 77 33 -24 -16 50 54 -15 39 -39 51 75 -43 76 45 -19 -10 56 49 -26 59 87 -29 -54 -37 -23 -25 58 -58 -9 -61 62 -48 -59 66 -62 79 -13 -20 70 73 -71 -73 -2 -75 -34 -12 -28 -79 80 -65 83 -83 -31 -84 -85 -18 -7 89 -4 91 -3 93 -93
right_child=1 3 14 8 -6 6 7 35 46 19 43 12 13 37 34 16 17 18 68 -21 21 22 23 47 48 -27 30 52 29 81 -32 -33 41 -35 -36 36 -38 38 -40 -41 -42 42 -44 -45 -46 -47 61 -49 -50 -51 -52 -53 53 -55 -56 -57 57 63 -60 60 65 -63 -64 64 -66 -67 -68 -69 -70 71 -72 72 -74 74 -76 -77 -78 78 -80 -81 -82 82 84 85 -86 -87 -88 -89 -90 -91 -92 92 -94 -95
leaf_value=0 0 0.00024853710516791296 0 0.00057873740381105009 -0.00047575948213883544 0 0 0 0.00055308990939357074 0.0010390138968024774 -0.00047575948213883544 0.0035283762666163277 -0.0020921192758279858 0.00057873740381105009 0 0.00057873740381105009 0.00057873740381105009 0.00057873740381105009 0.00057873740381105009 0.00057873740381105009 0 0 0 0 0 0 0 0 0.00057873740381105009 0.0019925063620365121 0 0 0 0 -0.00014347656627622274 0 0 0.00058197819744975493 0.00057873740381105009 -0.00047575948213883544 0 0 0 -0.00047575948213883544 0.00057873740381105009 0.001427033356498254 0.0045337052545457645 0 0.0012846716382639406 0 0 0 0 0 0 0 0 0 -0.0016883856094985965 0 0 0.0057377025173506483 -0.00052674550752045569 0 0 0 0 0.00057873740381105009 0.00057873740381105009 0 0 0 0 0 0 0.0031677106853408308 -0.00047575948213883544 0 0 0 0 -0.0067838092315082007 0.00057873740381105009 0.00096954008150097531 0.00057873740381105009 0.0013219820218207843 0.00057873740381105009 0 0 0 0.0020413721043426457 0.0029055063670609094 0.00057873740381105009 0.00093107176113926024
leaf_weight=315397 33931 1913 939 198 368 3655 398 950 1381 194 350 372 467 1186 1107 441 1147 118 425 909 336 470 248 608 423 4277 1261 504 790 148 960 269 370 276 298 832 3210 197 268 132 399 319 493 416 759 139 241 170 261 960 680 22330 12546 486 1538 2686 966 543 202 425 2545 149 124 310 233 279 430 246 290 2616 1098 1092 6965 425 249 225 119 498 386 707 207 124 153 132 668 212 516 33498 2030 369 108 353 1695 134
leaf_count=315397 33931 1913 939 198 368 3655 398 950 1381 194 350 372 467 1186 1107 441 1147 118 425 909 336 470 248 608 423 4277 1261 504 790 148 960 269 370 276 298 832 3210 197 268 132 399 319 493 416 759 139 241 170 261 960 680 22330 12546 486 1538 2686 966 543 202 425 2545 149 124 310 233 279 430 246 290 2616 1098 1092 6965 425 249 225 119 498 386 707 207 124 153 132 668 212 516 33498 2030 369 108 353 1695 134
internal_value=0 -0.0220141 -0.0259392 0.0124752 0.00792031 -0.0265648 -0.0277408 -0.0250319 0.0214298 0.00909761 0.0076861 0.010398 0.014764 0.00782411 -0.00618939 0.0255886 0.0244533 0.027168 0.0203125 0.0221288 -0.0235677 -0.0221723 -0.0242882 -0.0205117 -0.0167424 -0.0274925 -0.0202115 -0.0254797 0.0202525 0.0230097 -0.0219422 -0.0190395 -0.0129851 -0.0226999 -0.0141213 -0.0296556 -0.0273537 0.0123017 0.00390515 -0.0137386 -0.0297081 -0.00936702 -0.0150003 -0.0208058 0.00936595 0.0216605 0.0125789 -0.023833 -0.00891384 -0.0111809 -0.0322882 -0.029625 -0.0259126 -0.0255712 -0.0203968 -0.0224629 -0.0244796 -0.0233002 -0.0172718 -0.031081 -0.0295667 0.00407291 -0.000912475 -0.0261978 -0.0242812 -0.0311016 -0.0226101 0.0103165 0.0358673 -0.0239434 -0.023525 -0.0253431 -0.0235681 -0.0240982 -0.0310605 -0.00167926 -0.028304 -0.0213607 -0.0172232 -0.0251112 -0.0197863 0.0186409 0.0156583 0.0243698 0.0188346 0.0190869 0.0343038 -0.0302881 -0.00285075 -0.00611107 0.00510544 0.00472886 0.0070649 0.0212005
internal_weight=0 172070 154488 17582 11654 149745 103369 43487 5928 11286 10183 9298 5095 2250 4743 4033 3835 3394 1731 1103 33028 19094 13740 6307 5354 7433 3710 13934 2845 2227 3374 2414 1931 524 1405 10459 5580 1783 597 329 59882 1407 812 885 1016 257 1895 4376 1644 1383 4879 59483 13536 13032 2370 3156 4206 3598 1168 4199 3249 514 365 2430 1887 2824 1654 618 715 46376 35703 10673 8057 34605 674 595 469 2145 884 1224 517 1437 945 492 821 344 1663 37153 3338 1308 4203 4095 2182 487
internal_count=487467 172070 154488 17582 11654 149745 103369 43487 5928 11286 10183 9298 5095 2250 4743 4033 3835 3394 1731 1103 33028 19094 13740 6307 5354 7433 3710 13934 2845 2227 3374 2414 1931 524 1405 10459 5580 1783 597 329 59882 1407 812 885 1016 257 1895 4376 1644 1383 4879 59483 13536 13032 2370 3156 4206 3598 1168 4199 3249 514 365 2430 1887 2824 1654 618 715 46376 35703 10673 8057 34605 674 595 469 2145 884 1224 517 1437 945 492 821 344 1663 37153 3338 1308 4203 4095 2182 487
is_linear=0
shrinkage=0.0951581


Tree=29
num_leaves=95
num_cat=0
split_feature=4 3 4 2 2 2 2 2 4 2 2 2 2 4 2 2 2 2 2 2 4 2 2 2 2 2 2 2 2 2 2 2 2 2 2 2 2 2 2 2 2 2 2 2 2 2 2 2 2 2 2 2 2 2 2 4 2 2 2 2 2 2 2 4 2 2 2 2 2 2 4 2 2 2 2 2 2 2 2 2 2 2 2 2 2 2 2 2 2 2 2 2 2 4
split_gain=7263.75 2542.87 210.781 76.8914 54.238 50.9818 60.8367 32.5131 28.3638 23.4925 85.8123 25.9401 18.2009 19.0202 13.8711 12.8997 11.12 24.0215 18.336 32.5497 11.0935 10.2549 9.73149 24.226 18.362 17.4117 16.0576 15.3232 12.3238 9.80465 8.5385 7.8945 11.4533 7.49551 12.3471 7.23747 6.99963 22.0202 6.98799 25.1957 12.1132 6.8049 6.72919 9.20105 6.19506 5.74273 6.81807 4.9982 4.94449 5.50428 4.84857 4.8048 4.75357 14.8744 4.69594 14.3697 6.42156 4.50517 4.40547 4.38618 4.01046 3.9804 25.3722 12.1807 4.5069 14.4319 9.72843 3.82296 6.94081 3.75584 7.68866 9.89297 3.64129 3.63708 5.61713 3.42587 4.13101 3.41135 3.27337 3.25238 3.1515 2.99946 40.828 11.4377 6.52097 3.67974 4.56627 2.99498 2.92046 2.84279 4.74911 2.80275 3.07665 2.71163
threshold=0.15000000223517421 0.15000000223517421 0.25000000745058065 0.20206207782030108 0.20071429014205935 0.11293309181928636 0.13417843729257586 0.15954913944005969 0.35000000894069677 0.19548846781253817 0.19101010262966159 0.15280397981405261 0.17089758068323138 0.25000000745058065 0.16259328275918963 0.15724790096282962 0.20219807326793673 0.20745369791984561 0.22736185789108279 0.25035211443901068 0.25000000745058065 0.33771552145481115 0.14216374605894092 0.14586748182773593 0.15032467991113665 0.15280397981405261 0.14451952278614047 0.14926454424858096 0.14246211946010592 0.13440062105655673 0.1613835692405701 0.14415185153484347 0.14379280805587771 0.15119115263223651 0.15092624723911288 0.18582589179277423 0.17394282668828967 0.18724054098129275 0.18724054098129275 0.18897569924592975 0.18843366950750354 0.133558563888073 0.15188746154308322 0.15220635384321216 0.19344085454940799 0.23357842862606051 0.23021738976240161 0.15886382013559344 0.14551208168268207 0.14503520727157596 0.17006493359804156 0.12565835565328601 0.15153882652521136 0.15092624723911288 0.15339080244302752 0.25000000745058065 0.15460605919361117 0.13465463370084765 0.14172885566949847 0.17660956084728244 0.14620192348957065 0.14895787835121158 0.1483045965433121 0.25000000745058065 0.14620192348957065 0.14551208168268207 0.1471008434891701 0.15339080244302752 0.15529115498065951 0.13058389723300937 0.25000000745058065 0.11630280315876008 0.15460605919361117 0.16013698279857638 0.16159114986658099 0.15563492476940158 0.1583974361419678 0.15563492476940158 0.168457105755806 0.15724790096282962 0.26417112350463873 0.10629960522055627 0.10533428192138673 0.10840395465493204 0.10916084051132204 0.10458041727542879 0.10504237189888956 0.15153882652521136 0.19291979819536212 0.14295635372400287 0.14351332187652591 0.15678746998310092 0.15629401057958606 0.25000000745058065
decision_type=2 2 2 2 2 2 2 2 2 2 2 2 2 2 2 2 2 2 2 2 2 2 2 2 2 2 2 2 2 2 2 2 2 2 2 2 2 2 2 2 2 2 2 2 2 2 2 2 2 2 2 2 2 2 2 2 2 2 2 2 2 2 2 2 2 2 2 2 2 2 2 2 2 2 2 2 2 2 2 2 2 2 2 2 2 2 2 2 2 2 2 2 2 2
left_child=-1 2 5 4 9 81 41 22 16 10 11 52 15 -14 -4 54 -5 -18 -19 45 -11 -10 29 26 27 33 28 60 -24 -8 -17 32 89 34 -26 -16 50 59 -15 40 -40 51 87 -44 88 46 -20 67 49 -28 73 -7 53 61 -13 56 -56 -31 -59 -38 -25 62 64 -63 65 69 -66 -27 72 70 71 -3 -69 -9 -75 -70 79 -57 -76 91 -21 82 85 -83 -85 -2 -87 -35 -12 -30 -91 92 -77 -32
right_child=1 3 14 8 -6 6 7 36 21 20 44 12 13 38 35 30 17 18 19 80 -22 -23 23 24 25 47 48 -29 31 57 93 -33 -34 42 -36 -37 37 -39 39 -41 -42 -43 43 -45 -46 -47 -48 -49 -50 -51 -52 -53 -54 -55 55 77 -58 58 -60 -61 -62 63 -64 -65 66 -67 -68 68 75 -71 -72 -73 -74 74 78 76 -78 -79 -80 -81 -82 83 -84 84 -86 86 -88 -89 -90 90 -92 -93 -94 -95
leaf_value=0 0 0.0011488607627506526 0 0.00052366585851853413 -0.0004304871190663661 0 0 0 0.00050045893065360795 0.00094014332009444254 -0.0004304871190663661 0.0055470556561889482 -0.0018930372038945108 0.00052366585851853413 0 0.00052366585851853413 0.00052366585851853413 0.00052366585851853413 0.00052366585851853413 0.00052366585851853413 0.00052366585851853413 2.1219902457914453e-05 0 0 0 0 0 0 0 0 0.001196184739130614 0 0 0 0 -0.00012982361043465548 0 0 0.00052659826442822408 0.00052366585851853413 -0.0004304871190663661 0 0 0 -0.0004304871190663661 0.00052366585851853413 0.0012912395895690642 0 0.001162424740367292 0 0 0 -0.0029067156594446537 0.001662328002555558 -0.0029067156594446537 0.0012267643528868181 0.0031926227243423669 0 0 0 0 -0.00083944684833622092 0.00084247275176729407 0.00052366585851853413 -0.0012139013215840063 0.0016262445780022233 2.1624133295207167e-06 0 0 -5.3583554916334914e-05 0.00038594461341913828 0.00093050266164887733 -0.0015277220616573221 0 0 0 0 0.00052366585851853413 0 0 0.00052366585851853413 0 0 0 0 0 0 0.0028662773904949254 -0.0004304871190663661 0 0 0 0 0.00052366585851853413
leaf_weight=315397 33931 131 3338 198 368 37153 398 950 1381 194 350 172 467 1186 1107 790 441 1663 118 425 909 514 336 470 248 608 423 4277 1261 504 492 960 269 370 276 298 832 3210 197 268 132 399 319 493 416 759 139 170 261 960 680 22330 349 138 132 193 236 12546 486 1538 2686 644 134 192 182 155 275 966 543 996 483 136 202 425 2545 310 233 273 279 430 290 2616 1098 1092 6965 425 249 225 119 498 386 707 207 945
leaf_count=315397 33931 131 3338 198 368 37153 398 950 1381 194 350 172 467 1186 1107 790 441 1663 118 425 909 514 336 470 248 608 423 4277 1261 504 492 960 269 370 276 298 832 3210 197 268 132 399 319 493 416 759 139 170 261 960 680 22330 349 138 132 193 236 12546 486 1538 2686 644 134 192 182 155 275 966 543 996 483 136 202 425 2545 310 233 273 279 430 290 2616 1098 1092 6965 425 249 225 119 498 386 707 207 945
internal_value=0 -0.0220367 -0.0259392 0.0122533 0.00776517 -0.0265648 -0.0277408 -0.0250319 0.0210767 0.00893741 0.00750855 0.0102036 0.0143961 0.00782411 -0.00618939 0.0189698 0.0255886 0.0244533 0.027168 0.0203125 0.0221288 0.0114742 -0.0235677 -0.0221723 -0.0242882 -0.0205117 -0.0167424 -0.0274925 -0.0202115 -0.0254797 0.0230097 -0.0219422 -0.0190395 -0.0129851 -0.0226999 -0.0141213 -0.0296556 -0.0273537 0.0123017 0.00390515 -0.0137386 -0.0297081 -0.00936702 -0.0150003 -0.0208058 0.00936595 0.0216605 -0.023833 -0.00891384 -0.0111809 -0.0322882 -0.029625 0.00417798 0.00524385 0.0100266 0.0070741 -0.00698171 -0.0259126 -0.0255712 -0.0203968 -0.0224629 0.00397445 0.00588056 -0.00170738 0.00359163 0.0056314 -0.00489325 -0.0244796 -0.0233002 0.00316104 0.00824703 0.0212056 -0.0172718 -0.031081 -0.0295667 -0.0261978 -0.0242812 0.018174 -0.0311016 -0.0226101 0.0358673 -0.0239434 -0.023525 -0.0253431 -0.0235681 -0.0240982 -0.0310605 -0.00167926 -0.028304 -0.0213607 -0.0172232 -0.0251112 -0.0197863 0.0186409
internal_weight=0 172070 154488 17582 11654 149745 103369 43487 5928 11286 10183 9298 5483 2250 4743 3233 4033 3835 3394 1731 1103 1895 33028 19094 13740 6307 5354 7433 3710 13934 2227 3374 2414 1931 524 1405 10459 5580 1783 597 329 59882 1407 812 885 1016 257 4376 1644 1383 4879 59483 3815 3466 1006 834 368 13536 13032 2370 3156 3328 2492 836 2358 1901 457 4206 3598 1746 750 267 1168 4199 3249 2430 1887 466 2824 1654 715 46376 35703 10673 8057 34605 674 595 469 2145 884 1224 517 1437
internal_count=487467 172070 154488 17582 11654 149745 103369 43487 5928 11286 10183 9298 5483 2250 4743 3233 4033 3835 3394 1731 1103 1895 33028 19094 13740 6307 5354 7433 3710 13934 2227 3374 2414 1931 524 1405 10459 5580 1783 597 329 59882 1407 812 885 1016 257 4376 1644 1383 4879 59483 3815 3466 1006 834 368 13536 13032 2370 3156 3328 2492 836 2358 1901 457 4206 3598 1746 750 267 1168 4199 3249 2430 1887 466 2824 1654 715 46376 35703 10673 8057 34605 674 595 469 2145 884 1224 517 1437
is_linear=0
shrinkage=0.0951581


Tree=30
num_leaves=95
num_cat=0
split_feature=4 3 4 2 2 2 2 2 4 2 2 2 2 4 2 2 2 2 2 4 2 2 2 2 2 2 2 2 2 2 2 2 2 2 2 2 2 2 2 2 2 2 2 2 2 2 2 2 2 2 2 2 2 2 2 2 2 2 2 2 2 2 2 2 2 4 2 2 2 2 4 2 2 2 2 2 2 2 2 2 2 2 2 4 2 2 2 2 2 2 2 2 4 2
split_gain=7241.62 2494.81 210.781 78.181 53.0374 50.9818 60.8367 32.5131 26.6825 24.9871 83.0593 32.6041 20.9963 17.9576 13.8711 11.5536 23.0054 21.0213 36.8227 11.0935 10.2549 9.73149 24.226 18.362 17.4117 16.0576 15.3232 12.3238 9.80465 8.60753 8.5385 7.8945 11.4533 7.49551 12.3471 7.23747 6.99963 22.0202 6.98799 25.1957 12.1132 6.8049 6.72919 9.20105 6.19506 4.9982 4.94449 5.50428 4.84857 4.8048 4.50517 4.40547 4.38618 4.01046 3.82296 6.94081 3.64129 3.63708 5.61713 3.42587 4.13101 3.27337 3.25238 3.17121 3.1515 3.08939 3.46121 13.1846 10.992 15.8796 7.50378 8.05875 21.0855 4.33721 22.516 2.99946 40.828 11.4377 6.52097 3.67974 4.56627 2.99498 2.92046 2.90161 8.60382 12.7944 9.70099 7.02881 2.84279 4.74911 2.80275 3.07665 2.71163 6.97112
threshold=0.15000000223517421 0.15000000223517421 0.25000000745058065 0.20206207782030108 0.20071429014205935 0.11293309181928636 0.13417843729257586 0.15954913944005969 0.35000000894069677 0.19548846781253817 0.19101010262966159 0.15460605919361117 0.17089758068323138 0.25000000745058065 0.16259328275918963 0.20219807326793673 0.20745369791984561 0.22736185789108279 0.25035211443901068 0.25000000745058065 0.33771552145481115 0.14216374605894092 0.14586748182773593 0.15032467991113665 0.15280397981405261 0.14451952278614047 0.14926454424858096 0.14246211946010592 0.13440062105655673 0.15724790096282962 0.1613835692405701 0.14415185153484347 0.14379280805587771 0.15119115263223651 0.15092624723911288 0.18582589179277423 0.17394282668828967 0.18724054098129275 0.18724054098129275 0.18897569924592975 0.18843366950750354 0.133558563888073 0.15188746154308322 0.15220635384321216 0.19344085454940799 0.15886382013559344 0.14551208168268207 0.14503520727157596 0.17006493359804156 0.12565835565328601 0.13465463370084765 0.14172885566949847 0.17660956084728244 0.14620192348957065 0.15339080244302752 0.15529115498065951 0.15460605919361117 0.16013698279857638 0.16159114986658099 0.15563492476940158 0.1583974361419678 0.168457105755806 0.15724790096282962 0.15629401057958606 0.26417112350463873 0.35000000894069677 0.14670995622873309 0.14503520727157596 0.14895787835121158 0.1483045965433121 0.25000000745058065 0.15339080244302752 0.15255323797464374 0.15092624723911288 0.15153882652521136 0.10629960522055627 0.10533428192138673 0.10840395465493204 0.10916084051132204 0.10458041727542879 0.10504237189888956 0.15153882652521136 0.19291979819536212 0.25000000745058065 0.13263087719678882 0.1393149867653847 0.11630280315876008 0.14172885566949847 0.14295635372400287 0.14351332187652591 0.15678746998310092 0.15629401057958606 0.25000000745058065 0.16259328275918963
decision_type=2 2 2 2 2 2 2 2 2 2 2 2 2 2 2 2 2 2 2 2 2 2 2 2 2 2 2 2 2 2 2 2 2 2 2 2 2 2 2 2 2 2 2 2 2 2 2 2 2 2 2 2 2 2 2 2 2 2 2 2 2 2 2 2 2 2 2 2 2 2 2 2 2 2 2 2 2 2 2 2 2 2 2 2 2 2 2 2 2 2 2 2 2 2
left_child=-1 2 5 4 9 75 41 21 15 10 11 65 29 -14 -4 -5 -17 -18 -19 -11 -10 28 25 26 33 27 53 -23 -8 63 -31 32 88 34 -25 -16 48 52 -15 40 -40 49 81 -44 82 54 47 -27 57 -7 -30 -52 -38 -24 -26 56 -56 -9 -59 -57 62 -60 90 -13 -20 66 67 83 69 -68 71 72 73 -70 -75 76 79 -77 -79 -2 -81 -35 -12 84 86 -86 -3 -87 -29 -90 91 -61 -32 -94
right_child=1 3 14 8 -6 6 7 36 20 19 44 12 13 38 35 16 17 18 64 -21 -22 22 23 24 45 46 -28 31 50 30 92 -33 -34 42 -36 -37 37 -39 39 -41 -42 -43 43 -45 -46 -47 -48 -49 -50 -51 51 -53 -54 -55 55 59 -58 58 61 60 -62 -63 -64 -65 -66 -67 68 -69 70 -71 -72 -73 -74 74 -76 77 -78 78 -80 80 -82 -83 -84 -85 85 87 -88 -89 89 -91 -92 -93 93 -95
leaf_value=0 0 0.001039537368212857 0 0.00047383481622605616 -0.00038952278754158447 0 0 0 0.00045283621526482943 0.0008506810785094131 -0.00038952278754158447 0.002888818847475725 -0.00171289940145047 0.00047383481622605616 0 0.00047383481622605616 0.00047383481622605616 0.00047383481622605616 0.00047383481622605616 0.00047383481622605616 1.9200657094442696e-05 0 0 0 0 0 0 0 0 0.00047383481622605616 0.0010823580854437311 0 0 0 0 -0.00011746984377812101 0 0 0.00047648817999364944 0.00047383481622605616 -0.00038952278754158447 0 0 0 -0.00038952278754158447 0 0.0010518106236422956 0 0 0 0 0 0 0 0 0 -0.0013823469499764395 0 0 0 0 0 0 0.00047383481622605616 0.00047383481622605616 0.0018103932844474296 0.0026288181629109285 -0.0010983887917699086 -0.00075956669055761666 0.00076230465480114397 0.00047383481622605616 -0.0026301181524623156 0.0051859679703897526 0.0015041440467909802 -0.0026301181524623156 0 0 0 0 0 0 0.0025935279119022347 -0.00038952278754158447 -4.8484646236722235e-05 -0.00091978304609912015 0.0010015783090778576 0.00084195780669678246 0.0010015783090778576 0 0 0 0 -0.0061881059522091953 0.00047383481622605616
leaf_weight=315397 33931 131 3338 198 368 37153 398 950 1381 194 350 372 467 1186 1107 441 1663 1016 425 909 514 336 470 248 608 423 4277 1261 504 790 492 960 269 370 276 298 832 3210 197 268 132 399 319 493 416 170 261 960 680 22330 12546 486 1538 2686 966 543 202 425 2545 310 233 279 430 246 290 108 353 322 644 134 408 132 110 121 280 2616 1098 1092 6965 425 249 225 119 705 165 113 144 333 498 386 707 207 124 821
leaf_count=315397 33931 131 3338 198 368 37153 398 950 1381 194 350 372 467 1186 1107 441 1663 1016 425 909 514 336 470 248 608 423 4277 1261 504 790 492 960 269 370 276 298 832 3210 197 268 132 399 319 493 416 170 261 960 680 22330 12546 486 1538 2686 966 543 202 425 2545 310 233 279 430 246 290 108 353 322 644 134 408 132 110 121 280 2616 1098 1092 6965 425 249 225 119 705 165 113 144 333 498 386 707 207 124 821
internal_value=0 -0.0220738 -0.0259392 0.0118907 0.00736508 -0.0265648 -0.0277408 -0.0250319 0.0207877 0.00852426 0.00705065 0.00970207 0.01482 0.00795099 -0.00618939 0.0251639 0.0240066 0.0266633 0.019323 0.0221288 0.0114742 -0.0235677 -0.0221723 -0.0242882 -0.0205117 -0.0167424 -0.0274925 -0.0202115 -0.0254797 0.0202525 0.0230097 -0.0219422 -0.0190395 -0.0129851 -0.0226999 -0.0141213 -0.0296556 -0.0273537 0.0123017 0.00390515 -0.0137386 -0.0297081 -0.00936702 -0.0150003 -0.0208058 -0.023833 -0.00891384 -0.0111809 -0.0322882 -0.029625 -0.0259126 -0.0255712 -0.0203968 -0.0224629 -0.0244796 -0.0233002 -0.0172718 -0.031081 -0.0295667 -0.0261978 -0.0242812 -0.0311016 -0.0226101 0.0103165 0.0358673 0.00349796 0.00307899 0.000124357 0.00566936 0.0182696 0.00204913 -0.00151573 0.00102985 -0.00314158 0.00462739 -0.0239434 -0.023525 -0.0253431 -0.0235681 -0.0240982 -0.0310605 -0.00167926 -0.028304 0.00367833 0.00730333 0.00101232 0.0212808 0.00938779 -0.0213607 -0.0172232 -0.0251112 -0.0197863 0.0186409 0.0156583
internal_weight=0 172070 154488 17582 11654 149745 103369 43487 5928 11286 10183 9298 5095 2250 4743 4033 3835 3394 1731 1103 1895 33028 19094 13740 6307 5354 7433 3710 13934 2845 2227 3374 2414 1931 524 1405 10459 5580 1783 597 329 59882 1407 812 885 4376 1644 1383 4879 59483 13536 13032 2370 3156 4206 3598 1168 4199 3249 2430 1887 2824 1654 618 715 4203 4095 1913 2182 487 1695 1287 1155 1045 401 46376 35703 10673 8057 34605 674 595 469 1591 886 611 275 446 2145 884 1224 517 1437 945
internal_count=487467 172070 154488 17582 11654 149745 103369 43487 5928 11286 10183 9298 5095 2250 4743 4033 3835 3394 1731 1103 1895 33028 19094 13740 6307 5354 7433 3710 13934 2845 2227 3374 2414 1931 524 1405 10459 5580 1783 597 329 59882 1407 812 885 4376 1644 1383 4879 59483 13536 13032 2370 3156 4206 3598 1168 4199 3249 2430 1887 2824 1654 618 715 4203 4095 1913 2182 487 1695 1287 1155 1045 401 46376 35703 10673 8057 34605 674 595 469 1591 886 611 275 446 2145 884 1224 517 1437 945
is_linear=0
shrinkage=0.0951581


Tree=31
num_leaves=26
num_cat=0
split_feature=4 3 4 0 4 4 0 4 0 0 0 3 0 0 0 4 3 0 3 4 0 4 0 0 0
split_gain=7213.27 2433.79 210.781 43.2241 44.2077 15.5412 9.09099 6.70926 6.20622 5.77409 5.3012 4.08618 2.72254 1.21616 1.21599 0.486676 0.727915 0.573024 0.435488 0.249081 0.386914 0.0734205 0.0477934 0.0233008 0.00700137
threshold=0.15000000223517421 0.15000000223517421 0.25000000745058065 2.5000000000000004 0.35000000894069677 0.25000000745058065 4.5000000000000009 0.35000000894069677 1.5000000000000002 2.5000000000000004 1.5000000000000002 0.35000000894069677 3.5000000000000004 1.5000000000000002 1.5000000000000002 0.45000000298023229 0.35000000894069677 3.5000000000000004 0.25000000745058065 0.45000000298023229 1.5000000000000002 0.25000000745058065 2.5000000000000004 3.5000000000000004 1.5000000000000002
decision_type=2 2 2 2 2 2 2 2 2 2 2 2 2 2 2 2 2 2 2 2 2 2 2 2 2
left_child=24 2 8 5 12 14 15 13 -2 -10 -4 -8 21 -7 -3 18 17 -17 23 20 -9 -5 -12 -6 -1
right_child=1 3 10 4 6 7 11 19 9 -11 22 -13 -14 -15 -16 16 -18 -19 -20 -21 -22 -23 -24 -25 -26
leaf_value=0 0 0.00076183871091940649 0 0.0014980060079447482 0.00038123021652936164 0.00042874560068352019 -5.4453017346238875e-05 0.0004030930088065953 0 0 0 0.00045281093467447676 0.00042874560068352019 0.00042874560068352019 0.00028000578006958662 0.0094969232113697177 0.0075167519012711587 0.0046894360456884061 0.0051083444980871921 0.0054691784321055899 0.00048776093081981934 0.00042874560068352019 -0.00011089661865620626 0.00040457653119122477 0
leaf_weight=310726 113386 1992 2798 150 243 3390 137 400 34831 1528 1364 136 215 4790 2491 163 153 120 143 237 531 2151 581 140 4671
leaf_count=310726 113386 1992 2798 150 243 3390 137 400 34831 1528 1364 136 215 4790 2491 163 153 120 143 237 531 2151 581 140 4671
internal_value=0 -0.0221213 -0.0259392 0.0114252 0.0204852 0.00896816 0.00574031 0.0111771 -0.0265648 -0.0276466 -0.00618939 -0.00958552 0.0277229 0.0102138 0.00436203 0.0100895 0.0124404 0.0152993 0.0081409 0.0179236 0.0172225 0.0286798 -0.0100051 0.00981395 -0.0463429
internal_weight=0 172070 154488 17582 3751 13831 1235 9348 149745 36359 4743 273 2516 8180 4483 962 436 283 526 1168 931 2301 1945 383 315397
internal_count=487467 172070 154488 17582 3751 13831 1235 9348 149745 36359 4743 273 2516 8180 4483 962 436 283 526 1168 931 2301 1945 383 315397
is_linear=0
shrinkage=0.0951581


Tree=32
num_leaves=95
num_cat=0
split_feature=4 4 2 2 2 2 2 2 4 2 2 2 2 0 0 0 2 2 2 0 2 0 2 2 2 2 2 0 2 2 0 2 2 0 2 0 0 2 2 2 0 2 2 2 2 2 2 2 2 2 2 2 2 2 2 2 2 2 2 0 2 2 2 2 2 2 2 0 2 2 2 0 0 0 2 0 2 2 2 0 2 2 2 2 2 2 2 0 2 2 2 2 2 2
split_gain=7202.07 2015.65 131.213 88.9805 76.7402 39.3479 53.4903 48.6569 33.5483 29.2387 20.1212 18.8859 21.5451 16.9615 14.6586 12.093 12.0913 21.9499 20.0556 34.5455 22.9218 13.7837 11.3265 19.0912 10.1879 44.0753 16.5251 14.1481 11.6991 15.708 22.9595 9.85345 11.0976 29.7284 9.57001 8.33532 8.12082 17.6327 8.38271 8.05205 7.79639 7.75732 14.2671 8.50597 6.47596 6.19483 62.6923 13.4283 9.75101 6.14571 6.03956 8.52792 6.1406 5.91687 5.85036 5.7266 15.7905 12.5735 8.54226 11.9129 5.65954 7.57519 7.31276 5.56634 7.4363 7.05072 7.03468 6.02078 5.54838 4.88578 4.7023 4.52821 4.41827 5.92577 4.38369 4.88566 5.98878 4.37084 4.3521 4.29727 4.70528 4.74764 3.87207 3.74211 3.70007 3.684 3.62696 3.5563 3.54534 3.54 5.86472 3.46687 3.46634 3.41761
threshold=0.15000000223517421 0.25000000745058065 0.20206207782030108 0.1406514793634415 0.11293309181928636 0.20071429014205935 0.19548846781253817 0.19101010262966159 0.35000000894069677 0.15954913944005969 0.13417843729257586 0.15629401057958606 0.1613835692405701 1.5000000000000002 2.5000000000000004 4.5000000000000009 0.20219807326793673 0.20745369791984561 0.22736185789108279 2.5000000000000004 0.25035211443901068 2.5000000000000004 0.18897569924592975 0.18843366950750354 0.15032467991113665 0.14926454424858096 0.15280397981405261 1.5000000000000002 0.14451952278614047 0.14503520727157596 1.5000000000000002 0.14415185153484347 0.14379280805587771 1.5000000000000002 0.13440062105655673 1.5000000000000002 2.5000000000000004 0.17006493359804156 0.16688596457242968 0.22039676457643512 2.5000000000000004 0.16013698279857638 0.1613835692405701 0.19344085454940799 0.133558563888073 0.10504237189888956 0.10629960522055627 0.10873378813266756 0.10533428192138673 0.10947888717055322 0.14216374605894092 0.14172885566949847 0.14246211946010592 0.38397435843944555 0.15298574417829516 0.16688596457242968 0.17089758068323138 0.17394282668828967 0.16587346047163012 1.5000000000000002 0.15392307937145236 0.15339080244302752 0.15529115498065951 0.14765568077564242 0.14586748182773593 0.14790198951959613 0.14551208168268207 1.5000000000000002 0.15724790096282962 0.15392307937145236 0.10458041727542879 1.5000000000000002 1.5000000000000002 2.5000000000000004 0.16259328275918963 1.5000000000000002 0.16505814343690875 0.13465463370084765 0.14094635099172595 1.5000000000000002 0.13533937186002734 0.13688258826732638 0.14122316241264346 0.12565835565328601 0.15724790096282962 0.25920708477497106 0.19548846781253817 1.5000000000000002 0.23357842862606051 0.13230550289154056 0.11526600643992425 0.1276228874921799 0.13481555134058001 0.16587346047163012
decision_type=2 2 2 2 2 2 2 2 2 2 2 2 2 2 2 2 2 2 2 2 2 2 2 2 2 2 2 2 2 2 2 2 2 2 2 2 2 2 2 2 2 2 2 2 2 2 2 2 2 2 2 2 2 2 2 2 2 2 2 2 2 2 2 2 2 2 2 2 2 2 2 2 2 2 2 2 2 2 2 2 2 2 2 2 2 2 2 2 2 2 2 2 2 2
left_child=-1 3 5 4 13 6 7 11 16 24 40 89 -13 45 -9 53 -4 71 21 20 -20 -19 23 36 25 28 -26 54 31 30 -30 32 50 -34 35 -12 38 -38 74 -23 44 -11 87 55 83 70 48 -48 -47 -49 51 78 -52 -10 -28 58 -57 -58 59 -44 61 -29 -62 64 66 67 -31 -65 -64 -56 -2 -18 -8 -74 -14 76 -76 -36 -5 -79 92 -82 -80 -6 -71 -22 -45 -43 -21 90 -3 -42 -81 -77
right_child=1 2 8 9 10 -7 72 14 15 41 34 12 22 -15 -16 -17 17 18 19 88 85 39 -24 -25 26 -27 27 60 29 63 -32 -33 33 -35 77 -37 37 -39 -40 -41 91 42 43 86 -46 46 47 49 -50 -51 52 -53 -54 -55 69 56 57 -59 -60 -61 62 -63 68 65 -66 -67 -68 -69 -70 84 -72 -73 73 -75 75 93 -78 79 82 80 81 -83 -84 -85 -86 -87 -88 -89 -90 -91 -92 -93 -94 -95
leaf_value=0 0 0.00016420094882240479 0.00038794698871974726 0 0 -0.00039325515547948108 0.00038794698871974726 -0.00039325515547948108 0.00044134653282743995 0 0 0.00038794698871974726 -0.00083999889696879536 0 0.0039328285044601544 -2.5204262096191743e-05 -0.0027797636966210809 0.00038794698871974726 -0.0052479136626413739 0.00038794698871974726 0.00038794698871974726 0.00038794698871974726 0.00038794698871974726 -0.00039325515547948108 0 0 0 0 0.0031677106853408308 0 0 0 0.0031677106853408308 0 0 0 -0.00012159371863885844 0.00038794698871974726 0 0.00039022706734095306 0 0 0 0 0 0 0 0 0.0057717732278673639 0 0 0 0 -0.0002857985082285662 0 0 0 0 0 0 -0.002406485950523317 0 0 0 0 0 -0.00010330952064953401 0.0031677106853408308 0 0 0 0.00038794698871974726 0.00038794698871974726 0.00038794698871974726 0.00014580388860529689 0.00038794698871974726 -0.00049696714593955933 0 0 0 0 0 0 0 0 0.00038794698871974726 0 0.0002533609651712861 0.00038794698871974726 0.00027959407524764739 0 0 0 0.00038794698871974726
leaf_weight=315397 33838 1171 198 380 37107 368 329 705 1469 993 278 1062 211 3368 163 269 119 1172 726 107 182 336 303 156 2402 4752 181 285 352 1010 111 1039 195 117 506 120 266 512 1828 180 177 126 864 209 386 199 2252 744 796 4984 356 505 2277 157 492 619 720 3335 1366 704 408 238 829 137 2243 1303 320 174 437 1583 326 321 425 254 213 222 168 7640 450 106 857 2220 863 22202 568 128 2689 180 601 2320 874 198 262 177
leaf_count=315397 33838 1171 198 380 37107 368 329 705 1469 993 278 1062 211 3368 163 269 119 1172 726 107 182 336 303 156 2402 4752 181 285 352 1010 111 1039 195 117 506 120 266 512 1828 180 177 126 864 209 386 199 2252 744 796 4984 356 505 2277 157 492 619 720 3335 1366 704 408 238 829 137 2243 1303 320 174 437 1583 326 321 425 254 213 222 168 7640 450 106 857 2220 863 22202 568 128 2689 180 601 2320 874 198 262 177
internal_value=0 -0.0221401 0.00828304 -0.0256267 -0.0268822 0.00243839 0.00343052 0.00139276 0.0197734 -0.0214698 -0.0288271 0.00336661 0.00728839 -0.0238688 -0.0201718 0.00931495 0.0246429 0.02347 0.0260354 0.0188788 0.00780737 0.0334294 0.00412915 0.00270033 -0.0195632 -0.0208746 -0.0166331 -0.0197385 -0.0177657 -0.0146358 0.00215801 -0.0206263 -0.0189188 -0.00152497 -0.0252678 -0.0107591 0.00411373 0.0127204 0.00173843 0.0204701 -0.0295375 -0.0253473 -0.024608 -0.025198 -0.0296234 -0.023361 -0.0211362 -0.0239445 0.00138673 -0.021497 -0.0200421 -0.0237246 -0.016968 0.0124068 -0.0241939 -0.0235269 -0.0214584 -0.0236194 -0.026822 -0.0220296 -0.0140117 -0.0226524 -0.0113121 -0.0161349 -0.01823 -0.0114968 -0.0125923 0.00137689 -0.0148825 -0.0230604 -0.0239455 0.00346029 0.0243559 0.0199706 0.00878604 0.0120778 0.00437078 -0.025766 -0.0204874 -0.0253712 -0.0225811 -0.0237973 -0.0230829 -0.0295435 -0.0250172 0.0294683 -0.029585 -0.00435364 0.0350795 -0.00123171 -0.00411809 -0.0158597 -0.0124119 0.0194371
internal_weight=0 172070 17692 154378 118566 11727 11359 10351 5965 35812 72059 9483 5118 46507 868 1895 4070 3872 3432 1744 1036 1688 4056 3753 24007 16584 7423 5021 11832 5650 463 6182 5143 312 11989 398 3597 778 2819 516 60070 11805 10812 10506 59695 43139 8975 7980 995 5728 4831 2198 2633 1626 2824 7608 4674 4055 2934 1568 2197 523 1674 5187 3573 1614 1330 311 1266 2643 34164 440 1008 679 991 780 381 11591 1693 11085 3445 3077 1313 59309 2151 310 2898 306 708 4365 2045 375 368 399
internal_count=487467 172070 17692 154378 118566 11727 11359 10351 5965 35812 72059 9483 5118 46507 868 1895 4070 3872 3432 1744 1036 1688 4056 3753 24007 16584 7423 5021 11832 5650 463 6182 5143 312 11989 398 3597 778 2819 516 60070 11805 10812 10506 59695 43139 8975 7980 995 5728 4831 2198 2633 1626 2824 7608 4674 4055 2934 1568 2197 523 1674 5187 3573 1614 1330 311 1266 2643 34164 440 1008 679 991 780 381 11591 1693 11085 3445 3077 1313 59309 2151 310 2898 306 708 4365 2045 375 368 399
is_linear=0
shrinkage=0.0951581


Tree=33
num_leaves=95
num_cat=0
split_feature=4 3 4 2 2 2 2 4 2 2 2 2 2 2 2 2 2 2 4 2 2 2 2 2 2 2 2 2 2 4 2 2 2 2 2 2 2 2 2 2 2 2 2 2 2 2 2 2 2 2 2 2 2 2 2 2 2 2 2 2 2 2 2 2 2 2 2 2 2 2 2 2 2 2 2 2 2 2 3 2 2 2 2 2 2 2 4 2 2 2 2 2 2 2
split_gain=7202.73 2409.72 211.612 77.4659 51.178 50.9818 60.8367 35.7635 32.5131 27.4288 78.8237 36.7591 26.559 13.5397 11.5536 23.0054 21.0213 36.8227 11.0935 9.79165 9.73149 24.226 18.362 17.4117 16.0576 15.3232 12.3238 9.80465 8.30881 16.5882 7.8945 11.4533 7.80137 7.49551 12.3471 6.99963 22.0202 6.98799 25.1957 12.1132 6.8049 6.72919 9.20105 6.19506 5.89305 5.16957 4.9982 4.94449 5.50428 4.84857 4.8048 4.50517 4.40547 4.38618 4.01046 3.82296 6.94081 3.64129 3.63708 5.61713 3.42587 4.13101 3.27337 3.25238 3.1515 3.01655 2.99946 40.828 11.4377 6.52097 3.67974 4.56627 2.99498 2.92046 2.84279 4.74911 2.80275 3.07665 2.79499 2.70276 2.61648 2.5248 5.11301 2.51224 26.16 8.09764 7.11919 6.16493 18.6069 5.93109 4.02059 3.96578 2.72002 5.07282
threshold=0.15000000223517421 0.15000000223517421 0.25000000745058065 0.20206207782030108 0.20071429014205935 0.11293309181928636 0.13417843729257586 0.35000000894069677 0.15954913944005969 0.19548846781253817 0.19101010262966159 0.15724790096282962 0.1613835692405701 0.16259328275918963 0.20219807326793673 0.20745369791984561 0.22736185789108279 0.25035211443901068 0.25000000745058065 0.30072464048862463 0.14216374605894092 0.14586748182773593 0.15032467991113665 0.15280397981405261 0.14451952278614047 0.14926454424858096 0.14246211946010592 0.13440062105655673 0.17089758068323138 0.25000000745058065 0.14415185153484347 0.14379280805587771 0.18582589179277423 0.15119115263223651 0.15092624723911288 0.17394282668828967 0.18724054098129275 0.18724054098129275 0.18897569924592975 0.18843366950750354 0.133558563888073 0.15188746154308322 0.15220635384321216 0.19344085454940799 0.16259328275918963 0.16370223462581637 0.15886382013559344 0.14551208168268207 0.14503520727157596 0.17006493359804156 0.12565835565328601 0.13465463370084765 0.14172885566949847 0.17660956084728244 0.14620192348957065 0.15339080244302752 0.15529115498065951 0.15460605919361117 0.16013698279857638 0.16159114986658099 0.15563492476940158 0.1583974361419678 0.168457105755806 0.15724790096282962 0.26417112350463873 0.16928205639123919 0.10629960522055627 0.10533428192138673 0.10840395465493204 0.10916084051132204 0.10458041727542879 0.10504237189888956 0.15153882652521136 0.19291979819536212 0.14295635372400287 0.14351332187652591 0.15678746998310092 0.15629401057958606 0.25000000745058065 0.22039676457643512 0.11441558599472047 0.12700557708740237 0.120864424854517 0.1483045965433121 0.14895787835121158 0.14503520727157596 0.25000000745058065 0.15092624723911288 0.15153882652521136 0.14586748182773593 0.15280397981405261 0.15392307937145236 0.15119115263223651 0.15339080244302752
decision_type=2 2 2 2 2 2 2 2 2 2 2 2 2 2 2 2 2 2 2 2 2 2 2 2 2 2 2 2 2 2 2 2 2 2 2 2 2 2 2 2 2 2 2 2 2 2 2 2 2 2 2 2 2 2 2 2 2 2 2 2 2 2 2 2 2 2 2 2 2 2 2 2 2 2 2 2 2 2 2 2 2 2 2 2 2 2 2 2 2 2 2 2 2 2
left_child=-1 2 5 4 9 66 40 14 20 10 11 83 -13 81 -5 -16 79 -18 -11 -9 27 24 25 33 26 54 -22 -8 44 -30 31 74 -15 34 -24 49 53 -31 39 -39 50 72 -43 73 -14 -46 55 48 -26 58 80 -29 -53 -37 -23 -25 57 -57 -10 -60 -58 63 -61 76 -19 -47 67 70 -68 -70 -2 -72 -35 -12 -28 -76 77 -62 -21 -17 -7 82 -4 85 -85 -3 87 -86 -89 -87 -90 -92 -88 -94
right_child=1 3 13 7 -6 6 8 19 35 18 43 12 28 32 15 16 17 64 -20 78 21 22 23 46 47 -27 30 51 29 37 -32 -33 -34 41 -36 36 -38 38 -40 -41 -42 42 -44 -45 45 65 -48 -49 -50 -51 -52 52 -54 -55 -56 56 60 -59 59 62 61 -63 -64 -65 -66 -67 68 -69 69 -71 71 -73 -74 -75 75 -77 -78 -79 -80 -81 -82 -83 -84 84 86 89 92 88 90 -91 91 -93 93 -95
leaf_value=0 0 0.0005728769613590444 0 0.00035103069469816808 -0.00035583374645374935 0 0 0.00032273775587555916 0 0.00062718450405639138 -0.00035583374645374935 0.00035103069469816808 0.0010806513535396986 0 0.00035103069469816808 0.00035103069469816808 0.00035103069469816808 0.00035103069469816808 0.00035103069469816808 -0.00046163656874263705 0 0 0 0 0 0 0 0 -0.0015765479829148951 0.00035103069469816808 0 0 -4.5234238529025153e-05 0 0 0 0 0.00035573145190277711 0.00035103069469816808 -0.00035583374645374935 0 0 0 -0.00035583374645374935 0.0010806513535396986 0.00035103069469816808 0 0.00096155307140964412 0 0 0 0 0 0 0 0 0 -0.0012508054560894269 0 0 0 0 0 0 0.00035103069469816808 0.00095271814368355027 0 0 0 0 0 0 0.0023467327524271842 -0.00035583374645374935 0 0 0 0 0.004071720561754707 0.00035103069469816808 0 0 0 0.00061727008498618026 -0.00075978289167307259 -9.3478784104541267e-05 0.00036134135086547431 0.0012885174582008181 -0.002406485950523317 -0.00057627477985049093 0.0044532265245618751 -0.0021774893466277902 -0.00011667482182808051 0.00035103069469816808
leaf_weight=315397 33931 1676 939 198 368 3655 398 980 950 194 350 790 207 1107 441 1147 1016 425 909 127 336 470 248 608 423 4277 1261 504 467 1186 960 269 298 370 276 832 3210 197 268 132 399 319 493 416 218 774 170 261 960 680 22330 12546 486 1538 2686 966 543 202 425 2545 310 233 279 430 290 238 2616 1098 1092 6965 425 249 225 119 498 386 707 207 788 516 33498 2030 369 134 644 129 196 121 285 553 161 312 144 466
leaf_count=315397 33931 1676 939 198 368 3655 398 980 950 194 350 790 207 1107 441 1147 1016 425 909 127 336 470 248 608 423 4277 1261 504 467 1186 960 269 298 370 276 832 3210 197 268 132 399 319 493 416 218 774 170 261 960 680 22330 12546 486 1538 2686 966 543 202 425 2545 310 233 279 430 290 238 2616 1098 1092 6965 425 249 225 119 498 386 707 207 788 516 33498 2030 369 134 644 129 196 121 285 553 161 312 144 466
internal_value=0 -0.022139 -0.025938 0.0112412 0.00673635 -0.0265648 -0.0277408 0.0200975 -0.0250319 0.00787504 0.0063311 0.00891403 0.0151228 -0.00614926 0.0251639 0.0240066 0.0266633 0.019323 0.0221288 0.00931495 -0.0235677 -0.0221723 -0.0242882 -0.0205117 -0.0167424 -0.0274925 -0.0202115 -0.0254797 0.0117302 0.00812016 -0.0219422 -0.0190395 -0.0139859 -0.0129851 -0.0226999 -0.0296556 -0.0273537 0.0123017 0.00390515 -0.0137386 -0.0297081 -0.00936702 -0.0150003 -0.0208058 0.0173827 0.0198826 -0.023833 -0.00891384 -0.0111809 -0.0322882 -0.029625 -0.0259126 -0.0255712 -0.0203968 -0.0224629 -0.0244796 -0.0233002 -0.0172718 -0.031081 -0.0295667 -0.0261978 -0.0242812 -0.0311016 -0.0226101 0.0358673 0.0170194 -0.0239434 -0.023525 -0.0253431 -0.0235681 -0.0240982 -0.0310605 -0.00167926 -0.028304 -0.0213607 -0.0172232 -0.0251112 -0.0197863 0.00223596 0.0343038 -0.0302881 -0.00285075 -0.00611107 0.00314825 0.00527368 0.000928175 0.00292134 -0.00090597 0.00427616 -0.00781357 -0.00125538 0.00412419 0.0101533 0.00701986
internal_weight=0 172070 154488 17582 11654 149745 103369 5928 43487 11286 10183 9298 4477 4743 4033 3835 3394 1731 1103 1895 33028 19094 13740 6307 5354 7433 3710 13934 3687 2250 3374 2414 1405 1931 524 10459 5580 1783 597 329 59882 1407 812 885 1437 1230 4376 1644 1383 4879 59483 13536 13032 2370 3156 4206 3598 1168 4199 3249 2430 1887 2824 1654 715 1012 46376 35703 10673 8057 34605 674 595 469 2145 884 1224 517 915 1663 37153 3338 1308 4821 2463 2358 2329 1523 879 682 758 473 806 610
internal_count=487467 172070 154488 17582 11654 149745 103369 5928 43487 11286 10183 9298 4477 4743 4033 3835 3394 1731 1103 1895 33028 19094 13740 6307 5354 7433 3710 13934 3687 2250 3374 2414 1405 1931 524 10459 5580 1783 597 329 59882 1407 812 885 1437 1230 4376 1644 1383 4879 59483 13536 13032 2370 3156 4206 3598 1168 4199 3249 2430 1887 2824 1654 715 1012 46376 35703 10673 8057 34605 674 595 469 2145 884 1224 517 915 1663 37153 3338 1308 4821 2463 2358 2329 1523 879 682 758 473 806 610
is_linear=0
shrinkage=0.0951581


Tree=34
num_leaves=95
num_cat=0
split_feature=4 4 2 2 2 2 2 2 4 2 2 2 2 0 0 2 2 2 0 2 0 0 2 2 2 2 2 0 2 2 0 2 2 0 2 0 0 2 2 2 0 2 2 2 2 2 2 2 2 2 2 2 2 2 2 2 2 2 2 0 2 2 2 2 2 2 2 0 2 2 2 0 0 0 2 0 2 2 2 0 2 2 2 2 2 2 2 0 2 2 2 2 2 2
split_gain=7202.4 2016.29 131.455 88.9805 76.7402 39.3479 53.4903 48.6569 33.9741 29.2387 20.1212 18.8859 21.5451 16.9615 14.6586 12.0421 22.0579 19.7559 34.0817 22.5346 13.7837 12.0281 11.3265 19.0912 10.1879 44.0753 16.5251 14.1481 11.6991 15.708 22.9595 9.85345 11.0976 29.7284 9.57001 8.33532 8.12082 17.6327 8.38271 8.05205 7.79639 7.75732 14.2671 8.50597 6.47596 6.29167 6.19483 62.6923 13.4283 9.75101 6.14571 6.03956 8.52792 6.1406 5.85036 5.7266 15.7905 12.5735 8.54226 11.9129 5.65954 7.57519 7.31276 5.56634 7.4363 7.05072 7.03468 6.02078 5.54838 4.88578 4.7023 4.52821 4.41827 5.92577 4.38369 4.88566 5.98878 4.37084 4.3521 4.29727 4.70528 4.74764 3.87207 3.74211 3.70007 3.684 3.62696 3.5563 3.54534 3.54 5.86472 3.46687 3.46634 3.41761
threshold=0.15000000223517421 0.25000000745058065 0.20206207782030108 0.1406514793634415 0.11293309181928636 0.20071429014205935 0.19548846781253817 0.19101010262966159 0.35000000894069677 0.15954913944005969 0.13417843729257586 0.15629401057958606 0.1613835692405701 1.5000000000000002 2.5000000000000004 0.20219807326793673 0.20745369791984561 0.22736185789108279 2.5000000000000004 0.25035211443901068 2.5000000000000004 4.5000000000000009 0.18897569924592975 0.18843366950750354 0.15032467991113665 0.14926454424858096 0.15280397981405261 1.5000000000000002 0.14451952278614047 0.14503520727157596 1.5000000000000002 0.14415185153484347 0.14379280805587771 1.5000000000000002 0.13440062105655673 1.5000000000000002 2.5000000000000004 0.17006493359804156 0.16688596457242968 0.22039676457643512 2.5000000000000004 0.16013698279857638 0.1613835692405701 0.19344085454940799 0.133558563888073 0.38397435843944555 0.10504237189888956 0.10629960522055627 0.10873378813266756 0.10533428192138673 0.10947888717055322 0.14216374605894092 0.14172885566949847 0.14246211946010592 0.15298574417829516 0.16688596457242968 0.17089758068323138 0.17394282668828967 0.16587346047163012 1.5000000000000002 0.15392307937145236 0.15339080244302752 0.15529115498065951 0.14765568077564242 0.14586748182773593 0.14790198951959613 0.14551208168268207 1.5000000000000002 0.15724790096282962 0.15392307937145236 0.10458041727542879 1.5000000000000002 1.5000000000000002 2.5000000000000004 0.16259328275918963 1.5000000000000002 0.16505814343690875 0.13465463370084765 0.14094635099172595 1.5000000000000002 0.13533937186002734 0.13688258826732638 0.14122316241264346 0.12565835565328601 0.15724790096282962 0.25920708477497106 0.19548846781253817 1.5000000000000002 0.23357842862606051 0.13230550289154056 0.11526600643992425 0.1276228874921799 0.13481555134058001 0.16587346047163012
decision_type=2 2 2 2 2 2 2 2 2 2 2 2 2 2 2 2 2 2 2 2 2 2 2 2 2 2 2 2 2 2 2 2 2 2 2 2 2 2 2 2 2 2 2 2 2 2 2 2 2 2 2 2 2 2 2 2 2 2 2 2 2 2 2 2 2 2 2 2 2 2 2 2 2 2 2 2 2 2 2 2 2 2 2 2 2 2 2 2 2 2 2 2 2 2
left_child=-1 3 5 4 13 6 7 11 15 24 40 89 -13 46 -9 -4 71 20 19 -19 -18 45 23 36 25 28 -26 54 31 30 -30 32 51 -34 35 -12 38 -38 74 -22 44 -11 87 55 83 -10 70 49 -49 -48 -50 52 78 -53 -28 58 -57 -58 59 -44 61 -29 -62 64 66 67 -31 -65 -64 -56 -2 -17 -8 -74 -14 76 -76 -36 -5 -79 92 -82 -80 -6 -71 -21 -45 -43 -20 90 -3 -42 -81 -77
right_child=1 2 8 9 10 -7 72 14 21 41 34 12 22 -15 -16 16 17 18 88 85 39 -23 -24 -25 26 -27 27 60 29 63 -32 -33 33 -35 77 -37 37 -39 -40 -41 91 42 43 86 -46 -47 47 48 50 -51 -52 53 -54 -55 69 56 57 -59 -60 -61 62 -63 68 65 -66 -67 -68 -69 -70 84 -72 -73 73 -75 75 93 -78 79 82 80 81 -83 -84 -85 -86 -87 -88 -89 -90 -91 -92 -93 -94 -95
leaf_value=0 0 0.00014857590034515278 0.00031762728466309752 0 0 -0.00032197328719297104 0.00031762728466309752 -0.00032197328719297104 0.00036863773219435848 0 0 0.00031762728466309752 -0.00076006620729736211 0 0.0035924485194627578 -0.002548650105831825 0.00031762728466309752 -0.0047819356380910984 0.00031762728466309752 0.00031762728466309752 0.00031762728466309752 -0.00041026301967098263 0.00031762728466309752 -0.00032197328719297104 0 0 0 0 0.0028662773904949254 0 0 0 0.0028662773904949254 0 0 0 -0.00011002309275705258 0.00031762728466309752 0 0.00031969039536028143 0 0 0 0 0 -0.00021467401476473529 0 0 0 0.0052225423182294612 0 0 0 0 0 0 0 0 0 0 -0.0019702836219120399 0 0 0 0 0 -8.4583521661156681e-05 0.0028662773904949254 0 0 0 0.00031762728466309752 0.00031762728466309752 0.00031762728466309752 9.8526059183686812e-05 0.00024819797718245645 -0.00044967670211084606 0 0 0 0 0 0 0 0 0.00031762728466309752 0 0.0001958482099013928 0.00031762728466309752 0.0002610324318331946 0 0 0 0.00031762728466309752
leaf_weight=315397 33838 1171 198 380 37107 368 329 705 1469 993 278 1062 211 3368 163 119 1172 726 107 182 336 269 303 156 2402 4752 181 285 352 1010 111 1039 195 117 506 120 266 512 1828 180 177 126 864 209 386 157 199 2252 744 796 4984 356 505 2277 492 619 720 3335 1366 704 408 238 829 137 2243 1303 320 174 437 1583 326 321 425 254 213 222 168 7640 450 106 857 2220 863 22202 568 128 2689 180 601 2320 874 198 262 177
leaf_count=315397 33838 1171 198 380 37107 368 329 705 1469 993 278 1062 211 3368 163 119 1172 726 107 182 336 269 303 156 2402 4752 181 285 352 1010 111 1039 195 117 506 120 266 512 1828 180 177 126 864 209 386 157 199 2252 744 796 4984 356 505 2277 492 619 720 3335 1366 704 408 238 829 137 2243 1303 320 174 437 1583 326 321 425 254 213 222 168 7640 450 106 857 2220 863 22202 568 128 2689 180 601 2320 874 198 262 177
internal_value=0 -0.0221396 0.00828841 -0.0256267 -0.0268822 0.00243839 0.00343052 0.00139276 0.0197894 -0.0214698 -0.0288271 0.00336661 0.00728839 -0.0238688 -0.0201718 0.0246897 0.0235192 0.0260908 0.018988 0.00799108 0.0334294 0.00926473 0.00412915 0.00270033 -0.0195632 -0.0208746 -0.0166331 -0.0197385 -0.0177657 -0.0146358 0.00215801 -0.0206263 -0.0189188 -0.00152497 -0.0252678 -0.0107591 0.00411373 0.0127204 0.00173843 0.0204701 -0.0295375 -0.0253473 -0.024608 -0.025198 -0.0296234 0.0123483 -0.023361 -0.0211362 -0.0239445 0.00138673 -0.021497 -0.0200421 -0.0237246 -0.016968 -0.0241939 -0.0235269 -0.0214584 -0.0236194 -0.026822 -0.0220296 -0.0140117 -0.0226524 -0.0113121 -0.0161349 -0.01823 -0.0114968 -0.0125923 0.00137689 -0.0148825 -0.0230604 -0.0239455 0.00346029 0.0243559 0.0199706 0.00878604 0.0120778 0.00437078 -0.025766 -0.0204874 -0.0253712 -0.0225811 -0.0237973 -0.0230829 -0.0295435 -0.0250172 0.0294683 -0.029585 -0.00435364 0.0350795 -0.00123171 -0.00411809 -0.0158597 -0.0124119 0.0194371
internal_weight=0 172070 17692 154378 118566 11727 11359 10351 5965 35812 72059 9483 5118 46507 868 4070 3872 3432 1744 1036 1688 1895 4056 3753 24007 16584 7423 5021 11832 5650 463 6182 5143 312 11989 398 3597 778 2819 516 60070 11805 10812 10506 59695 1626 43139 8975 7980 995 5728 4831 2198 2633 2824 7608 4674 4055 2934 1568 2197 523 1674 5187 3573 1614 1330 311 1266 2643 34164 440 1008 679 991 780 381 11591 1693 11085 3445 3077 1313 59309 2151 310 2898 306 708 4365 2045 375 368 399
internal_count=487467 172070 17692 154378 118566 11727 11359 10351 5965 35812 72059 9483 5118 46507 868 4070 3872 3432 1744 1036 1688 1895 4056 3753 24007 16584 7423 5021 11832 5650 463 6182 5143 312 11989 398 3597 778 2819 516 60070 11805 10812 10506 59695 1626 43139 8975 7980 995 5728 4831 2198 2633 2824 7608 4674 4055 2934 1568 2197 523 1674 5187 3573 1614 1330 311 1266 2643 34164 440 1008 679 991 780 381 11591 1693 11085 3445 3077 1313 59309 2151 310 2898 306 708 4365 2045 375 368 399
is_linear=0
shrinkage=0.0951581


Tree=35
num_leaves=95
num_cat=0
split_feature=3 2 2 2 2 2 2 0 2 0 2 2 2 2 2 2 2 2 2 2 0 0 2 2 2 2 0 0 2 2 0 2 2 2 3 0 2 2 2 2 0 2 0 2 2 2 2 2 2 2 0 2 2 2 2 0 2 2 2 2 0 2 0 0 2 2 2 2 2 0 2 2 2 2 2 2 2 2 2 2 0 2 2 0 2 2 2 2 0 2 2 2 0 2
split_gain=4845.43 1994.31 221.691 112.206 77.6522 51.178 44.6295 41.8663 31.0249 25.5658 21.6496 17.1643 50.6038 43.7531 48.3278 15.5154 36.7697 30.6482 23.1846 15.4772 14.5042 14.3512 12.4679 12.1636 10.9979 28.0124 15.1467 14.6713 10.5765 16.8325 12.6288 10.2162 10.132 9.66818 8.98948 8.26224 7.1642 20.3034 8.35419 11.8777 17.3012 6.89626 6.85446 6.71497 9.564 6.69512 6.31667 10.1769 6.30554 10.3008 7.34028 6.93363 6.27079 6.02036 5.98497 7.13553 5.98253 5.86404 16.0427 5.62119 5.44484 6.11249 5.38592 5.31713 6.42946 10.6566 9.11559 5.15159 10.4857 11.7082 5.1099 9.38842 10.9847 9.99749 6.06372 5.02874 4.84277 5.17683 4.82262 5.43949 4.74134 4.50009 4.37564 10.875 4.36888 4.95525 4.76369 4.12936 4.58199 4.08146 3.97429 3.9255 3.92471 5.63767
threshold=0.15000000223517421 0.11084018647670747 0.13417843729257586 0.10074627026915552 0.20206207782030108 0.20071429014205935 0.11854497343301774 2.5000000000000004 0.22736185789108279 2.5000000000000004 0.15954913944005969 0.17280431091785434 0.15724790096282962 0.19548846781253817 0.19101010262966159 0.15119115263223651 0.14926454424858096 0.14216374605894092 0.15188746154308322 0.1613835692405701 4.5000000000000009 1.5000000000000002 0.18897569924592975 0.18843366950750354 0.20745369791984561 0.20219807326793673 2.5000000000000004 2.5000000000000004 0.24886304885149005 0.28112535178661352 2.5000000000000004 0.14246211946010592 0.13440062105655673 0.12565835565328601 0.25000000745058065 2.5000000000000004 0.14451952278614047 0.14586748182773593 0.14415185153484347 0.14379280805587771 1.5000000000000002 0.14551208168268207 1.5000000000000002 0.19510195404291156 0.19101010262966159 0.22039676457643512 0.16013698279857638 0.16159114986658099 0.10629960522055627 0.10533428192138673 1.5000000000000002 0.10317540168762208 0.133558563888073 0.19344085454940799 0.15886382013559344 1.5000000000000002 0.38397435843944555 0.19344085454940799 0.17660956084728244 0.10840395465493204 1.5000000000000002 0.17394282668828967 1.5000000000000002 1.5000000000000002 0.14741302281618121 0.14790198951959613 0.14765568077564242 0.15032467991113665 0.15092624723911288 1.5000000000000002 0.15220635384321216 0.15280397981405261 0.15392307937145236 0.15529115498065951 0.15803226083517077 0.19548846781253817 0.18724054098129275 0.19101010262966159 0.17089758068323138 0.16688596457242968 2.5000000000000004 0.15255323797464374 0.14503520727157596 1.5000000000000002 0.11984848231077196 0.1201351322233677 0.12061157822608949 0.14295635372400287 1.5000000000000002 0.13465463370084765 0.19238026440143588 0.16587346047163012 1.5000000000000002 0.13533937186002734
decision_type=2 2 2 2 2 2 2 2 2 2 2 2 2 2 2 2 2 2 2 2 2 2 2 2 2 2 2 2 2 2 2 2 2 2 2 2 2 2 2 2 2 2 2 2 2 2 2 2 2 2 2 2 2 2 2 2 2 2 2 2 2 2 2 2 2 2 2 2 2 2 2 2 2 2 2 2 2 2 2 2 2 2 2 2 2 2 2 2 2 2 2 2 2 2
left_child=1 3 6 -1 5 7 -3 11 24 33 15 12 -2 14 22 16 17 32 -17 -14 28 -15 23 -13 25 -6 -26 -27 30 34 -10 -19 42 84 35 -30 38 41 39 87 -41 82 -4 44 -9 -28 -12 -48 49 51 -51 -5 -35 90 55 81 -31 58 60 -50 61 78 -21 -39 -65 66 -66 80 69 -69 -57 -72 -73 -74 -75 -59 -60 -78 79 -49 -18 -20 83 -38 -8 -86 -87 -33 -89 -34 -16 -62 -91 -94
right_child=4 2 10 48 8 -7 9 43 20 -11 46 13 19 21 53 18 67 31 54 62 -22 -23 -24 -25 26 27 45 -29 29 56 -32 36 89 52 -36 -37 37 63 -40 40 -42 -43 -44 -45 -46 -47 47 57 59 50 -52 -53 -54 -55 -56 70 -58 75 76 -61 91 -63 -64 64 65 -67 -68 68 -70 -71 71 72 73 74 -76 -77 77 -79 -80 -81 -82 -83 -84 -85 85 86 -88 88 -90 92 -92 -93 93 -95
leaf_value=0 0.00030211745115369147 0 0 0 0.00028740247928802878 -0.00029133492452302267 0 0.00028740247928802878 0.00033355887012084362 0 0 0.00093835571708493503 0.00028740247928802878 0.00028740247928802878 -0.00029133492452302267 0 0 0 0 0.00038327399030073242 -0.00037122317479337238 0.00028740247928802878 0.00028740247928802878 -0.00029133492452302267 0.00028740247928802878 -0.0023061254326142032 0.00028740247928802878 0.00028740247928802878 0.00028740247928802878 0.0036491845526944607 0.00028740247928802878 0 0 0 0.0045770479526310425 0.00028740247928802878 0.0025935279119022347 0 0 0.0025935279119022347 0 0.00087810232507617005 0 0.00028740247928802878 -0.0032404711281913364 0.00027861486593518608 0 0 0 0 0 0 0 -0.00029133492452302267 0 0 -0.00019424604579402338 0 0 0 0 0 0.00029400923949804626 0 0 0 0.0025935279119022347 0.0052225423182294612 0 0 0.0052225423182294612 0 0.0045685430692772545 0 0 0 0 0 0 0 0 0 0 0 0 0 0 0 0 0 -0.00029133492452302267 0 0 0
leaf_weight=313058 4709 30754 284 1249 199 368 3491 892 759 384 1082 1211 740 328 130 612 4790 346 240 569 278 530 218 144 1338 364 410 126 458 834 294 1381 513 24061 129 382 335 2140 1013 184 107 284 124 284 127 200 526 1508 7660 2765 558 5083 389 312 222 201 157 187 1855 9357 618 375 815 555 122 419 155 143 286 112 218 456 339 870 210 2776 478 189 433 390 132 2945 980 131 4486 537 18070 596 326 9382 277 2126 379 3908
leaf_count=313058 4709 30754 284 1249 199 368 3491 892 759 384 1082 1211 740 328 130 612 4790 346 240 569 278 530 218 144 1338 364 410 126 458 834 294 1381 513 24061 129 382 335 2140 1013 184 107 284 124 284 127 200 526 1508 7660 2765 558 5083 389 312 222 201 157 187 1855 9357 618 375 815 555 122 419 155 143 286 112 218 456 339 870 210 2776 478 189 433 390 132 2945 980 131 4486 537 18070 596 326 9382 277 2126 379 3908
internal_value=0 -0.0396342 -0.0296185 -0.0434714 0.0112466 0.00673635 -0.0326195 0.00787504 0.0201135 -0.0309044 -0.0244792 0.00578117 0.0084602 -3.02089e-05 -0.0068919 -0.0232767 -0.0242036 -0.0225791 -0.019 0.0206534 0.0139513 0.0182996 0.00245003 -0.00094807 0.0278041 0.017471 0.0314588 0.0052434 0.0158702 0.0200026 0.00817835 -0.0182367 -0.0252798 -0.0310885 0.0289206 0.0325123 -0.0188724 -0.0165844 -0.0221209 -0.0192591 -0.00114451 -0.0081957 -0.0104954 0.0239173 0.020311 0.0190316 -0.0278768 -0.0272206 -0.0375466 -0.0356042 -0.0313137 -0.0378558 -0.0297228 -0.0273298 -0.0208894 -0.02151 0.0112826 -0.0278426 -0.0264991 -0.0386487 -0.029403 -0.0263742 0.0147138 -0.0208641 -0.0159357 -0.00984394 0.00463767 -0.0312404 -0.0224264 -0.0083963 -0.0174636 -0.0160719 -0.018245 -0.0141161 -0.0185911 -0.0314571 -0.0202239 -0.0271778 -0.0281882 -0.0261208 -0.0322091 -0.0244244 -0.0108583 -0.00326723 -0.0323446 -0.0328189 -0.0321345 -0.021548 -0.0166165 -0.0257052 -0.0349536 -0.0323898 -0.0253924 -0.0230071
internal_weight=0 469885 130155 339730 17582 11654 82172 11286 5928 51418 47983 9983 6833 3150 2292 35440 29127 23664 6313 2124 3291 858 1573 1355 2637 689 1948 490 3013 1960 1053 9074 14590 51034 969 840 8728 5121 3607 2594 291 1730 408 1303 1019 610 12543 11461 26672 9655 3323 6332 24450 719 5701 5479 991 10935 7972 17017 5450 2706 1384 3391 1251 696 277 5463 541 255 2294 2093 1875 1419 1080 2963 2522 667 2331 1898 4922 3185 1446 466 26584 23093 18607 2303 922 14182 407 2744 13669 4287
internal_count=487467 469885 130155 339730 17582 11654 82172 11286 5928 51418 47983 9983 6833 3150 2292 35440 29127 23664 6313 2124 3291 858 1573 1355 2637 689 1948 490 3013 1960 1053 9074 14590 51034 969 840 8728 5121 3607 2594 291 1730 408 1303 1019 610 12543 11461 26672 9655 3323 6332 24450 719 5701 5479 991 10935 7972 17017 5450 2706 1384 3391 1251 696 277 5463 541 255 2294 2093 1875 1419 1080 2963 2522 667 2331 1898 4922 3185 1446 466 26584 23093 18607 2303 922 14182 407 2744 13669 4287
is_linear=0
shrinkage=0.0951581


Tree=36
num_leaves=25
num_cat=0
split_feature=4 3 4 0 4 4 0 0 0 0 0 3 3 0 0 4 4 3 0 0 0 4 0 4
split_gain=7157.38 2313.88 211.612 33.3772 42.2254 14.03 6.47441 6.20622 5.77409 5.41328 4.33063 3.61314 3.0433 1.84005 0.491677 0.832189 0.185426 0.391898 0.183409 0.0477934 0.0210065 0.0167257 0.00700137 0.00521677
threshold=0.15000000223517421 0.15000000223517421 0.25000000745058065 2.5000000000000004 0.35000000894069677 0.25000000745058065 4.5000000000000009 1.5000000000000002 2.5000000000000004 1.5000000000000002 3.5000000000000004 0.35000000894069677 0.25000000745058065 1.5000000000000002 1.5000000000000002 0.35000000894069677 0.45000000298023229 0.35000000894069677 3.5000000000000004 2.5000000000000004 3.5000000000000004 0.35000000894069677 1.5000000000000002 0.25000000745058065
decision_type=2 2 2 2 2 2 2 2 2 2 2 2 2 2 2 2 2 2 2 2 2 2 2 2
left_child=22 2 7 5 10 13 16 -2 -9 -4 23 -8 14 -3 21 -16 18 20 -6 -11 -18 -7 -1 -5
right_child=1 3 9 4 6 12 11 8 -10 19 -12 -13 -14 -15 15 -17 17 -19 -20 -21 -22 -23 -24 -25
leaf_value=0 0 0.00060608079912766893 0 0.0012947065384485176 0.00020981674434633995 0.00026005380862830651 -0.00033589828694330484 0 0 0 0.00026005380862830651 9.9028286673482832e-05 0.0048119263937119383 0.00014986299788281228 0.00026005380862830651 0.00021588849054147218 0.0077814310190841979 0.005989689026449683 0.00023094146832329605 -0.0001517888935603022 0.0034314151442587297 0.00022959911509355397 0 0.00026005380862830651
leaf_weight=310726 113386 1992 2798 150 339 3390 137 34831 1528 1364 215 136 328 2491 4790 467 163 153 187 581 120 373 4671 2151
leaf_count=310726 113386 1992 2798 150 339 3390 137 34831 1528 1364 215 136 328 2491 4790 467 163 153 187 581 120 373 4671 2151
internal_value=0 -0.0222154 -0.025938 0.0104943 0.0184557 0.00833519 0.00404518 -0.0265648 -0.0276466 -0.00614926 0.0255293 -0.00888839 0.010434 0.00395873 0.0101066 0.00951219 0.00771552 0.0091666 0.00651272 -0.0100051 0.0112643 0.010937 -0.0463429 0.0267361
internal_weight=0 172070 154488 17582 3751 13831 1235 149745 36359 4743 2516 273 9348 4483 9020 5257 962 436 526 1945 283 3763 315397 2301
internal_count=487467 172070 154488 17582 3751 13831 1235 149745 36359 4743 2516 273 9348 4483 9020 5257 962 436 526 1945 283 3763 315397 2301
is_linear=0
shrinkage=0.0951581


Tree=37
num_leaves=24
num_cat=0
split_feature=4 3 4 0 4 4 0 0 0 0 0 3 3 0 0 4 0 3 4 0 0 4 4
split_gain=7152.46 2301.28 212.861 31.2511 46.0991 13.8541 6.20622 5.77409 5.5104 5.17289 4.30531 3.61314 3.07088 1.84005 0.542918 0.541046 0.32246 0.230358 0.0167257 0.0130851 0.00700137 0.00448798 4.5108e-05
threshold=0.15000000223517421 0.15000000223517421 0.25000000745058065 2.5000000000000004 0.35000000894069677 0.25000000745058065 1.5000000000000002 2.5000000000000004 4.5000000000000009 1.5000000000000002 3.5000000000000004 0.35000000894069677 0.25000000745058065 1.5000000000000002 1.5000000000000002 0.35000000894069677 3.5000000000000004 0.25000000745058065 0.35000000894069677 2.5000000000000004 1.5000000000000002 0.45000000298023229 0.25000000745058065
decision_type=2 2 2 2 2 2 2 2 2 2 2 2 2 2 2 2 2 2 2 2 2 2 2
left_child=20 2 6 5 10 13 -2 -8 16 -4 22 -10 14 -3 18 -16 17 -6 -7 -11 -1 -18 -5
right_child=1 3 9 4 8 12 7 -9 11 19 -12 -13 -14 -15 15 -17 21 -19 -20 -21 -22 -23 -24
leaf_value=0 0 0.00054840730859416281 0 0.0011715047386285059 0.00018985098394566996 0.00023530758520114248 0 0 -0.00030393484790988148 0 0.00023530758520114248 8.9604944171572717e-05 0.004354032674400733 0.00013560232141499327 0.00023530758520114248 0.00019534495437689302 0.00020896551956149924 0.0041215390564844296 0.00020775090209966296 -0.00013734495254048791 0 0.0031048882370810463 0.00023530758520114248
leaf_weight=310726 113386 1992 2798 150 243 3390 34831 1528 137 1364 215 136 328 2491 4790 467 187 336 373 581 4671 196 2151
leaf_count=310726 113386 1992 2798 150 243 3390 34831 1528 137 1364 215 136 328 2491 4790 467 187 336 373 581 4671 196 2151
internal_value=0 -0.0222236 -0.0259361 0.0103969 0.0181006 0.00830767 -0.0265648 -0.0276466 0.00304352 -0.00608907 0.0254915 -0.00888839 0.0103933 0.00395873 0.0100644 0.00943978 0.0064296 0.00501265 0.010937 -0.00985828 -0.0463429 0.00857168 0.0266947
internal_weight=0 172070 154488 17582 3751 13831 149745 36359 1235 4743 2516 273 9348 4483 9020 5257 962 579 3763 1945 315397 383 2301
internal_count=487467 172070 154488 17582 3751 13831 149745 36359 1235 4743 2516 273 9348 4483 9020 5257 962 579 3763 1945 315397 383 2301
is_linear=0
shrinkage=0.0951581


Tree=38
num_leaves=95
num_cat=0
split_feature=4 4 2 2 2 2 2 2 2 2 2 2 2 0 2 0 0 0 2 2 2 4 2 2 2 0 2 2 0 2 2 0 0 2 2 0 4 2 0 4 0 0 2 2 2 2 4 2 2 2 2 2 2 2 2 2 2 2 2 2 2 2 0 2 0 2 4 2 2 2 2 2 2 2 0 2 2 2 0 0 2 2 0 2 2 2 2 2 2 2 0 2 2 2
split_gain=7146.56 1909.03 103.778 88.9805 76.7402 51.7052 47.9542 29.2387 20.1212 17.5106 22.6886 17.0955 82.1866 16.9615 16.472 29.0018 14.6586 12.1007 18.5182 12.2173 18.8021 11.916 10.1879 44.0753 16.5251 14.1481 11.6991 15.708 22.9595 9.99438 28.1105 14.7726 14.2185 9.85345 11.0976 29.7284 9.63474 9.57001 8.33532 8.24292 7.95997 7.79639 7.75732 14.2671 8.50597 7.19325 18.7928 6.47596 6.40858 6.19483 62.6923 13.4283 9.75101 6.14571 6.03956 8.52792 6.1406 5.85036 5.7266 15.7905 12.5735 8.54226 11.9129 5.68196 6.6695 6.47016 5.66506 5.65954 7.57519 7.31276 5.56634 7.4363 7.05072 7.03468 6.02078 5.54838 4.88578 4.7023 4.41827 5.92577 4.37084 4.3521 4.29727 4.70528 4.74764 4.25333 3.87207 3.74211 3.70007 3.62696 3.5563 3.54 5.86472 3.46687
threshold=0.15000000223517421 0.25000000745058065 0.19548846781253817 0.1406514793634415 0.11293309181928636 0.28112535178661352 0.19101010262966159 0.15954913944005969 0.13417843729257586 0.15629401057958606 0.1613835692405701 0.20206207782030108 0.20071429014205935 1.5000000000000002 0.22736185789108279 2.5000000000000004 2.5000000000000004 2.5000000000000004 0.17006493359804156 0.18897569924592975 0.18843366950750354 0.45000000298023229 0.15032467991113665 0.14926454424858096 0.15280397981405261 1.5000000000000002 0.14451952278614047 0.14503520727157596 1.5000000000000002 0.20745369791984561 0.20219807326793673 2.5000000000000004 2.5000000000000004 0.14415185153484347 0.14379280805587771 1.5000000000000002 0.35000000894069677 0.13440062105655673 1.5000000000000002 0.35000000894069677 4.5000000000000009 2.5000000000000004 0.16013698279857638 0.1613835692405701 0.19344085454940799 0.25035211443901068 0.35000000894069677 0.133558563888073 0.22039676457643512 0.10504237189888956 0.10629960522055627 0.10873378813266756 0.10533428192138673 0.10947888717055322 0.14216374605894092 0.14172885566949847 0.14246211946010592 0.15298574417829516 0.16688596457242968 0.17089758068323138 0.17394282668828967 0.16587346047163012 1.5000000000000002 0.16688596457242968 1.5000000000000002 0.16587346047163012 0.35000000894069677 0.15392307937145236 0.15339080244302752 0.15529115498065951 0.14765568077564242 0.14586748182773593 0.14790198951959613 0.14551208168268207 1.5000000000000002 0.15724790096282962 0.15392307937145236 0.10458041727542879 1.5000000000000002 2.5000000000000004 0.13465463370084765 0.14094635099172595 1.5000000000000002 0.13533937186002734 0.13688258826732638 0.23642505705356601 0.14122316241264346 0.12565835565328601 0.15724790096282962 0.19548846781253817 1.5000000000000002 0.13230550289154056 0.11526600643992425 0.1276228874921799
decision_type=2 2 2 2 2 2 2 2 2 2 2 2 2 2 2 2 2 2 2 2 2 2 2 2 2 2 2 2 2 2 2 2 2 2 2 2 2 2 2 2 2 2 2 2 2 2 2 2 2 2 2 2 2 2 2 2 2 2 2 2 2 2 2 2 2 2 2 2 2 2 2 2 2 2 2 2 2 2 2 2 2 2 2 2 2 2 2 2 2 2 2 2 2 2
left_child=-1 3 6 4 13 11 9 22 41 91 -11 12 78 49 29 45 -8 19 -19 20 63 -7 23 26 -24 57 33 28 -28 30 -13 -32 39 34 54 -36 85 38 -10 -31 -23 47 -9 90 58 66 -47 87 -34 77 52 -52 -51 -53 55 81 -56 -26 61 -60 -61 62 -45 64 -12 -66 -16 68 -27 -69 71 73 74 -29 -72 -71 -59 -2 -4 -80 -39 -5 -82 -84 -85 -17 -83 -6 -78 -46 -44 92 -3 -43
right_child=1 2 5 7 8 21 16 42 37 10 17 14 -14 -15 15 36 -18 18 -20 -21 -22 40 24 -25 25 67 27 70 -30 32 31 -33 48 -35 35 -37 -38 80 -40 -41 -42 93 43 44 89 46 -48 -49 -50 50 51 53 -54 -55 56 -57 -58 76 59 60 -62 -63 -64 -65 65 -67 -68 69 -70 75 72 -73 -74 -75 -76 -77 88 -79 79 -81 82 86 83 84 -86 -87 -88 -89 -90 -91 -92 -93 -94 -95
leaf_value=0 0 8.8644041232225412e-05 0.00021291616510155524 0 0 -0.0001695760090075568 -0.00031074969341698158 0 0 0.00021291616510155524 -6.3888063740346289e-05 0.00021291616510155524 -0.00031074969341698158 0 -0.0044013820959544038 0.0092218786684946617 0.0031761116698731627 -7.2040081304230555e-05 0.00021291616510155524 0.00021291616510155524 -0.00031074969341698158 0.0032647435879928632 0 0 0 0 0.0023467327524271842 0 0 0.00021291616510155524 -0.0021338165873256263 0.00021291616510155524 0.00021291616510155524 0 0.0023467327524271842 0 0.00017178512714715935 0 0 0.00014402611844141329 -0.00027501298864794291 0 0 0 0 0.00021291616510155524 -5.0804135317441853e-05 0 0.00021561916661991338 0 0 0 0.0047255751722899003 0 0 0 0 0 0 0 0 0 0 0 0.00014946493115585712 0.00021228747842648072 0.00026268585683174539 -0.0018387084514361587 0 0 0 0 0 -0.00021514251658218833 0.0023467327524271842 0 0 0 0.00021291616510155524 0.00021291616510155524 0 0 0 0 0 0.00021291616510155524 0 0 0 0 0.00012269866366555583 0.00016030652170546106 0 0
leaf_weight=315397 33838 1171 329 380 37107 386 705 993 278 1062 501 199 368 3368 726 140 163 266 597 234 140 630 2402 4752 181 285 352 1010 111 1172 363 126 412 1039 195 117 191 506 120 183 229 177 126 864 209 284 134 386 206 199 2252 744 796 4984 356 505 2277 492 619 720 3335 1366 704 1828 313 177 127 408 238 829 137 2243 1303 320 174 437 1583 326 425 254 7640 450 368 857 2220 457 863 22202 568 2689 180 2320 874 198
leaf_count=315397 33838 1171 329 380 37107 386 705 993 278 1062 501 199 368 3368 726 140 163 266 597 234 140 630 2402 4752 181 285 352 1010 111 1172 363 126 412 1039 195 117 191 506 120 183 229 177 126 864 209 284 134 386 206 199 2252 744 796 4984 356 505 2277 492 619 720 3335 1366 704 1828 313 177 127 408 238 829 137 2243 1303 320 174 437 1583 326 425 254 7640 450 368 857 2220 457 863 22202 568 2689 180 2320 874 198
internal_value=0 -0.0222336 0.00737405 -0.0256267 -0.0268822 0.0160282 0.00123648 -0.0214698 -0.0288271 0.00319602 0.00697231 0.0196373 0.0103042 -0.0238688 0.0223581 0.0159675 -0.0201718 0.00373031 0.0137279 0.00102817 -0.000627098 -0.00164329 -0.0195632 -0.0208746 -0.0166331 -0.0197385 -0.0177657 -0.0146358 0.00215801 0.027303 0.0174272 0.00515683 0.0307467 -0.0206263 -0.0189188 -0.00152497 0.0303105 -0.0252678 -0.0107591 0.0362022 0.00459728 -0.0295375 -0.0253473 -0.024608 -0.025198 0.00707509 0.0173015 -0.0296234 0.0187853 -0.023361 -0.0211362 -0.0239445 0.00138673 -0.021497 -0.0200421 -0.0237246 -0.016968 -0.0241939 -0.0235269 -0.0214584 -0.0236194 -0.026822 -0.0220296 0.00106331 0.00686559 0.0147592 0.0020638 -0.0140117 -0.0226524 -0.0113121 -0.0161349 -0.01823 -0.0114968 -0.0125923 0.00137689 -0.0148825 -0.0230604 -0.0239455 0.0243559 0.0199706 -0.025766 -0.0204874 -0.0253712 -0.0225811 -0.0237973 0.0362621 -0.0230829 -0.0295435 -0.0250172 -0.029585 -0.00435364 -0.00123171 -0.00411809 -0.0158597
internal_weight=0 172070 17692 154378 118566 7341 10351 35812 72059 9483 5118 6096 1376 46507 4720 2059 868 4056 863 3193 2959 1245 24007 16584 7423 5021 11832 5650 463 2661 688 489 1973 6182 5143 312 788 11989 398 1355 859 60070 11805 10812 10506 1271 418 59695 618 43139 8975 7980 995 5728 4831 2198 2633 2824 7608 4674 4055 2934 1568 2819 991 490 853 2197 523 1674 5187 3573 1614 1330 311 1266 2643 34164 1008 679 11591 1693 11085 3445 3077 597 1313 59309 2151 2898 306 4365 2045 375
internal_count=487467 172070 17692 154378 118566 7341 10351 35812 72059 9483 5118 6096 1376 46507 4720 2059 868 4056 863 3193 2959 1245 24007 16584 7423 5021 11832 5650 463 2661 688 489 1973 6182 5143 312 788 11989 398 1355 859 60070 11805 10812 10506 1271 418 59695 618 43139 8975 7980 995 5728 4831 2198 2633 2824 7608 4674 4055 2934 1568 2819 991 490 853 2197 523 1674 5187 3573 1614 1330 311 1266 2643 34164 1008 679 11591 1693 11085 3445 3077 597 1313 59309 2151 2898 306 4365 2045 375
is_linear=0
shrinkage=0.0951581


Tree=39
num_leaves=95
num_cat=0
split_feature=4 3 4 2 2 2 2 2 2 2 2 2 2 2 2 4 3 2 4 2 2 4 2 2 2 2 2 2 2 2 2 2 2 2 2 2 2 2 2 2 2 2 4 2 2 2 2 2 2 2 2 2 2 2 2 2 2 2 2 2 2 2 2 2 2 2 2 2 4 2 2 2 2 2 4 2 2 2 2 2 2 2 2 2 2 2 2 2 2 2 2 2 2 2
split_gain=7124.61 2245.64 211.612 50.9818 60.8367 47.7062 62.3347 50.2489 32.5131 28.7089 76.7207 36.4523 28.0042 20.9169 18.2664 32.8474 13.9844 13.5397 11.0935 10.9979 28.0124 10.1604 9.73149 24.226 18.362 17.4117 16.0576 15.3232 12.3238 9.80465 7.8945 11.4533 7.80137 7.49551 12.3471 6.99963 22.0202 6.8049 6.72919 9.20105 6.19506 6.10263 16.5882 6.98799 25.1957 12.1132 5.72509 5.3951 5.21622 4.9982 4.94449 5.50428 4.88906 4.84857 4.8048 4.50517 4.4838 4.40547 4.38618 4.01046 3.82296 6.94081 3.64129 3.63708 5.61713 3.47701 26.16 9.00161 7.11919 6.16493 18.6069 4.28373 4.02059 3.96578 3.95443 6.5381 16.9775 9.70099 3.80226 3.57937 3.45012 3.42587 4.13101 3.27337 3.25238 2.99946 40.828 11.4377 6.52097 3.67974 4.56627 2.99498 2.92046 2.84279
threshold=0.15000000223517421 0.15000000223517421 0.25000000745058065 0.11293309181928636 0.13417843729257586 0.20206207782030108 0.22736185789108279 0.20071429014205935 0.15954913944005969 0.19548846781253817 0.19101010262966159 0.15724790096282962 0.1613835692405701 0.28112535178661352 0.24886304885149005 0.35000000894069677 0.25000000745058065 0.16259328275918963 0.25000000745058065 0.20745369791984561 0.20219807326793673 0.35000000894069677 0.14216374605894092 0.14586748182773593 0.15032467991113665 0.15280397981405261 0.14451952278614047 0.14926454424858096 0.14246211946010592 0.13440062105655673 0.14415185153484347 0.14379280805587771 0.18582589179277423 0.15119115263223651 0.15092624723911288 0.17394282668828967 0.18724054098129275 0.133558563888073 0.15188746154308322 0.15220635384321216 0.19344085454940799 0.17089758068323138 0.25000000745058065 0.18724054098129275 0.18897569924592975 0.18843366950750354 0.23021738976240161 0.25035211443901068 0.24515175819396975 0.15886382013559344 0.14551208168268207 0.14503520727157596 0.16259328275918963 0.17006493359804156 0.12565835565328601 0.13465463370084765 0.26417112350463873 0.14172885566949847 0.17660956084728244 0.14620192348957065 0.15339080244302752 0.15529115498065951 0.15460605919361117 0.16013698279857638 0.16159114986658099 0.1483045965433121 0.14895787835121158 0.14379280805587771 0.25000000745058065 0.15092624723911288 0.15153882652521136 0.14670995622873309 0.15280397981405261 0.15392307937145236 0.25000000745058065 0.13263087719678882 0.1393149867653847 0.11630280315876008 0.1393149867653847 0.14172885566949847 0.31587702035903936 0.15563492476940158 0.1583974361419678 0.168457105755806 0.15724790096282962 0.10629960522055627 0.10533428192138673 0.10840395465493204 0.10916084051132204 0.10458041727542879 0.10504237189888956 0.15153882652521136 0.19291979819536212 0.14295635372400287
decision_type=2 2 2 2 2 2 2 2 2 2 2 2 2 2 2 2 2 2 2 2 2 2 2 2 2 2 2 2 2 2 2 2 2 2 2 2 2 2 2 2 2 2 2 2 2 2 2 2 2 2 2 2 2 2 2 2 2 2 2 2 2 2 2 2 2 2 2 2 2 2 2 2 2 2 2 2 2 2 2 2 2 2 2 2 2 2 2 2 2 2 2 2 2 2
left_child=-1 2 3 85 37 7 19 9 22 10 11 65 -13 14 46 47 80 -4 -11 20 -7 -21 29 26 27 33 28 59 -24 -6 31 93 -19 34 -26 53 58 54 91 -40 92 52 -43 -44 45 -45 -8 -16 -48 60 51 -28 -14 63 -5 -31 -17 -57 -37 -25 -27 62 -62 -10 -65 67 -67 74 69 -68 -71 -69 -72 -74 75 77 -77 -3 -76 -78 -15 -63 84 -66 -83 86 89 -87 -89 -2 -91 -35 -12 -30
right_child=1 5 17 4 8 6 13 -9 35 18 40 12 41 16 15 56 -18 32 -20 21 -22 -23 23 24 25 49 50 -29 30 55 -32 -33 -34 38 -36 36 -38 -39 39 -41 -42 42 43 44 -46 -47 48 -49 -50 -51 -52 -53 -54 -55 -56 57 -58 -59 -60 -61 61 81 -64 64 83 66 68 71 -70 70 72 -73 73 -75 78 76 79 -79 -80 -81 -82 82 -84 -85 -86 87 -88 88 -90 90 -92 -93 -94 -95
leaf_value=0 0 0.00067500018524355447 0 0 0 0.00019265546974527782 -0.00066462018459650073 -0.00028117934648078227 0 0.00030547420280819284 -0.00028117934648078227 0.00019265546974527782 0.00083148813367060965 -0.0001534394800756336 0.00019265546974527782 -4.5969710894971199e-05 0.0024987662459305848 0 0.00019265546974527782 0.00019265546974527782 0.00019265546974527782 0.00016882006472825737 0 0 0 0 0 0 0 0 0 0 -3.0387433096354929e-06 0 0 0 0 0 0 0 -0.00028117934648078227 -0.0015429831607970937 0.00019265546974527782 0.00020218584716613779 0.00019265546974527782 -0.00028117934648078227 0.0023434463917678138 0.00019265546974527782 -0.0039869471413458129 0 0.00081501633671569873 0 0.00029419891567767547 0 0 0 0.0042106780863744361 0 0 0 0 0 -0.001131781199365141 0 0 0.00041992404220429617 -0.00082609120495123083 -0.0010215890752037422 0.00019125522114506307 0.0010272967982384268 -0.0022334026001049846 0.0022223991403644136 0.0038908581980791499 -0.0016637404692456451 0.00041990312550583924 -0.0010978750429982357 0.00064065323763037613 0.00049622191719711863 -0.0028904068771071771 0.00064065323763037613 -0.0001534394800756336 0 0 0 0 0 0 0 0 0 0 0.0021234221486651429 -0.00028117934648078227 0
leaf_weight=315397 33931 131 3338 37153 398 199 128 368 950 194 350 790 207 155 133 157 935 1107 909 1663 490 285 336 470 248 608 423 4277 1261 504 960 269 298 370 276 832 3210 399 319 493 416 467 1186 197 268 132 798 580 146 170 261 960 1230 680 22330 12546 106 486 1538 2686 966 543 202 425 2545 134 644 529 806 121 285 353 161 312 612 165 113 144 140 171 153 1224 233 279 430 2616 1098 1092 6965 425 249 225 119 884
leaf_count=315397 33931 131 3338 37153 398 199 128 368 950 194 350 790 207 155 133 157 935 1107 909 1663 490 285 336 470 248 608 423 4277 1261 504 960 269 298 370 276 832 3210 399 319 493 416 467 1186 197 268 132 798 580 146 170 261 960 1230 680 22330 12546 106 486 1538 2686 966 543 202 425 2545 134 644 529 806 121 285 353 161 312 612 165 113 144 140 171 153 1224 233 279 430 2616 1098 1092 6965 425 249 225 119 884
internal_value=0 -0.0222707 -0.025938 -0.0265648 -0.0277408 0.00995312 0.0169031 0.0064179 -0.0250319 0.00754621 0.00596665 0.0085149 0.0146977 0.00816839 0.0140786 0.023497 -0.00156938 -0.00614926 0.0221288 0.0278041 0.017471 0.0314588 -0.0235677 -0.0221723 -0.0242882 -0.0205117 -0.0167424 -0.0274925 -0.0202115 -0.0254797 -0.0219422 -0.0190395 -0.0139859 -0.0129851 -0.0226999 -0.0296556 -0.0273537 -0.0297081 -0.00936702 -0.0150003 -0.0208058 0.011214 0.00812016 0.0123017 0.00390515 -0.0137386 0.00550355 0.0340994 0.00806424 -0.023833 -0.00891384 -0.0111809 0.0160583 -0.0322882 -0.029625 -0.0259126 -0.00524636 -0.0255712 -0.0203968 -0.0224629 -0.0244796 -0.0233002 -0.0172718 -0.031081 -0.0295667 0.00277322 0.00527368 0.000161422 0.00292134 -0.00090597 0.00427616 -0.00744434 -0.00125538 0.00412419 0.00470633 0.0097261 0.00264917 0.0212808 -0.00012654 0.0167532 -0.0191552 -0.0261978 -0.0242812 -0.0311016 -0.0226101 -0.0239434 -0.023525 -0.0253431 -0.0235681 -0.0240982 -0.0310605 -0.00167926 -0.028304 -0.0213607
internal_weight=0 172070 154488 149745 103369 17582 5928 11654 43487 11286 10183 9298 4477 3291 2048 976 1243 4743 1103 2637 689 1948 33028 19094 13740 6307 5354 7433 3710 13934 3374 2414 1405 1931 524 10459 5580 59882 1407 812 885 3687 2250 1783 597 329 1072 713 944 4376 1644 1383 1437 4879 59483 13536 263 13032 2370 3156 4206 3598 1168 4199 3249 4821 2463 2358 2329 1523 879 882 758 473 1476 724 449 275 752 284 308 2430 1887 2824 1654 46376 35703 10673 8057 34605 674 595 469 2145
internal_count=487467 172070 154488 149745 103369 17582 5928 11654 43487 11286 10183 9298 4477 3291 2048 976 1243 4743 1103 2637 689 1948 33028 19094 13740 6307 5354 7433 3710 13934 3374 2414 1405 1931 524 10459 5580 59882 1407 812 885 3687 2250 1783 597 329 1072 713 944 4376 1644 1383 1437 4879 59483 13536 263 13032 2370 3156 4206 3598 1168 4199 3249 4821 2463 2358 2329 1523 879 882 758 473 1476 724 449 275 752 284 308 2430 1887 2824 1654 46376 35703 10673 8057 34605 674 595 469 2145
is_linear=0
shrinkage=0.0951581


Tree=40
num_leaves=95
num_cat=0
split_feature=3 2 2 2 2 2 2 2 0 0 2 2 2 2 2 2 2 2 2 2 2 0 3 2 2 0 0 0 2 2 2 2 2 2 0 2 2 2 2 0 2 0 2 2 2 2 2 2 2 0 2 2 0 2 2 0 2 2 2 0 2 0 2 2 2 2 2 0 2 2 2 2 2 2 2 2 2 2 0 2 2 0 2 2 2 2 0 2 2 2 0 2 0 0
split_gain=4552.1 1994.31 221.691 112.206 44.6295 39.671 72.8407 50.3676 43.376 25.5658 21.6496 17.224 29.8665 17.0973 85.9582 18.8265 39.7698 15.5154 36.7697 30.6482 23.1846 14.3512 12.9101 10.9979 28.0124 15.1467 14.6713 10.5792 10.2162 10.132 9.66818 8.01073 12.4679 12.1636 11.6591 7.1642 20.3034 8.35419 11.8777 17.3012 6.89626 6.85446 6.71497 9.564 6.69512 6.31667 10.1769 6.30554 10.3008 7.34028 6.93363 6.27079 6.25722 6.02036 5.98497 7.13553 5.86404 16.0427 5.62119 5.44484 6.11249 5.31713 6.42946 10.6566 9.11559 5.15159 10.4857 11.7082 5.1099 9.38842 10.9847 9.99749 6.06372 5.02874 4.84277 5.17683 4.82262 5.43949 4.74134 4.50009 4.37564 10.875 4.36888 4.95525 4.76369 4.12936 4.58199 4.08146 3.97429 3.9255 3.92471 5.63767 3.91172 3.90135
threshold=0.15000000223517421 0.11084018647670747 0.13417843729257586 0.10074627026915552 0.11854497343301774 0.20206207782030108 0.22736185789108279 0.20071429014205935 2.5000000000000004 2.5000000000000004 0.15954913944005969 0.28112535178661352 0.24886304885149005 0.19548846781253817 0.19101010262966159 0.15724790096282962 0.1613835692405701 0.15119115263223651 0.14926454424858096 0.14216374605894092 0.15188746154308322 1.5000000000000002 0.25000000745058065 0.20745369791984561 0.20219807326793673 2.5000000000000004 2.5000000000000004 4.5000000000000009 0.14246211946010592 0.13440062105655673 0.12565835565328601 0.17280431091785434 0.18897569924592975 0.18843366950750354 1.5000000000000002 0.14451952278614047 0.14586748182773593 0.14415185153484347 0.14379280805587771 1.5000000000000002 0.14551208168268207 1.5000000000000002 0.19510195404291156 0.19101010262966159 0.22039676457643512 0.16013698279857638 0.16159114986658099 0.10629960522055627 0.10533428192138673 1.5000000000000002 0.10317540168762208 0.133558563888073 2.5000000000000004 0.19344085454940799 0.15886382013559344 1.5000000000000002 0.19344085454940799 0.17660956084728244 0.10840395465493204 1.5000000000000002 0.17394282668828967 1.5000000000000002 0.14741302281618121 0.14790198951959613 0.14765568077564242 0.15032467991113665 0.15092624723911288 1.5000000000000002 0.15220635384321216 0.15280397981405261 0.15392307937145236 0.15529115498065951 0.15803226083517077 0.19548846781253817 0.18724054098129275 0.19101010262966159 0.17089758068323138 0.16688596457242968 2.5000000000000004 0.15255323797464374 0.14503520727157596 1.5000000000000002 0.11984848231077196 0.1201351322233677 0.12061157822608949 0.14295635372400287 1.5000000000000002 0.13465463370084765 0.19238026440143588 0.16587346047163012 1.5000000000000002 0.13533937186002734 1.5000000000000002 2.5000000000000004
decision_type=2 2 2 2 2 2 2 2 2 2 2 2 2 2 2 2 2 2 2 2 2 2 2 2 2 2 2 2 2 2 2 2 2 2 2 2 2 2 2 2 2 2 2 2 2 2 2 2 2 2 2 2 2 2 2 2 2 2 2 2 2 2 2 2 2 2 2 2 2 2 2 2 2 2 2 2 2 2 2 2 2 2 2 2 2 2 2 2 2 2 2 2 2 2
left_child=1 3 4 -1 -3 7 23 8 13 30 17 12 -8 14 15 -2 -17 18 19 29 -19 -15 -13 24 -7 -25 -26 93 -21 41 82 34 33 -33 -18 37 40 38 85 -40 80 -4 43 -10 -27 -12 -47 48 50 -50 -5 -32 -14 88 55 79 57 59 -49 60 76 -38 -63 64 -64 78 67 -67 -57 -70 -71 -72 -73 -58 -59 -76 77 -48 -20 -22 81 -37 -6 -84 -85 92 -87 -31 -16 -61 -89 -92 -30 -24
right_child=5 2 10 47 9 6 11 -9 42 -11 45 22 52 21 53 16 31 20 65 28 54 -23 27 25 26 44 -28 -29 35 87 51 32 -34 -35 -36 36 61 -39 39 -41 -42 -43 -44 -45 -46 46 56 58 49 -51 -52 -53 -54 -55 -56 68 73 74 -60 89 -62 62 63 -65 -66 66 -68 -69 69 70 71 72 -74 -75 75 -77 -78 -79 -80 -81 -82 -83 83 84 -86 86 -88 90 -90 -91 91 -93 -94 -95
leaf_value=0 0.00019277694480466601 0 0 0 0 0.00017432274343786937 1.469129276535793e-05 -0.00025442285724565475 0.00017432274343786937 0 0 -0.00013883847239754089 0.00017432274343786937 0.00017432274343786937 -0.00025442285724565475 0.00017432274343786937 0.00020894808138980511 0 0 0 0 0.00017432274343786937 0.0027162990071300779 0.00017432274343786937 -0.0019490994052272722 0.00017432274343786937 0.00017432274343786937 -0.00048662109868432559 0 0 0 0.00078268631805036761 0.00017432274343786937 -0.00025442285724565475 0.00017667603488009953 0.0021234221486651429 0 0 0.0021234221486651429 0 0.00073746093973252249 0 0.00017432274343786937 -0.0032494510241420087 0.00017180120907656126 0 0 0 0 0 0 0 0.00017432274343786937 -0.00025442285724565475 0 0 0 0 0 0 0 0 0 0 0.0021234221486651429 0.0047255751722899003 0 0 0.0047255751722899003 0 0.0041185547797415066 0 0 0 0 0 0 0 0 0 0 0 0 0 0 0 0 0 -0.00025442285724565475 0 0 0 0 0.0022609884254856123
leaf_weight=313058 4709 30754 284 1249 3491 199 1072 368 892 384 1082 308 508 328 130 740 569 612 4790 346 240 530 224 1338 364 410 126 236 892 513 24061 1211 218 144 815 335 2140 1013 184 107 284 124 284 127 200 526 1508 7660 2765 558 5083 389 468 312 222 201 187 1855 9357 618 375 555 122 419 155 143 286 112 218 456 339 870 210 2776 478 189 433 390 132 2945 980 131 4486 537 18070 596 326 9382 277 2126 379 3908 489 475
leaf_count=313058 4709 30754 284 1249 3491 199 1072 368 892 384 1082 308 508 328 130 740 569 612 4790 346 240 530 224 1338 364 410 126 236 892 513 24061 1211 218 144 815 335 2140 1013 184 107 284 124 284 127 200 526 1508 7660 2765 558 5083 389 468 312 222 201 187 1855 9357 618 375 555 122 419 155 143 286 112 218 456 339 870 210 2776 478 189 433 390 132 2945 980 131 4486 537 18070 596 326 9382 277 2126 379 3908 489 475
internal_value=0 -0.0396342 -0.0296185 -0.0434714 -0.0326195 0.00968251 0.0160202 0.00645873 0.00758836 -0.0309044 -0.0244792 0.00657808 0.0119412 0.00545708 0.00424953 0.00695064 0.0120331 -0.0232767 -0.0242036 -0.0225791 -0.019 0.0182996 -0.00225838 0.0278041 0.017471 0.0314588 0.0052434 0.00330763 -0.0182367 -0.0252798 -0.0310885 0.00709583 0.00245003 -0.00094807 0.0123761 -0.0188724 -0.0165844 -0.0221209 -0.0192591 -0.00114451 -0.0081957 -0.0104954 0.0239173 0.020311 0.0190316 -0.0278768 -0.0272206 -0.0375466 -0.0356042 -0.0313137 -0.0378558 -0.0297228 0.0239845 -0.0273298 -0.0208894 -0.02151 -0.0278426 -0.0264991 -0.0386487 -0.029403 -0.0263742 -0.0208641 -0.0159357 -0.00984394 0.00463767 -0.0312404 -0.0224264 -0.0083963 -0.0174636 -0.0160719 -0.018245 -0.0141161 -0.0185911 -0.0314571 -0.0202239 -0.0271778 -0.0281882 -0.0261208 -0.0322091 -0.0244244 -0.0108583 -0.00326723 -0.0323446 -0.0328189 -0.0321345 -0.021548 -0.0166165 -0.0257052 -0.0349536 -0.0323898 -0.0253924 -0.0230071 -0.0248403 0.00918909
internal_weight=0 469885 130155 339730 82172 17582 5928 11654 11286 51418 47983 3291 2048 9983 9125 8406 3697 35440 29127 23664 6313 858 1243 2637 689 1948 490 935 9074 14590 51034 2957 1573 1355 1384 8728 5121 3607 2594 291 1730 408 1303 1019 610 12543 11461 26672 9655 3323 6332 24450 976 719 5701 5479 10935 7972 17017 5450 2706 3391 1251 696 277 5463 541 255 2294 2093 1875 1419 1080 2963 2522 667 2331 1898 4922 3185 1446 466 26584 23093 18607 2303 922 14182 407 2744 13669 4287 1381 699
internal_count=487467 469885 130155 339730 82172 17582 5928 11654 11286 51418 47983 3291 2048 9983 9125 8406 3697 35440 29127 23664 6313 858 1243 2637 689 1948 490 935 9074 14590 51034 2957 1573 1355 1384 8728 5121 3607 2594 291 1730 408 1303 1019 610 12543 11461 26672 9655 3323 6332 24450 976 719 5701 5479 10935 7972 17017 5450 2706 3391 1251 696 277 5463 541 255 2294 2093 1875 1419 1080 2963 2522 667 2331 1898 4922 3185 1446 466 26584 23093 18607 2303 922 14182 407 2744 13669 4287 1381 699
is_linear=0
shrinkage=0.0951581


Tree=41
num_leaves=95
num_cat=0
split_feature=4 4 2 2 2 2 2 2 2 0 2 2 2 2 2 2 2 2 4 0 0 0 2 2 0 4 0 2 2 2 0 2 2 0 2 2 0 2 0 4 0 2 2 2 2 2 2 2 2 2 2 2 2 2 2 2 2 2 2 2 0 2 2 2 2 2 2 2 0 2 0 2 2 0 0 2 2 0 2 2 2 2 0 2 2 2 2 2 0 2 2 0 2 2
split_gain=7106.29 1832.58 89.0679 87.2274 76.7402 47.6951 47.2566 29.1573 20.1212 16.9615 16.1873 23.8618 15.2718 36.3677 29.6694 55.0872 28.1105 27.1462 32.0852 14.7726 14.6586 14.2185 12.3706 18.0945 10.8905 10.7648 11.0934 10.1879 44.0753 16.5251 14.1481 11.6991 15.708 22.9595 9.85345 11.0976 29.7284 9.57001 8.33532 8.24292 7.79639 7.77286 14.2547 8.54113 6.69806 6.47596 6.40858 6.19483 62.6923 13.4283 9.75101 6.14571 6.03956 8.52792 6.1406 5.85036 5.77016 15.7451 12.6253 8.54226 11.9129 5.65954 7.57519 7.31276 5.56634 7.4363 7.05072 7.03468 6.02078 5.54838 5.1365 4.88578 4.7023 4.41827 5.92577 4.37084 4.3521 4.29727 4.70528 4.74764 4.17162 4.02819 8.26651 7.83299 3.87207 3.74211 3.70007 3.62696 3.5563 3.54 5.86472 3.47901 17.6327 8.81917
threshold=0.15000000223517421 0.25000000745058065 0.1406514793634415 0.19548846781253817 0.11293309181928636 0.28112535178661352 0.19101010262966159 0.15954913944005969 0.13417843729257586 1.5000000000000002 0.15629401057958606 0.1613835692405701 0.22736185789108279 0.20745369791984561 0.20071429014205935 0.20206207782030108 0.20219807326793673 0.24886304885149005 0.35000000894069677 2.5000000000000004 2.5000000000000004 2.5000000000000004 0.18897569924592975 0.18843366950750354 1.5000000000000002 0.45000000298023229 4.5000000000000009 0.15032467991113665 0.14926454424858096 0.15280397981405261 1.5000000000000002 0.14451952278614047 0.14503520727157596 1.5000000000000002 0.14415185153484347 0.14379280805587771 1.5000000000000002 0.13440062105655673 1.5000000000000002 0.35000000894069677 2.5000000000000004 0.16013698279857638 0.1613835692405701 0.19344085454940799 0.1846805736422539 0.133558563888073 0.22039676457643512 0.10504237189888956 0.10629960522055627 0.10873378813266756 0.10533428192138673 0.10947888717055322 0.14216374605894092 0.14172885566949847 0.14246211946010592 0.15298574417829516 0.16688596457242968 0.17089758068323138 0.17394282668828967 0.16587346047163012 1.5000000000000002 0.15392307937145236 0.15339080244302752 0.15529115498065951 0.14765568077564242 0.14586748182773593 0.14790198951959613 0.14551208168268207 1.5000000000000002 0.15724790096282962 2.5000000000000004 0.15392307937145236 0.10458041727542879 1.5000000000000002 2.5000000000000004 0.13465463370084765 0.14094635099172595 1.5000000000000002 0.13533937186002734 0.13688258826732638 0.26417112350463873 0.23021738976240161 1.5000000000000002 0.23357842862606051 0.14122316241264346 0.12565835565328601 0.15724790096282962 0.19548846781253817 1.5000000000000002 0.13230550289154056 0.11526600643992425 2.5000000000000004 0.17006493359804156 0.16688596457242968
decision_type=2 2 2 2 2 2 2 2 2 2 2 2 2 2 2 2 2 2 2 2 2 2 2 2 2 2 2 2 2 2 2 2 2 2 2 2 2 2 2 2 2 2 2 2 2 2 2 2 2 2 2 2 2 2 2 2 2 2 2 2 2 2 2 2 2 2 2 2 2 2 2 2 2 2 2 2 2 2 2 2 2 2 2 2 2 2 2 2 2 2 2 2 2 2
left_child=-1 2 4 6 9 12 10 27 40 47 89 -12 13 14 73 -16 -17 81 70 -18 -8 39 23 24 44 -7 -27 28 31 -29 55 34 33 -33 35 52 -37 38 -10 -15 45 -9 88 56 -13 85 -23 72 50 -50 -49 -51 53 76 -54 -31 59 -58 -59 60 -44 62 -32 -63 65 67 68 -34 -66 -65 -19 -57 -2 -5 -75 -39 -4 -77 -79 -80 -20 -14 -83 -84 -78 -6 -73 -45 -43 90 -3 93 -93 -26
right_child=1 3 7 5 8 25 20 41 37 -11 11 22 17 21 15 16 19 18 80 -21 -22 46 -24 -25 91 26 -28 29 -30 30 61 32 64 -35 -36 36 -38 75 -40 -41 -42 42 43 87 -46 -47 -48 48 49 51 -52 -53 54 -55 -56 71 57 58 -60 -61 -62 63 -64 69 66 -67 -68 -69 -70 -71 -72 86 -74 74 -76 77 84 78 79 -81 -82 82 83 -85 -86 -87 -88 -89 -90 -91 -92 92 -94 -95
leaf_value=0 0 2.1907379113584227e-05 0 0.00015773452432927952 0 -0.00012562686870537483 -0.0002302124643904704 0 0 0 0.00015773452432927952 0 -0.00060277419336162406 0.00015773452432927952 -0.0002302124643904704 0.00015773452432927952 -0.0017636268308476968 0.00015773452432927952 -5.8183540169821919e-05 0.00015773452432927952 0.0028840472235212417 0.00015773452432927952 0.00015773452432927952 -0.0002302124643904704 0.00014727904731039909 0.00245782118486716 -0.00044031516493956823 0 0 0 0 0.0019213613551769776 0 0 0 0.0019213613551769776 0 0 0 9.7668054438463815e-05 0 0 0 0 0.00070820738385586168 0 0.00016042025777978367 0 0 0 0.0042758984701790556 0 0 0 0 0 0 0 0 0 0 -0.0015237663914921776 0 0 0 0 0 -0.00011580178752965321 0.0019213613551769776 0 0.00015773452432927952 0 0 0.00015773452432927952 0.00015773452432927952 0 0 0 0 0 0.0037934097878050124 0.0053044660101192014 0.0021190505164631079 -3.1740405559428201e-05 0 0 0 0 7.6101947910728435e-05 0.0001085082925012226 0 -6.5184884846740155e-05 0.00015773452432927952 0
leaf_weight=315397 33838 1171 380 329 37107 386 705 993 278 3368 1062 1238 128 1172 368 199 363 368 157 126 163 412 303 156 490 630 229 2402 4752 181 285 352 1010 111 1039 195 117 506 120 183 375 126 864 209 279 386 206 199 2252 744 796 4984 356 505 2277 492 619 720 3335 1366 704 408 238 829 137 2243 1303 320 174 437 354 1583 326 425 254 7640 450 368 857 2220 106 121 137 688 863 22202 568 2689 180 2320 874 266 512 812
leaf_count=315397 33838 1171 380 329 37107 386 705 993 278 3368 1062 1238 128 1172 368 199 363 368 157 126 163 412 303 156 490 630 229 2402 4752 181 285 352 1010 111 1039 195 117 506 120 183 375 126 864 209 279 386 206 199 2252 744 796 4984 356 505 2277 492 619 720 3335 1366 704 408 238 829 137 2243 1303 320 174 437 354 1583 326 425 254 7640 450 368 857 2220 106 121 137 688 863 22202 568 2689 180 2320 874 266 512 812
internal_value=0 -0.0223016 -0.0256261 0.00670711 -0.0268822 0.0146412 0.00108019 -0.0214672 -0.0288271 -0.0238688 0.00302543 0.00665623 0.0181075 0.021509 0.0126785 0.0015319 0.0174272 0.0114384 0.0228476 0.00515683 -0.0201718 0.0307467 0.00333147 0.00183825 0.00321426 -0.00233118 0.00360028 -0.0195632 -0.0208746 -0.0166331 -0.0197385 -0.0177657 -0.0146358 0.00215801 -0.0206263 -0.0189188 -0.00152497 -0.0252678 -0.0107591 0.0362022 -0.0295375 -0.0253392 -0.0245992 -0.0251889 -0.00291684 -0.0296234 0.0187853 -0.023361 -0.0211362 -0.0239445 0.00138673 -0.021497 -0.0200421 -0.0237246 -0.016968 -0.0241939 -0.0235144 -0.0214381 -0.0235959 -0.026822 -0.0220296 -0.0140117 -0.0226524 -0.0113121 -0.0161349 -0.01823 -0.0114968 -0.0125923 0.00137689 -0.0148825 0.0332131 -0.0230604 -0.0239455 0.0243559 0.0199706 -0.025766 -0.0204874 -0.0253712 -0.0225811 -0.0237973 -0.00560818 0.000974617 0.00311829 -0.000288358 -0.0230829 -0.0295435 -0.0250172 -0.029585 -0.00435364 -0.00123171 -0.00411809 0.00768585 0.0127204 0.00467751
internal_weight=0 172070 154378 17692 118566 7341 10351 35812 72059 46507 9483 5118 6096 4037 2064 1056 688 2059 985 489 868 1973 4056 3753 3597 1245 859 24007 16584 7423 5021 11832 5650 463 6182 5143 312 11989 398 1355 60070 11805 10812 10506 1517 59695 618 43139 8975 7980 995 5728 4831 2198 2633 2824 7608 4674 4055 2934 1568 2197 523 1674 5187 3573 1614 1330 311 1266 722 2643 34164 1008 679 11591 1693 11085 3445 3077 263 1074 946 825 1313 59309 2151 2898 306 4365 2045 2080 778 1302
internal_count=487467 172070 154378 17692 118566 7341 10351 35812 72059 46507 9483 5118 6096 4037 2064 1056 688 2059 985 489 868 1973 4056 3753 3597 1245 859 24007 16584 7423 5021 11832 5650 463 6182 5143 312 11989 398 1355 60070 11805 10812 10506 1517 59695 618 43139 8975 7980 995 5728 4831 2198 2633 2824 7608 4674 4055 2934 1568 2197 523 1674 5187 3573 1614 1330 311 1266 722 2643 34164 1008 679 11591 1693 11085 3445 3077 263 1074 946 825 1313 59309 2151 2898 306 4365 2045 2080 778 1302
is_linear=0
shrinkage=0.0951581


Tree=42
num_leaves=95
num_cat=0
split_feature=4 3 4 2 2 2 2 2 2 2 2 2 2 2 2 4 2 3 4 2 2 4 2 2 2 2 2 2 2 2 2 2 2 2 2 2 2 2 2 2 2 2 2 2 2 2 2 2 2 2 2 2 3 2 4 2 2 2 2 2 2 2 2 2 2 2 2 2 2 2 2 2 2 2 2 2 2 2 2 2 2 2 2 2 2 2 2 2 2 2 4 2 2 2
split_gain=7104.65 2202.27 212.861 50.9818 60.8367 37.6321 75.8478 50.3913 32.5131 28.5101 76.4261 32.4562 29.0387 15.5747 29.9383 34.0667 13.0681 12.9101 11.0935 10.9979 28.0124 10.1604 9.73149 24.226 18.362 17.4117 16.0576 15.3232 12.3238 9.80465 8.14905 7.8945 11.4533 7.49551 12.3471 6.99963 22.0202 6.8049 6.72919 9.20105 6.03847 5.76574 21.7141 5.3951 4.9982 4.94449 5.50428 4.84857 4.8048 4.50517 4.40547 4.38618 4.09554 4.01046 3.99811 27.4362 5.1454 4.25314 3.82296 6.94081 3.64129 3.63708 5.61713 3.45012 3.42587 4.13101 3.27337 3.25238 3.05392 3.01321 2.99946 40.828 11.4377 6.52097 3.67974 4.56627 2.99498 2.99002 8.11452 2.84279 4.74911 2.82 5.11301 2.80275 3.07665 2.70276 2.61648 2.51224 26.16 8.09764 7.11919 6.16493 18.6069 5.93109
threshold=0.15000000223517421 0.15000000223517421 0.25000000745058065 0.11293309181928636 0.13417843729257586 0.20206207782030108 0.22736185789108279 0.20071429014205935 0.15954913944005969 0.19548846781253817 0.19101010262966159 0.15724790096282962 0.1613835692405701 0.28112535178661352 0.24886304885149005 0.35000000894069677 0.16159114986658099 0.25000000745058065 0.25000000745058065 0.20745369791984561 0.20219807326793673 0.35000000894069677 0.14216374605894092 0.14586748182773593 0.15032467991113665 0.15280397981405261 0.14451952278614047 0.14926454424858096 0.14246211946010592 0.13440062105655673 0.18582589179277423 0.14415185153484347 0.14379280805587771 0.15119115263223651 0.15092624723911288 0.17394282668828967 0.18724054098129275 0.133558563888073 0.15188746154308322 0.15220635384321216 0.19344085454940799 0.18897569924592975 0.18843366950750354 0.25035211443901068 0.15886382013559344 0.14551208168268207 0.14503520727157596 0.17006493359804156 0.12565835565328601 0.13465463370084765 0.14172885566949847 0.17660956084728244 0.25000000745058065 0.14620192348957065 0.25000000745058065 0.17154762148857119 0.16259328275918963 0.18724054098129275 0.15339080244302752 0.15529115498065951 0.15460605919361117 0.16013698279857638 0.16159114986658099 0.31587702035903936 0.15563492476940158 0.1583974361419678 0.168457105755806 0.15724790096282962 0.16587346047163012 0.19291979819536212 0.10629960522055627 0.10533428192138673 0.10840395465493204 0.10916084051132204 0.10458041727542879 0.10504237189888956 0.15153882652521136 0.23021738976240161 0.23357842862606051 0.14295635372400287 0.14351332187652591 0.12700557708740237 0.120864424854517 0.15678746998310092 0.15629401057958606 0.22039676457643512 0.11441558599472047 0.1483045965433121 0.14895787835121158 0.14503520727157596 0.25000000745058065 0.15092624723911288 0.15153882652521136 0.14586748182773593
decision_type=2 2 2 2 2 2 2 2 2 2 2 2 2 2 2 2 2 2 2 2 2 2 2 2 2 2 2 2 2 2 2 2 2 2 2 2 2 2 2 2 2 2 2 2 2 2 2 2 2 2 2 2 2 2 2 2 2 2 2 2 2 2 2 2 2 2 2 2 2 2 2 2 2 2 2 2 2 2 2 2 2 2 2 2 2 2 2 2 2 2 2 2 2 2
left_child=-1 2 3 70 37 7 19 9 22 10 11 87 -13 14 77 43 81 63 -11 20 -7 85 29 26 27 33 28 53 -24 -6 68 32 79 34 -26 47 51 48 76 -40 69 42 54 -16 58 46 -28 61 86 -31 -51 -37 -17 -25 55 -14 -56 -58 -27 60 -60 -10 -63 -15 -61 67 -64 83 -18 -12 71 74 -72 -74 -2 -76 -35 -8 -79 -30 -81 82 -4 84 -66 -21 -5 89 -89 -3 91 -90 -93 -91
right_child=1 5 16 4 8 6 13 -9 35 18 40 12 41 17 15 52 30 -19 -20 21 -22 -23 23 24 25 44 45 -29 31 49 -32 -33 -34 38 -36 36 -38 -39 39 -41 -42 -43 -44 -45 -46 -47 -48 -49 -50 50 -52 -53 -54 -55 56 -57 57 -59 59 64 -62 62 66 -65 65 -67 -68 -69 -70 -71 72 -73 73 -75 75 -77 -78 78 -80 80 -82 -83 -84 -85 -86 -87 -88 88 90 93 -92 92 -94 -95
leaf_value=0 0 0.000359516996610619 0 0 0 0.00014272480844848502 -0.00054541535311339274 -0.00020830588624968705 0 0.00025981764236748074 -0.00020830588624968705 0.00014272480844848502 0.00076211005398381599 -0.00011367245597119523 0.00014272480844848502 -5.2646905684750758e-05 -5.8982015782835195e-05 0.001811955521318699 0.00014272480844848502 0.00014272480844848502 0.00014272480844848502 0.00012115753501984347 0 0 0 0 0 0 0 0 1.9156995836997439e-05 0 0 0 0 0 0 0 0 0 -0.00020830588624968705 0.00014272480844848502 -0.00020830588624968705 0.00014272480844848502 0 0.00067830504289295441 0 0 0 0 0 0 0.0031199040241051469 0 -0.0057899173745758247 -0.0014706347662828306 0.00014272480844848502 0.00015134829336796007 0 0 -0.0010240830634374969 0 0 -0.00011367245597119523 0 0 0 0 0 -0.00020830588624968705 0 0 0 0 0 0 0.0019213613551769776 0.0019174057191404428 -2.8720049227078251e-05 0 0 0 0 0 0 0.00014272480844848502 0 0.00036162058724418145 -0.00076582623031440204 -0.00010478231074294896 0.00013970173829566923 0.00091119691259470865 -0.0013787676938243304 -0.00094272089685949289
leaf_weight=315397 33931 1676 939 3655 398 199 128 368 950 194 350 790 526 155 133 129 335 935 909 1147 490 285 336 470 248 608 423 4277 1261 504 298 960 269 370 276 832 3210 399 319 493 416 291 151 580 170 261 960 680 22330 12546 486 1538 134 2686 124 391 2007 197 966 543 202 425 2545 153 310 233 279 430 864 119 2616 1098 1092 6965 425 249 225 161 783 498 386 1938 369 707 207 516 33498 134 644 129 806 121 758 553
leaf_count=315397 33931 1676 939 3655 398 199 128 368 950 194 350 790 526 155 133 129 335 935 909 1147 490 285 336 470 248 608 423 4277 1261 504 298 960 269 370 276 832 3210 399 319 493 416 291 151 580 170 261 960 680 22330 12546 486 1538 134 2686 124 391 2007 197 966 543 202 425 2545 153 310 233 279 430 864 119 2616 1098 1092 6965 425 249 225 161 783 498 386 1938 369 707 207 516 33498 134 644 129 806 121 758 553
internal_value=0 -0.0223044 -0.0259361 -0.0265648 -0.0277408 0.00960673 0.0157794 0.0064669 -0.0250319 0.0075968 0.00602272 0.00856607 0.0144002 0.00614436 0.0112443 0.023302 -0.00608907 -0.00225838 0.0221288 0.0278041 0.017471 0.0314588 -0.0235677 -0.0221723 -0.0242882 -0.0205117 -0.0167424 -0.0274925 -0.0202115 -0.0254797 -0.0134442 -0.0219422 -0.0190395 -0.0129851 -0.0226999 -0.0296556 -0.0273537 -0.0297081 -0.00936702 -0.0150003 -0.0206982 0.0108527 0.00975118 0.0340994 -0.023833 -0.00891384 -0.0111809 -0.0322882 -0.029625 -0.0259126 -0.0255712 -0.0203968 -0.00596999 -0.0224629 0.0113926 0.00607061 0.0134889 0.01455 -0.0244796 -0.0233002 -0.0172718 -0.031081 -0.0295667 -0.0191552 -0.0261978 -0.0242812 -0.0311016 -0.0226101 -0.0169443 -0.0281011 -0.0239434 -0.023525 -0.0253431 -0.0235681 -0.0240982 -0.0310605 -0.00167926 0.000266301 0.00211686 -0.0213607 -0.0172232 -0.00269703 -0.00611107 -0.0251112 -0.0197863 0.0343038 -0.0302881 0.00314825 0.00527368 0.000928175 0.00292134 -0.00090597 0.00427616 -0.00781357
internal_weight=0 172070 154488 149745 103369 17582 5928 11654 43487 11286 10183 9298 4477 3291 2048 976 4743 1243 1103 2637 689 1948 33028 19094 13740 6307 5354 7433 3710 13934 1497 3374 2414 1931 524 10459 5580 59882 1407 812 885 3687 3396 713 4376 1644 1383 4879 59483 13536 13032 2370 263 3156 3245 917 2328 2204 4206 3598 1168 4199 3249 308 2430 1887 2824 1654 1199 469 46376 35703 10673 8057 34605 674 595 1072 944 2145 884 3246 1308 1224 517 1663 37153 4821 2463 2358 2329 1523 879 682
internal_count=487467 172070 154488 149745 103369 17582 5928 11654 43487 11286 10183 9298 4477 3291 2048 976 4743 1243 1103 2637 689 1948 33028 19094 13740 6307 5354 7433 3710 13934 1497 3374 2414 1931 524 10459 5580 59882 1407 812 885 3687 3396 713 4376 1644 1383 4879 59483 13536 13032 2370 263 3156 3245 917 2328 2204 4206 3598 1168 4199 3249 308 2430 1887 2824 1654 1199 469 46376 35703 10673 8057 34605 674 595 1072 944 2145 884 3246 1308 1224 517 1663 37153 4821 2463 2358 2329 1523 879 682
is_linear=0
shrinkage=0.0951581


Tree=43
num_leaves=24
num_cat=0
split_feature=4 3 4 0 4 4 0 0 0 0 0 3 3 0 3 0 0 4 0 0 4 0 0
split_gain=7101.38 2195.57 212.861 17.3017 50.6673 11.9518 7.95151 6.20622 5.77409 5.45631 5.17289 3.38982 2.0006 1.84005 1.26046 0.553293 0.456205 0.148945 1.99889 0.514386 0.120745 0.0130851 0.00700137
threshold=0.15000000223517421 0.15000000223517421 0.25000000745058065 2.5000000000000004 0.35000000894069677 0.25000000745058065 3.5000000000000004 1.5000000000000002 2.5000000000000004 4.5000000000000009 1.5000000000000002 0.25000000745058065 0.35000000894069677 1.5000000000000002 0.25000000745058065 3.5000000000000004 3.5000000000000004 0.35000000894069677 1.5000000000000002 1.5000000000000002 0.25000000745058065 2.5000000000000004 1.5000000000000002
decision_type=2 2 2 2 2 2 2 2 2 2 2 2 2 2 2 2 2 2 2 2 2 2 2
left_child=22 2 7 5 6 13 20 -2 -9 14 -4 17 -11 -3 15 -6 -16 19 -19 -7 -5 -12 -1
right_child=1 3 10 4 9 11 -8 8 -10 12 21 -13 -14 -15 16 -17 -18 18 -20 -21 -22 -23 -24
leaf_value=0 0 0.00039644715196292734 0 0.001011524221202813 -1.06214839405315e-05 0.00012914338844508317 0.00012914338844508317 0 0 -0.00057083783984177028 0 0.0027502966259889444 -0.0002147465422611078 5.5278811986400936e-05 0.0028010370880401474 0.00010962841553761068 0.0026484431828951317 0.00012080063441183331 8.3522971387724209e-05 0.00012914338844508317 0.00012914338844508317 -0.00014985537331798127 0
leaf_weight=310726 113386 1992 2798 150 243 3390 215 34831 1528 137 1364 328 136 2491 336 140 243 373 467 4790 2151 581 4671
leaf_count=310726 113386 1992 2798 150 243 3390 215 34831 1528 137 1364 328 136 2491 336 140 243 373 467 4790 2151 581 4671
internal_value=0 -0.0223099 -0.0259361 0.00955261 0.0152847 0.00799807 0.0230331 -0.0265648 -0.0276466 -0.000500832 -0.00608907 0.0099352 -0.012374 0.00395873 0.00286859 -0.0013665 0.00567004 0.00958966 0.00838297 0.00971357 0.0246683 -0.00985828 -0.0463429
internal_weight=0 172070 154488 17582 3751 13831 2516 149745 36359 1235 4743 9348 273 4483 962 383 579 9020 840 8180 2301 1945 315397
internal_count=487467 172070 154488 17582 3751 13831 2516 149745 36359 1235 4743 9348 273 4483 962 383 579 9020 840 8180 2301 1945 315397
is_linear=0
shrinkage=0.0951581


Tree=44
num_leaves=24
num_cat=0
split_feature=4 3 4 4 0 0 4 0 0 0 0 3 0 0 0 3 3 3 4 0 0 0 0
split_gain=7095.17 2182.87 212.861 17.9647 13.6195 13.0796 30.4339 8.90833 6.20622 5.77409 5.17289 3.38982 2.51871 1.84005 1.21718 0.750891 0.48926 0.287362 0.148945 1.99889 0.514386 0.0130851 0.00700137
threshold=0.15000000223517421 0.15000000223517421 0.25000000745058065 0.25000000745058065 4.5000000000000009 2.5000000000000004 0.35000000894069677 3.5000000000000004 1.5000000000000002 2.5000000000000004 1.5000000000000002 0.25000000745058065 2.5000000000000004 1.5000000000000002 3.5000000000000004 0.25000000745058065 0.35000000894069677 0.25000000745058065 0.35000000894069677 1.5000000000000002 1.5000000000000002 2.5000000000000004 1.5000000000000002
decision_type=2 2 2 2 2 2 2 2 2 2 2 2 2 2 2 2 2 2 2 2 2 2 2
left_child=22 2 8 12 5 11 7 -7 -2 -10 -4 18 13 -3 15 -8 -6 -16 20 -20 -5 -12 -1
right_child=1 3 10 4 16 6 14 -9 9 -11 21 -13 -14 -15 17 -17 -18 -19 19 -21 -22 -23 -24
leaf_value=0 0 0.00035872199865221539 0 0.00011685435041307092 -0.00051651800195931844 0.00011685435041307092 -9.6107638280013417e-06 0.00011685435041307092 0 0 0 0.0024885836552899702 0.00091526950948793992 5.0018585883890117e-05 9.9196385031428036e-05 0.0025344957519450313 -0.00019431167171245228 0.0023964223911837304 0.00010930547690936822 7.5575085055417727e-05 0.00011685435041307092 -0.00013559542238917948 0
leaf_weight=310726 113386 1992 2798 3390 173 2151 243 179 34831 1528 1364 328 150 2491 140 336 136 243 373 467 4790 581 4671
leaf_count=310726 113386 1992 2798 3390 173 2151 243 179 34831 1528 1364 328 150 2491 140 336 136 243 373 467 4790 581 4671
internal_value=0 -0.0223204 -0.0259361 0.00944978 0.0112692 0.0117517 0.0169099 0.0227889 -0.0265648 -0.0276466 -0.00608907 0.0099352 0.00436458 0.00395873 0.00267076 -8.21745e-05 -0.00846876 0.0068325 0.00958966 0.00838297 0.00971357 -0.00985828 -0.0463429
internal_weight=0 172070 154488 17582 12949 12640 3292 2330 149745 36359 4743 9348 4633 4483 962 579 309 383 9020 840 8180 1945 315397
internal_count=487467 172070 154488 17582 12949 12640 3292 2330 149745 36359 4743 9348 4633 4483 962 579 309 383 9020 840 8180 1945 315397
is_linear=0
shrinkage=0.0951581


Tree=45
num_leaves=95
num_cat=0
split_feature=4 3 4 2 2 2 2 2 2 2 2 2 2 2 2 4 2 3 2 2 4 4 2 2 2 2 2 2 2 2 2 2 2 2 2 2 2 2 2 2 2 2 4 2 2 2 2 2 2 2 2 2 2 2 2 2 3 2 2 2 2 2 2 2 2 2 2 2 2 2 2 2 2 2 2 2 2 2 2 2 2 2 2 2 2 2 2 2 4 2 2 2 2 2
split_gain=7094.52 2181.53 212.861 50.9818 60.8367 39.3046 76.2534 49.705 32.5131 28.7932 74.9897 31.5172 30.32 15.3611 30.4015 34.0667 13.0681 12.9101 10.9979 28.0124 10.9089 10.1604 9.73149 24.226 18.362 17.4117 16.0576 15.3232 12.3238 9.80465 8.14905 7.8945 11.4533 7.49551 12.3471 6.99963 22.0202 6.8049 6.72919 9.20105 6.16603 21.1315 6.12575 22.6 6.03847 5.3951 5.1454 4.9982 4.94449 5.50428 4.84857 4.8048 4.50517 4.40547 4.38618 4.25314 4.09554 4.01046 3.82296 6.94081 3.64129 3.63708 5.61713 3.45012 3.42587 4.13101 3.27337 3.25238 3.05392 3.01321 2.99946 40.828 11.4377 6.52097 3.67974 4.56627 2.99498 2.91273 7.31727 2.84279 4.74911 2.82 5.11301 2.80275 3.07665 2.70854 23.6456 7.58275 7.11919 6.16493 18.6069 5.93109 4.02059 3.96578
threshold=0.15000000223517421 0.15000000223517421 0.25000000745058065 0.11293309181928636 0.13417843729257586 0.20206207782030108 0.22736185789108279 0.20071429014205935 0.15954913944005969 0.19548846781253817 0.19101010262966159 0.15724790096282962 0.1613835692405701 0.28112535178661352 0.24886304885149005 0.35000000894069677 0.16159114986658099 0.25000000745058065 0.20745369791984561 0.20219807326793673 0.25000000745058065 0.35000000894069677 0.14216374605894092 0.14586748182773593 0.15032467991113665 0.15280397981405261 0.14451952278614047 0.14926454424858096 0.14246211946010592 0.13440062105655673 0.18582589179277423 0.14415185153484347 0.14379280805587771 0.15119115263223651 0.15092624723911288 0.17394282668828967 0.18724054098129275 0.133558563888073 0.15188746154308322 0.15220635384321216 0.18897569924592975 0.18843366950750354 0.25000000745058065 0.17154762148857119 0.19344085454940799 0.25035211443901068 0.16259328275918963 0.15886382013559344 0.14551208168268207 0.14503520727157596 0.17006493359804156 0.12565835565328601 0.13465463370084765 0.14172885566949847 0.17660956084728244 0.18724054098129275 0.25000000745058065 0.14620192348957065 0.15339080244302752 0.15529115498065951 0.15460605919361117 0.16013698279857638 0.16159114986658099 0.31587702035903936 0.15563492476940158 0.1583974361419678 0.168457105755806 0.15724790096282962 0.16587346047163012 0.19291979819536212 0.10629960522055627 0.10533428192138673 0.10840395465493204 0.10916084051132204 0.10458041727542879 0.10504237189888956 0.15153882652521136 0.23021738976240161 0.23357842862606051 0.14295635372400287 0.14351332187652591 0.12700557708740237 0.120864424854517 0.15678746998310092 0.15629401057958606 0.1483045965433121 0.14895787835121158 0.14503520727157596 0.25000000745058065 0.15092624723911288 0.15153882652521136 0.14586748182773593 0.15280397981405261 0.15392307937145236
decision_type=2 2 2 2 2 2 2 2 2 2 2 2 2 2 2 2 2 2 2 2 2 2 2 2 2 2 2 2 2 2 2 2 2 2 2 2 2 2 2 2 2 2 2 2 2 2 2 2 2 2 2 2 2 2 2 2 2 2 2 2 2 2 2 2 2 2 2 2 2 2 2 2 2 2 2 2 2 2 2 2 2 2 2 2 2 2 2 2 2 2 2 2 2 2
left_child=-1 2 3 70 37 7 18 9 22 10 11 85 -13 14 77 45 81 63 19 -7 -11 -20 29 26 27 33 28 57 -24 -6 68 32 79 34 -26 50 54 51 76 -40 41 42 43 -14 69 -16 -44 58 49 -28 61 -5 -31 -54 -37 -48 -17 -25 -27 60 -60 -10 -63 -15 -61 67 -64 83 -18 -12 71 74 -72 -74 -2 -76 -35 -8 -79 -30 -81 82 -4 84 -66 87 -87 -3 89 -88 -91 -89 -92 -94
right_child=1 5 16 4 8 6 13 -9 35 20 44 12 40 17 15 56 30 -19 21 -21 -22 -23 23 24 25 47 48 -29 31 52 -32 -33 -34 38 -36 36 -38 -39 39 -41 -42 -43 46 -45 -46 -47 55 -49 -50 -51 -52 -53 53 -55 -56 -57 -58 -59 59 64 -62 62 66 -65 65 -67 -68 -69 -70 -71 72 -73 73 -75 75 -77 -78 78 -80 80 -82 -83 -84 -85 -86 86 88 91 -90 90 92 -93 93 -95
leaf_value=0 0 0.00030189737161306023 0 0 0 0.00010573471375398741 -0.0005169233451729168 -0.00021189257090911407 0 5.1743883050170539e-05 -0.00021189257090911407 0.00010573471375398741 0.0006795692186113624 -0.00012626427699721768 0.00010573471375398741 -6.2776593746775972e-05 -2.620644770430783e-05 0.0011594735302961493 0.00010573471375398741 0.00010573471375398741 0.00010573471375398741 8.9757046611036091e-05 0 0 0 0 0 0 0 0 4.4497004905174368e-05 0 0 0 0 0 0 0 0 0 0.00010573471375398741 -0.00021189257090911407 -0.0052623685773044325 -0.001340711871669573 -0.00021189257090911407 0.00010573471375398741 0.00010573471375398741 0 0.00061375883135412568 0 0 0 0 0 0 0.00011707491009382154 0.0023291304824861569 0 0 0 -0.00092663327629740634 0 0 -0.00012626427699721768 0 0 0 0 0 -0.00021189257090911407 0 0 0 0 0 0 0.0017385282806286065 0.0017115403806663972 -4.9395778922055203e-05 0 0 0 0 0 0 0.00025534901014249474 -0.00076481212297750006 -0.00016667187943820389 0.00010299931317937251 0.00075262870269560828 -0.0019180395631189884 -0.00086303327713782574 0.0035616077279039884 -0.0012575866942544426
leaf_weight=315397 33931 1676 939 37153 398 199 128 368 950 194 350 790 526 155 133 129 335 935 1663 490 909 285 336 470 248 608 423 4277 1261 504 298 960 269 370 276 832 3210 399 319 493 291 151 124 391 416 580 2007 170 261 960 680 22330 12546 486 1538 197 134 2686 966 543 202 425 2545 153 310 233 279 430 864 119 2616 1098 1092 6965 425 249 225 161 783 498 386 1938 369 707 207 134 644 129 806 121 285 553 161 312
leaf_count=315397 33931 1676 939 37153 398 199 128 368 950 194 350 790 526 155 133 129 335 935 1663 490 909 285 336 470 248 608 423 4277 1261 504 298 960 269 370 276 832 3210 399 319 493 291 151 124 391 416 580 2007 170 261 960 680 22330 12546 486 1538 197 134 2686 966 543 202 425 2545 153 310 233 279 430 864 119 2616 1098 1092 6965 425 249 225 161 783 498 386 1938 369 707 207 134 644 129 806 121 285 553 161 312
internal_value=0 -0.0223215 -0.0259361 -0.0265648 -0.0277408 0.00943896 0.0157473 0.0062301 -0.0250319 0.00735228 0.00577041 0.00828975 0.0140388 0.00608653 0.0111513 0.023302 -0.00608907 -0.00225838 0.0278041 0.017471 0.0219562 0.0314588 -0.0235677 -0.0221723 -0.0242882 -0.0205117 -0.0167424 -0.0274925 -0.0202115 -0.0254797 -0.0134442 -0.0219422 -0.0190395 -0.0129851 -0.0226999 -0.0296556 -0.0273537 -0.0297081 -0.00936702 -0.0150003 0.010414 0.00927483 0.0108941 0.0043065 -0.0206982 0.0340994 0.0134889 -0.023833 -0.00891384 -0.0111809 -0.0322882 -0.029625 -0.0259126 -0.0255712 -0.0203968 0.01455 -0.00596999 -0.0224629 -0.0244796 -0.0233002 -0.0172718 -0.031081 -0.0295667 -0.0191552 -0.0261978 -0.0242812 -0.0311016 -0.0226101 -0.0169443 -0.0281011 -0.0239434 -0.023525 -0.0253431 -0.0235681 -0.0240982 -0.0310605 -0.00167926 8.87669e-05 0.00191526 -0.0213607 -0.0172232 -0.00269703 -0.00611107 -0.0251112 -0.0197863 0.00295087 0.00515778 0.000645687 0.00292134 -0.00090597 0.00427616 -0.00781357 -0.00125538 0.00412419
internal_weight=0 172070 154488 149745 103369 17582 5928 11654 43487 11286 10183 9298 4477 3291 2048 976 4743 1243 2637 689 1103 1948 33028 19094 13740 6307 5354 7433 3710 13934 1497 3374 2414 1931 524 10459 5580 59882 1407 812 3687 3396 3245 917 885 713 2328 4376 1644 1383 4879 59483 13536 13032 2370 2204 263 3156 4206 3598 1168 4199 3249 308 2430 1887 2824 1654 1199 469 46376 35703 10673 8057 34605 674 595 1072 944 2145 884 3246 1308 1224 517 4821 2463 2358 2329 1523 879 682 758 473
internal_count=487467 172070 154488 149745 103369 17582 5928 11654 43487 11286 10183 9298 4477 3291 2048 976 4743 1243 2637 689 1103 1948 33028 19094 13740 6307 5354 7433 3710 13934 1497 3374 2414 1931 524 10459 5580 59882 1407 812 3687 3396 3245 917 885 713 2328 4376 1644 1383 4879 59483 13536 13032 2370 2204 263 3156 4206 3598 1168 4199 3249 308 2430 1887 2824 1654 1199 469 46376 35703 10673 8057 34605 674 595 1072 944 2145 884 3246 1308 1224 517 4821 2463 2358 2329 1523 879 682 758 473
is_linear=0
shrinkage=0.0951581


Tree=46
num_leaves=24
num_cat=0
split_feature=4 3 4 4 0 0 4 0 0 0 0 3 0 0 0 3 3 3 4 0 0 0 0
split_gain=7076.89 2145.63 212.861 20.5542 13.3772 14.0119 30.4339 8.90833 6.20622 5.77409 5.17289 3.56637 1.79834 1.21718 0.790034 0.750891 0.48926 0.287362 0.0929979 1.99889 0.161425 0.0130851 0.00700137
threshold=0.15000000223517421 0.15000000223517421 0.25000000745058065 0.25000000745058065 4.5000000000000009 2.5000000000000004 0.35000000894069677 3.5000000000000004 1.5000000000000002 2.5000000000000004 1.5000000000000002 0.25000000745058065 2.5000000000000004 3.5000000000000004 1.5000000000000002 0.25000000745058065 0.35000000894069677 0.25000000745058065 0.35000000894069677 1.5000000000000002 1.5000000000000002 2.5000000000000004 1.5000000000000002
decision_type=2 2 2 2 2 2 2 2 2 2 2 2 2 2 2 2 2 2 2 2 2 2 2
left_child=22 2 8 12 5 11 7 -7 -2 -10 -4 18 14 15 -3 -8 -6 -15 20 -20 -5 -12 -1
right_child=1 3 10 4 16 6 13 -9 9 -11 21 -13 -14 17 -16 -17 -18 -19 19 -21 -22 -23 -24
leaf_value=0 0 0.00029585872192065729 0 9.5673200468083706e-05 -0.00057770042125122195 9.5673200468083706e-05 -2.7225212243029338e-06 9.5673200468083706e-05 0 0 0 0.0021414415054950642 0.00081811269889673223 8.1215937594732892e-05 3.5197399558310071e-05 0.0021829846947773461 -0.0002861546296059313 0.0020580501311471527 9.0363067609560273e-05 5.8321991110983499e-05 9.5673200468083706e-05 -0.00012269242113785293 0
leaf_weight=310726 113386 1992 2798 3390 173 2151 243 179 34831 1528 1364 328 150 140 2491 336 136 243 373 467 4790 581 4671
leaf_count=310726 113386 1992 2798 3390 173 2151 243 179 34831 1528 1364 328 150 140 2491 336 136 243 373 467 4790 581 4671
internal_value=0 -0.0223514 -0.0259361 0.00914669 0.0110928 0.011571 0.0169099 0.0227889 -0.0265648 -0.0276466 -0.00608907 0.0096909 0.00370732 0.00267076 0.00336439 -8.21745e-05 -0.00846876 0.0068325 0.00933646 0.00838297 0.00943438 -0.00985828 -0.0463429
internal_weight=0 172070 154488 17582 12949 12640 3292 2330 149745 36359 4743 9348 4633 962 4483 579 309 383 9020 840 8180 1945 315397
internal_count=487467 172070 154488 17582 12949 12640 3292 2330 149745 36359 4743 9348 4633 962 4483 579 309 383 9020 840 8180 1945 315397
is_linear=0
shrinkage=0.0951581


Tree=47
num_leaves=24
num_cat=0
split_feature=4 3 4 4 0 0 4 0 0 0 0 3 0 0 3 3 3 4 0 0 0 0 0
split_gain=7071.67 2135.05 212.861 22.424 13.3772 14.0119 30.4339 8.90833 6.20622 5.77409 5.17289 3.56637 1.21718 0.754574 0.750891 0.48926 0.287362 0.0929979 1.99889 0.161425 0.0385903 0.0130851 0.00700137
threshold=0.15000000223517421 0.15000000223517421 0.25000000745058065 0.25000000745058065 4.5000000000000009 2.5000000000000004 0.35000000894069677 3.5000000000000004 1.5000000000000002 2.5000000000000004 1.5000000000000002 0.25000000745058065 3.5000000000000004 1.5000000000000002 0.25000000745058065 0.35000000894069677 0.25000000745058065 0.35000000894069677 1.5000000000000002 1.5000000000000002 2.5000000000000004 2.5000000000000004 1.5000000000000002
decision_type=2 2 2 2 2 2 2 2 2 2 2 2 2 2 2 2 2 2 2 2 2 2 2
left_child=22 2 8 13 5 11 7 -7 -2 -10 -4 17 14 -3 -8 -6 -14 19 -19 -5 -15 -12 -1
right_child=1 3 10 4 15 6 12 -9 9 -11 21 -13 16 20 -16 -17 -18 18 -20 -21 -22 -23 -24
leaf_value=0 0 0.00026770537137316472 0 8.6569121557404283e-05 -0.00052272755323727171 8.6569121557404283e-05 -2.4634513077460483e-06 8.6569121557404283e-05 0 0 0 0.0019376660244486636 7.3487584189080326e-05 3.184808228386019e-05 0.0019752560432341202 -0.0002589247019371306 0.0018622100139102534 8.1764290793234854e-05 5.2772181898952473e-05 8.6569121557404283e-05 0.00074026265800602401 -0.00011101724482602834 0
leaf_weight=310726 113386 1992 2798 3390 173 2151 243 179 34831 1528 1364 328 140 2491 336 136 243 373 467 4790 150 581 4671
leaf_count=310726 113386 1992 2798 3390 173 2151 243 179 34831 1528 1364 328 140 2491 336 136 243 373 467 4790 150 581 4671
internal_value=0 -0.0223602 -0.0259361 0.0090601 0.0110928 0.011571 0.0169099 0.0227889 -0.0265648 -0.0276466 -0.00608907 0.0096909 0.00267076 0.0033787 -8.21745e-05 -0.00846876 0.0068325 0.00933646 0.00838297 0.00943438 0.002324 -0.00985828 -0.0463429
internal_weight=0 172070 154488 17582 12949 12640 3292 2330 149745 36359 4743 9348 962 4633 579 309 383 9020 840 8180 2641 1945 315397
internal_count=487467 172070 154488 17582 12949 12640 3292 2330 149745 36359 4743 9348 962 4633 579 309 383 9020 840 8180 2641 1945 315397
is_linear=0
shrinkage=0.0951581


Tree=48
num_leaves=95
num_cat=0
split_feature=4 4 2 2 2 2 2 2 2 2 2 2 2 2 4 2 2 0 0 0 0 2 2 2 0 2 2 0 2 2 0 2 2 2 0 0 4 2 2 0 0 2 2 2 2 4 0 2 2 2 2 2 2 2 2 2 2 2 0 2 2 2 2 2 2 2 2 0 2 0 2 2 0 0 2 2 0 2 2 2 0 2 2 2 0 0 2 2 2 2 0 2 0 2
split_gain=7060.59 1797 86.0346 82.8012 76.7402 51.8576 45.8365 36.7399 35.4007 29.1805 55.0872 28.1105 20.1513 20.1212 16.9937 31.1988 35.7329 16.9615 14.7726 14.6586 14.2185 10.1879 44.0753 16.5251 14.1481 11.6991 15.708 22.9595 9.85345 11.0976 29.7284 9.57001 8.94978 19.408 8.46975 8.33532 8.24292 8.04995 19.3628 10.8905 7.79639 7.53803 9.64556 12.8148 7.38055 7.11157 11.0747 6.69806 6.47596 6.40858 6.19483 62.6923 13.4283 9.75101 6.14571 6.03956 8.52792 6.1406 6.01518 5.85036 5.65954 7.57519 7.31276 5.56634 7.4363 7.05072 7.03468 6.02078 5.54838 5.1365 4.88578 4.7023 4.60453 5.45226 4.37084 4.3521 4.29727 4.70528 4.74764 4.13792 11.5298 4.52016 9.30151 4.90589 7.43853 4.11342 3.95964 3.87207 3.74211 3.70007 3.68394 3.6816 3.64337 7.3906
threshold=0.15000000223517421 0.25000000745058065 0.19548846781253817 0.1406514793634415 0.11293309181928636 0.22736185789108279 0.19101010262966159 0.20745369791984561 0.15954913944005969 0.20071429014205935 0.20206207782030108 0.20219807326793673 0.14895787835121158 0.13417843729257586 0.35000000894069677 0.24886304885149005 0.28112535178661352 1.5000000000000002 2.5000000000000004 2.5000000000000004 2.5000000000000004 0.15032467991113665 0.14926454424858096 0.15280397981405261 1.5000000000000002 0.14451952278614047 0.14503520727157596 1.5000000000000002 0.14415185153484347 0.14379280805587771 1.5000000000000002 0.13440062105655673 0.18897569924592975 0.18843366950750354 2.5000000000000004 1.5000000000000002 0.35000000894069677 0.1613835692405701 0.15678746998310092 1.5000000000000002 2.5000000000000004 0.19344085454940799 0.16013698279857638 0.1613835692405701 0.17660956084728244 0.45000000298023229 4.5000000000000009 0.1846805736422539 0.133558563888073 0.22039676457643512 0.10504237189888956 0.10629960522055627 0.10873378813266756 0.10533428192138673 0.10947888717055322 0.14216374605894092 0.14172885566949847 0.14246211946010592 2.5000000000000004 0.15298574417829516 0.15392307937145236 0.15339080244302752 0.15529115498065951 0.14765568077564242 0.14586748182773593 0.14790198951959613 0.14551208168268207 1.5000000000000002 0.15724790096282962 2.5000000000000004 0.15392307937145236 0.10458041727542879 1.5000000000000002 2.5000000000000004 0.13465463370084765 0.14094635099172595 1.5000000000000002 0.13533937186002734 0.13688258826732638 0.16587346047163012 1.5000000000000002 0.16688596457242968 0.17089758068323138 0.17394282668828967 1.5000000000000002 1.5000000000000002 0.15032467991113665 0.14122316241264346 0.12565835565328601 0.15724790096282962 1.5000000000000002 0.18724054098129275 1.5000000000000002 0.13230550289154056
decision_type=2 2 2 2 2 2 2 2 2 2 2 2 2 2 2 2 2 2 2 2 2 2 2 2 2 2 2 2 2 2 2 2 2 2 2 2 2 2 2 2 2 2 2 2 2 2 2 2 2 2 2 2 2 2 2 2 2 2 2 2 2 2 2 2 2 2 2 2 2 2 2 2 2 2 2 2 2 2 2 2 2 2 2 2 2 2 2 2 2 2 2 2 2 2
left_child=-1 3 6 4 17 7 12 9 21 72 -11 -12 34 40 15 -7 69 50 -13 -8 36 22 25 -23 59 28 27 -27 29 55 -31 35 33 37 92 -15 -9 38 58 47 48 42 -10 -44 79 -16 -47 -39 88 -22 71 53 -53 -52 -54 56 75 -57 86 -25 61 -26 -62 64 66 67 -28 -65 -64 -17 -61 -2 -4 -74 -33 -5 -76 -78 -79 80 -45 -81 85 -84 -85 -83 -14 -77 -6 -72 -88 -46 -3 -94
right_child=1 2 5 8 13 14 19 20 41 10 11 18 32 31 45 16 -18 -19 -20 -21 49 23 -24 24 60 26 63 -29 -30 30 -32 74 -34 -35 -36 -37 -38 39 -40 -41 -42 -43 43 44 91 46 -48 -49 -50 -51 51 52 54 -55 -56 57 -58 -59 -60 70 62 -63 68 65 -66 -67 -68 -69 -70 -71 89 -73 73 -75 76 87 77 78 -80 81 -82 82 83 84 -86 -87 90 -89 -90 -91 -92 -93 93 -95
leaf_value=0 0 0 7.833136939660092e-05 0 0 -6.2037202074072281e-05 -0.00020907110989142784 7.833136939660092e-05 0 -0.00020907110989142784 7.833136939660092e-05 -0.0016601969112320042 0.00010026174344123789 0 -6.7374402247300785e-05 7.833136939660092e-05 -0.00013159104077965214 0 7.833136939660092e-05 0.0026088415779368457 7.833136939660092e-05 0 0 0 0 0.0017385282806286065 0 0 0 0.0017385282806286065 0 0 7.833136939660092e-05 -0.00020907110989142784 0.0010232021608664315 0 4.2592944361088672e-05 0 7.833136939660092e-05 7.833136939660092e-05 0 0 0 0 0 0.0010545021964355429 -0.0004729857982821178 0.0005745225778919455 0 8.0761533584793355e-05 0 0 0 0.0038690121436413269 0 0 0 0 -0.00010045305597902106 0 -0.0011442970677844489 0 0 0 0 0 -0.00020443938398804248 0.0017385282806286065 0 7.833136939660092e-05 0 0 7.833136939660092e-05 7.833136939660092e-05 0 0 0 0 0 0 0 0 0 0 0 0 0.00047217739814883552 0 0 0 -0.00047614988521808496 0 0 -0.0010281688054757244
leaf_weight=315397 33838 2320 329 380 37107 885 705 1172 993 368 199 363 300 278 687 368 137 3368 126 163 412 2402 4752 181 285 352 1010 111 1039 195 117 506 303 156 220 120 183 1238 1007 2080 375 2898 306 864 1751 641 232 279 386 206 199 2252 744 796 4984 356 505 2277 129 492 408 238 829 137 2243 1303 320 174 437 354 1583 326 425 254 7640 450 368 857 2220 1366 704 338 720 339 582 281 428 863 22202 568 264 663 306 453
leaf_count=315397 33838 2320 329 380 37107 885 705 1172 993 368 199 363 300 278 687 368 137 3368 126 163 412 2402 4752 181 285 352 1010 111 1039 195 117 506 303 156 220 120 183 1238 1007 2080 375 2898 306 864 1751 641 232 279 386 206 199 2252 744 796 4984 356 505 2277 129 492 408 238 829 137 2243 1303 320 174 437 354 1583 326 425 254 7640 450 368 857 2220 1366 704 338 720 339 582 281 428 863 22202 568 264 663 306 453
internal_value=0 -0.022379 0.00634674 -0.0256711 -0.0268822 0.0142264 0.000758433 0.0214618 -0.0216611 0.0125863 0.0015319 0.0174272 0.00267422 -0.0288271 0.00538576 0.0118402 0.0247588 -0.0238688 0.00515683 -0.0201718 0.0307467 -0.0195632 -0.0208746 -0.0166331 -0.0197385 -0.0177657 -0.0146358 0.00215801 -0.0206263 -0.0189188 -0.00152497 -0.0252678 0.00587814 0.00505644 -0.00333154 -0.0107591 0.0362022 0.00595881 0.010598 0.00321426 -0.0295375 -0.0259277 -0.0245561 -0.0234468 -0.0242148 -0.00182996 0.00386954 -0.00291684 -0.0296234 0.0187853 -0.023361 -0.0211362 -0.0239445 0.00138673 -0.021497 -0.0200421 -0.0237246 -0.016968 0.00199484 -0.0241939 -0.0140117 -0.0226524 -0.0113121 -0.0161349 -0.01823 -0.0114968 -0.0125923 0.00137689 -0.0148825 0.0332131 -0.0230604 -0.0239455 0.0241671 0.0196903 -0.025766 -0.0204874 -0.0253712 -0.0225811 -0.0237973 -0.0262353 -0.022151 -0.0280016 -0.0253895 -0.0291389 -0.0245386 -0.0154497 0.0045085 -0.0230829 -0.0295435 -0.0250172 0.000550047 -0.0198673 -0.00462037 -0.0103433
internal_weight=0 172070 17692 154378 118566 7341 10351 4037 35812 2064 1056 688 9483 72059 3304 1744 859 46507 489 868 1973 24007 16584 7423 5021 11832 5650 463 6182 5143 312 11989 6184 5881 3299 398 1355 5725 2128 3597 60070 11805 8907 7914 7608 1560 873 1517 59695 618 43139 8975 7980 995 5728 4831 2198 2633 1121 2824 2197 523 1674 5187 3573 1614 1330 311 1266 722 2643 34164 1008 679 11591 1693 11085 3445 3077 5194 1568 3626 2260 1641 921 619 992 1313 59309 2151 692 2414 3079 759
internal_count=487467 172070 17692 154378 118566 7341 10351 4037 35812 2064 1056 688 9483 72059 3304 1744 859 46507 489 868 1973 24007 16584 7423 5021 11832 5650 463 6182 5143 312 11989 6184 5881 3299 398 1355 5725 2128 3597 60070 11805 8907 7914 7608 1560 873 1517 59695 618 43139 8975 7980 995 5728 4831 2198 2633 1121 2824 2197 523 1674 5187 3573 1614 1330 311 1266 722 2643 34164 1008 679 11591 1693 11085 3445 3077 5194 1568 3626 2260 1641 921 619 992 1313 59309 2151 692 2414 3079 759
is_linear=0
shrinkage=0.0951581


Tree=49
num_leaves=95
num_cat=0
split_feature=4 3 4 2 2 2 2 2 2 2 2 2 2 2 2 4 4 2 3 2 2 4 2 2 2 2 2 2 2 2 4 2 2 2 2 2 2 2 2 2 2 2 2 2 2 2 2 2 2 2 2 2 2 2 2 2 2 2 2 2 2 2 2 2 2 2 2 2 2 2 2 2 2 4 2 2 2 4 2 2 2 2 2 2 2 2 2 2 2 2 2 2 2 2
split_gain=7063.52 2118.58 212.861 50.9818 60.8367 45.7566 76.4566 47.5127 32.5131 26.8495 71.4584 31.4141 33.2842 18.8113 33.2756 27.6353 18.3228 13.0681 11.5444 10.9979 28.0124 10.1604 9.73149 24.226 18.362 17.4117 16.0576 15.3232 12.3238 9.80465 9.37662 10.5678 8.14905 7.8945 11.4533 7.49551 12.3471 6.99963 22.0202 6.8049 6.72919 9.20105 6.19506 5.91751 25.1957 12.1132 5.81374 5.3951 4.9982 4.94449 5.50428 4.84857 4.8048 4.78397 4.50517 4.40547 4.38618 4.01046 3.82296 6.94081 3.64129 3.63708 5.61713 3.45012 3.42947 3.47499 3.42587 4.13101 3.27337 3.25238 3.14551 27.1078 7.89182 5.26727 6.5381 16.9775 9.70099 4.52408 6.16493 18.6069 4.28373 4.02059 3.96578 3.62927 4.60736 3.57937 3.05392 3.02984 3.10138 2.99946 40.828 11.4377 6.52097 3.67974
threshold=0.15000000223517421 0.15000000223517421 0.25000000745058065 0.11293309181928636 0.13417843729257586 0.20206207782030108 0.22736185789108279 0.20071429014205935 0.15954913944005969 0.19548846781253817 0.19101010262966159 0.15724790096282962 0.1613835692405701 0.28112535178661352 0.24886304885149005 0.35000000894069677 0.25000000745058065 0.16159114986658099 0.25000000745058065 0.20745369791984561 0.20219807326793673 0.35000000894069677 0.14216374605894092 0.14586748182773593 0.15032467991113665 0.15280397981405261 0.14451952278614047 0.14926454424858096 0.14246211946010592 0.13440062105655673 0.25000000745058065 0.17280431091785434 0.18582589179277423 0.14415185153484347 0.14379280805587771 0.15119115263223651 0.15092624723911288 0.17394282668828967 0.18724054098129275 0.133558563888073 0.15188746154308322 0.15220635384321216 0.19344085454940799 0.18724054098129275 0.18897569924592975 0.18843366950750354 0.16259328275918963 0.25035211443901068 0.15886382013559344 0.14551208168268207 0.14503520727157596 0.17006493359804156 0.12565835565328601 0.16370223462581637 0.13465463370084765 0.14172885566949847 0.17660956084728244 0.14620192348957065 0.15339080244302752 0.15529115498065951 0.15460605919361117 0.16013698279857638 0.16159114986658099 0.31587702035903936 0.18346994370222094 0.1779797971248627 0.15563492476940158 0.1583974361419678 0.168457105755806 0.15724790096282962 0.1483045965433121 0.14895787835121158 0.14379280805587771 0.25000000745058065 0.13263087719678882 0.1393149867653847 0.11630280315876008 0.25000000745058065 0.15092624723911288 0.15153882652521136 0.14670995622873309 0.15280397981405261 0.15392307937145236 0.15092624723911288 0.15339080244302752 0.14172885566949847 0.16587346047163012 0.1393149867653847 0.13195744901895526 0.10629960522055627 0.10533428192138673 0.10840395465493204 0.10916084051132204 0.10458041727542879
decision_type=2 2 2 2 2 2 2 2 2 2 2 2 2 2 2 2 2 2 2 2 2 2 2 2 2 2 2 2 2 2 2 2 2 2 2 2 2 2 2 2 2 2 2 2 2 2 2 2 2 2 2 2 2 2 2 2 2 2 2 2 2 2 2 2 2 2 2 2 2 2 2 2 2 2 2 2 2 2 2 2 2 2 2 2 2 2 2 2 2 2 2 2 2 2
left_child=-1 2 3 89 39 7 19 9 22 10 11 70 -13 14 -8 47 -11 -4 63 20 -7 -21 29 26 27 35 28 57 -24 -6 31 53 86 34 -30 36 -26 51 56 52 -37 -42 -12 46 45 -45 -32 -16 58 50 -28 61 -5 -14 -31 -56 -39 -25 -27 60 -60 -10 -63 -15 65 -33 -61 69 -64 -68 72 -72 73 74 76 -76 -3 78 -73 -80 -74 -81 -83 -79 -85 -77 -19 88 -75 90 93 -91 -93 -2
right_child=1 5 17 4 8 6 13 -9 37 16 42 12 30 18 15 -17 -18 32 -20 21 -22 -23 23 24 25 48 49 -29 33 54 43 64 -34 -35 -36 40 -38 38 -40 -41 41 -43 -44 44 -46 -47 -48 -49 -50 -51 -52 -53 -54 -55 55 -57 -58 -59 59 66 -62 62 68 -65 -66 -67 67 -69 -70 -71 71 77 80 87 75 85 -78 83 79 81 -82 82 -84 84 -86 -87 -88 -89 -90 91 -92 92 -94 -95
leaf_value=0 0 0.0004039971095897591 0 0 0 7.0877505987837058e-05 4.4472498494536271e-06 -0.0001891763026404668 0 -0.00010147198664393293 -0.0001891763026404668 7.0877505987837058e-05 0.0011519400211885652 -0.00011906908882931418 7.0877505987837058e-05 -2.9572370107946404e-05 7.0877505987837058e-05 -8.927190475156409e-06 0.00057575136818323639 7.0877505987837058e-05 7.0877505987837058e-05 5.9040782714700918e-05 0 0 0 0 0 0 0 0 -0.0047864073351455098 -0.0012195122121814595 8.2396927368653429e-05 0 0 0 0 0 0 0 0 0 -0.0001891763026404668 8.3759130517006757e-05 7.0877505987837058e-05 -0.0001891763026404668 7.0877505987837058e-05 7.0877505987837058e-05 0 0.00057480877501374134 0 0 0 0.00060852279060908949 0 0 0 0 0 0 -0.00083845662466037975 0 0 -0.00011906908882931418 0.00020770074065778419 -0.0012195122121814595 0 0 0 0 0.00017742280428549497 -0.00074566174508802644 -0.00078728859978977961 -8.1391980682824302e-05 -0.0012001747001635084 0.00037291855186927215 0.00024223103985848712 9.0721027550627091e-05 0.00062738231167147227 -0.0017419025038725216 0.002038919580801176 0.0031690642612220419 -0.0010354079457377296 -0.00037719882262541752 6.8402400904142688e-05 0.00037291855186927215 -7.4538634087625449e-06 -0.0026498818645007199 0.0013101321792729516 0 0 0 0 0
leaf_weight=315397 33931 131 3246 37153 398 199 1072 368 950 194 469 790 148 155 133 263 909 335 935 1663 490 285 336 470 248 608 423 4277 2145 504 124 141 298 960 269 595 276 832 3210 399 319 493 416 197 268 132 2007 580 170 261 960 680 22330 413 12546 486 1538 2686 966 543 202 425 2545 153 142 115 1224 233 279 430 134 644 529 490 165 113 144 192 121 285 353 161 312 148 466 171 864 140 122 2616 1098 1092 6965 674
leaf_count=315397 33931 131 3246 37153 398 199 1072 368 950 194 469 790 148 155 133 263 909 335 935 1663 490 285 336 470 248 608 423 4277 2145 504 124 141 298 960 269 595 276 832 3210 399 319 493 416 197 268 132 2007 580 170 261 960 680 22330 413 12546 486 1538 2686 966 543 202 425 2545 153 142 115 1224 233 279 430 134 644 529 490 165 113 144 192 121 285 353 161 312 148 466 171 864 140 122 2616 1098 1092 6965 674
internal_value=0 -0.0223741 -0.0259361 -0.0265648 -0.0277408 0.00892479 0.0157313 0.00546257 -0.0250319 0.00655972 0.00503217 0.00749147 0.0132312 0.00605762 0.0116624 0.0243745 0.0206622 -0.00608907 -0.00317704 0.0278041 0.017471 0.0314588 -0.0235677 -0.0221723 -0.0242882 -0.0205117 -0.0167424 -0.0274925 -0.0202115 -0.0254797 0.00943322 0.00133956 -0.0134442 -0.0219422 -0.0190395 -0.0129851 -0.0226999 -0.0296556 -0.0273537 -0.0297081 -0.00936702 -0.0150003 -0.0208058 0.0122785 0.00390515 -0.0137386 0.0146242 0.0340994 -0.023833 -0.00891384 -0.0111809 -0.0322882 -0.029625 0.00975328 -0.0259126 -0.0255712 -0.0203968 -0.0224629 -0.0244796 -0.0233002 -0.0172718 -0.031081 -0.0295667 -0.0191552 -0.01052 -0.0170987 -0.0261978 -0.0242812 -0.0311016 -0.0226101 0.00216134 0.00453962 -0.000322843 0.00393269 0.0097261 0.00264917 0.0212808 0.00214504 -0.00090597 0.00427616 -0.00744434 -0.00125538 0.00412419 0.00791016 0.00433946 0.0167532 -0.0169443 -0.00164502 0.0012439 -0.0239434 -0.023525 -0.0253431 -0.0235681 -0.0240982
internal_weight=0 172070 154488 149745 103369 17582 5928 11654 43487 11286 10183 9298 4477 3291 2048 976 1103 4743 1243 2637 689 1948 33028 19094 13740 6307 5354 7433 3710 13934 3687 959 1497 3374 2414 1931 524 10459 5580 59882 1407 812 885 2728 597 329 2131 713 4376 1644 1383 4879 59483 561 13536 13032 2370 3156 4206 3598 1168 4199 3249 308 398 256 2430 1887 2824 1654 4821 2463 2358 1476 724 449 275 2329 1523 879 882 758 473 806 614 284 1199 752 612 46376 35703 10673 8057 34605
internal_count=487467 172070 154488 149745 103369 17582 5928 11654 43487 11286 10183 9298 4477 3291 2048 976 1103 4743 1243 2637 689 1948 33028 19094 13740 6307 5354 7433 3710 13934 3687 959 1497 3374 2414 1931 524 10459 5580 59882 1407 812 885 2728 597 329 2131 713 4376 1644 1383 4879 59483 561 13536 13032 2370 3156 4206 3598 1168 4199 3249 308 398 256 2430 1887 2824 1654 4821 2463 2358 1476 724 449 275 2329 1523 879 882 758 473 806 614 284 1199 752 612 46376 35703 10673 8057 34605
is_linear=0
shrinkage=0.0951581


Tree=50
num_leaves=95
num_cat=0
split_feature=3 2 2 2 2 2 2 2 0 0 2 2 2 2 2 0 2 2 2 3 2 2 0 0 0 2 2 2 0 2 2 2 2 2 2 2 2 0 2 2 0 2 2 0 2 2 2 0 2 2 2 0 2 2 2 2 0 2 2 2 2 2 0 2 2 2 0 2 2 2 2 0 2 2 2 0 2 2 2 2 2 2 2 2 0 2 0 2 2 2 2 2 2 2
split_gain=4390.68 2028.34 239.423 112.206 47.002 76.4566 47.1215 44.6295 35.6276 25.5658 19.784 80.2651 18.8113 33.2756 18.571 14.3512 13.3507 25.6294 23.3623 11.5444 10.9979 28.0124 15.1467 14.6713 9.91152 9.66818 9.33676 15.3118 9.11602 7.90373 9.03946 26.6734 32.3135 24.4646 11.0669 16.2403 8.51264 12.0629 8.20131 12.2145 17.3012 7.51644 10.4857 11.7082 7.25605 8.6904 6.89626 6.85446 6.69512 6.46205 16.8293 8.14757 20.5225 16.83 6.30554 10.3008 7.34028 6.93363 6.27079 6.02036 5.62119 5.59156 5.48705 10.7132 18.8304 9.12484 5.17889 10.3326 8.70183 5.947 5.02874 4.74134 4.72859 12.1866 6.86378 6.90685 10.9847 9.99749 6.06372 5.05938 5.38293 4.71715 5.17083 5.21143 4.46612 4.37564 10.875 4.36888 4.95525 4.76369 4.3273 8.95133 17.5347 10.3657
threshold=0.15000000223517421 0.11084018647670747 0.13417843729257586 0.10074627026915552 0.20206207782030108 0.22736185789108279 0.20071429014205935 0.11854497343301774 2.5000000000000004 2.5000000000000004 0.19548846781253817 0.19101010262966159 0.28112535178661352 0.24886304885149005 0.19344085454940799 1.5000000000000002 0.15460605919361117 0.1613835692405701 0.15724790096282962 0.25000000745058065 0.20745369791984561 0.20219807326793673 2.5000000000000004 2.5000000000000004 2.5000000000000004 0.12565835565328601 0.18897569924592975 0.18843366950750354 2.5000000000000004 0.13440062105655673 0.1406514793634415 0.1483045965433121 0.15032467991113665 0.15280397981405261 0.14451952278614047 0.14586748182773593 0.14765568077564242 1.5000000000000002 0.14415185153484347 0.14379280805587771 1.5000000000000002 0.15119115263223651 0.15092624723911288 1.5000000000000002 0.15188746154308322 0.15220635384321216 0.14551208168268207 1.5000000000000002 0.22039676457643512 0.16688596457242968 0.16587346047163012 1.5000000000000002 0.17660956084728244 0.17089758068323138 0.10629960522055627 0.10533428192138673 1.5000000000000002 0.10317540168762208 0.133558563888073 0.19344085454940799 0.10840395465493204 0.14926454424858096 1.5000000000000002 0.1483045965433121 0.13969421386718753 0.15339080244302752 1.5000000000000002 0.17154762148857119 0.1643650829792023 0.17154762148857119 0.19548846781253817 2.5000000000000004 0.15954913944005969 0.16013698279857638 0.15886382013559344 1.5000000000000002 0.15392307937145236 0.15529115498065951 0.15803226083517077 0.16159114986658099 0.1643650829792023 0.1846805736422539 0.17280431091785434 0.17660956084728244 4.5000000000000009 0.14503520727157596 1.5000000000000002 0.11984848231077196 0.1201351322233677 0.12061157822608949 0.14895787835121158 0.1393149867653847 0.12846482545137408 0.11307911574840547
decision_type=2 2 2 2 2 2 2 2 2 2 2 2 2 2 2 2 2 2 2 2 2 2 2 2 2 2 2 2 2 2 2 2 2 2 2 2 2 2 2 2 2 2 2 2 2 2 2 2 2 2 2 2 2 2 2 2 2 2 2 2 2 2 2 2 2 2 2 2 2 2 2 2 2 2 2 2 2 2 2 2 2 2 2 2 2 2 2 2 2 2 2 2 2 2
left_child=1 3 7 -1 6 20 8 -3 10 25 11 16 13 -7 29 -12 62 18 -18 -14 21 -6 -22 -23 -21 87 27 66 -15 47 -31 34 61 41 38 46 -37 -38 39 -32 -41 42 43 -34 -43 -46 85 -4 -24 50 72 53 -53 -51 55 57 -57 -5 -27 -13 -56 -33 90 64 -64 -65 69 68 -68 -19 -16 -63 74 -74 75 -35 -77 -78 -79 -75 -81 82 -55 -84 -26 86 -36 -9 -89 -90 91 92 93 -2
right_child=4 2 14 54 5 12 -8 9 -10 -11 15 59 19 28 70 -17 17 26 -20 24 22 23 48 -25 84 58 -28 -29 -30 30 31 32 33 49 35 36 37 -39 -40 40 -42 44 -44 -45 45 -47 -48 -49 -50 51 -52 52 -54 81 60 56 -58 -59 -60 -61 -62 71 63 65 -66 -67 67 -69 -70 -71 -72 -73 73 79 -76 76 77 78 -80 80 -82 -83 83 -85 -86 -87 -88 88 89 -91 -92 -93 -94 -95
leaf_value=0 0.00026357266895959275 0 0 0 6.4132937975599591e-05 4.0240580531412634e-06 -0.00017117464722554156 0 6.4132937975599591e-05 0 6.4132937975599591e-05 -0.00017117464722554156 -0.00010773870189523869 6.4132937975599591e-05 0 6.4132937975599591e-05 6.1893359161371744e-05 -0.00013151646398734435 6.4132937975599591e-05 0.0008993703828859593 6.4132937975599591e-05 -0.0015089603140571769 6.4132937975599591e-05 6.4132937975599591e-05 0.00052096396833430331 0 6.4132937975599591e-05 -0.00017117464722554156 6.4132937975599591e-05 0 0 0 0.0042758984701790556 0 0.0015730932520327805 0 0 0.0015730932520327805 0 0.0015730932520327805 0 0 0 0 0 0 0.00052011107052937972 0 6.6331852384052947e-05 7.0929539652508065e-07 0 0 0 0 0 0 0 0 0 -0.00017117464722554156 0 0 0.00059673972424643138 8.2088187950426616e-05 -0.00136673632519884 -0.00093688050444150144 6.7257217912806733e-05 -0.0011034657607413641 0.00055061692483322441 0.000517201371590913 0 0 0 0 0 0 0.0037616250494229846 0 0 0 0 0 0 0 -0.00048276477351346286 0 0 0 0 0 -1.7103163768957168e-05 0.00033743233517678284 -0.0010859683694101497 0.00021918079704547045
leaf_weight=313058 485 30754 284 1249 199 1072 368 3491 1303 384 328 407 308 508 187 530 572 491 740 224 1338 364 410 126 475 24061 218 144 468 12008 4823 775 143 2757 335 2047 320 249 1013 184 107 612 286 112 342 505 284 124 200 390 1527 1216 1540 333 7660 2765 558 5083 389 312 9357 4790 261 879 562 125 245 630 521 708 2776 132 1082 526 222 456 339 870 210 1183 326 317 475 665 236 980 131 4486 537 18070 728 791 168 138
leaf_count=313058 485 30754 284 1249 199 1072 368 3491 1303 384 328 407 308 508 187 530 572 491 740 224 1338 364 410 126 475 24061 218 144 468 12008 4823 775 143 2757 335 2047 320 249 1013 184 107 612 286 112 342 505 284 124 200 390 1527 1216 1540 333 7660 2765 558 5083 389 312 9357 4790 261 879 562 125 245 630 521 708 2776 132 1082 526 222 456 339 870 210 1183 326 317 475 665 236 980 131 4486 537 18070 728 791 168 138
internal_value=0 -0.0396016 -0.0295008 -0.0434714 0.00883278 0.0157313 0.00532376 -0.0326195 0.00641638 -0.0309044 0.00448481 0.00318584 0.00605762 0.0116624 -0.0241599 0.0182996 0.00579597 0.00952918 0.0205982 -0.00317704 0.0278041 0.017471 0.0314588 0.0052434 0.00208635 -0.0310885 0.00461792 0.0031094 0.0243745 -0.0236796 -0.0238002 -0.0229782 -0.0248505 -0.0227096 -0.0190216 -0.0153488 -0.0200792 -0.00978339 -0.0216268 -0.0200774 -0.00114451 -0.0128463 -0.0224264 -0.0083963 -0.00929406 -0.0149984 -0.0081957 -0.0104954 0.0190316 -0.0240763 -0.0255278 -0.0212833 -0.0247218 -0.0169364 -0.0375466 -0.0356042 -0.0313137 -0.0378558 -0.0297228 -0.0273298 -0.0386487 -0.0310262 0.00194364 -0.00195316 -0.0100014 0.00464417 0.00478541 0.0087251 0.0161495 0.000198411 -0.0314571 -0.0322091 -0.0237746 -0.0266669 -0.0219173 -0.0227007 -0.018245 -0.0141161 -0.0185911 -0.0223282 -0.0251296 -0.0208391 -0.0185729 -0.0155258 -0.00341284 -0.0108583 -0.00326723 -0.0323446 -0.0328189 -0.0321345 0.00502567 0.00781956 0.000661655 0.00801894
internal_weight=0 469885 130155 339730 17582 5928 11654 82172 11286 51418 9983 9125 3291 2048 47983 858 8406 4269 1312 1243 2637 689 1948 490 935 51034 2957 2739 976 45020 44612 32604 22131 16434 10473 4346 2616 569 6127 5114 291 2000 541 255 1459 847 1730 408 610 14434 9498 4936 2756 2180 26672 9655 3323 6332 24450 719 17017 5697 4137 1827 823 1004 2595 1396 766 1199 2963 4922 7971 3117 4854 4632 1875 1419 1080 2035 1509 1790 1473 1140 711 1446 466 26584 23093 18607 2310 1582 791 623
internal_count=487467 469885 130155 339730 17582 5928 11654 82172 11286 51418 9983 9125 3291 2048 47983 858 8406 4269 1312 1243 2637 689 1948 490 935 51034 2957 2739 976 45020 44612 32604 22131 16434 10473 4346 2616 569 6127 5114 291 2000 541 255 1459 847 1730 408 610 14434 9498 4936 2756 2180 26672 9655 3323 6332 24450 719 17017 5697 4137 1827 823 1004 2595 1396 766 1199 2963 4922 7971 3117 4854 4632 1875 1419 1080 2035 1509 1790 1473 1140 711 1446 466 26584 23093 18607 2310 1582 791 623
is_linear=0
shrinkage=0.0951581


Tree=51
num_leaves=95
num_cat=0
split_feature=4 3 4 2 2 2 2 2 2 2 2 2 2 2 2 4 4 2 2 3 4 2 2 2 2 2 2 2 2 2 2 2 4 2 2 2 2 2 2 2 2 2 2 2 2 2 2 2 2 2 2 2 2 2 2 2 2 2 2 2 2 2 2 2 2 2 2 2 2 2 2 2 2 2 2 2 2 2 2 2 2 2 2 2 2 2 2 2 2 2 2 2 2 2
split_gain=7107.27 2091.05 283.871 50.9818 60.8367 46.2092 77.6814 47.0985 32.5131 27.4306 70.531 23.9847 27.9731 19.9939 33.2756 27.6353 18.3228 10.9979 28.0124 10.8902 10.1604 9.73149 24.226 18.362 17.4117 16.0576 15.3232 12.3238 9.80465 9.29666 8.25781 18.4648 9.38899 14.0711 14.0507 7.8945 11.4533 7.49551 12.3471 6.99963 22.0202 6.8049 6.72919 9.20105 6.19506 5.3951 4.9982 4.94449 5.50428 4.84857 4.8048 4.78397 4.50517 4.40547 4.38618 4.31669 4.01046 3.82296 6.94081 3.64129 3.63708 5.61713 3.57239 13.0208 7.5827 3.45012 3.42587 4.13101 3.27337 3.25238 2.99946 40.828 11.4377 6.52097 3.67974 4.56627 2.99498 2.92046 2.91273 7.31727 2.84279 4.74911 2.80275 3.07665 2.70276 2.61648 2.5364 2.82 5.11301 2.35799 7.58583 3.3073 2.19539 2.18454
threshold=0.15000000223517421 0.15000000223517421 0.25000000745058065 0.11293309181928636 0.13417843729257586 0.20206207782030108 0.22736185789108279 0.20071429014205935 0.15954913944005969 0.19548846781253817 0.19101010262966159 0.15678746998310092 0.1613835692405701 0.28112535178661352 0.24886304885149005 0.35000000894069677 0.25000000745058065 0.20745369791984561 0.20219807326793673 0.25000000745058065 0.35000000894069677 0.14216374605894092 0.14586748182773593 0.15032467991113665 0.15280397981405261 0.14451952278614047 0.14926454424858096 0.14246211946010592 0.13440062105655673 0.15724790096282962 0.18897569924592975 0.18843366950750354 0.25000000745058065 0.17280431091785434 0.1643650829792023 0.14415185153484347 0.14379280805587771 0.15119115263223651 0.15092624723911288 0.17394282668828967 0.18724054098129275 0.133558563888073 0.15188746154308322 0.15220635384321216 0.19344085454940799 0.25035211443901068 0.15886382013559344 0.14551208168268207 0.14503520727157596 0.17006493359804156 0.12565835565328601 0.16370223462581637 0.13465463370084765 0.14172885566949847 0.17660956084728244 0.18724054098129275 0.14620192348957065 0.15339080244302752 0.15529115498065951 0.15460605919361117 0.16013698279857638 0.16159114986658099 0.17660956084728244 0.168457105755806 0.18346994370222094 0.31587702035903936 0.15563492476940158 0.1583974361419678 0.168457105755806 0.15724790096282962 0.10629960522055627 0.10533428192138673 0.10840395465493204 0.10916084051132204 0.10458041727542879 0.10504237189888956 0.15153882652521136 0.19291979819536212 0.23021738976240161 0.23357842862606051 0.14295635372400287 0.14351332187652591 0.15678746998310092 0.15629401057958606 0.22039676457643512 0.11441558599472047 0.16159114986658099 0.12700557708740237 0.120864424854517 0.1483045965433121 0.14765568077564242 0.14790198951959613 0.14741302281618121 0.10990196093916894
decision_type=2 2 2 2 2 2 2 2 2 2 2 2 2 2 2 2 2 2 2 2 2 2 2 2 2 2 2 2 2 2 2 2 2 2 2 2 2 2 2 2 2 2 2 2 2 2 2 2 2 2 2 2 2 2 2 2 2 2 2 2 2 2 2 2 2 2 2 2 2 2 2 2 2 2 2 2 2 2 2 2 2 2 2 2 2 2 2 2 2 2 2 2 2 2
left_child=-1 2 3 70 41 7 17 9 21 10 11 -3 29 14 78 45 -11 18 -7 65 84 28 25 26 37 27 56 -23 -6 -13 31 32 33 51 -34 36 80 38 -25 49 54 50 76 -44 77 -16 57 48 -27 60 85 -14 -30 -54 -41 -36 -24 -26 59 -59 -10 -62 63 86 -64 -15 -60 69 -63 82 71 74 -72 -74 -2 -76 -39 -12 -8 -80 -29 -82 83 -68 -19 -5 87 88 -4 90 92 -92 -58 -75
right_child=1 5 62 4 8 6 13 -9 39 16 44 12 30 19 15 -17 -18 20 -20 -21 -22 22 23 24 46 47 -28 35 52 -31 -32 -33 34 -35 55 -37 -38 42 -40 40 -42 -43 43 -45 -46 -47 -48 -49 -50 -51 -52 -53 53 -55 -56 -57 89 58 66 -61 61 68 64 -65 -66 -67 67 -69 -70 -71 72 -73 73 93 75 -77 -78 -79 79 -81 81 -83 -84 -85 -86 -87 -88 -89 -90 -91 91 -93 -94 -95
leaf_value=0 0 0.0001284301731798049 0 0 0 5.8030170165522357e-05 -0.00047997851051905102 -0.00015488599493603157 0 -9.79188741331888e-05 -0.00015488599493603157 5.6003705391085338e-05 0.0010359235419848088 -9.7486492927737454e-05 5.8030170165522357e-05 -3.2861087695794226e-05 5.8030170165522357e-05 5.8030170165522357e-05 5.8030170165522357e-05 0.00047139003274804069 4.7319806857299742e-05 0 0 0 0 0 0 0 0 5.8030170165522357e-05 5.8030170165522357e-05 -0.00015488599493603157 -8.5721578857676163e-06 -0.00099846206783810046 5.8030170165522357e-05 0 0 0 0 0 0 0 0 0 -0.00015488599493603157 5.8030170165522357e-05 0 0.0004706182950682164 0 0 0 0.00049822127057777966 0 0 0 6.9686003923216349e-05 0 0 0 -0.00075867069467430162 0 0 -0.00074066384109718086 7.0929539652508065e-07 -0.00017139101019204617 -9.7486492927737454e-05 0 0 0 0 0 0 0 0 0 0 0.0015730932520327805 -0.00015488599493603157 0.0015364288660984419 -5.6939973957188769e-05 0 0 0 0 5.8030170165522357e-05 0 -8.0776960907431035e-06 0 0 0 0 0 0 0
leaf_weight=315397 33931 4631 939 3655 398 199 128 368 950 194 350 190 148 155 133 263 909 1147 490 935 285 336 470 248 608 423 4277 1261 504 790 291 151 303 356 1828 960 269 370 276 832 3210 399 319 493 416 580 170 261 960 680 22330 413 12546 486 1538 197 1103 966 543 202 425 2545 223 401 358 153 310 233 279 430 2616 1098 1092 637 425 249 225 119 161 783 498 386 707 207 516 33498 515 1938 369 699 249 295 340 6328
leaf_count=315397 33931 4631 939 3655 398 199 128 368 950 194 350 190 148 155 133 263 909 1147 490 935 285 336 470 248 608 423 4277 1261 504 790 291 151 303 356 1828 960 269 370 276 832 3210 399 319 493 416 580 170 261 960 680 22330 413 12546 486 1538 197 1103 966 543 202 425 2545 223 401 358 153 310 233 279 430 2616 1098 1092 637 425 249 225 119 161 783 498 386 707 207 516 33498 515 1938 369 699 249 295 340 6328
internal_value=0 -0.0223 -0.0258388 -0.0265648 -0.0277408 0.0087949 0.0156349 0.00531559 -0.0250319 0.00640795 0.00486397 0.00730726 0.0121216 0.00588413 0.0116624 0.0243745 0.0206622 0.0278041 0.017471 -0.00363637 0.0314588 -0.0235677 -0.0221723 -0.0242882 -0.0205117 -0.0167424 -0.0274925 -0.0202115 -0.0254797 0.0264112 0.00832343 0.00700516 0.00851877 0.000363199 0.0117313 -0.0219422 -0.0190395 -0.0129851 -0.0226999 -0.0296556 -0.0273537 -0.0297081 -0.00936702 -0.0150003 -0.0208058 0.0340994 -0.023833 -0.00891384 -0.0111809 -0.0322882 -0.029625 0.00975328 -0.0259126 -0.0255712 -0.0203968 0.0145909 -0.0224629 -0.0244796 -0.0233002 -0.0172718 -0.031081 -0.0295667 -0.00291914 -0.0019434 -0.00990889 -0.0191552 -0.0261978 -0.0242812 -0.0311016 -0.0226101 -0.0239434 -0.023525 -0.0253431 -0.0235681 -0.0240982 -0.0310605 -0.00167926 -0.028304 8.87669e-05 0.00191526 -0.0213607 -0.0172232 -0.0251112 -0.0197863 0.0343038 -0.0302881 -0.00368134 -0.00269703 -0.00611107 -0.0210439 -0.0193716 -0.00979569 -0.0229817 -0.02464
internal_weight=0 172070 154488 149745 103369 17582 5928 11654 43487 11286 10183 9298 4667 3291 2048 976 1103 2637 689 1243 1948 33028 19094 13740 6307 5354 7433 3710 13934 980 3687 3396 3245 917 2328 3374 2414 1931 524 10459 5580 59882 1407 812 885 713 4376 1644 1383 4879 59483 561 13536 13032 2370 2025 3156 4206 3598 1168 4199 3249 4743 4162 581 308 2430 1887 2824 1654 46376 35703 10673 8057 34605 674 595 469 1072 944 2145 884 1224 517 1663 37153 3761 3246 1308 2686 1987 544 1443 6965
internal_count=487467 172070 154488 149745 103369 17582 5928 11654 43487 11286 10183 9298 4667 3291 2048 976 1103 2637 689 1243 1948 33028 19094 13740 6307 5354 7433 3710 13934 980 3687 3396 3245 917 2328 3374 2414 1931 524 10459 5580 59882 1407 812 885 713 4376 1644 1383 4879 59483 561 13536 13032 2370 2025 3156 4206 3598 1168 4199 3249 4743 4162 581 308 2430 1887 2824 1654 46376 35703 10673 8057 34605 674 595 469 1072 944 2145 884 1224 517 1663 37153 3761 3246 1308 2686 1987 544 1443 6965
is_linear=0
shrinkage=0.0951581


Tree=52
num_leaves=95
num_cat=0
split_feature=4 4 2 2 2 2 2 2 2 2 2 2 0 2 2 2 2 2 2 4 0 0 0 0 0 2 2 2 2 2 2 0 2 2 0 2 2 0 2 4 0 0 4 0 2 2 2 2 2 2 2 2 2 2 2 2 2 2 2 2 2 2 2 2 2 2 0 2 0 2 2 0 0 2 2 0 2 2 2 2 0 2 2 2 0 0 2 2 2 2 2 2 0 2
split_gain=7072.65 1821.44 85.5831 82.5486 76.7402 54.41 46.8487 35.6703 23.9792 21.3463 20.1212 18.6981 16.9615 14.7135 36.7399 31.2264 29.1805 55.0872 28.1105 26.3831 14.7726 14.6586 14.2185 12.2178 20.6919 15.4408 12.2046 14.6959 10.1879 44.0753 16.5251 14.1481 11.6991 15.708 22.9595 9.85345 11.0976 29.7284 9.57001 8.63779 8.76395 8.33532 8.24292 7.79639 7.4518 9.57575 12.8633 7.5085 6.47596 6.40858 6.19483 62.6923 13.4283 9.75101 6.14571 6.03956 8.52792 6.1406 5.85036 5.65954 7.57519 7.31276 5.56634 7.4363 7.05072 7.03468 6.02078 5.54838 5.1365 4.88578 4.7023 4.60453 5.45226 4.37084 4.3521 4.29727 4.70528 4.74764 4.13975 3.8844 10.9668 4.52016 9.30151 4.90589 7.43853 4.11342 3.87207 3.74211 3.71898 8.25118 3.70007 3.6816 3.5563 3.5467
threshold=0.15000000223517421 0.25000000745058065 0.19548846781253817 0.1406514793634415 0.11293309181928636 0.28112535178661352 0.19101010262966159 0.15954913944005969 0.15629401057958606 0.1613835692405701 0.13417843729257586 0.168457105755806 1.5000000000000002 0.22736185789108279 0.20745369791984561 0.24886304885149005 0.20071429014205935 0.20206207782030108 0.20219807326793673 0.35000000894069677 2.5000000000000004 2.5000000000000004 2.5000000000000004 2.5000000000000004 1.5000000000000002 0.18758561462163928 0.17660956084728244 0.18758561462163928 0.15032467991113665 0.14926454424858096 0.15280397981405261 1.5000000000000002 0.14451952278614047 0.14503520727157596 1.5000000000000002 0.14415185153484347 0.14379280805587771 1.5000000000000002 0.13440062105655673 0.45000000298023229 4.5000000000000009 1.5000000000000002 0.35000000894069677 2.5000000000000004 0.19344085454940799 0.16013698279857638 0.1613835692405701 0.17660956084728244 0.133558563888073 0.22039676457643512 0.10504237189888956 0.10629960522055627 0.10873378813266756 0.10533428192138673 0.10947888717055322 0.14216374605894092 0.14172885566949847 0.14246211946010592 0.15298574417829516 0.15392307937145236 0.15339080244302752 0.15529115498065951 0.14765568077564242 0.14586748182773593 0.14790198951959613 0.14551208168268207 1.5000000000000002 0.15724790096282962 2.5000000000000004 0.15392307937145236 0.10458041727542879 1.5000000000000002 2.5000000000000004 0.13465463370084765 0.14094635099172595 1.5000000000000002 0.13533937186002734 0.13688258826732638 0.17280431091785434 0.16587346047163012 1.5000000000000002 0.16688596457242968 0.17089758068323138 0.17394282668828967 1.5000000000000002 1.5000000000000002 0.14122316241264346 0.12565835565328601 0.23021738976240161 0.23357842862606051 0.15724790096282962 0.18724054098129275 1.5000000000000002 0.17660956084728244
decision_type=2 2 2 2 2 2 2 2 2 2 2 2 2 2 2 2 2 2 2 2 2 2 2 2 2 2 2 2 2 2 2 2 2 2 2 2 2 2 2 2 2 2 2 2 2 2 2 2 2 2 2 2 2 2 2 2 2 2 2 2 2 2 2 2 2 2 2 2 2 2 2 2 2 2 2 2 2 2 2 2 2 2 2 2 2 2 2 2 2 2 2 2 2 2
left_child=-1 3 6 4 12 13 8 28 -3 -10 43 -11 50 14 16 88 71 -18 -19 68 -20 -8 42 24 26 93 -13 -28 29 32 -30 58 35 34 -34 36 55 -38 41 -7 -41 -12 -16 48 45 -9 92 79 87 -24 70 53 -53 -52 -54 56 74 -57 -32 60 -33 -61 63 65 66 -35 -64 -63 -17 -60 -2 -4 -73 -40 -5 -75 -77 -78 -25 80 -48 -81 85 -84 -85 -83 -76 -6 -15 -90 -71 -49 -47 -26
right_child=1 2 5 7 10 39 21 44 9 11 38 23 -14 15 22 19 17 18 20 -21 -22 -23 49 78 25 -27 27 -29 30 -31 31 59 33 62 -36 -37 37 -39 73 40 -42 -43 -44 -45 -46 46 47 91 -50 -51 51 52 54 -55 -56 57 -58 -59 69 61 -62 67 64 -65 -66 -67 -68 -69 -70 90 -72 72 -74 75 86 76 77 -79 -80 81 -82 82 83 84 -86 -87 -88 -89 89 -91 -92 -93 -94 -95
leaf_value=0 0 0 5.2508130076945356e-05 0 0 -8.8209864572071442e-05 -0.00014014733966832984 0 5.2508130076945356e-05 -3.2453101761753978e-06 0 6.418002021615451e-07 0 -0.00043430467276911634 5.2508130076945356e-05 5.2508130076945356e-05 -0.00014014733966832984 5.2508130076945356e-05 -0.001370892574509982 -2.9734089393139413e-05 5.2508130076945356e-05 0.0023872267421412093 5.2508130076945356e-05 0.0011216063656024494 -6.8120632066010005e-06 -0.00014014733966832984 -0.00067018368549827227 6.277860919722431e-05 0 0 0 0 0.0014234007045869326 0 0 0 0.0014234007045869326 0 0 0.00076893144146336482 -0.00048168237492106342 0 2.2316042934524115e-05 0 0 0 0 0 0 5.4497799992746788e-05 0 0 0 0.0035008443423160166 0 0 0 0 0 -0.00085994991598870594 0 0 0 0 0 -0.00015439903035490424 0.0014234007045869326 0 5.2508130076945356e-05 0 0 5.2508130076945356e-05 5.2508130076945356e-05 0 0 0 0 0 5.2508130076945356e-05 0 0 -6.7495194363535555e-08 0 0 0 0 0 0 0.0013902252315469541 -5.1521674856268297e-05 0 0 1.0448103729308582e-05 0.00073129129266704404
leaf_weight=315397 33838 4365 329 380 37107 386 705 993 1062 1308 278 391 3368 128 1172 368 368 199 363 263 126 163 412 129 336 237 457 299 2402 4752 181 285 352 1010 111 1039 195 117 506 630 229 120 183 375 2898 126 864 1751 386 206 199 2252 744 796 4984 356 505 2277 492 408 238 829 137 2243 1303 320 174 437 354 1583 326 425 254 7640 450 368 857 2220 521 1366 704 338 720 339 582 281 863 22202 163 783 568 663 180 378
leaf_count=315397 33838 4365 329 380 37107 386 705 993 1062 1308 278 391 3368 128 1172 368 368 199 363 263 126 163 412 129 336 237 457 299 2402 4752 181 285 352 1010 111 1039 195 117 506 630 229 120 183 375 2898 126 864 1751 386 206 199 2252 744 796 4984 356 505 2277 492 408 238 829 137 2243 1303 320 174 437 354 1583 326 425 254 7640 450 368 857 2220 521 1366 704 338 720 339 582 281 863 22202 163 783 568 663 180 378
internal_value=0 -0.0223586 0.00656188 -0.0256729 -0.0268822 0.0144208 0.000988261 -0.0216691 0.00292509 0.00734417 -0.0288271 0.00419953 -0.0238688 0.0181231 0.0214618 0.011577 0.0125863 0.0015319 0.0174272 0.0238137 0.00515683 -0.0201718 0.0307467 0.00865703 0.00512529 -0.00525321 0.0137303 0.00667114 -0.0195632 -0.0208746 -0.0166331 -0.0197385 -0.0177657 -0.0146358 0.00215801 -0.0206263 -0.0189188 -0.00152497 -0.0252678 -0.00370696 0.00160628 -0.0107591 0.0362022 -0.0295375 -0.0259518 -0.0245881 -0.0234829 -0.0242523 -0.0296234 0.0187853 -0.023361 -0.0211362 -0.0239445 0.00138673 -0.021497 -0.0200421 -0.0237246 -0.016968 -0.0241939 -0.0140117 -0.0226524 -0.0113121 -0.0161349 -0.01823 -0.0114968 -0.0125923 0.00137689 -0.0148825 0.0332131 -0.0230604 -0.0239455 0.0241671 0.0196903 -0.025766 -0.0204874 -0.0253712 -0.0225811 -0.0237973 0.0200564 -0.0262903 -0.022333 -0.0280016 -0.0253895 -0.0291389 -0.0245386 -0.0154497 -0.0230829 -0.0295435 0.000354406 0.00241416 -0.0250172 -0.0198673 -0.00435364 0.00173257
internal_weight=0 172070 17692 154378 118566 7341 10351 35812 9483 5118 72059 4056 46507 6096 4037 2059 2064 1056 688 985 489 868 1973 2748 2098 951 1147 756 24007 16584 7423 5021 11832 5650 463 6182 5143 312 11989 1245 859 398 1355 60070 11805 8907 7914 7608 59695 618 43139 8975 7980 995 5728 4831 2198 2633 2824 2197 523 1674 5187 3573 1614 1330 311 1266 722 2643 34164 1008 679 11591 1693 11085 3445 3077 650 5194 1568 3626 2260 1641 921 619 1313 59309 1074 946 2151 2414 306 714
internal_count=487467 172070 17692 154378 118566 7341 10351 35812 9483 5118 72059 4056 46507 6096 4037 2059 2064 1056 688 985 489 868 1973 2748 2098 951 1147 756 24007 16584 7423 5021 11832 5650 463 6182 5143 312 11989 1245 859 398 1355 60070 11805 8907 7914 7608 59695 618 43139 8975 7980 995 5728 4831 2198 2633 2824 2197 523 1674 5187 3573 1614 1330 311 1266 722 2643 34164 1008 679 11591 1693 11085 3445 3077 650 5194 1568 3626 2260 1641 921 619 1313 59309 1074 946 2151 2414 306 714
is_linear=0
shrinkage=0.0951581


Tree=53
num_leaves=25
num_cat=0
split_feature=4 3 4 0 4 0 4 0 4 0 0 0 3 3 0 4 4 0 3 0 4 4 0 0
split_gain=7071.67 2020.42 283.871 18.2521 44.6849 17.5325 8.53626 7.25943 7.83578 6.20622 5.77409 5.24593 3.35361 2.0006 0.767573 1.51215 1.51194 0.570366 0.148073 0.123941 0.167124 0.114607 0.0130851 0.00700137
threshold=0.15000000223517421 0.15000000223517421 0.25000000745058065 2.5000000000000004 0.35000000894069677 1.5000000000000002 0.25000000745058065 3.5000000000000004 0.25000000745058065 1.5000000000000002 2.5000000000000004 4.5000000000000009 0.25000000745058065 0.35000000894069677 1.5000000000000002 0.35000000894069677 0.35000000894069677 1.5000000000000002 0.35000000894069677 3.5000000000000004 0.45000000298023229 0.45000000298023229 2.5000000000000004 1.5000000000000002
decision_type=2 2 2 2 2 2 2 2 2 2 2 2 2 2 2 2 2 2 2 2 2 2 2 2
left_child=23 2 9 6 7 -4 17 8 -5 -2 -11 18 14 -13 16 -16 -8 -3 19 21 -21 -6 -7 -1
right_child=1 3 5 4 11 22 12 -9 -10 10 -12 13 -14 -15 15 -17 -18 -19 -20 20 -22 -23 -24 -25
leaf_value=0 0 0.0001861028014556313 5.8072772150023921e-07 0.00065145130231245626 6.8499052010646481e-06 -6.1638402907372257e-06 4.7511556769749147e-05 4.7511556769749147e-05 4.7511556769749147e-05 0 0 -0.0004358464006909767 0.0013945406273347734 -0.00019714652455366224 4.7511556769749147e-05 2.0192490938187451e-05 5.1583303722295737e-05 9.453882146324725e-06 0.002668196840510281 3.7820371164825099e-05 0.00035336341170280454 0.00414239242048829 -9.0894135152941763e-05 0
leaf_weight=310726 113386 1992 2798 150 339 1364 3390 215 2151 34831 1528 137 328 136 4790 467 373 2491 153 187 120 163 581 4671
leaf_count=310726 113386 1992 2798 150 339 1364 3390 215 2151 34831 1528 137 328 136 4790 467 373 2491 153 187 120 163 581 4671
internal_value=0 -0.0223602 -0.0258388 0.00820496 0.0140923 -0.00291914 0.0066083 0.021369 0.0229314 -0.0265648 -0.0276466 -0.000731985 0.00824541 -0.012374 0.00790171 0.00715903 0.00893925 0.00319458 0.00257184 0.00205843 0.00356455 0.00113735 -0.00985828 -0.0463429
internal_weight=0 172070 154488 17582 3751 4743 13831 2516 2301 149745 36359 1235 9348 273 9020 5257 3763 4483 962 809 307 502 1945 315397
internal_count=487467 172070 154488 17582 3751 4743 13831 2516 2301 149745 36359 1235 9348 273 9020 5257 3763 4483 962 809 307 502 1945 315397
is_linear=0
shrinkage=0.0951581


Tree=54
num_leaves=95
num_cat=0
split_feature=3 2 2 2 2 2 2 2 0 0 2 2 2 2 2 0 2 2 0 0 3 0 2 2 2 2 2 0 2 2 2 0 2 2 2 2 2 2 2 2 0 2 2 0 2 2 0 2 2 2 0 2 2 2 2 0 2 2 2 2 2 2 0 2 2 2 2 2 2 0 2 2 2 2 2 0 2 2 2 2 0 2 2 2 2 2 0 2 2 2 0 0 2 2
split_gain=4256.86 2059.24 236.859 112.206 55.8021 77.6814 46.6427 44.2724 38.6964 25.2304 23.1958 73.817 19.9939 33.2756 18.9668 14.3512 10.9979 28.0124 15.1467 14.6713 10.8902 9.11602 9.08857 9.04848 15.5779 9.09882 20.9268 12.6084 18.8304 10.4226 53.9679 8.47118 7.80521 9.72583 25.1607 34.0921 23.3572 11.0669 16.2403 8.51264 12.0629 8.20131 12.2145 17.3012 7.51644 10.4857 11.7082 7.25605 8.6904 6.89626 6.85446 6.69512 6.39767 6.30554 10.3008 7.34028 6.93363 6.02036 5.62119 5.59156 5.32706 18.297 8.14757 20.5225 16.83 6.43453 5.58325 11.1772 6.86378 6.90685 10.9847 9.99749 6.06372 5.60866 5.02874 4.74134 4.71715 5.17083 5.21143 4.37564 10.875 4.32431 7.75757 3.99865 4.35087 3.97429 3.97369 3.9719 5.44749 4.49185 4.03239 3.82749 3.79318 3.71137
threshold=0.15000000223517421 0.11084018647670747 0.13417843729257586 0.10074627026915552 0.20206207782030108 0.22736185789108279 0.11854497343301774 0.20071429014205935 2.5000000000000004 2.5000000000000004 0.19548846781253817 0.19101010262966159 0.28112535178661352 0.24886304885149005 0.19344085454940799 1.5000000000000002 0.20745369791984561 0.20219807326793673 2.5000000000000004 2.5000000000000004 0.25000000745058065 2.5000000000000004 0.12565835565328601 0.18897569924592975 0.18843366950750354 0.1483045965433121 0.14895787835121158 1.5000000000000002 0.13969421386718753 0.1613835692405701 0.15724790096282962 4.5000000000000009 0.13440062105655673 0.1406514793634415 0.1483045965433121 0.15032467991113665 0.15280397981405261 0.14451952278614047 0.14586748182773593 0.14765568077564242 1.5000000000000002 0.14415185153484347 0.14379280805587771 1.5000000000000002 0.15119115263223651 0.15092624723911288 1.5000000000000002 0.15188746154308322 0.15220635384321216 0.14551208168268207 1.5000000000000002 0.22039676457643512 0.133558563888073 0.10629960522055627 0.10533428192138673 1.5000000000000002 0.10317540168762208 0.19344085454940799 0.10840395465493204 0.14926454424858096 0.16688596457242968 0.16587346047163012 1.5000000000000002 0.17660956084728244 0.17089758068323138 0.1643650829792023 0.15954913944005969 0.16013698279857638 0.15886382013559344 1.5000000000000002 0.15392307937145236 0.15529115498065951 0.15803226083517077 0.16159114986658099 0.19548846781253817 2.5000000000000004 0.1846805736422539 0.17280431091785434 0.17660956084728244 0.14503520727157596 1.5000000000000002 0.19510195404291156 0.19101010262966159 0.17006493359804156 0.16587346047163012 0.19238026440143588 1.5000000000000002 0.11984848231077196 0.1201351322233677 0.12061157822608949 1.5000000000000002 2.5000000000000004 0.13465463370084765 0.1583974361419678
decision_type=2 2 2 2 2 2 2 2 2 2 2 2 2 2 2 2 2 2 2 2 2 2 2 2 2 2 2 2 2 2 2 2 2 2 2 2 2 2 2 2 2 2 2 2 2 2 2 2 2 2 2 2 2 2 2 2 2 2 2 2 2 2 2 2 2 2 2 2 2 2 2 2 2 2 2 2 2 2 2 2 2 2 2 2 2 2 2 2 2 2 2 2 2 2
left_child=1 3 6 -1 7 16 -3 8 10 22 11 23 13 -7 32 -12 17 -6 -18 -19 -14 -15 87 24 25 27 -27 -2 -29 30 -28 91 50 92 37 59 44 41 49 -40 -41 42 -35 -44 45 46 -37 -46 -49 79 -4 -20 -24 54 56 -56 -5 85 -55 -36 61 65 64 -64 -62 66 68 -68 69 93 -71 -72 -73 -69 -16 -61 77 -66 -79 80 -39 82 83 84 -10 -13 -50 -8 -89 -90 -91 -22 -34 -38
right_child=4 2 14 53 5 12 9 -9 81 -11 15 57 20 21 74 -17 18 19 51 -21 31 -23 52 -25 -26 26 29 28 -30 -31 -32 -33 33 34 35 36 60 38 39 40 -42 -43 43 -45 47 -47 -48 48 86 -51 -52 -53 -54 58 55 -57 -58 -59 -60 75 62 -63 63 -65 76 -67 67 73 -70 70 71 72 -74 -75 -76 -77 -78 78 -80 -81 -82 -83 -84 -85 -86 -87 -88 88 89 90 -92 -93 -94 -95
leaf_value=0 0.00016839361453953376 0 0 0 4.2990447829265038e-05 1.2040660747172942e-05 0 -0.00013133229560860301 0.00067727687598620814 0 4.2990447829265038e-05 -0.00013133229560860301 -8.4337091382184848e-05 4.2990447829265038e-05 0 4.2990447829265038e-05 4.2990447829265038e-05 -0.0012449621660418099 4.2990447829265038e-05 4.2990447829265038e-05 0.00056305957411676029 4.2990447829265038e-05 0 4.2013128664608325e-05 -0.00013133229560860301 9.8499816433276027e-05 4.1156817569886672e-05 0.00052683432935874005 -0.0012498010917190989 5.1272321423903438e-06 4.2990447829265038e-05 -0.00039437209016918981 0 0 0 0.0038690121436413269 0 0.0012879526138710789 0 0 0.0012879526138710789 0 0.0012879526138710789 0 0 0 0 0 0 0.00044052747418063027 0 4.4790784558437392e-05 0 0 0 0 0 -0.00013133229560860301 0 0 4.5797158701725661e-07 0 0 0 0 0 0 0 0 0 0.0034042625380126586 0 0 0 0 0 0 0 0 0 0 4.2990447829265038e-05 -0.0036616649595619085 4.2990447829265038e-05 -0.00048994739180418124 -0.00013133229560860301 0.0042758984701790556 0 0 0 0 0.00031973802477574745 0 0
leaf_weight=313058 1505 30754 284 1249 199 1072 3491 368 258 384 328 130 308 508 187 530 1338 364 410 126 224 468 24061 218 144 132 2249 261 562 2595 740 236 513 4823 775 143 2567 335 2047 320 249 1013 184 107 612 286 112 342 287 284 124 200 389 7660 2765 558 5083 312 9357 4790 390 1527 1216 1540 333 326 1082 526 222 456 339 870 210 1183 2776 132 317 475 665 980 131 284 127 521 113 277 218 4486 537 14182 3888 475 11495 190
leaf_count=313058 1505 30754 284 1249 199 1072 3491 368 258 384 328 130 308 508 187 530 1338 364 410 126 224 468 24061 218 144 132 2249 261 562 2595 740 236 513 4823 775 143 2567 335 2047 320 249 1013 184 107 612 286 112 342 287 284 124 200 389 7660 2765 558 5083 312 9357 4790 390 1527 1216 1540 333 326 1082 526 222 456 339 870 210 1183 2776 132 317 475 665 980 131 284 127 521 113 277 218 4486 537 14182 3888 475 11495 190
internal_value=0 -0.0395723 -0.0293948 -0.0434714 0.00811837 0.0156349 -0.0324968 0.00429493 0.00535401 -0.0307434 0.00334097 0.00193445 0.00588413 0.0116624 -0.0240825 0.0182996 0.0278041 0.017471 0.0314588 0.0052434 -0.00363637 0.0243745 -0.0309263 0.00443754 0.00392812 0.00448346 0.00652589 -0.000531381 -0.0100014 0.00564064 0.00947124 0.00147571 -0.0235972 -0.023717 -0.0228643 -0.0246828 -0.0224838 -0.0190216 -0.0153488 -0.0200792 -0.00978339 -0.0216268 -0.0200774 -0.00114451 -0.0128463 -0.0224264 -0.0083963 -0.00929406 -0.0149984 -0.0081957 -0.0104954 0.0190316 -0.0296021 -0.0375466 -0.0356042 -0.0313137 -0.0378558 -0.0273298 -0.0386487 -0.0310262 -0.0238192 -0.025137 -0.0212833 -0.0247218 -0.0169364 -0.023309 -0.0238673 -0.0272586 -0.0219173 -0.0227007 -0.018245 -0.0141161 -0.0185911 -0.0224671 -0.0314571 -0.0322091 -0.0208391 -0.0185729 -0.0155258 -0.0108583 -0.00326723 0.020777 0.017883 0.0210159 0.0134658 -0.0349536 -0.00706619 -0.0321441 -0.0325964 -0.0318788 -0.0321336 0.00673866 -0.0260322 -0.025731
internal_weight=0 469885 130155 339730 17582 5928 82172 11654 11286 51418 9983 9125 3291 2048 47983 858 2637 689 1948 490 1243 976 51034 8406 8188 8044 5716 2328 823 5584 2989 935 45020 44612 32604 22131 16434 10473 4346 2616 569 6127 5114 291 2000 541 255 1459 847 1730 408 610 24450 26672 9655 3323 6332 719 17017 5697 14434 9498 4936 2756 2180 7971 7645 2791 4854 4632 1875 1419 1080 1709 2963 4922 1790 1473 1140 1446 466 1303 1019 892 371 407 505 26584 23093 18607 18070 699 12008 2757
internal_count=487467 469885 130155 339730 17582 5928 82172 11654 11286 51418 9983 9125 3291 2048 47983 858 2637 689 1948 490 1243 976 51034 8406 8188 8044 5716 2328 823 5584 2989 935 45020 44612 32604 22131 16434 10473 4346 2616 569 6127 5114 291 2000 541 255 1459 847 1730 408 610 24450 26672 9655 3323 6332 719 17017 5697 14434 9498 4936 2756 2180 7971 7645 2791 4854 4632 1875 1419 1080 1709 2963 4922 1790 1473 1140 1446 466 1303 1019 892 371 407 505 26584 23093 18607 18070 699 12008 2757
is_linear=0
shrinkage=0.0951581


Tree=55
num_leaves=95
num_cat=0
split_feature=4 4 2 2 2 2 2 2 2 0 2 2 0 0 2 2 2 2 2 2 4 0 0 0 2 2 2 2 2 2 2 0 2 2 0 2 2 0 2 0 4 0 2 4 0 2 2 2 2 2 2 2 2 2 2 2 2 2 2 2 2 2 2 2 2 2 2 2 2 0 2 0 2 2 0 0 2 2 0 2 2 2 2 0 2 2 2 0 0 2 2 2 2 0
split_gain=7102.04 1886.89 81.2911 76.7402 70.614 59.0781 51.7325 36.8965 20.1212 16.9615 14.7235 14.7405 19.0468 22.7098 14.7135 36.7399 31.2264 29.1805 55.0872 28.1105 26.3831 14.7726 14.6586 14.2185 12.5303 13.306 14.6959 11.6565 10.2155 44.01 16.5251 14.1481 11.7593 15.708 22.9595 9.81759 11.1213 29.7284 9.57001 8.33532 8.24292 7.79639 7.69294 7.3497 7.36334 7.05593 9.25331 13.0907 8.26115 6.47596 6.40858 6.19483 62.6923 13.4283 9.75101 6.14571 5.97512 8.52792 6.17885 5.85036 5.66783 11.2378 5.65954 7.57519 7.31276 5.56634 7.4363 7.05072 7.03468 6.02078 5.54838 5.1365 4.88578 4.7023 4.60453 5.45226 4.37084 4.3521 4.29727 4.70528 4.74764 3.87207 3.8284 11.7347 5.47408 9.30151 4.90589 7.43853 4.11342 3.74211 3.71898 8.25118 3.70007 3.5563
threshold=0.15000000223517421 0.25000000745058065 0.1406514793634415 0.11293309181928636 0.19548846781253817 0.28112535178661352 0.19101010262966159 0.15954913944005969 0.13417843729257586 1.5000000000000002 0.15678746998310092 0.1613835692405701 2.5000000000000004 1.5000000000000002 0.22736185789108279 0.20745369791984561 0.24886304885149005 0.20071429014205935 0.20206207782030108 0.20219807326793673 0.35000000894069677 2.5000000000000004 2.5000000000000004 2.5000000000000004 0.16688596457242968 0.17660956084728244 0.18758561462163928 0.18758561462163928 0.15032467991113665 0.14926454424858096 0.15280397981405261 1.5000000000000002 0.14451952278614047 0.14503520727157596 1.5000000000000002 0.14415185153484347 0.14379280805587771 1.5000000000000002 0.13440062105655673 1.5000000000000002 0.35000000894069677 2.5000000000000004 0.17660956084728244 0.45000000298023229 4.5000000000000009 0.19344085454940799 0.16013698279857638 0.1613835692405701 0.17660956084728244 0.133558563888073 0.22039676457643512 0.10504237189888956 0.10629960522055627 0.10873378813266756 0.10533428192138673 0.10947888717055322 0.14216374605894092 0.14172885566949847 0.14246211946010592 0.15298574417829516 0.17280431091785434 0.16587346047163012 0.15392307937145236 0.15339080244302752 0.15529115498065951 0.14765568077564242 0.14586748182773593 0.14790198951959613 0.14551208168268207 1.5000000000000002 0.15724790096282962 2.5000000000000004 0.15392307937145236 0.10458041727542879 1.5000000000000002 2.5000000000000004 0.13465463370084765 0.14094635099172595 1.5000000000000002 0.13533937186002734 0.13688258826732638 0.14122316241264346 0.16587346047163012 1.5000000000000002 0.16688596457242968 0.17089758068323138 0.17394282668828967 1.5000000000000002 1.5000000000000002 0.12565835565328601 0.23021738976240161 0.23357842862606051 0.15724790096282962 1.5000000000000002
decision_type=2 2 2 2 2 2 2 2 2 2 2 2 2 2 2 2 2 2 2 2 2 2 2 2 2 2 2 2 2 2 2 2 2 2 2 2 2 2 2 2 2 2 2 2 2 2 2 2 2 2 2 2 2 2 2 2 2 2 2 2 2 2 2 2 2 2 2 2 2 2 2 2 2 2 2 2 2 2 2 2 2 2 2 2 2 2 2 2 2 2 2 2 2 2
left_child=-1 2 3 9 6 14 10 28 41 51 -3 -12 13 24 15 17 90 74 -19 -20 71 -21 -8 40 -13 -26 -27 42 29 32 -30 59 35 34 -34 36 56 -38 39 -10 -17 49 -15 -7 -45 46 -9 93 82 89 -25 73 54 -54 -53 -55 57 77 -58 -32 61 -14 63 -33 -64 66 68 69 -35 -67 -66 -18 -61 -2 -6 -76 -40 -4 -78 -80 -81 -79 83 -49 -84 88 -87 -88 -86 -5 -16 -92 -74 -48
right_child=1 4 7 8 5 43 22 45 38 -11 11 12 60 27 16 23 20 18 19 21 -22 -23 -24 50 25 26 -28 -29 30 -31 31 62 33 65 -36 -37 37 -39 76 -41 -42 -43 -44 44 -46 -47 47 48 -50 -51 -52 52 53 55 -56 -57 58 -59 -60 72 -62 -63 64 -65 70 67 -68 -69 -70 -71 -72 -73 92 -75 75 -77 78 81 79 80 -82 -83 84 -85 85 86 87 -89 -90 -91 91 -93 -94 -95
leaf_value=0 0 5.8653926204209799e-07 0 0 3.889955897503797e-05 -7.6311734947109825e-05 -0.00011883496535424022 0 0 0 3.889955897503797e-05 -0.00010608490227043484 0.0010471095715350754 -5.5773010286951276e-06 -0.00039864394533557226 3.889955897503797e-05 3.889955897503797e-05 -0.00011883496535424022 3.889955897503797e-05 -0.0011264939456310499 -3.5904107725797121e-05 3.889955897503797e-05 0.0021514508099133712 3.889955897503797e-05 5.2546678138079211e-07 -0.00060646554774810657 4.7898259096280388e-05 -0.00011883496535424022 0 0 0 0 0.0011653935046060917 0 0 0 0.0011653935046060917 0 0 0 1.4180123237167546e-05 0 0.00065669400431215576 0.00050947990113526338 -0.00035684439577301661 0 0 0 0 0 4.0528579101776673e-05 0 0 0 0.0031677106853408308 0 0 0 0 0 3.889955897503797e-05 -0.00029134135639419814 -0.00078293474293707633 0 0 0 0 0 -0.00017343991515625826 0.0011653935046060917 0 3.889955897503797e-05 0 0 3.889955897503797e-05 3.889955897503797e-05 0 0 0 0 0 0 0 0 -1.0465218162908871e-07 0 0 0 0 0 0.0012522671802365991 -5.2285845948280161e-05 0 4.4633799348431745e-06
leaf_weight=315397 33838 4420 380 37107 329 386 705 993 278 3368 1007 501 133 870 128 1172 368 368 199 363 263 126 163 412 451 457 299 237 2402 4752 181 285 352 1010 111 1039 195 117 506 120 183 375 378 630 229 2898 126 864 2414 386 206 199 2252 744 796 4984 356 505 2277 492 521 209 408 238 829 137 2243 1303 320 174 437 354 1583 326 425 254 7640 450 368 857 2220 863 1366 704 338 720 339 582 281 22202 163 783 568 180
leaf_count=315397 33838 4420 380 37107 329 386 705 993 278 3368 1007 501 133 870 128 1172 368 368 199 363 263 126 163 412 451 457 299 237 2402 4752 181 285 352 1010 111 1039 195 117 506 120 183 375 378 630 229 2898 126 864 2414 386 206 199 2252 744 796 4984 356 505 2277 492 521 209 408 238 829 137 2243 1303 320 174 437 354 1583 326 425 254 7640 450 368 857 2220 863 1366 704 338 720 339 582 281 22202 163 783 568 180
internal_value=0 -0.0223088 -0.0256822 -0.0268822 0.00712664 0.0142653 0.00206386 -0.021709 -0.0288271 -0.0238688 0.00409913 0.0076025 0.00504413 0.00165402 0.0181231 0.0214618 0.011577 0.0125863 0.0015319 0.0174272 0.0238137 0.00515683 -0.0201718 0.0307467 0.00913696 0.014388 0.00667114 -0.00695263 -0.0195671 -0.0208804 -0.0166331 -0.0197385 -0.0177738 -0.0146358 0.00215801 -0.0206417 -0.0189373 -0.00152497 -0.0252678 -0.0107591 0.0362022 -0.0295375 -0.00327868 -0.00462415 0.000276944 -0.0260647 -0.0247377 -0.0236512 -0.0244274 -0.0296234 0.0187853 -0.023361 -0.0211362 -0.0239445 0.00138673 -0.021497 -0.0200618 -0.0237246 -0.0170041 -0.0241939 0.0175872 0.00806896 -0.0140117 -0.0226524 -0.0113121 -0.0161349 -0.01823 -0.0114968 -0.0125923 0.00137689 -0.0148825 0.0332131 -0.0230604 -0.0239455 0.0241671 0.0196903 -0.025766 -0.0204874 -0.0253712 -0.0225811 -0.0237973 -0.0230829 -0.0265651 -0.0226365 -0.028264 -0.0253895 -0.0291389 -0.0245386 -0.0154497 -0.0295435 0.000354406 0.00241416 -0.0250172 -0.00435364
internal_weight=0 172070 154378 118566 17692 7341 10351 35812 72059 46507 9483 5063 4056 3193 6096 4037 2059 2064 1056 688 985 489 868 1973 1708 1207 756 1485 24007 16584 7423 5021 11832 5650 463 6182 5143 312 11989 398 1355 60070 1248 1245 859 11805 8907 7914 7608 59695 618 43139 8975 7980 995 5728 4831 2198 2633 2824 863 342 2197 523 1674 5187 3573 1614 1330 311 1266 722 2643 34164 1008 679 11591 1693 11085 3445 3077 1313 5194 1568 3626 2260 1641 921 619 59309 1074 946 2151 306
internal_count=487467 172070 154378 118566 17692 7341 10351 35812 72059 46507 9483 5063 4056 3193 6096 4037 2059 2064 1056 688 985 489 868 1973 1708 1207 756 1485 24007 16584 7423 5021 11832 5650 463 6182 5143 312 11989 398 1355 60070 1248 1245 859 11805 8907 7914 7608 59695 618 43139 8975 7980 995 5728 4831 2198 2633 2824 863 342 2197 523 1674 5187 3573 1614 1330 311 1266 722 2643 34164 1008 679 11591 1693 11085 3445 3077 1313 5194 1568 3626 2260 1641 921 619 59309 1074 946 2151 306
is_linear=0
shrinkage=0.0951581


Tree=56
num_leaves=95
num_cat=0
split_feature=4 3 4 2 2 2 2 2 2 2 2 2 2 4 4 2 2 2 2 2 2 4 2 2 2 2 2 2 2 2 3 2 2 2 2 2 4 2 2 2 2 2 2 2 2 2 2 2 2 2 2 2 2 2 2 2 2 2 2 2 2 2 2 2 2 2 2 2 2 2 2 2 2 2 2 2 2 2 2 2 2 2 2 2 2 2 2 2 2 2 2 2 2 4
split_gain=7089.3 1979.48 337.229 55.835 80.1601 50.9818 60.8367 43.7397 32.5131 32.4788 62.5295 22.4672 33.2756 27.6353 18.3228 16.3696 41.1805 11.3257 15.3625 10.9979 28.0124 10.1604 9.73149 24.226 18.362 17.4117 16.0576 15.3232 12.3238 9.80465 9.63905 7.8945 11.4533 7.49551 12.3471 7.4703 20.2627 6.99963 22.0202 6.8049 6.74983 6.72919 9.20105 6.14544 11.4296 6.55427 6.11315 6.03847 5.3951 5.392 4.9982 4.94449 5.50428 4.84857 4.8048 4.73489 4.55738 4.50517 4.40547 4.38618 4.01046 3.82296 6.94081 3.64129 3.63708 5.61713 3.45012 3.42587 4.13101 3.27337 3.25238 3.18241 3.01321 2.99946 40.828 11.4377 6.52097 3.67974 4.56627 2.99498 2.91273 7.31727 2.84279 4.74911 2.80275 3.07665 2.70276 2.61648 2.43134 2.94468 2.39269 25.0768 8.07172 4.80445
threshold=0.15000000223517421 0.15000000223517421 0.25000000745058065 0.20206207782030108 0.22736185789108279 0.11293309181928636 0.13417843729257586 0.20071429014205935 0.15954913944005969 0.19548846781253817 0.19101010262966159 0.28112535178661352 0.24886304885149005 0.35000000894069677 0.25000000745058065 0.15724790096282962 0.1613835692405701 0.18897569924592975 0.18843366950750354 0.20745369791984561 0.20219807326793673 0.35000000894069677 0.14216374605894092 0.14586748182773593 0.15032467991113665 0.15280397981405261 0.14451952278614047 0.14926454424858096 0.14246211946010592 0.13440062105655673 0.25000000745058065 0.14415185153484347 0.14379280805587771 0.15119115263223651 0.15092624723911288 0.16928205639123919 0.25000000745058065 0.17394282668828967 0.18724054098129275 0.133558563888073 0.17280431091785434 0.15188746154308322 0.15220635384321216 0.17517123371362689 0.168457105755806 0.18582589179277423 0.16587346047163012 0.19344085454940799 0.25035211443901068 0.14741302281618121 0.15886382013559344 0.14551208168268207 0.14503520727157596 0.17006493359804156 0.12565835565328601 0.1633739769458771 0.18724054098129275 0.13465463370084765 0.14172885566949847 0.17660956084728244 0.14620192348957065 0.15339080244302752 0.15529115498065951 0.15460605919361117 0.16013698279857638 0.16159114986658099 0.31587702035903936 0.15563492476940158 0.1583974361419678 0.168457105755806 0.15724790096282962 0.14503520727157596 0.19291979819536212 0.10629960522055627 0.10533428192138673 0.10840395465493204 0.10916084051132204 0.10458041727542879 0.10504237189888956 0.15153882652521136 0.23021738976240161 0.23357842862606051 0.14295635372400287 0.14351332187652591 0.15678746998310092 0.15629401057958606 0.22039676457643512 0.11441558599472047 0.14295635372400287 0.10990196093916894 0.1483045965433121 0.14895787835121158 0.14379280805587771 0.25000000745058065
decision_type=2 2 2 2 2 2 2 2 2 2 2 2 2 2 2 2 2 2 2 2 2 2 2 2 2 2 2 2 2 2 2 2 2 2 2 2 2 2 2 2 2 2 2 2 2 2 2 2 2 2 2 2 2 2 2 2 2 2 2 2 2 2 2 2 2 2 2 2 2 2 2 2 2 2 2 2 2 2 2 2 2 2 2 2 2 2 2 2 2 2 2 2 2 2
left_child=-1 2 5 7 19 73 39 9 22 10 15 12 80 48 -11 90 -17 18 35 20 -5 86 29 26 27 33 28 60 -24 -8 66 32 82 34 -26 46 40 53 59 54 -37 79 -43 44 49 -45 55 72 -14 71 61 52 -28 64 87 -18 -38 -31 -59 -39 -25 -27 63 -63 -10 -66 -13 -64 70 -67 84 88 -12 74 77 -75 -77 -2 -79 -35 -6 -82 -30 -84 85 -69 -21 -7 89 -4 92 -92 93 -3
right_child=1 3 43 4 11 6 8 -9 37 14 47 30 13 -15 -16 16 17 -19 -20 21 -22 -23 23 24 25 50 51 -29 31 57 -32 -33 -34 41 -36 36 56 38 -40 -41 -42 42 -44 45 -46 -47 -48 -49 -50 -51 -52 -53 -54 -55 -56 -57 -58 58 -60 -61 -62 62 67 -65 65 69 -68 68 -70 -71 -72 -73 -74 75 -76 76 -78 78 -80 -81 81 -83 83 -85 -86 -87 -88 -89 -90 -91 91 -93 -94 -95
leaf_value=0 0 0.00015236960000545216 -0.001672336920707041 3.5197951285875582e-05 -0.00036070974936592328 0 0 -0.0001075268571626068 0 -0.00015468285096930583 -0.0001075268571626068 -6.9050056092736655e-05 3.5197951285875582e-05 -3.2487541452754766e-05 3.5197951285875582e-05 3.5197951285875582e-05 -1.192591145536052e-05 3.5197951285875582e-05 -0.0001075268571626068 3.5197951285875582e-05 3.5197951285875582e-05 2.6428960381804361e-05 0 0 0 0 0 0 0 0 0.00024083123170611794 0 0 0 0 0.00044942397567630126 0.00057731074318941847 0 0 0 -0.00090483783664268994 0 0 -0.00054875544527119096 4.754643667107795e-07 9.0816565401507994e-05 -7.4147739074965418e-06 -0.0001075268571626068 3.5197951285875582e-05 -9.5990065714570078e-05 0 0.00041511193250833034 0 0 0 0.00030705890301368799 4.6666832880092026e-05 0 0 0 0 0 0 -0.00068647704130279659 0 0 -6.9050056092736655e-05 0 0 0 0 0.0026431314517274766 -0.0001075268571626068 0 0 0 0 0 0 0.0014234007045869326 0.0011331038286360418 -4.7310424773951432e-05 0 0 0 0 3.5197951285875582e-05 0 -0.0013022531508443422 5.307253068302266e-07 8.9126762149435373e-05 3.353880577763677e-05 -0.00047650780445056463 -0.00013193751372306392
leaf_weight=315397 33931 724 691 199 128 3655 398 368 950 194 350 155 133 263 909 790 302 291 151 1147 490 285 336 470 248 608 423 4277 1261 504 935 960 269 370 276 185 1308 832 3210 399 356 319 493 328 356 298 534 416 580 1474 170 261 960 680 22330 363 197 12546 486 1538 2686 966 543 202 425 2545 153 310 233 279 430 143 119 2616 1098 1092 6965 425 249 225 161 783 498 386 707 207 516 33498 132 1321 134 2329 882 752
leaf_count=315397 33931 724 691 199 128 3655 398 368 950 194 350 155 133 263 909 790 302 291 151 1147 490 285 336 470 248 608 423 4277 1261 504 935 960 269 370 276 185 1308 832 3210 399 356 319 493 328 356 298 534 416 580 1474 170 261 960 680 22330 363 197 12546 486 1538 2686 966 543 202 425 2545 153 310 233 279 430 143 119 2616 1098 1092 6965 425 249 225 161 783 498 386 707 207 516 33498 132 1321 134 2329 882 752
internal_value=0 -0.0223304 -0.0257735 0.00792353 0.0154423 -0.0265648 -0.0277408 0.00409897 -0.0250319 0.00515166 0.00347159 0.00553715 0.0116624 0.0243745 0.0206622 0.00577212 0.0099154 0.0056909 0.00414705 0.0278041 0.017471 0.0314588 -0.0235677 -0.0221723 -0.0242882 -0.0205117 -0.0167424 -0.0274925 -0.0202115 -0.0254797 -0.00455503 -0.0219422 -0.0190395 -0.0129851 -0.0226999 0.00552767 0.00902281 -0.0296556 -0.0273537 -0.0297081 -0.00677188 -0.00936702 -0.0150003 -0.000792483 0.000543166 -0.00957661 -0.000436505 -0.0206982 0.0340994 -0.0009994 -0.023833 -0.00891384 -0.0111809 -0.0322882 -0.029625 0.00565225 0.0147005 -0.0259126 -0.0255712 -0.0203968 -0.0224629 -0.0244796 -0.0233002 -0.0172718 -0.031081 -0.0295667 -0.0191552 -0.0261978 -0.0242812 -0.0311016 -0.0226101 0.00189318 -0.0281011 -0.0239434 -0.023525 -0.0253431 -0.0235681 -0.0240982 -0.0310605 -0.00167926 8.87669e-05 0.00191526 -0.0213607 -0.0172232 -0.0251112 -0.0197863 0.0343038 -0.0302881 0.000976436 0.00179722 0.00192448 0.00399873 -0.000242133 0.00406163
internal_weight=0 172070 154488 17582 5928 149745 103369 11654 43487 11286 10183 3291 2048 976 1103 9298 4477 3687 3396 2637 689 1948 33028 19094 13740 6307 5354 7433 3710 13934 1243 3374 2414 1931 524 3245 2046 10459 5580 59882 541 1407 812 4743 4117 626 1199 885 713 3761 4376 1644 1383 4879 59483 665 1505 13536 13032 2370 3156 4206 3598 1168 4199 3249 308 2430 1887 2824 1654 2287 469 46376 35703 10673 8057 34605 674 595 1072 944 2145 884 1224 517 1663 37153 2144 2012 4821 2463 2358 1476
internal_count=487467 172070 154488 17582 5928 149745 103369 11654 43487 11286 10183 3291 2048 976 1103 9298 4477 3687 3396 2637 689 1948 33028 19094 13740 6307 5354 7433 3710 13934 1243 3374 2414 1931 524 3245 2046 10459 5580 59882 541 1407 812 4743 4117 626 1199 885 713 3761 4376 1644 1383 4879 59483 665 1505 13536 13032 2370 3156 4206 3598 1168 4199 3249 308 2430 1887 2824 1654 2287 469 46376 35703 10673 8057 34605 674 595 1072 944 2145 884 1224 517 1663 37153 2144 2012 4821 2463 2358 1476
is_linear=0
shrinkage=0.0951581


Tree=57
num_leaves=95
num_cat=0
split_feature=2 3 2 3 2 2 2 2 3 2 2 0 2 2 2 2 0 2 2 2 2 2 2 0 0 2 2 0 0 3 2 2 2 2 2 2 2 2 2 2 2 0 2 2 0 0 2 2 0 2 2 0 2 0 2 2 2 2 2 0 2 2 2 2 2 2 2 0 2 2 2 0 2 2 2 0 2 2 2 2 2 2 0 2 0 2 2 0 2 2 2 2 2 2
split_gain=4022.57 1726.08 470.763 110.944 79.1683 76.8273 54.7917 50.8184 39.015 20.7789 19.0178 18.8793 18.7224 72.7119 33.1691 33.2756 18.617 13.9349 21.1053 36.7649 20.1772 10.9979 28.0124 15.1467 14.6713 9.65233 9.14594 9.11602 9.09381 7.88581 7.79262 9.81564 24.97 34.3236 23.2171 11.0669 16.2403 9.30302 16.8293 9.59698 8.51264 12.0629 8.20131 12.2145 17.3012 7.63835 7.51644 10.4857 11.7082 7.25605 8.6904 7.1958 6.89626 6.85446 6.77237 6.69512 6.13358 10.4819 6.93363 6.92775 6.02036 5.83891 5.81436 5.80997 5.75891 5.59156 5.02874 4.89871 28.1827 7.84955 5.60306 4.74134 4.72859 12.1866 6.86378 6.90685 10.9847 9.99749 6.06372 5.05938 5.38293 4.37564 10.875 4.19523 7.82332 11.0946 3.97429 3.97369 3.8487 4.84979 3.79318 3.71137 4.14574 3.6194
threshold=0.12275604158639909 0.15000000223517421 0.10074627026915552 0.15000000223517421 0.19548846781253817 0.13417843729257586 0.28112535178661352 0.19101010262966159 0.15000000223517421 0.11854497343301774 0.19344085454940799 2.5000000000000004 0.20206207782030108 0.20071429014205935 0.22736185789108279 0.24886304885149005 2.5000000000000004 0.18897569924592975 0.16370223462581637 0.15724790096282962 0.1613835692405701 0.20745369791984561 0.20219807326793673 2.5000000000000004 2.5000000000000004 0.16505814343690875 0.18843366950750354 2.5000000000000004 1.5000000000000002 0.25000000745058065 0.13440062105655673 0.1406514793634415 0.1483045965433121 0.15032467991113665 0.15280397981405261 0.14451952278614047 0.14586748182773593 0.16688596457242968 0.16587346047163012 0.16928205639123919 0.14765568077564242 1.5000000000000002 0.14415185153484347 0.14379280805587771 1.5000000000000002 2.5000000000000004 0.15119115263223651 0.15092624723911288 1.5000000000000002 0.15188746154308322 0.15220635384321216 4.5000000000000009 0.14551208168268207 1.5000000000000002 0.11084018647670747 0.22039676457643512 0.10629960522055627 0.10533428192138673 0.10317540168762208 1.5000000000000002 0.19344085454940799 0.10840395465493204 0.133558563888073 0.11984848231077196 0.1633739769458771 0.14926454424858096 0.19548846781253817 2.5000000000000004 0.17154762148857119 0.168457105755806 0.17660956084728244 2.5000000000000004 0.15954913944005969 0.16013698279857638 0.15886382013559344 1.5000000000000002 0.15392307937145236 0.15529115498065951 0.15803226083517077 0.16159114986658099 0.1643650829792023 0.14503520727157596 1.5000000000000002 0.17280431091785434 1.5000000000000002 0.17089758068323138 0.19238026440143588 1.5000000000000002 0.18724054098129275 0.19101010262966159 0.13465463370084765 0.1583974361419678 0.15724790096282962 0.15563492476940158
decision_type=2 2 2 2 2 2 2 2 2 2 2 2 2 2 2 2 2 2 2 2 2 2 2 2 2 2 2 2 2 2 2 2 2 2 2 2 2 2 2 2 2 2 2 2 2 2 2 2 2 2 2 2 2 2 2 2 2 2 2 2 2 2 2 2 2 2 2 2 2 2 2 2 2 2 2 2 2 2 2 2 2 2 2 2 2 2 2 2 2 2 2 2 2 2
left_child=2 5 3 -1 7 11 12 17 9 54 30 62 13 28 21 -16 60 18 19 -3 -21 22 -14 -23 -24 -20 67 -17 -6 -8 53 90 35 65 46 42 52 38 72 -39 -38 -42 43 -33 -45 -30 47 48 -35 -48 -51 -31 81 -7 56 -25 57 58 -4 -59 86 -58 -2 -11 -22 -34 -12 69 -69 -27 -70 -67 74 -74 75 91 -77 -78 93 -75 -81 82 -37 84 85 -41 -9 -52 -85 -90 -32 92 -36 -79
right_child=1 4 8 -5 6 10 29 16 -10 63 66 -13 14 -15 15 27 -18 -19 25 20 64 23 24 55 -26 26 -28 -29 45 51 31 32 33 34 37 36 40 39 -40 83 41 -43 -44 44 -46 -47 49 -49 -50 50 87 -53 -54 -55 -56 -57 61 59 -60 -61 -62 -63 -64 -65 -66 71 -68 68 70 -71 -72 -73 73 79 -76 76 77 78 -80 80 -82 -83 -84 88 -86 -87 -88 -89 89 -91 -92 -93 -94 -95
leaf_value=0 0 5.0370847378610518e-05 0 0.0002182244119016373 3.1848581510086236e-05 0 -6.2479384719985859e-05 -9.7294806934995623e-05 0.0001378704000701358 0 0 0 3.1848581510086236e-05 -9.7294806934995623e-05 2.0372285260472074e-05 3.1848581510086236e-05 0.0019569549128154221 3.1848581510086236e-05 -0.00011788972925973291 3.1848581510086236e-05 -1.0791064513478144e-05 3.1848581510086236e-05 -0.0010226483044397953 3.1848581510086236e-05 3.1848581510086236e-05 -6.709198193205534e-06 -9.7294806934995623e-05 3.1848581510086236e-05 3.1848581510086236e-05 0.0004380817276914035 0 0 0 0.0035008443423160166 0 0.0010544968859498855 0 0 0 3.1914519092704401e-07 0 0.0010544968859498855 0 0.0010544968859498855 0 3.1848581510086236e-05 0 0 0 0 0 -0.0003458048047990004 0.00037561067435211773 0 0 3.3322587194866932e-05 0 0 0 0 -9.7294806934995623e-05 0 0 0 0.0009578678033347757 0 0 0.0090731903771038378 -1.9737835708447984e-05 0.00040665764906769704 -1.9737835708447984e-05 0 0 0 0 0 0.0030893978381993856 0 0 0 0 0 0 0 0 0 -9.7294806934995623e-05 0.0038690121436413269 0 0 0 0 0 0
leaf_weight=313058 34521 4229 1249 476 328 284 308 130 116 3513 187 334 199 368 1072 508 166 291 136 790 302 1338 364 410 126 409 151 468 530 699 513 4823 775 143 2274 335 2047 362 1527 149 320 249 1013 184 107 245 612 286 112 342 287 236 284 124 30754 200 7660 2765 5083 558 312 9357 389 12661 123 4790 2776 217 129 1662 267 132 1082 526 222 456 339 209 210 1183 326 980 131 3025 400 333 277 218 478 189 11495 190 293 661
leaf_count=313058 34521 4229 1249 476 328 284 308 130 116 3513 187 334 199 368 1072 508 166 291 136 790 302 1338 364 410 126 409 151 468 530 699 513 4823 775 143 2274 335 2047 362 1527 149 320 249 1013 184 107 245 612 286 112 342 287 236 284 124 30754 200 7660 2765 5083 558 312 9357 389 12661 123 4790 2776 217 129 1662 267 132 1082 526 222 456 339 209 210 1183 326 980 131 3025 400 333 277 218 478 189 11495 190 293 661
internal_value=0 -0.020908 -0.0422976 -0.0439064 0.0067322 -0.0265504 0.0141277 0.00102689 -0.0354552 -0.0355421 -0.0240726 -0.0299239 0.0178074 0.00844197 0.0207479 0.0116624 -0.0206982 0.00323533 0.00252737 0.00604789 0.0206372 0.0278041 0.017471 0.0314588 0.0052434 -0.00392355 -0.00273559 0.0243745 0.0206622 -0.0040957 -0.0235866 -0.0237063 -0.0228497 -0.0246613 -0.0224549 -0.0190216 -0.0153488 -0.0237862 -0.0255278 -0.0204351 -0.0200792 -0.00978339 -0.0216268 -0.0200774 -0.00114451 0.0150411 -0.0128463 -0.0224264 -0.0083963 -0.00929406 -0.0149984 0.000254433 -0.0081957 -0.0104954 -0.0363906 0.0190316 -0.0375003 -0.0355845 -0.0378558 -0.0312564 -0.0273298 -0.0385872 -0.0301393 -0.0325293 0.00391827 -0.0310262 -0.0314571 -0.00145361 -0.00892592 0.00075814 -0.0240298 -0.0322091 -0.0237746 -0.0266669 -0.0219173 -0.0227007 -0.018245 -0.0141161 -0.0185911 -0.0223282 -0.0251296 -0.0108583 -0.00326723 -0.0216155 -0.0275117 -0.0193475 -0.0349536 -0.00706619 -0.0202069 -0.0267498 -0.0260322 -0.025731 -0.0247811 -0.0220942
internal_weight=0 100217 387250 313534 16990 83227 7399 9591 73716 73600 47983 35244 6156 1471 4685 2048 885 8706 8415 5444 1215 2637 689 1948 490 2971 2835 976 1103 1243 45020 44612 32604 22131 16434 10473 4346 14434 9498 4936 2616 569 6127 5114 291 775 2000 541 255 1459 847 935 1730 408 57426 610 26672 9655 6332 3323 719 17017 34910 16174 425 5697 2963 2684 613 2071 396 4922 7971 3117 4854 4632 1875 1419 1080 2035 1509 1446 466 4574 882 482 407 505 3692 667 12008 2757 2567 870
internal_count=487467 100217 387250 313534 16990 83227 7399 9591 73716 73600 47983 35244 6156 1471 4685 2048 885 8706 8415 5444 1215 2637 689 1948 490 2971 2835 976 1103 1243 45020 44612 32604 22131 16434 10473 4346 14434 9498 4936 2616 569 6127 5114 291 775 2000 541 255 1459 847 935 1730 408 57426 610 26672 9655 6332 3323 719 17017 34910 16174 425 5697 2963 2684 613 2071 396 4922 7971 3117 4854 4632 1875 1419 1080 2035 1509 1446 466 4574 882 482 407 505 3692 667 12008 2757 2567 870
is_linear=0
shrinkage=0.0951581


Tree=58
num_leaves=95
num_cat=0
split_feature=4 4 2 2 2 2 2 2 0 0 2 2 2 2 2 2 2 4 0 0 0 2 2 2 2 0 2 2 2 2 2 2 2 2 0 0 4 0 2 2 2 2 2 2 2 2 4 0 2 2 2 2 2 2 2 2 0 2 2 0 2 0 2 2 2 2 2 2 0 2 2 0 0 2 2 2 2 0 2 2 2 2 2 2 2 0 2 2 2 2 0 0 2 2
split_gain=7012.12 1764.39 96.3936 75.8056 81.5191 56.72 42.9442 38.1242 16.9615 14.7257 16.7009 14.7135 36.7399 31.2264 29.1805 55.0872 28.1105 26.3831 14.7726 14.6586 14.2185 13.7705 35.5913 22.5764 16.5251 14.1481 13.5694 10.0714 9.12766 22.1976 8.76186 31.0459 25.2205 11.392 12.3826 8.33532 8.24292 7.79639 6.70413 6.47596 6.40858 6.19483 62.6923 13.4283 9.75101 6.14571 6.03863 7.36334 5.85036 5.65954 7.57519 7.31276 5.54838 5.52284 7.57478 8.21954 5.33458 5.18146 7.05072 6.97794 10.6477 6.02078 5.83984 9.12608 14.9281 25.3229 30.429 14.9719 5.1365 4.88578 4.7023 4.60453 5.45226 4.0693 10.5629 6.33818 3.9641 3.89378 4.90392 4.89262 4.30123 3.74211 3.71898 8.25118 3.70463 6.51526 5.47408 9.30151 4.94502 4.90589 7.43853 4.11342 3.70007 3.55576
threshold=0.15000000223517421 0.25000000745058065 0.19548846781253817 0.13893597573041919 0.11293309181928636 0.28112535178661352 0.19101010262966159 0.15954913944005969 1.5000000000000002 2.5000000000000004 0.14586748182773593 0.22736185789108279 0.20745369791984561 0.24886304885149005 0.20071429014205935 0.20206207782030108 0.20219807326793673 0.35000000894069677 2.5000000000000004 2.5000000000000004 2.5000000000000004 0.15032467991113665 0.14926454424858096 0.14216374605894092 0.15280397981405261 1.5000000000000002 0.13417843729257586 0.13440062105655673 0.18897569924592975 0.18843366950750354 0.15629401057958606 0.1613835692405701 0.16688596457242968 0.17660956084728244 1.5000000000000002 1.5000000000000002 0.35000000894069677 2.5000000000000004 0.14172885566949847 0.133558563888073 0.22039676457643512 0.10504237189888956 0.10629960522055627 0.10873378813266756 0.10533428192138673 0.10947888717055322 0.45000000298023229 4.5000000000000009 0.15298574417829516 0.15392307937145236 0.15339080244302752 0.15529115498065951 0.15724790096282962 0.16013698279857638 0.19344085454940799 0.17660956084728244 1.5000000000000002 0.14765568077564242 0.14790198951959613 1.5000000000000002 0.14741302281618121 1.5000000000000002 0.14246211946010592 0.14295635372400287 0.14415185153484347 0.14451952278614047 0.14503520727157596 0.14379280805587771 2.5000000000000004 0.15392307937145236 0.10458041727542879 1.5000000000000002 2.5000000000000004 0.1846805736422539 0.17660956084728244 0.16505814343690875 0.13465463370084765 1.5000000000000002 0.13533937186002734 0.13688258826732638 0.13851648569107058 0.12565835565328601 0.23021738976240161 0.23357842862606051 0.16587346047163012 1.5000000000000002 0.16688596457242968 0.17089758068323138 0.1613835692405701 0.17394282668828967 1.5000000000000002 1.5000000000000002 0.15724790096282962 0.18724054098129275
decision_type=2 2 2 2 2 2 2 2 2 2 2 2 2 2 2 2 2 2 2 2 2 2 2 2 2 2 2 2 2 2 2 2 2 2 2 2 2 2 2 2 2 2 2 2 2 2 2 2 2 2 2 2 2 2 2 2 2 2 2 2 2 2 2 2 2 2 2 2 2 2 2 2 2 2 2 2 2 2 2 2 2 2 2 2 2 2 2 2 2 2 2 2 2 2
left_child=-1 3 6 4 8 11 9 21 41 28 -11 12 14 82 71 -16 -17 68 -18 -8 36 22 23 38 -23 48 37 35 29 30 -3 -32 56 34 -34 -28 -14 39 -5 81 -22 70 44 -44 -43 -45 -7 -48 -26 50 -27 -51 -53 -9 55 84 -33 59 61 60 62 -59 -25 -64 67 -66 -67 -65 -15 -50 -2 -4 -73 74 75 -12 -29 -78 -79 -80 -81 -6 -13 -84 85 -55 -86 91 -87 -89 -91 -88 -71 -57
right_child=1 2 5 7 26 46 19 53 -10 10 73 13 20 17 15 16 18 -19 -20 -21 40 24 -24 57 25 49 27 76 -30 -31 31 32 33 -35 -36 -37 -38 -39 -40 -41 -42 42 43 45 -46 -47 47 -49 69 51 -52 52 -54 54 -56 93 -58 58 -60 -61 -62 -63 63 64 65 66 -68 -69 -70 92 -72 72 -74 -75 -76 -77 77 78 79 80 -82 -83 83 -85 86 88 87 89 -90 90 -92 -93 -94 -95
leaf_value=0 0 4.8022250092837507e-07 2.8817931361011082e-05 0 0 -5.6533965877525248e-05 -8.8036419052058511e-05 0 0 0.0007215790188173334 -7.3166405717391592e-05 -0.00032832388671768522 2.8817931361011082e-05 2.8817931361011082e-05 -8.8036419052058511e-05 2.8817931361011082e-05 -0.00092533504622388648 -3.2426739245760625e-05 2.8817931361011082e-05 0.0017707348233468149 2.8817931361011082e-05 0 0 -0.0011822891548400368 0 0 0 0 2.7077312914589014e-05 -8.8036419052058511e-05 2.8817931361011082e-05 -0.0001130093181786685 1.0704663984757653e-05 0.00039735637042118089 4.5844033949882112e-06 0 7.2851903009722974e-06 0 0 0 3.0151673481873785e-05 0 0 0 0.0028662773904949254 0 0.00039639470772430283 -0.00031289868045927219 0 -0.00071641685133552095 0 0 0 0 0 0 -9.7642074377204839e-06 0 0 0 0 0.00095415297758490159 0 0 0 0.00095415297758490159 0 0.00095415297758490159 2.8817931361011082e-05 0 0 2.8817931361011082e-05 2.8817931361011082e-05 2.7512300440582244e-05 -1.7859620984402971e-05 -1.7859620984402971e-05 0 0 0 0 0 0 0.0010233412461038345 -4.4747042900680469e-05 0 -2.3413666944312882e-06 -9.4693680031326023e-08 0 0 0 0 0 0 0
leaf_weight=315397 33838 4024 329 4795 37107 386 705 993 3368 186 334 128 1172 368 368 199 363 263 126 163 412 2402 4752 256 181 285 278 506 234 140 966 501 451 997 380 120 183 375 505 386 206 199 2252 744 796 4984 630 229 492 408 238 829 437 990 2898 1751 490 137 1303 2855 240 174 833 626 634 352 2029 195 354 1583 326 425 254 170 214 396 5591 368 857 1018 149 22202 163 783 1366 180 338 720 704 339 582 281 568 663
leaf_count=315397 33838 4024 329 4795 37107 386 705 993 3368 186 334 128 1172 368 368 199 363 263 126 163 412 2402 4752 256 181 285 278 506 234 140 966 501 451 997 380 120 183 375 505 386 206 199 2252 744 796 4984 630 229 492 408 238 829 437 990 2898 1751 490 137 1303 2855 240 174 833 626 634 352 2029 195 354 1583 326 425 254 170 214 396 5591 368 857 1018 149 22202 163 783 1366 180 338 720 704 339 582 281 568 663
internal_value=0 -0.0224614 0.00600251 -0.0257235 -0.0269476 0.0143431 8.73347e-05 -0.0220912 -0.0238688 0.00194169 -0.00746625 0.0181231 0.0214618 0.011577 0.0125863 0.0015319 0.0174272 0.0238137 0.00515683 -0.0201718 0.0307467 -0.0201257 -0.0214427 -0.0191603 -0.0166331 -0.0197385 -0.0290241 -0.0255536 0.0034363 0.00289102 0.00356432 0.00685088 0.00180594 0.00843305 0.0166613 -0.0107591 0.0362022 -0.0295375 -0.0241486 -0.0296234 0.0187853 -0.023361 -0.0211362 -0.0239445 0.00138673 -0.021497 -0.00416555 0.000276944 -0.0241939 -0.0140117 -0.0226524 -0.0113121 -0.0148825 -0.0266048 -0.025981 -0.0244569 -0.0104184 -0.0164161 -0.0114968 -0.0174061 -0.0153193 0.00137689 -0.0143655 -0.0151328 -0.0131723 -0.01627 -0.0117699 -0.00179653 0.0332131 -0.0230604 -0.0239455 0.0241671 0.0196903 -0.0118734 -0.014314 -0.00886404 -0.0262472 -0.0257295 -0.0225165 -0.0243537 -0.0203444 -0.0295435 0.000354406 0.00241416 -0.0264886 -0.0230532 -0.028264 -0.0253895 -0.0171155 -0.0291389 -0.0245386 -0.0154497 -0.0250172 -0.0198279
internal_weight=0 172070 17692 154378 115464 7341 10351 38914 46507 9483 1300 6096 4037 2059 2064 1056 688 985 489 868 1973 27109 19686 14934 7423 5021 68957 8887 8183 7949 7809 3785 2819 1828 831 398 1355 60070 5300 59695 618 43139 8975 7980 995 5728 1245 859 2824 2197 523 1674 1266 11805 10812 7914 991 9634 1614 8020 5165 311 4925 4669 3836 3015 2381 821 722 2643 34164 1008 679 1114 944 730 8489 7983 2392 2024 1167 59309 1074 946 5500 1874 3626 2260 884 1641 921 619 2151 2414
internal_count=487467 172070 17692 154378 115464 7341 10351 38914 46507 9483 1300 6096 4037 2059 2064 1056 688 985 489 868 1973 27109 19686 14934 7423 5021 68957 8887 8183 7949 7809 3785 2819 1828 831 398 1355 60070 5300 59695 618 43139 8975 7980 995 5728 1245 859 2824 2197 523 1674 1266 11805 10812 7914 991 9634 1614 8020 5165 311 4925 4669 3836 3015 2381 821 722 2643 34164 1008 679 1114 944 730 8489 7983 2392 2024 1167 59309 1074 946 5500 1874 3626 2260 884 1641 921 619 2151 2414
is_linear=0
shrinkage=0.0951581


Tree=59
num_leaves=95
num_cat=0
split_feature=4 4 2 2 2 2 2 2 0 2 2 2 2 2 2 2 2 2 4 0 0 0 2 2 2 2 0 2 4 2 2 0 4 0 0 2 2 2 2 2 2 2 2 2 2 4 0 2 2 2 2 2 2 2 2 0 2 2 0 2 0 2 2 2 2 2 2 0 2 2 0 0 0 2 2 2 0 2 2 2 2 2 2 2 0 2 2 2 2 0 0 2 2 2
split_gain=6970.61 1688.65 112.964 75.8056 81.5191 56.72 38.1242 38.1004 16.9615 15.4907 23.4023 28.1278 14.7135 36.7399 31.2264 29.1805 55.0872 28.1105 26.3831 14.7726 14.6586 14.2185 13.7705 35.5913 22.5764 16.5251 14.1481 13.5694 10.2212 10.0714 9.91423 8.33532 8.24292 7.79639 6.85384 15.0005 8.27949 6.70413 6.47596 6.40858 6.19483 62.6923 13.4283 9.75101 6.14571 6.03863 7.36334 5.85036 5.65954 7.57519 7.31276 5.54838 5.52284 7.57478 8.21954 5.37946 5.18146 7.05072 6.97794 10.6477 6.02078 5.83984 9.12608 14.9281 25.3229 30.429 14.9719 5.1365 4.88578 4.7023 4.60453 5.45226 4.09379 22.8764 8.70422 3.9641 3.89378 4.90392 4.89262 4.30123 3.74211 3.71898 8.25118 3.70463 6.51526 5.47408 9.30151 4.94502 4.90589 7.43853 4.11342 3.70007 3.55576 3.47076
threshold=0.15000000223517421 0.25000000745058065 0.19548846781253817 0.13893597573041919 0.11293309181928636 0.28112535178661352 0.15954913944005969 0.19101010262966159 1.5000000000000002 0.18897569924592975 0.1613835692405701 0.15724790096282962 0.22736185789108279 0.20745369791984561 0.24886304885149005 0.20071429014205935 0.20206207782030108 0.20219807326793673 0.35000000894069677 2.5000000000000004 2.5000000000000004 2.5000000000000004 0.15032467991113665 0.14926454424858096 0.14216374605894092 0.15280397981405261 1.5000000000000002 0.13417843729257586 0.35000000894069677 0.13440062105655673 0.18843366950750354 1.5000000000000002 0.35000000894069677 2.5000000000000004 2.5000000000000004 0.17517123371362689 0.16688596457242968 0.14172885566949847 0.133558563888073 0.22039676457643512 0.10504237189888956 0.10629960522055627 0.10873378813266756 0.10533428192138673 0.10947888717055322 0.45000000298023229 4.5000000000000009 0.15298574417829516 0.15392307937145236 0.15339080244302752 0.15529115498065951 0.15724790096282962 0.16013698279857638 0.19344085454940799 0.17660956084728244 1.5000000000000002 0.14765568077564242 0.14790198951959613 1.5000000000000002 0.14741302281618121 1.5000000000000002 0.14246211946010592 0.14295635372400287 0.14415185153484347 0.14451952278614047 0.14503520727157596 0.14379280805587771 2.5000000000000004 0.15392307937145236 0.10458041727542879 1.5000000000000002 2.5000000000000004 1.5000000000000002 0.1273460388183594 0.15678746998310092 0.13465463370084765 1.5000000000000002 0.13533937186002734 0.13688258826732638 0.13851648569107058 0.12565835565328601 0.23021738976240161 0.23357842862606051 0.16587346047163012 1.5000000000000002 0.16688596457242968 0.17089758068323138 0.1613835692405701 0.17394282668828967 1.5000000000000002 1.5000000000000002 0.15724790096282962 0.18724054098129275 0.12466643005609514
decision_type=2 2 2 2 2 2 2 2 2 2 2 2 2 2 2 2 2 2 2 2 2 2 2 2 2 2 2 2 2 2 2 2 2 2 2 2 2 2 2 2 2 2 2 2 2 2 2 2 2 2 2 2 2 2 2 2 2 2 2 2 2 2 2 2 2 2 2 2 2 2 2 2 2 2 2 2 2 2 2 2 2 2 2 2 2 2 2 2 2 2 2 2 2 2
left_child=-1 3 7 4 8 12 22 9 40 10 11 72 13 15 81 70 -17 -18 67 -19 -9 32 23 24 37 -24 47 33 30 31 34 -29 -15 38 36 -36 55 -5 80 -23 69 43 -43 -42 -44 -7 -47 -27 49 -28 -50 -52 -8 54 83 -12 58 60 59 61 -58 -26 -63 66 -65 -66 -64 -16 -49 -2 -4 -72 -3 93 -75 -31 -77 -78 -79 -80 -6 -14 -83 84 -54 -85 90 -86 -88 -90 -87 -70 -56 -74
right_child=1 2 5 6 27 45 52 20 -10 -11 28 -13 14 21 18 16 17 19 -20 -21 -22 39 25 -25 56 26 48 29 -30 75 -32 -33 -34 -35 35 -37 -38 -39 -40 -41 41 42 44 -45 -46 46 -48 68 50 -51 51 -53 53 -55 92 -57 57 -59 -60 -61 -62 62 63 64 65 -67 -68 -69 91 -71 71 -73 73 74 -76 76 77 78 79 -81 -82 82 -84 85 87 86 88 -89 89 -91 -92 -93 -94 -95
leaf_value=0 0 -2.0727475664444908e-07 2.6075672088095338e-05 0 0 -5.1154301729525064e-05 0 -7.965904166589074e-05 0 2.4500687566449785e-05 -0.00010225556743857459 2.6075672088095338e-05 -0.00029708121313391415 2.6075672088095338e-05 2.6075672088095338e-05 -7.965904166589074e-05 2.6075672088095338e-05 -0.000837281931679544 -2.9341072711506479e-05 2.6075672088095338e-05 0.0016022350816974667 2.6075672088095338e-05 0 0 -0.0010697847783976955 0 0 0 0.00045737672701095958 0 -7.965904166589074e-05 0 6.5919455150258518e-06 0 -1.6160133583945793e-05 -1.6160133583945793e-05 4.1481603294051239e-06 0 0 2.7282497857716259e-05 0 0 0 0.0025935279119022347 0 0.00035867454490711158 -0.00028312384002316456 0 -0.00064824399294269026 0 0 0 0 0 0 -8.835064118813853e-06 0 0 0 0 0.00086335760376764323 0 0 0 0.00086335760376764323 0 0.00086335760376764323 2.6075672088095338e-05 0 0 2.6075672088095338e-05 2.6075672088095338e-05 8.3629643286091437e-05 -6.6204030381320742e-05 2.2811864274328993e-05 0 0 0 0 0 0 0.00092596204888349036 -4.048899981657607e-05 0 -2.1185667144918107e-06 -8.5682810412941134e-08 0 0 0 0 0 0 0 4.3452544551709599e-07
leaf_weight=315397 33838 2921 329 4795 37107 386 993 705 3368 303 497 820 128 1172 368 368 199 363 263 126 163 412 2402 4752 256 181 285 278 125 506 148 120 183 375 449 295 1753 505 386 206 199 2252 744 796 4984 630 229 492 408 238 829 437 990 2898 1751 486 137 1303 2855 240 174 833 626 634 352 2029 195 354 1583 326 425 254 150 1295 125 5591 368 857 1018 149 22202 163 783 1366 180 338 720 704 339 582 281 568 663 116
leaf_count=315397 33838 2921 329 4795 37107 386 993 705 3368 303 497 820 128 1172 368 368 199 363 263 126 163 412 2402 4752 256 181 285 278 125 506 148 120 183 375 449 295 1753 505 386 206 199 2252 744 796 4984 630 229 492 408 238 829 437 990 2898 1751 486 137 1303 2855 240 174 833 626 634 352 2029 195 354 1583 326 425 254 150 1295 125 5591 368 857 1018 149 22202 163 783 1366 180 338 720 704 339 582 281 568 663 116
internal_value=0 -0.0225322 0.00531405 -0.0257235 -0.0269476 0.0143431 -0.0220912 -0.00108939 -0.0238688 0.000657266 -4.14632e-05 0.00395396 0.0181231 0.0214618 0.011577 0.0125863 0.0015319 0.0174272 0.0238137 0.00515683 -0.0201718 0.0307467 -0.0201257 -0.0214427 -0.0191603 -0.0166331 -0.0197385 -0.0290241 -0.00581902 -0.0255536 -0.0067408 -0.0107591 0.0362022 -0.0295375 -0.00571495 -0.0138133 -0.00351278 -0.0241486 -0.0296234 0.0187853 -0.023361 -0.0211362 -0.0239445 0.00138673 -0.021497 -0.00416555 0.000276944 -0.0241939 -0.0140117 -0.0226524 -0.0113121 -0.0148825 -0.0266048 -0.025981 -0.0244569 -0.0105032 -0.0164161 -0.0114968 -0.0174061 -0.0153193 0.00137689 -0.0143655 -0.0151328 -0.0131723 -0.01627 -0.0117699 -0.00179653 0.0332131 -0.0230604 -0.0239455 0.0241671 0.0196903 0.00106374 0.00479741 0 -0.0262472 -0.0257295 -0.0225165 -0.0243537 -0.0203444 -0.0295435 0.000354406 0.00241416 -0.0264886 -0.0230532 -0.028264 -0.0253895 -0.0171155 -0.0291389 -0.0245386 -0.0154497 -0.0250172 -0.0198279 0.0304077
internal_weight=0 172070 17692 154378 115464 7341 38914 10351 46507 9483 9180 5427 6096 4037 2059 2064 1056 688 985 489 868 1973 27109 19686 14934 7423 5021 68957 3753 8887 3628 398 1355 60070 3480 744 2736 5300 59695 618 43139 8975 7980 995 5728 1245 859 2824 2197 523 1674 1266 11805 10812 7914 983 9634 1614 8020 5165 311 4925 4669 3836 3015 2381 821 722 2643 34164 1008 679 4607 1686 1420 8489 7983 2392 2024 1167 59309 1074 946 5500 1874 3626 2260 884 1641 921 619 2151 2414 266
internal_count=487467 172070 17692 154378 115464 7341 38914 10351 46507 9483 9180 5427 6096 4037 2059 2064 1056 688 985 489 868 1973 27109 19686 14934 7423 5021 68957 3753 8887 3628 398 1355 60070 3480 744 2736 5300 59695 618 43139 8975 7980 995 5728 1245 859 2824 2197 523 1674 1266 11805 10812 7914 983 9634 1614 8020 5165 311 4925 4669 3836 3015 2381 821 722 2643 34164 1008 679 4607 1686 1420 8489 7983 2392 2024 1167 59309 1074 946 5500 1874 3626 2260 884 1641 921 619 2151 2414 266
is_linear=0
shrinkage=0.0951581


Tree=60
num_leaves=95
num_cat=0
split_feature=2 3 2 3 2 2 2 2 3 2 0 2 2 2 2 0 2 2 2 2 2 2 2 0 0 2 2 0 0 2 2 2 2 2 2 2 2 2 2 2 2 0 3 0 2 2 0 2 2 0 2 2 0 2 2 0 2 2 2 2 2 0 2 2 2 2 2 2 2 2 0 2 0 2 2 2 2 2 2 0 2 2 2 2 0 2 0 2 2 0 2 0 2 0
split_gain=3949.45 1704.08 465.6 110.944 87.5323 71.7192 54.7917 47.7111 39.0808 20.0478 18.97 18.7224 72.7119 33.1691 33.2756 18.617 17.7427 14.9651 16.5587 19.0906 15.0674 10.9979 28.0124 15.1467 14.6713 9.62738 9.11902 9.11602 9.09381 8.97527 32.4516 30.6675 26.9068 10.132 9.81766 9.07949 13.4422 8.98065 17.592 8.35419 11.8777 17.3012 7.88581 7.63835 7.51644 10.4857 11.7082 7.25605 8.6904 7.1958 6.89626 6.86378 6.90685 10.9847 9.99749 6.85446 6.69512 6.39352 6.13358 10.4819 6.93363 6.92775 6.06372 6.02036 5.9666 5.83891 5.76163 10.7475 5.75969 5.29354 5.10471 19.2145 5.05702 28.501 7.84955 5.76964 5.03153 5.02874 4.84979 4.7079 6.07175 5.68351 10.1751 4.37564 10.875 4.12936 4.58199 4.08402 4.08146 4.05564 3.97429 3.97369 3.96921 3.92471
threshold=0.12275604158639909 0.15000000223517421 0.10074627026915552 0.15000000223517421 0.19548846781253817 0.13417843729257586 0.28112535178661352 0.19101010262966159 0.15000000223517421 0.11854497343301774 2.5000000000000004 0.20206207782030108 0.20071429014205935 0.22736185789108279 0.24886304885149005 2.5000000000000004 0.19344085454940799 0.18897569924592975 0.16370223462581637 0.15724790096282962 0.16013698279857638 0.20745369791984561 0.20219807326793673 2.5000000000000004 2.5000000000000004 0.16505814343690875 0.18843366950750354 2.5000000000000004 1.5000000000000002 0.14859127253293994 0.14216374605894092 0.15032467991113665 0.15280397981405261 0.13440062105655673 0.14246211946010592 0.17517123371362689 0.15954913944005969 0.14451952278614047 0.14586748182773593 0.14415185153484347 0.14379280805587771 1.5000000000000002 0.25000000745058065 2.5000000000000004 0.15119115263223651 0.15092624723911288 1.5000000000000002 0.15188746154308322 0.15220635384321216 4.5000000000000009 0.14551208168268207 0.15886382013559344 1.5000000000000002 0.15392307937145236 0.15529115498065951 1.5000000000000002 0.22039676457643512 0.11084018647670747 0.10629960522055627 0.10533428192138673 0.10317540168762208 1.5000000000000002 0.15803226083517077 0.19344085454940799 0.11984848231077196 0.10840395465493204 0.16013698279857638 0.16159114986658099 0.133558563888073 0.14765568077564242 1.5000000000000002 0.14790198951959613 2.5000000000000004 0.17154762148857119 0.168457105755806 0.17660956084728244 0.18724054098129275 0.19548846781253817 0.19101010262966159 1.5000000000000002 0.17394282668828967 0.17089758068323138 0.16688596457242968 0.14503520727157596 1.5000000000000002 0.14295635372400287 1.5000000000000002 0.1633739769458771 0.13465463370084765 2.5000000000000004 0.19238026440143588 1.5000000000000002 0.14926454424858096 1.5000000000000002
decision_type=2 2 2 2 2 2 2 2 2 2 2 2 2 2 2 2 2 2 2 2 2 2 2 2 2 2 2 2 2 2 2 2 2 2 2 2 2 2 2 2 2 2 2 2 2 2 2 2 2 2 2 2 2 2 2 2 2 2 2 2 2 2 2 2 2 2 2 2 2 2 2 2 2 2 2 2 2 2 2 2 2 2 2 2 2 2 2 2 2 2 2 2 2 2
left_child=2 5 3 -1 7 10 11 17 9 57 68 12 28 21 -15 63 29 18 19 -3 -21 22 -13 -23 -24 -20 72 -16 -6 30 33 89 44 55 -32 36 51 39 50 40 85 -42 -8 -30 45 46 -33 -46 -49 -44 83 52 -34 -54 -55 -7 -25 58 59 60 -4 -61 -56 90 -11 -60 -38 -68 -2 -40 -71 -72 74 -74 -27 -75 -37 -18 -78 80 81 82 -69 84 -39 -36 -87 -22 -35 92 -9 -50 -31 -90
right_child=1 4 8 -5 6 16 42 15 -10 64 -12 13 -14 14 27 -17 77 -19 25 20 87 23 24 56 -26 26 -28 -29 43 31 34 32 35 88 37 76 66 38 69 -41 41 -43 49 -45 47 -47 -48 48 91 -51 -52 -53 53 54 62 -57 -58 -59 65 61 -62 -63 -64 -65 -66 -67 67 79 -70 70 71 -73 73 75 -76 -77 78 -79 -80 -81 -82 -83 -84 -85 -86 86 -88 -89 93 -91 -92 -93 -94 -95
leaf_value=0 0 5.1831805758145833e-05 0 0.00019743262073901766 2.3594360966720044e-05 0 -4.6286556140500687e-05 -7.2078839501363659e-05 0.00012475091629051457 0 0 2.3594360966720044e-05 -7.2078839501363659e-05 2.6544596455670077e-05 2.3594360966720044e-05 0.0014497694534351432 0 2.386847482689836e-05 -8.6187372816570821e-05 0.0012020474658495991 2.3594360966720044e-05 2.3594360966720044e-05 -0.00075760778323250694 2.3594360966720044e-05 2.3594360966720044e-05 -4.3008925801089678e-06 -7.2078839501363659e-05 2.3594360966720044e-05 2.3594360966720044e-05 0 0 0.0031677106853408308 0 0 0 0 0 0.00078120214419922964 0 0 0.00078120214419922964 0 0.0003245437606947027 2.3594360966720044e-05 0 0 0 0 0 -0.00025618231649876381 0.00033986828042921046 0 0 0.0028016707961696649 0 0 2.4686347502529038e-05 0 0 0 0 0 0 -7.2078839501363659e-05 0 0 0 0 0 0 0.00078120214419922964 0 0.0082098029210488643 -1.4622366156542015e-05 0.00036796088436629072 -1.4622366156542015e-05 0 0 0 0 0 0 -7.7529397926460752e-08 0 0 0 0 0.00086671893379874703 0 0 -7.2078839501363659e-05 0.0035008443423160166 0 0
leaf_weight=313058 34521 4229 1249 476 328 284 308 130 116 3513 334 199 368 1072 508 166 187 291 136 557 535 1338 364 410 126 409 151 468 530 500 346 143 2757 513 1381 1989 1082 335 2047 1013 184 107 699 245 612 286 112 342 287 236 284 222 456 339 870 124 200 30754 7660 2765 5083 558 210 312 12661 9357 526 1508 389 466 155 220 217 129 1662 267 478 2776 189 2661 324 433 390 980 131 596 326 123 9382 135 277 218 4790 4287
leaf_count=313058 34521 4229 1249 476 328 284 308 130 116 3513 334 199 368 1072 508 166 187 291 136 557 535 1338 364 410 126 409 151 468 530 500 346 143 2757 513 1381 1989 1082 335 2047 1013 184 107 699 245 612 286 112 342 287 236 284 222 456 339 870 124 200 30754 7660 2765 5083 558 210 312 12661 9357 526 1508 389 466 155 220 217 129 1662 267 478 2776 189 2661 324 433 390 980 131 596 326 123 9382 135 277 218 4790 4287
internal_value=0 -0.0211121 -0.0423065 -0.0439064 0.00635134 -0.0267185 0.0141277 0.000352217 -0.0355016 -0.0355886 -0.0299779 0.0178074 0.00844197 0.0207479 0.0116624 -0.0206982 -0.0243245 0.00249208 0.00175842 0.00487676 0.0153898 0.0278041 0.017471 0.0314588 0.0052434 -0.00395558 -0.00276915 0.0243745 0.0206622 -0.023855 -0.0225498 -0.0252381 -0.0231902 -0.0252798 -0.0179025 -0.0246235 -0.0257568 -0.0185631 -0.0157841 -0.0221209 -0.0192591 -0.00114451 -0.0040957 0.0150411 -0.0128463 -0.0224264 -0.0083963 -0.00929406 -0.0149984 0.000254433 -0.0081957 -0.0219173 -0.0227007 -0.018245 -0.0141161 -0.0104954 0.0190316 -0.0364221 -0.0375003 -0.0355845 -0.0378558 -0.0312564 -0.0185911 -0.0273298 -0.0326293 -0.0385872 -0.0284485 -0.0272671 -0.0301938 -0.0203298 -0.0139739 -0.00570949 -0.00148906 -0.00908116 0.00075814 -0.0242701 -0.0195977 -0.0314571 -0.0267498 -0.028551 -0.025716 -0.0274126 -0.0251683 -0.0108583 -0.00326723 -0.021548 -0.0166165 0.00564007 -0.0257052 -0.0314416 -0.0349536 -0.00706619 -0.0318573 -0.0253924
internal_weight=0 100217 387250 313534 16990 83227 7399 9591 73716 73600 35244 6156 1471 4685 2048 885 47983 8706 8415 5444 1215 2637 689 1948 490 2971 2835 976 1103 45020 23161 21859 16434 14590 8571 14434 11778 8225 4618 3607 2594 291 1243 775 2000 541 255 1459 847 935 1730 4854 4632 1875 1419 408 610 57426 26672 9655 6332 3323 1080 719 16174 17017 6924 5842 34910 2888 841 375 2684 613 2071 396 2656 2963 667 5316 2655 2331 1898 1446 466 2303 922 658 14182 5425 407 505 5290 13669
internal_count=487467 100217 387250 313534 16990 83227 7399 9591 73716 73600 35244 6156 1471 4685 2048 885 47983 8706 8415 5444 1215 2637 689 1948 490 2971 2835 976 1103 45020 23161 21859 16434 14590 8571 14434 11778 8225 4618 3607 2594 291 1243 775 2000 541 255 1459 847 935 1730 4854 4632 1875 1419 408 610 57426 26672 9655 6332 3323 1080 719 16174 17017 6924 5842 34910 2888 841 375 2684 613 2071 396 2656 2963 667 5316 2655 2331 1898 1446 466 2303 922 658 14182 5425 407 505 5290 13669
is_linear=0
shrinkage=0.0951581


Tree=61
num_leaves=95
num_cat=0
split_feature=4 3 4 2 2 2 2 2 2 2 2 2 2 4 4 2 2 2 2 4 2 2 2 2 2 2 2 2 2 2 2 2 3 2 2 2 2 2 2 2 2 2 4 2 2 2 2 2 2 2 2 2 2 2 2 2 2 2 2 2 2 2 2 2 2 2 2 2 2 2 2 2 2 2 2 2 2 2 2 4 2 2 2 2 2 2 2 2 2 2 2 2 2 2
split_gain=6903.42 1713.92 274.318 104.916 54.7917 50.9818 60.8367 43.0044 32.5131 18.7224 72.7119 33.1691 33.2756 27.6353 18.3228 16.8868 12.9431 10.9979 28.0124 10.1604 9.73149 24.226 18.362 17.4117 16.0576 15.3232 12.3238 9.80465 9.03822 8.48474 7.8945 11.4533 7.88581 7.49551 12.3471 6.99963 22.0202 6.9306 6.8049 6.72919 9.20105 6.19506 5.44568 5.3951 4.9982 4.94449 5.50428 4.84857 4.8048 4.65739 4.50517 4.40547 4.38618 4.01046 3.82296 6.94081 3.64129 3.63708 5.61713 3.56557 4.11014 3.44596 3.42587 4.13101 3.29996 3.27337 3.25238 2.99946 40.828 11.4377 6.52097 3.67974 4.56627 2.99498 2.92046 2.91273 7.31727 2.84938 8.4132 3.75081 2.84279 4.74911 2.80275 3.07665 2.70276 2.61648 2.35799 7.58583 3.3073 2.30366 2.19539 2.18454 2.17925 2.18231
threshold=0.15000000223517421 0.15000000223517421 0.25000000745058065 0.19548846781253817 0.28112535178661352 0.11293309181928636 0.13417843729257586 0.19101010262966159 0.15954913944005969 0.20206207782030108 0.20071429014205935 0.22736185789108279 0.24886304885149005 0.35000000894069677 0.25000000745058065 0.18897569924592975 0.16370223462581637 0.20745369791984561 0.20219807326793673 0.35000000894069677 0.14216374605894092 0.14586748182773593 0.15032467991113665 0.15280397981405261 0.14451952278614047 0.14926454424858096 0.14246211946010592 0.13440062105655673 0.16505814343690875 0.18843366950750354 0.14415185153484347 0.14379280805587771 0.25000000745058065 0.15119115263223651 0.15092624723911288 0.17394282668828967 0.18724054098129275 0.16159114986658099 0.133558563888073 0.15188746154308322 0.15220635384321216 0.19344085454940799 0.35000000894069677 0.25035211443901068 0.15886382013559344 0.14551208168268207 0.14503520727157596 0.17006493359804156 0.12565835565328601 0.1633739769458771 0.13465463370084765 0.14172885566949847 0.17660956084728244 0.14620192348957065 0.15339080244302752 0.15529115498065951 0.15460605919361117 0.16013698279857638 0.16159114986658099 0.18582589179277423 0.17660956084728244 0.17394282668828967 0.15563492476940158 0.1583974361419678 0.168457105755806 0.168457105755806 0.15724790096282962 0.10629960522055627 0.10533428192138673 0.10840395465493204 0.10916084051132204 0.10458041727542879 0.10504237189888956 0.15153882652521136 0.19291979819536212 0.23021738976240161 0.23357842862606051 0.17280431091785434 0.17006493359804156 0.25000000745058065 0.14295635372400287 0.14351332187652591 0.15678746998310092 0.15629401057958606 0.22039676457643512 0.11441558599472047 0.1483045965433121 0.14765568077564242 0.14790198951959613 0.31587702035903936 0.14741302281618121 0.10990196093916894 0.11008474603295328 0.1104714907705784
decision_type=2 2 2 2 2 2 2 2 2 2 2 2 2 2 2 2 2 2 2 2 2 2 2 2 2 2 2 2 2 2 2 2 2 2 2 2 2 2 2 2 2 2 2 2 2 2 2 2 2 2 2 2 2 2 2 2 2 2 2 2 2 2 2 2 2 2 2 2 2 2 2 2 2 2 2 2 2 2 2 2 2 2 2 2 2 2 2 2 2 2 2 2 2 2
left_child=-1 2 5 7 9 67 38 15 20 10 14 17 75 43 -5 16 49 18 -11 84 27 24 25 33 26 53 -22 -8 -18 42 31 80 89 34 -24 47 52 -4 48 73 -41 74 77 -14 54 46 -26 57 85 -3 -29 -52 -37 -23 -25 56 -56 -10 -59 60 61 64 -57 66 -39 -60 82 68 71 -69 -71 -2 -73 -35 -9 -13 -77 78 -30 -79 -28 -82 83 -64 -19 -7 87 90 -89 -6 -55 -72 -93 -94
right_child=1 3 37 4 32 6 8 41 35 11 -12 12 13 -15 -16 -17 28 19 -20 -21 21 22 23 44 45 -27 30 50 29 -31 -32 -33 -34 39 -36 36 -38 59 -40 40 -42 -43 -44 -45 -46 -47 -48 -49 -50 -51 51 -53 -54 86 55 62 -58 58 65 -61 -62 -63 63 -65 -66 -67 -68 69 -70 70 91 72 -74 -75 -76 76 -78 79 -80 -81 81 -83 -84 -85 -86 -87 -88 88 -90 -91 -92 92 93 -95
leaf_value=0 0 2.7782392028455193e-05 -1.8755088693483669e-07 -0.00014523937093953692 -4.1882015918734799e-05 0 0 -6.5219954887907677e-05 0 2.1349166669496592e-05 -6.5219954887907677e-05 -0.000271337465726942 2.1349166669496592e-05 -2.8794226604700732e-05 2.1349166669496592e-05 2.1597196378611665e-05 -7.798594713636667e-05 2.1349166669496592e-05 2.1349166669496592e-05 1.3414616180997669e-05 0 0 0 0 0 0 0 0 -3.8916278618381106e-06 -6.5219954887907677e-05 0 0 7.3493260949127672e-05 0 0 0 0 -8.0357479943649483e-05 0 0 0 -6.5219954887907677e-05 0.00037883917725649703 2.1349166669496592e-05 0 0.00030752706440292325 0 0 0 0.00078424361648858144 0 0 0 0 0 0 -0.00062115319801320419 0 0 8.7136818836745236e-05 -0.00053474332966403561 4.634096962125287e-05 0 0 -1.0868436354933945e-06 0 0 0 0 0 0 0 0 0.0012879526138710789 -6.5219954887907677e-05 0.00083532333689634699 -3.9162077042604185e-05 -0.00089244641661800548 0.001329193262274291 -1.3230929738624543e-05 0 0 0 0 2.1349166669496592e-05 0 0 0 0 -4.1882015918734799e-05 0 0 0 0
leaf_weight=315397 33931 5913 3246 194 155 3655 398 350 950 199 368 128 133 263 909 291 136 1147 490 285 336 470 248 608 423 4277 1261 504 746 151 960 269 935 370 276 832 3210 515 399 319 493 416 113 580 170 261 960 680 22330 123 12546 486 1538 1103 966 543 202 425 2545 298 283 120 310 233 281 279 430 2616 1098 1092 637 425 249 225 119 161 783 356 316 1153 498 386 707 207 516 33498 699 249 295 153 340 964 188 5176
leaf_count=315397 33931 5913 3246 194 155 3655 398 350 950 199 368 128 133 263 909 291 136 1147 490 285 336 470 248 608 423 4277 1261 504 746 151 960 269 935 370 276 832 3210 515 399 319 493 416 113 580 170 261 960 680 22330 123 12546 486 1538 1103 966 543 202 425 2545 298 283 120 310 233 281 279 430 2616 1098 1092 637 425 249 225 119 161 783 356 316 1153 498 386 707 207 516 33498 699 249 295 153 340 964 188 5176
internal_value=0 -0.0226473 -0.0258511 0.00550425 0.0141277 -0.0265648 -0.0277408 -0.000761601 -0.0250319 0.0178074 0.00844197 0.0207479 0.0116624 0.0243745 0.0206622 0.00114624 0.000417314 0.0278041 0.017471 0.0314588 -0.0235677 -0.0221723 -0.0242882 -0.0205117 -0.0167424 -0.0274925 -0.0202115 -0.0254797 -0.00472427 -0.00357472 -0.0219422 -0.0190395 -0.0040957 -0.0129851 -0.0226999 -0.0296556 -0.0273537 -0.0033204 -0.0297081 -0.00936702 -0.0150003 -0.0208058 -0.00233995 0.0340994 -0.023833 -0.00891384 -0.0111809 -0.0322882 -0.029625 0.00294807 -0.0259126 -0.0255712 -0.0203968 -0.0224629 -0.0244796 -0.0233002 -0.0172718 -0.031081 -0.0295667 -0.00867674 -0.010992 -0.00789521 -0.0261978 -0.0242812 -0.0101614 -0.0311016 -0.0226101 -0.0239434 -0.023525 -0.0253431 -0.0235681 -0.0240982 -0.0310605 -0.00167926 -0.028304 8.87669e-05 0.00191526 -0.00323856 0.000537616 -0.00589614 -0.0213607 -0.0172232 -0.0251112 -0.0197863 0.0343038 -0.0302881 -0.0210439 -0.0193716 -0.00979569 -0.0173015 -0.0229817 -0.02464 -0.0241053 -0.0248539
internal_weight=0 172070 154488 17582 7399 149745 103369 10183 43487 6156 1471 4685 2048 976 1103 9298 9007 2637 689 1948 33028 19094 13740 6307 5354 7433 3710 13934 2971 2835 3374 2414 1243 1931 524 10459 5580 4743 59882 1407 812 885 2684 713 4376 1644 1383 4879 59483 6036 13536 13032 2370 3156 4206 3598 1168 4199 3249 1497 1199 916 2430 1887 796 2824 1654 46376 35703 10673 8057 34605 674 595 469 1072 944 2571 1062 1509 2145 884 1224 517 1663 37153 2686 1987 544 308 1443 6965 6328 5364
internal_count=487467 172070 154488 17582 7399 149745 103369 10183 43487 6156 1471 4685 2048 976 1103 9298 9007 2637 689 1948 33028 19094 13740 6307 5354 7433 3710 13934 2971 2835 3374 2414 1243 1931 524 10459 5580 4743 59882 1407 812 885 2684 713 4376 1644 1383 4879 59483 6036 13536 13032 2370 3156 4206 3598 1168 4199 3249 1497 1199 916 2430 1887 796 2824 1654 46376 35703 10673 8057 34605 674 595 469 1072 944 2571 1062 1509 2145 884 1224 517 1663 37153 2686 1987 544 308 1443 6965 6328 5364
is_linear=0
shrinkage=0.0951581


Tree=62
num_leaves=95
num_cat=0
split_feature=4 3 4 2 2 2 2 2 2 2 2 2 2 4 4 2 2 2 2 4 2 2 2 2 2 2 2 2 2 2 3 2 2 2 2 2 2 2 2 2 2 2 2 4 2 2 2 2 2 2 2 2 2 2 2 2 2 2 2 2 2 2 2 2 2 2 2 2 2 2 2 2 2 2 2 2 2 2 2 2 2 2 2 2 2 2 2 2 2 4 2 2 2 2
split_gain=6913.42 1732.31 274.318 100.873 54.7917 50.9818 60.8367 44.2565 32.5131 18.7224 72.7119 33.1691 33.2756 27.6353 18.3228 16.4152 11.9452 10.9979 28.0124 10.1604 9.73149 24.226 18.362 17.4117 16.0576 15.3232 12.3238 9.80465 7.8945 11.4533 7.88581 7.49551 12.3471 6.99963 22.0202 6.9306 6.8049 6.72965 6.72919 9.20105 6.19506 5.3951 4.9982 4.99027 4.94449 5.50428 4.84857 4.8048 4.50517 4.48468 8.05535 4.40547 4.38618 4.01046 3.82296 6.94081 3.64129 3.63708 5.61713 3.56557 4.11014 3.44596 3.42587 4.13101 3.29996 3.27337 3.25238 2.99946 40.828 11.4377 6.52097 3.67974 4.56627 2.99498 2.92046 2.91273 7.31727 2.84279 4.74911 2.80275 3.07665 2.70276 2.61648 2.5291 23.9788 7.36726 5.93109 2.70242 12.5231 12.1807 3.93438 2.35799 7.58583 3.3073
threshold=0.15000000223517421 0.15000000223517421 0.25000000745058065 0.19548846781253817 0.28112535178661352 0.11293309181928636 0.13417843729257586 0.19101010262966159 0.15954913944005969 0.20206207782030108 0.20071429014205935 0.22736185789108279 0.24886304885149005 0.35000000894069677 0.25000000745058065 0.18897569924592975 0.17280431091785434 0.20745369791984561 0.20219807326793673 0.35000000894069677 0.14216374605894092 0.14586748182773593 0.15032467991113665 0.15280397981405261 0.14451952278614047 0.14926454424858096 0.14246211946010592 0.13440062105655673 0.14415185153484347 0.14379280805587771 0.25000000745058065 0.15119115263223651 0.15092624723911288 0.17394282668828967 0.18724054098129275 0.16159114986658099 0.133558563888073 0.18843366950750354 0.15188746154308322 0.15220635384321216 0.19344085454940799 0.25035211443901068 0.15886382013559344 0.25000000745058065 0.14551208168268207 0.14503520727157596 0.17006493359804156 0.12565835565328601 0.13465463370084765 0.17006493359804156 0.16587346047163012 0.14172885566949847 0.17660956084728244 0.14620192348957065 0.15339080244302752 0.15529115498065951 0.15460605919361117 0.16013698279857638 0.16159114986658099 0.18582589179277423 0.17660956084728244 0.17394282668828967 0.15563492476940158 0.1583974361419678 0.168457105755806 0.168457105755806 0.15724790096282962 0.10629960522055627 0.10533428192138673 0.10840395465493204 0.10916084051132204 0.10458041727542879 0.10504237189888956 0.15153882652521136 0.19291979819536212 0.23021738976240161 0.23357842862606051 0.14295635372400287 0.14351332187652591 0.15678746998310092 0.15629401057958606 0.22039676457643512 0.11441558599472047 0.1483045965433121 0.14895787835121158 0.14503520727157596 0.14586748182773593 0.15092624723911288 0.15153882652521136 0.25000000745058065 0.15280397981405261 0.1483045965433121 0.14765568077564242 0.14790198951959613
decision_type=2 2 2 2 2 2 2 2 2 2 2 2 2 2 2 2 2 2 2 2 2 2 2 2 2 2 2 2 2 2 2 2 2 2 2 2 2 2 2 2 2 2 2 2 2 2 2 2 2 2 2 2 2 2 2 2 2 2 2 2 2 2 2 2 2 2 2 2 2 2 2 2 2 2 2 2 2 2 2 2 2 2 2 2 2 2 2 2 2 2 2 2 2 2
left_child=-1 2 5 7 9 67 36 15 20 10 14 17 75 41 -5 16 49 18 -11 81 27 24 25 31 26 53 -22 -8 29 77 -6 32 -24 46 52 -4 47 43 73 -40 74 -14 54 -18 45 -26 57 82 -29 50 83 -50 -35 -23 -25 56 -56 -10 -59 60 61 64 -57 66 -37 -60 79 68 71 -69 -71 -2 -73 -33 -9 -13 -77 -28 -79 80 -64 -19 -7 85 -85 -3 -87 89 -89 -86 -90 92 -55 -94
right_child=1 3 35 4 30 6 8 40 33 11 -12 12 13 -15 -16 -17 37 19 -20 -21 21 22 23 42 44 -27 28 48 -30 -31 -32 38 -34 34 -36 59 -38 -39 39 -41 -42 -43 -44 -45 -46 -47 -48 -49 51 -51 -52 -53 -54 91 55 62 -58 58 65 -61 -62 -63 63 -65 -66 -67 -68 69 -70 70 -72 72 -74 -75 -76 76 -78 78 -80 -81 -82 -83 -84 84 87 86 -88 88 90 -91 -92 -93 93 -95
leaf_value=0 0 0.00011023613818495514 -1.6970390297231474e-07 -0.0001314186699751923 -3.789660332673428e-05 0 0 -5.9013748625908476e-05 0 1.9317620770693772e-05 -5.9013748625908476e-05 -0.00024551751105503699 1.9317620770693772e-05 -2.6054223031090834e-05 1.9317620770693772e-05 1.954204844670986e-05 -0.00080752292121184484 1.9317620770693772e-05 1.9317620770693772e-05 1.2138106942562503e-05 0 0 0 0 0 0 0 0 0 0 6.6499782693873758e-05 0 0 0 0 -7.2710815727431769e-05 0 -5.9013748625908476e-05 0 0 -5.9013748625908476e-05 1.9317620770693772e-05 0 -1.1971899750992163e-05 0.0002782633766847723 0 0 0 0 0.00120270977172433 -3.5213079919899362e-06 0 0 0 0 0 -0.00056204544680736926 0 0 7.8845045687794851e-05 -0.00048385817638806408 4.1931251516651252e-05 0 0 -9.834216722614664e-07 0 0 0 0 0 0 0 0 0.0011653935046060917 -5.9013748625908476e-05 0.00075583556458571081 -3.5435488635844076e-05 0 0 0 0 1.9317620770693772e-05 0 6.8276501320965028e-05 -0.00072248587210624164 -0.00012396126078319814 -0.00044353336093403442 0.00051990193630554083 -0.0016165555501517928 4.4255870851468637e-05 1.8705447340396098e-05 0 0 0
leaf_weight=315397 33931 1676 3246 194 308 3655 398 350 950 199 368 128 133 263 909 291 356 1147 490 285 336 470 248 608 423 4277 1261 504 960 269 935 370 276 832 3210 515 399 151 319 493 416 580 170 1239 261 960 680 22330 12546 323 662 486 1538 1443 966 543 202 425 2545 298 283 120 310 233 281 279 430 2616 1098 1092 6965 425 249 225 119 161 783 498 386 707 207 516 33498 134 644 129 553 138 349 192 2461 699 249 295
leaf_count=315397 33931 1676 3246 194 308 3655 398 350 950 199 368 128 133 263 909 291 356 1147 490 285 336 470 248 608 423 4277 1261 504 960 269 935 370 276 832 3210 515 399 151 319 493 416 580 170 1239 261 960 680 22330 12546 323 662 486 1538 1443 966 543 202 425 2545 298 283 120 310 233 281 279 430 2616 1098 1092 6965 425 249 225 119 161 783 498 386 707 207 516 33498 134 644 129 553 138 349 192 2461 699 249 295
internal_value=0 -0.0226301 -0.0258511 0.00567203 0.0141277 -0.0265648 -0.0277408 -0.000471912 -0.0250319 0.0178074 0.00844197 0.0207479 0.0116624 0.0243745 0.0206622 0.0014635 0.000744826 0.0278041 0.017471 0.0314588 -0.0235677 -0.0221723 -0.0242882 -0.0205117 -0.0167424 -0.0274925 -0.0202115 -0.0254797 -0.0219422 -0.0190395 -0.0040957 -0.0129851 -0.0226999 -0.0296556 -0.0273537 -0.0033204 -0.0297081 -0.00632207 -0.00936702 -0.0150003 -0.0208058 0.0340994 -0.023833 -0.00450435 -0.00891384 -0.0111809 -0.0322882 -0.029625 -0.0259126 0.00244415 0.00193388 -0.0255712 -0.0203968 -0.0224629 -0.0244796 -0.0233002 -0.0172718 -0.031081 -0.0295667 -0.00867674 -0.010992 -0.00789521 -0.0261978 -0.0242812 -0.0101614 -0.0311016 -0.0226101 -0.0239434 -0.023525 -0.0253431 -0.0235681 -0.0240982 -0.0310605 -0.00167926 -0.028304 8.87669e-05 0.00191526 -0.0213607 -0.0172232 -0.0251112 -0.0197863 0.0343038 -0.0302881 0.00298696 0.00446888 0.000524621 -0.00781357 0.00306799 0.0044222 -0.00170738 0.00304777 -0.0210439 -0.0193716 -0.00979569
internal_weight=0 172070 154488 17582 7399 149745 103369 10183 43487 6156 1471 4685 2048 976 1103 9298 9007 2637 689 1948 33028 19094 13740 6307 5354 7433 3710 13934 3374 2414 1243 1931 524 10459 5580 4743 59882 1746 1407 812 885 713 4376 1595 1644 1383 4879 59483 13536 7261 6938 13032 2370 3156 4206 3598 1168 4199 3249 1497 1199 916 2430 1887 796 2824 1654 46376 35703 10673 8057 34605 674 595 469 1072 944 2145 884 1224 517 1663 37153 6276 3918 2358 682 3784 2948 836 2810 2686 1987 544
internal_count=487467 172070 154488 17582 7399 149745 103369 10183 43487 6156 1471 4685 2048 976 1103 9298 9007 2637 689 1948 33028 19094 13740 6307 5354 7433 3710 13934 3374 2414 1243 1931 524 10459 5580 4743 59882 1746 1407 812 885 713 4376 1595 1644 1383 4879 59483 13536 7261 6938 13032 2370 3156 4206 3598 1168 4199 3249 1497 1199 916 2430 1887 796 2824 1654 46376 35703 10673 8057 34605 674 595 469 1072 944 2145 884 1224 517 1663 37153 6276 3918 2358 682 3784 2948 836 2810 2686 1987 544
is_linear=0
shrinkage=0.0951581


Tree=63
num_leaves=95
num_cat=0
split_feature=4 4 2 2 2 2 2 2 2 0 2 2 2 2 4 0 0 2 2 2 2 2 2 0 2 2 2 2 0 0 0 4 0 0 0 2 2 2 4 2 2 2 2 2 4 0 2 2 2 2 2 2 2 2 2 2 2 2 0 2 0 2 2 2 2 2 2 0 2 2 2 0 2 2 2 2 2 0 2 2 2 2 0 0 2 2 2 2 2 2 2 2 2 2
split_gain=6900.52 1564.66 137.39 75.7293 81.5191 55.2989 38.2191 31.1784 18.535 16.9615 16.3543 75.5342 31.1465 31.0122 25.8436 14.6586 14.2887 22.6027 18.2449 13.7705 35.5913 22.5764 16.5251 14.1481 13.5694 10.0714 9.99438 28.1105 14.7726 14.2185 8.33532 8.24292 7.79639 6.79246 8.74997 6.70413 6.47596 6.40858 6.35242 6.19483 62.6923 13.4283 9.75101 6.14571 6.03863 7.36334 5.88337 6.05366 5.85036 5.65954 7.57519 7.31276 5.54838 5.50973 7.54278 8.12254 5.18146 7.05072 6.97794 10.6477 6.02078 5.83984 9.12608 14.9281 25.3229 30.429 14.9719 5.1365 4.88578 4.7023 3.9641 3.89378 4.90392 4.89262 4.30123 3.74211 3.70463 6.51526 5.47408 9.30151 4.94502 4.90589 7.43853 4.11342 3.70007 3.6816 3.48705 9.01699 13.3186 4.36382 4.00656 3.93566 3.71619 3.46687
threshold=0.15000000223517421 0.25000000745058065 0.19548846781253817 0.13893597573041919 0.11293309181928636 0.28112535178661352 0.15954913944005969 0.19101010262966159 0.18897569924592975 1.5000000000000002 0.20206207782030108 0.20071429014205935 0.22736185789108279 0.24886304885149005 0.35000000894069677 2.5000000000000004 2.5000000000000004 0.14586748182773593 0.18843366950750354 0.15032467991113665 0.14926454424858096 0.14216374605894092 0.15280397981405261 1.5000000000000002 0.13417843729257586 0.13440062105655673 0.20745369791984561 0.20219807326793673 2.5000000000000004 2.5000000000000004 1.5000000000000002 0.35000000894069677 2.5000000000000004 1.5000000000000002 2.5000000000000004 0.14172885566949847 0.133558563888073 0.22039676457643512 0.35000000894069677 0.10504237189888956 0.10629960522055627 0.10873378813266756 0.10533428192138673 0.10947888717055322 0.45000000298023229 4.5000000000000009 0.17660956084728244 0.17006493359804156 0.15298574417829516 0.15392307937145236 0.15339080244302752 0.15529115498065951 0.15724790096282962 0.16013698279857638 0.19344085454940799 0.17660956084728244 0.14765568077564242 0.14790198951959613 1.5000000000000002 0.14741302281618121 1.5000000000000002 0.14246211946010592 0.14295635372400287 0.14415185153484347 0.14451952278614047 0.14503520727157596 0.14379280805587771 2.5000000000000004 0.15392307937145236 0.10458041727542879 0.13465463370084765 1.5000000000000002 0.13533937186002734 0.13688258826732638 0.13851648569107058 0.12565835565328601 0.16587346047163012 1.5000000000000002 0.16688596457242968 0.17089758068323138 0.1613835692405701 0.17394282668828967 1.5000000000000002 1.5000000000000002 0.15724790096282962 0.18724054098129275 0.14895787835121158 0.1613835692405701 0.16013698279857638 0.15032467991113665 0.14741302281618121 0.16688596457242968 0.15339080244302752 0.1276228874921799
decision_type=2 2 2 2 2 2 2 2 2 2 2 2 2 2 2 2 2 2 2 2 2 2 2 2 2 2 2 2 2 2 2 2 2 2 2 2 2 2 2 2 2 2 2 2 2 2 2 2 2 2 2 2 2 2 2 2 2 2 2 2 2 2 2 2 2 2 2 2 2 2 2 2 2 2 2 2 2 2 2 2 2 2 2 2 2 2 2 2 2 2 2 2 2 2
left_child=-1 3 7 4 9 10 19 8 16 39 11 33 26 -14 67 -9 18 -18 38 20 21 35 -21 48 32 30 27 -12 -29 31 -26 -28 36 -4 -35 -5 75 -31 86 69 42 -42 -41 -43 -7 -46 47 -19 -24 50 -25 -51 -53 -8 55 76 58 60 59 61 -58 -23 -63 66 -65 -66 -64 -15 -50 -2 -27 -72 -73 -74 -75 -6 77 -55 -78 83 -79 -81 -83 -80 -70 -57 90 88 89 -88 -3 -89 -91 -34
right_child=1 2 5 6 24 44 53 15 -10 -11 12 -13 13 14 -16 -17 17 46 -20 22 -22 56 23 49 25 70 29 28 -30 37 -32 -33 93 34 -36 -37 -38 -39 -40 40 41 43 -44 -45 45 -47 -48 -49 68 51 -52 52 -54 54 -56 85 57 -59 -60 -61 -62 62 63 64 65 -67 -68 -69 84 -71 71 72 73 74 -76 -77 78 80 79 81 -82 82 -84 -85 -86 -87 87 91 -90 92 -92 -93 -94 -95
leaf_value=0 0 -1.5355520389516993e-07 1.7479392897029754e-05 0 0 -3.4290434980266154e-05 0 -5.3398113090808629e-05 1.5983238599535633e-05 0 1.7479392897029754e-05 -5.3398113090808629e-05 3.1117225170464604e-05 1.7479392897029754e-05 -2.3574952960987548e-05 0.0013236340047706337 0.00064114899229931576 -6.5791793464104202e-05 -5.3398113090808629e-05 0 0 -0.00098605189854336921 0 0 0 0 1.7479392897029754e-05 -0.00068938504825488765 1.7479392897029754e-05 1.7479392897029754e-05 0 1.2879259834479139e-06 0 1.7479392897029754e-05 1.7479392897029754e-05 0 0 1.8467468081041796e-05 0.0012568802557211987 0 0 0 0.0023467327524271842 0 0.00028033932619356879 -0.00024512596734897025 -1.0832676650786863e-05 0.0074765351306499105 0 -0.00059591424299261335 0 0 0 0 0 0 0 0 0 0 0.00070686444115192009 0 0 0 0.00070686444115192009 0 0.00070686444115192009 1.7479392897029754e-05 0 0 0 0 0 0 0 0 0 -8.5858562011541431e-06 -7.0151848589830952e-08 0 0 0 0 0 0 0 4.0044566760862483e-05 -3.1862270532199942e-06 1.6925472720404851e-05 -0.00084825401838193172 -0.0012662201103607997 1.8319115799761299e-05 1.1285221340215829e-05 0
leaf_weight=315397 33838 2858 329 4795 37107 386 993 705 303 3368 199 368 1074 368 263 163 186 517 140 2402 4752 256 181 285 278 506 1172 363 126 412 120 183 177 425 254 505 386 206 198 199 2252 744 796 4984 630 229 315 213 492 408 238 829 437 990 2898 1751 137 1303 2855 240 174 833 626 634 352 2029 195 354 1583 326 5591 368 857 1018 149 22202 1366 180 338 720 704 339 582 281 568 663 287 983 212 236 131 1753 1151 198
leaf_count=315397 33838 2858 329 4795 37107 386 993 705 303 3368 199 368 1074 368 263 163 186 517 140 2402 4752 256 181 285 278 506 1172 363 126 412 120 183 177 425 254 505 386 206 198 199 2252 744 796 4984 630 229 315 213 492 408 238 829 437 990 2898 1751 137 1303 2855 240 174 833 626 634 352 2029 195 354 1583 326 5591 368 857 1018 149 22202 1366 180 338 720 704 339 582 281 568 663 287 983 212 236 131 1753 1151 198
internal_value=0 -0.0226522 0.00415227 -0.0257241 -0.0269476 0.0141097 -0.0220937 -0.00290963 -0.00132958 -0.0238688 0.0178421 0.0087136 0.0205033 0.0117157 0.0239103 -0.0201718 -0.00209389 -0.0116339 -0.00061651 -0.0201257 -0.0214427 -0.0191603 -0.0166331 -0.0197385 -0.0290241 -0.0255536 0.027303 0.0174272 0.00515683 0.0307467 -0.0107591 0.0362022 -0.0295375 0.0221847 0.0167473 -0.0241486 -0.0296234 0.0187853 -6.09285e-06 -0.023361 -0.0211362 -0.0239445 0.00138673 -0.021497 -0.00416555 0.000276944 -0.0170738 -0.0123836 -0.0241939 -0.0140117 -0.0226524 -0.0113121 -0.0148825 -0.0266128 -0.0259898 -0.0244689 -0.0164161 -0.0114968 -0.0174061 -0.0153193 0.00137689 -0.0143655 -0.0151328 -0.0131723 -0.01627 -0.0117699 -0.00179653 0.0332131 -0.0230604 -0.0239455 -0.0262472 -0.0257295 -0.0225165 -0.0243537 -0.0203444 -0.0295435 -0.0264886 -0.0230532 -0.028264 -0.0253895 -0.0171155 -0.0291389 -0.0245386 -0.0154497 -0.0250172 -0.0198673 -0.000443846 0.00119411 0.00625642 0.00341068 -0.00297667 -0.00229548 0.00120062 -0.0158597
internal_weight=0 172070 17692 154378 115464 7341 38914 10351 9483 46507 6096 1376 4720 2059 985 868 9180 1231 7949 27109 19686 14934 7423 5021 68957 8887 2661 688 489 1973 398 1355 60070 1008 679 5300 59695 618 7809 43139 8975 7980 995 5728 1245 859 1045 730 2824 2197 523 1674 1266 11805 10812 7914 9634 1614 8020 5165 311 4925 4669 3836 3015 2381 821 722 2643 34164 8489 7983 2392 2024 1167 59309 5500 1874 3626 2260 884 1641 921 619 2151 2414 7611 4622 1886 1674 2989 2736 1387 375
internal_count=487467 172070 17692 154378 115464 7341 38914 10351 9483 46507 6096 1376 4720 2059 985 868 9180 1231 7949 27109 19686 14934 7423 5021 68957 8887 2661 688 489 1973 398 1355 60070 1008 679 5300 59695 618 7809 43139 8975 7980 995 5728 1245 859 1045 730 2824 2197 523 1674 1266 11805 10812 7914 9634 1614 8020 5165 311 4925 4669 3836 3015 2381 821 722 2643 34164 8489 7983 2392 2024 1167 59309 5500 1874 3626 2260 884 1641 921 619 2151 2414 7611 4622 1886 1674 2989 2736 1387 375
is_linear=0
shrinkage=0.0951581


Tree=64
num_leaves=95
num_cat=0
split_feature=2 3 2 3 2 2 2 3 2 2 2 2 2 2 0 0 2 2 2 2 0 0 0 2 0 2 0 0 2 2 2 2 2 2 2 2 2 2 2 2 0 3 2 2 0 2 2 0 2 2 0 2 2 0 2 2 2 2 2 0 2 2 2 2 2 2 2 2 2 2 2 0 0 2 2 2 0 2 2 2 2 0 2 2 2 2 0 2 0 2 0 2 0 2
split_gain=3894.54 1614.66 464.885 110.944 101.568 77.2736 71.7192 39.0899 33.6005 42.992 42.2903 21.5894 33.0566 20.1355 18.97 18.0182 17.7427 17.1027 11.8838 29.0498 15.1467 12.4128 11.744 11.2728 12.2315 23.8553 10.7363 9.31851 8.97527 32.4516 30.6675 26.9068 10.132 9.81766 9.07949 13.4422 8.98065 17.592 8.35419 11.8777 17.3012 7.88581 7.51644 10.4857 11.7082 7.25605 8.6904 7.1958 6.89626 6.86378 6.90685 10.9847 9.99749 6.85446 6.69512 6.29563 6.13358 10.4819 6.93363 6.92775 6.06372 6.02036 5.9666 5.83891 5.76163 10.7475 5.75969 5.59982 9.65725 6.0823 21.4827 9.41521 5.89798 15.3289 14.9759 5.29354 5.10471 19.2145 5.03153 5.02874 4.84979 4.7079 6.07175 5.68351 10.1751 4.37564 10.875 4.12936 4.58199 4.08146 4.05564 3.97429 3.97369 3.96921
threshold=0.12275604158639909 0.15000000223517421 0.10074627026915552 0.15000000223517421 0.20206207782030108 0.22736185789108279 0.13417843729257586 0.15000000223517421 0.20071429014205935 0.19548846781253817 0.19101010262966159 0.28112535178661352 0.24886304885149005 0.11854497343301774 2.5000000000000004 2.5000000000000004 0.19344085454940799 0.18897569924592975 0.20745369791984561 0.20219807326793673 2.5000000000000004 2.5000000000000004 1.5000000000000002 0.18843366950750354 2.5000000000000004 0.17660956084728244 2.5000000000000004 2.5000000000000004 0.14859127253293994 0.14216374605894092 0.15032467991113665 0.15280397981405261 0.13440062105655673 0.14246211946010592 0.17517123371362689 0.15954913944005969 0.14451952278614047 0.14586748182773593 0.14415185153484347 0.14379280805587771 1.5000000000000002 0.25000000745058065 0.15119115263223651 0.15092624723911288 1.5000000000000002 0.15188746154308322 0.15220635384321216 4.5000000000000009 0.14551208168268207 0.15886382013559344 1.5000000000000002 0.15392307937145236 0.15529115498065951 1.5000000000000002 0.22039676457643512 0.11084018647670747 0.10629960522055627 0.10533428192138673 0.10317540168762208 1.5000000000000002 0.15803226083517077 0.19344085454940799 0.11984848231077196 0.10840395465493204 0.16013698279857638 0.16159114986658099 0.133558563888073 0.14670995622873309 0.14503520727157596 0.14895787835121158 0.1483045965433121 1.5000000000000002 1.5000000000000002 0.13969421386718753 0.1393149867653847 0.14765568077564242 1.5000000000000002 0.14790198951959613 0.18724054098129275 0.19548846781253817 0.19101010262966159 1.5000000000000002 0.17394282668828967 0.17089758068323138 0.16688596457242968 0.14503520727157596 1.5000000000000002 0.14295635372400287 1.5000000000000002 0.13465463370084765 2.5000000000000004 0.19238026440143588 1.5000000000000002 0.14926454424858096
decision_type=2 2 2 2 2 2 2 2 2 2 2 2 2 2 2 2 2 2 2 2 2 2 2 2 2 2 2 2 2 2 2 2 2 2 2 2 2 2 2 2 2 2 2 2 2 2 2 2 2 2 2 2 2 2 2 2 2 2 2 2 2 2 2 2 2 2 2 2 2 2 2 2 2 2 2 2 2 2 2 2 2 2 2 2 2 2 2 2 2 2 2 2 2 2
left_child=2 6 3 -1 8 18 14 13 9 10 17 12 -7 55 66 61 28 23 19 -6 -20 -21 -11 24 67 -26 -24 -14 29 32 90 42 53 -31 35 49 38 48 39 87 -41 -13 43 44 -32 -44 -47 -43 85 50 -33 -52 -53 -8 -22 56 57 58 -4 -59 -54 91 -15 -58 -37 -66 -2 68 72 70 71 -69 74 -74 -3 -39 -77 -78 -36 -18 -80 82 83 84 -67 86 -38 -35 -89 -34 93 -12 -48 -30
right_child=1 4 7 -5 5 11 16 -9 -10 22 15 41 27 62 -16 -17 79 -19 20 21 54 -23 26 -25 25 -27 -28 -29 30 33 31 34 89 36 78 64 37 75 -40 40 -42 47 45 -45 -46 46 92 -49 -50 -51 51 52 60 -55 -56 -57 63 59 -60 -61 -62 -63 -64 -65 65 81 -68 69 -70 -71 -72 -73 73 -75 -76 76 77 -79 80 -81 -82 -83 -84 -85 -86 -87 -88 88 -90 -91 -92 -93 -94 -95
leaf_value=0 0 -0.0010659422547505681 0 0.00016552634233167891 1.581608727469432e-05 2.8156169492936619e-05 0 9.9746277953100508e-05 -4.8316850700905271e-05 1.581608727469432e-05 -4.8316850700905271e-05 -3.1027422721718035e-05 1.581608727469432e-05 0 0 0.0011976795225401432 0 1.6161530025552636e-05 1.581608727469432e-05 -0.00062378448458137292 1.581608727469432e-05 1.581608727469432e-05 1.581608727469432e-05 -4.8316850700905271e-05 0.00039982381483390548 -9.8018598435715942e-06 1.581608727469432e-05 1.581608727469432e-05 0 0 0.0028662773904949254 0 0 0 0 0 0.00063960057185606992 0 0 0.00063960057185606992 0 0.00025366277168356534 0 0 0 0 0 -0.00022180024876860126 0.00025178436556257697 0 0 0.0025340292732081143 0 0 1.6710139112556582e-05 0 0 0 0 0 0 -4.8316850700905271e-05 0 0 0 0 0 0.0018420163332458176 -0.00040132757396645427 1.531487708345413e-05 6.1779439941916047e-05 -0.0020478739377717881 0.00043934359279239484 -0.0011083878251041263 0.00022201035912051083 0 0.00063960057185606992 0 0 0 0 0 0 0 -6.3476332748345766e-08 0 0 0 0 0 0 -4.8316850700905271e-05 0.0031677106853408308 0
leaf_weight=313058 34521 227 1249 476 199 1072 284 116 368 328 130 308 508 3513 334 166 187 291 1338 364 410 126 530 151 544 267 245 468 500 346 143 2757 513 1381 1989 1082 335 2047 1013 184 107 699 612 286 112 342 287 236 284 222 456 339 870 124 200 30754 7660 2765 5083 558 210 312 12661 9357 526 1508 389 211 324 5584 132 139 234 276 326 466 155 220 478 2776 189 2661 324 433 390 980 131 596 326 13669 135 277 218 4790
leaf_count=313058 34521 227 1249 476 199 1072 284 116 368 328 130 308 508 3513 334 166 187 291 1338 364 410 126 530 151 544 267 245 468 500 346 143 2757 513 1381 1989 1082 335 2047 1013 184 107 699 612 286 112 342 287 236 284 222 456 339 870 124 200 30754 7660 2765 5083 558 210 312 12661 9357 526 1508 389 211 324 5584 132 139 234 276 326 466 155 220 478 2776 189 2661 324 433 390 980 131 596 326 13669 135 277 218 4790
internal_value=0 -0.0212612 -0.0423077 -0.0439064 0.00547201 0.0155226 -0.0267185 -0.0355081 8.60225e-05 0.00105889 -0.000987199 0.00579739 0.0118018 -0.0355951 -0.0299779 -0.0208058 -0.0243245 0.00102744 0.0276597 0.0169185 0.0314588 0.0044666 0.0188504 0.000243125 0.000713916 -0.0103841 0.0124626 0.024472 -0.023855 -0.0225498 -0.0252381 -0.0231902 -0.0252798 -0.0179025 -0.0246235 -0.0257568 -0.0185631 -0.0157841 -0.0221209 -0.0192591 -0.00114451 -0.0040957 -0.0128463 -0.0224264 -0.0083963 -0.00929406 -0.0149984 0.000254433 -0.0081957 -0.0219173 -0.0227007 -0.018245 -0.0141161 -0.0104954 0.0190316 -0.0364304 -0.0375003 -0.0355845 -0.0378558 -0.0312564 -0.0185911 -0.0273298 -0.0326293 -0.0385872 -0.0284485 -0.0272671 -0.0301938 0.00192155 -0.00353327 0.0031688 0.0134248 0.00108752 0.000850425 -0.00653046 0.00765739 -0.0203298 -0.0139739 -0.00570949 -0.0195977 -0.0314571 -0.0267498 -0.028551 -0.025716 -0.0274126 -0.0251683 -0.0108583 -0.00326723 -0.021548 -0.0166165 -0.0257052 -0.0314416 -0.0349536 -0.00706619 -0.0318573
internal_weight=0 100217 387250 313534 16990 5928 83227 73716 11062 10694 9591 3291 2048 73600 35244 885 47983 8706 2637 689 1948 490 1103 8415 8264 811 775 976 45020 23161 21859 16434 14590 8571 14434 11778 8225 4618 3607 2594 291 1243 2000 541 255 1459 847 935 1730 4854 4632 1875 1419 408 610 57426 26672 9655 6332 3323 1080 719 16174 17017 6924 5842 34910 7453 1387 6066 482 350 1063 510 553 2888 841 375 2656 2963 667 5316 2655 2331 1898 1446 466 2303 922 14182 5425 407 505 5290
internal_count=487467 100217 387250 313534 16990 5928 83227 73716 11062 10694 9591 3291 2048 73600 35244 885 47983 8706 2637 689 1948 490 1103 8415 8264 811 775 976 45020 23161 21859 16434 14590 8571 14434 11778 8225 4618 3607 2594 291 1243 2000 541 255 1459 847 935 1730 4854 4632 1875 1419 408 610 57426 26672 9655 6332 3323 1080 719 16174 17017 6924 5842 34910 7453 1387 6066 482 350 1063 510 553 2888 841 375 2656 2963 667 5316 2655 2331 1898 1446 466 2303 922 14182 5425 407 505 5290
is_linear=0
shrinkage=0.0951581


Tree=65
num_leaves=95
num_cat=0
split_feature=4 3 4 2 4 2 2 2 2 2 2 2 2 2 4 2 2 2 2 2 2 2 2 2 2 2 2 2 2 2 2 2 2 2 2 2 2 2 2 2 2 2 2 2 2 2 2 2 4 2 2 2 2 2 2 4 2 2 2 2 2 2 2 2 2 2 2 3 2 2 2 2 2 2 2 2 2 2 2 2 2 2 2 2 2 2 2 2 2 4 2 2 2 2
split_gain=6890.22 1693.02 271.956 93.7006 53.1134 50.9818 60.8367 43.6484 32.5131 25.7699 71.0882 31.9237 34.9971 30.4105 18.5456 16.6426 14.9137 29.2406 11.5612 9.73149 24.226 18.362 17.4117 16.0576 15.3232 12.3238 9.80465 7.8945 11.4533 7.49551 12.3471 7.1039 6.99963 22.0202 6.8049 6.72919 9.20105 6.67344 6.19506 5.3951 4.9982 4.94449 5.50428 4.84857 4.8048 4.50517 4.40547 4.38618 4.18573 4.01046 3.82296 6.94081 3.75831 26.5071 8.07172 4.80445 6.68768 16.6824 9.70099 4.28373 3.76422 3.64129 3.63708 5.61713 3.56557 4.11014 3.53822 5.43884 3.77465 3.44596 3.42587 4.13101 3.29996 3.27337 3.25238 3.19716 3.07855 2.99946 40.828 11.4377 6.52097 3.67974 4.56627 2.99498 2.97054 3.5846 2.92046 2.89176 9.42428 3.75081 2.84279 4.74911 2.80275 3.07665
threshold=0.15000000223517421 0.15000000223517421 0.25000000745058065 0.19548846781253817 0.35000000894069677 0.11293309181928636 0.13417843729257586 0.19101010262966159 0.15954913944005969 0.20206207782030108 0.20071429014205935 0.22736185789108279 0.24886304885149005 0.28112535178661352 0.25000000745058065 0.18897569924592975 0.20745369791984561 0.20219807326793673 0.18843366950750354 0.14216374605894092 0.14586748182773593 0.15032467991113665 0.15280397981405261 0.14451952278614047 0.14926454424858096 0.14246211946010592 0.13440062105655673 0.14415185153484347 0.14379280805587771 0.15119115263223651 0.15092624723911288 0.16587346047163012 0.17394282668828967 0.18724054098129275 0.133558563888073 0.15188746154308322 0.15220635384321216 0.16159114986658099 0.19344085454940799 0.25035211443901068 0.15886382013559344 0.14551208168268207 0.14503520727157596 0.17006493359804156 0.12565835565328601 0.13465463370084765 0.14172885566949847 0.17660956084728244 0.35000000894069677 0.14620192348957065 0.15339080244302752 0.15529115498065951 0.1483045965433121 0.14895787835121158 0.14379280805587771 0.25000000745058065 0.13263087719678882 0.1393149867653847 0.11630280315876008 0.14670995622873309 0.14172885566949847 0.15460605919361117 0.16013698279857638 0.16159114986658099 0.18582589179277423 0.17660956084728244 0.2123106122016907 0.25000000745058065 0.2539230883121491 0.17394282668828967 0.15563492476940158 0.1583974361419678 0.168457105755806 0.168457105755806 0.15724790096282962 0.30072464048862463 0.24515175819396975 0.10629960522055627 0.10533428192138673 0.10840395465493204 0.10916084051132204 0.10458041727542879 0.10504237189888956 0.15153882652521136 0.13969421386718753 0.13195744901895526 0.19291979819536212 0.16928205639123919 0.17280431091785434 0.25000000745058065 0.14295635372400287 0.14351332187652591 0.15678746998310092 0.15629401057958606
decision_type=2 2 2 2 2 2 2 2 2 2 2 2 2 2 2 2 2 2 2 2 2 2 2 2 2 2 2 2 2 2 2 2 2 2 2 2 2 2 2 2 2 2 2 2 2 2 2 2 2 2 2 2 2 2 2 2 2 2 2 2 2 2 2 2 2 2 2 2 2 2 2 2 2 2 2 2 2 2 2 2 2 2 2 2 2 2 2 2 2 2 2 2 2 2
left_child=-1 2 5 7 9 77 34 15 19 10 14 16 76 39 -5 18 17 -11 31 26 23 24 29 25 49 -21 -8 28 90 30 -23 52 43 47 44 83 -37 -4 86 -14 50 42 -25 62 -7 -28 -47 -34 87 -22 -24 61 54 -54 55 56 58 -58 -3 -56 -59 -52 -10 -64 65 69 -6 68 -68 72 -53 74 -39 -65 92 -69 -13 78 81 -79 -81 -2 -83 -31 85 -57 -9 -33 -89 -90 -27 -92 93 -72
right_child=1 3 37 4 66 6 8 38 32 11 -12 12 13 -15 -16 -17 -18 -19 -20 20 21 22 40 41 -26 27 45 -29 -30 35 -32 48 33 -35 -36 36 -38 64 -40 -41 -42 -43 -44 -45 -46 46 -48 -49 -50 -51 51 70 53 -55 59 84 57 60 -60 -61 -62 -63 63 73 -66 -67 67 75 -70 -71 71 -73 -74 -75 -76 -77 -78 79 -80 80 -82 82 -84 -85 -86 -87 -88 88 89 -91 91 -93 -94 -95
leaf_value=0 0 0.0002115809952786758 -1.3894318415916462e-07 -0.00012041814913932055 5.8992570630230676e-05 0 0 -4.3719111528969341e-05 0 1.4311058636554334e-05 -4.3719111528969341e-05 0.00037515330325063378 1.4311058636554334e-05 -2.80749124735876e-05 1.4311058636554334e-05 1.4623629715432251e-05 1.4311058636554334e-05 1.4311058636554334e-05 -4.3719111528969341e-05 0 0 0 0 0 0 0 0 0 0 0 0 -4.3403662104233666e-06 0 0 0 0 0 -5.9531172136063314e-05 -4.3719111528969341e-05 1.4311058636554334e-05 0 0.00022782504653339928 0 0 0 0 0 0 0.0002228691307859472 0 0 0 5.5900626506835428e-05 1.3857542649224488e-05 -0.00036313800902510769 -0.00020868003972625667 -0.0009645092269643308 0.000200884277641761 0.00021644443914755167 0.0016667335793441557 0.000200884277641761 -0.00050856227624248706 0 0 7.237311863209115e-05 -0.00043955836909758235 -3.3965922985663827e-07 0.0023017919782338326 -0.00018927164590160919 3.6197941710327257e-05 0 0 -2.6270129078064981e-06 0 0 -0.0002006941609893853 -0.0036149183190289061 0 0 0 0 0 0 0.0010544968859498855 -0.0020641007992702443 0.001015904852880174 -4.3719111528969341e-05 0.00033219449621292487 -0.00073213791776120297 -8.8691335936853857e-06 0 0 0 0
leaf_weight=315397 33931 131 3246 194 263 37153 398 350 950 198 363 775 133 135 773 291 1663 441 151 336 470 248 608 423 4277 1261 504 960 269 370 276 516 832 3210 399 319 493 515 416 580 170 261 960 680 22330 12546 486 1538 113 2686 966 543 134 3784 529 490 165 113 144 353 171 202 425 2545 298 283 383 324 278 120 310 233 281 279 430 788 108 2616 1098 1092 6965 425 249 225 136 126 119 442 356 1153 498 386 707 207
leaf_count=315397 33931 131 3246 194 263 37153 398 350 950 198 363 775 133 135 773 291 1663 441 151 336 470 248 608 423 4277 1261 504 960 269 370 276 516 832 3210 399 319 493 515 416 580 170 261 960 680 22330 12546 486 1538 113 2686 966 543 134 3784 529 490 165 113 144 353 171 202 425 2545 298 283 383 324 278 120 310 233 281 279 430 788 108 2616 1098 1092 6965 425 249 225 136 126 119 442 356 1153 498 386 707 207
internal_value=0 -0.0226699 -0.0258542 0.00530941 0.013459 -0.0265648 -0.0277408 -0.000612084 -0.0250319 0.0184266 0.0069401 0.0222146 0.0124514 0.0262582 0.0204191 0.00130998 0.0295561 0.0171999 0.000586352 -0.0235677 -0.0221723 -0.0242882 -0.0205117 -0.0167424 -0.0274925 -0.0202115 -0.0254797 -0.0219422 -0.0190395 -0.0129851 -0.0226999 0.00103152 -0.0296556 -0.0273537 -0.0297081 -0.00936702 -0.0150003 -0.00342072 -0.0208058 0.0340994 -0.023833 -0.00891384 -0.0111809 -0.0322882 -0.029625 -0.0259126 -0.0255712 -0.0203968 -0.00317194 -0.0224629 -0.0244796 -0.0233002 0.00275952 0.00456603 -0.000242133 0.00406163 0.00959467 0.00243723 0.0212808 -0.00744434 0.0164181 -0.0172718 -0.031081 -0.0295667 -0.00867674 -0.010992 0.000373902 -0.00115392 -0.00798982 -0.00789521 -0.0261978 -0.0242812 -0.0101614 -0.0311016 -0.0226101 0.00290951 -0.000808251 -0.0239434 -0.023525 -0.0253431 -0.0235681 -0.0240982 -0.0310605 -0.00167926 -0.0012654 0.00154477 -0.028304 -0.00399224 -0.00231677 -0.00589614 -0.0213607 -0.0172232 -0.0251112 -0.0197863
internal_weight=0 172070 154488 17582 7399 149745 103369 10183 43487 5363 1330 4033 1731 848 967 9298 2302 639 9007 33028 19094 13740 6307 5354 7433 3710 13934 3374 2414 1931 524 8856 10459 5580 59882 1407 812 4743 885 713 4376 1644 1383 4879 59483 13536 13032 2370 2580 3156 4206 3598 6276 3918 2358 1476 724 449 275 882 284 1168 4199 3249 1497 1199 2036 1773 661 916 2430 1887 796 2824 1654 1112 883 46376 35703 10673 8057 34605 674 595 752 616 469 2467 1951 1509 2145 884 1224 517
internal_count=487467 172070 154488 17582 7399 149745 103369 10183 43487 5363 1330 4033 1731 848 967 9298 2302 639 9007 33028 19094 13740 6307 5354 7433 3710 13934 3374 2414 1931 524 8856 10459 5580 59882 1407 812 4743 885 713 4376 1644 1383 4879 59483 13536 13032 2370 2580 3156 4206 3598 6276 3918 2358 1476 724 449 275 882 284 1168 4199 3249 1497 1199 2036 1773 661 916 2430 1887 796 2824 1654 1112 883 46376 35703 10673 8057 34605 674 595 752 616 469 2467 1951 1509 2145 884 1224 517
is_linear=0
shrinkage=0.0951581


end of trees

feature_importances:
Column_2=4030
Column_0=720
Column_4=347
Column_3=126

parameters:
[boosting: gbdt]
[objective: quantile]
[metric: quantile]
[tree_learner: serial]
[device_type: cpu]
[data_sample_strategy: bagging]
[data: ]
[valid: ]
[num_iterations: 150]
[learning_rate: 0.0951581]
[num_leaves: 95]
[num_threads: 0]
[seed: 0]
[deterministic: 0]
[force_col_wise: 0]
[force_row_wise: 0]
[histogram_pool_size: -1]
[max_depth: -1]
[min_data_in_leaf: 106]
[min_sum_hessian_in_leaf: 0.001]
[bagging_fraction: 0.750553]
[pos_bagging_fraction: 1]
[neg_bagging_fraction: 1]
[bagging_freq: 0]
[bagging_seed: 3]
[feature_fraction: 0.649836]
[feature_fraction_bynode: 1]
[feature_fraction_seed: 2]
[extra_trees: 0]
[extra_seed: 6]
[early_stopping_round: 0]
[early_stopping_min_delta: 0]
[first_metric_only: 0]
[max_delta_step: 0]
[lambda_l1: 0]
[lambda_l2: 0]
[linear_lambda: 0]
[min_gain_to_split: 0]
[drop_rate: 0.1]
[max_drop: 50]
[skip_drop: 0.5]
[xgboost_dart_mode: 0]
[uniform_drop: 0]
[drop_seed: 4]
[top_rate: 0.2]
[other_rate: 0.1]
[min_data_per_group: 100]
[max_cat_threshold: 32]
[cat_l2: 10]
[cat_smooth: 10]
[max_cat_to_onehot: 4]
[top_k: 20]
[monotone_constraints: ]
[monotone_constraints_method: basic]
[monotone_penalty: 0]
[feature_contri: ]
[forcedsplits_filename: ]
[refit_decay_rate: 0.9]
[cegb_tradeoff: 1]
[cegb_penalty_split: 0]
[cegb_penalty_feature_lazy: ]
[cegb_penalty_feature_coupled: ]
[path_smooth: 0]
[interaction_constraints: ]
[verbosity: -1]
[saved_feature_importance_type: 0]
[use_quantized_grad: 0]
[num_grad_quant_bins: 4]
[quant_train_renew_leaf: 0]
[stochastic_rounding: 1]
[linear_tree: 0]
[max_bin: 255]
[max_bin_by_feature: ]
[min_data_in_bin: 3]
[bin_construct_sample_cnt: 200000]
[data_random_seed: 1]
[is_enable_sparse: 1]
[enable_bundle: 1]
[use_missing: 1]
[zero_as_missing: 0]
[feature_pre_filter: 1]
[pre_partition: 0]
[two_round: 0]
[header: 0]
[label_column: ]
[weight_column: ]
[group_column: ]
[ignore_column: ]
[categorical_feature: ]
[forcedbins_filename: ]
[precise_float_parser: 0]
[parser_config_file: ]
[objective_seed: 5]
[num_class: 1]
[is_unbalance: 0]
[scale_pos_weight: 1]
[sigmoid: 1]
[boost_from_average: 1]
[reg_sqrt: 0]
[alpha: 0.5]
[fair_c: 1]
[poisson_max_delta_step: 0.7]
[tweedie_variance_power: 1.5]
[lambdarank_truncation_level: 30]
[lambdarank_norm: 1]
[label_gain: ]
[lambdarank_position_bias_regularization: 0]
[eval_at: ]
[multi_error_top_k: 1]
[auc_mu_weights: ]
[num_machines: 1]
[local_listen_port: 12400]
[time_out: 120]
[machine_list_filename: ]
[machines: ]
[gpu_platform_id: -1]
[gpu_device_id: -1]
[gpu_use_dp: 0]
[num_gpu: 1]

end of parameters

pandas_categorical:null
