tree
version=v4
num_class=1
num_tree_per_iteration=1
label_index=0
max_feature_idx=4
objective=quantile
feature_names=Column_0 Column_1 Column_2 Column_3 Column_4
feature_infos=[1:8] none [0.10000000149011612:0.5318182110786438] [0.10000000149011612:0.5] [0.10000000149011612:0.69999998807907104]
tree_sizes=8287 7865 8130 8213 2287 2283 8371 8371 8385 8398 8395 2239 8091 8463 2246 8412 8186 8455 8460 2245 8193 8496 8448 8496 8234 8516 2263 8190 8529 8513 8541 2168 8474 8543 8578 8174 2353 2276 8542 8546 8242 8558 8569 2185 2273 8554 2276 2277 8535 8539 8220 8528 8412 2450 8190 8422 8529 8149 8405 8403 8138 8540 8539 8405 8169 8537 8409 8538 8410 8559 8444 8131 8408 8453 8385 8411 8562 8520 2360 8526 8502 8541 8140 8142 8552 8552 2279 8202 8206 8496 2276 8265 8545 8264 8450 2278 8236 8516 8562 8568 2278 8567 2283 8579 2277 8303 2288 8517 2287 8117 8486 2289 2288 8121 8120 8534 8206 8524 8533 8205 8577 2281 8521 8503 2285 2288 2288 8274 8245 8567 2283 8516 8497 2292 2291 8568 2287 8522

Tree=0
num_leaves=95
num_cat=0
split_feature=4 3 3 3 2 2 2 2 4 2 4 2 2 2 2 2 2 2 4 2 2 3 2 2 2 2 2 2 2 2 2 2 2 2 2 2 2 2 2 2 2 2 2 2 2 2 2 4 2 2 2 2 2 2 2 2 2 2 2 2 2 2 2 2 2 2 2 2 2 2 2 2 2 2 2 2 2 2 2 2 2 2 2 2 2 2 2 2 2 2 2 2 2 2
split_gain=855.905 263.455 26.4227 16.9514 13.7104 31.0196 26.353 24.8803 21.2053 12.7124 12.1652 7.60706 7.44529 5.69324 4.91895 3.85716 6.6802 5.89427 3.43533 3.32707 3.46263 3.30072 3.82821 13.8789 3.2796 3.24833 5.28288 4.78879 4.27272 3.00323 2.79265 6.56309 2.68433 2.95584 2.00683 1.79671 4.84533 1.7735 5.97238 1.70644 1.63514 1.49896 3.52355 1.46695 1.35702 1.64106 1.33206 1.96433 1.02679 0.929 0.892111 1.67529 1.52007 0.861991 0.860938 0.840605 0.829504 0.77471 0.75779 4.78047 0.743988 0.731096 0.649839 0.536382 0.513027 0.501049 1.51422 1.17435 1.08079 0.537013 0.576333 0.445939 1.77392 0.334165 0.459798 0.330174 0.326229 0.314468 0.313737 0.287308 0.285443 0.273913 0.265209 0.706937 0.258036 0.23329 1.56601 0.37598 1.00025 0.209569 0.191138 0.253012 0.862598 0.18884
threshold=0.25000000745058065 0.25000000745058065 0.15000000223517421 0.35000000894069677 0.17089758068323138 0.20240999013185504 0.15339080244302752 0.23357842862606051 0.35000000894069677 0.19101010262966159 0.15000000223517421 0.31587702035903936 0.16013698279857638 0.16259328275918963 0.18897569924592975 0.20071429014205935 0.19548846781253817 0.1981649845838547 0.35000000894069677 0.24515175819396975 0.26417112350463873 0.15000000223517421 0.1583974361419678 0.16013698279857638 0.1104714907705784 0.20745369791984561 0.22039676457643512 0.23021738976240161 0.21946247667074206 0.22547236829996112 0.15803226083517077 0.15629401057958606 0.1633739769458771 0.16587346047163012 0.18843366950750354 0.17394282668828967 0.17517123371362689 0.168457105755806 0.1643650829792023 0.38397435843944555 0.16928205639123919 0.12516666948795321 0.11630280315876008 0.32517604529857641 0.18758561462163928 0.18346994370222094 0.30072464048862463 0.45000000298023229 0.19510195404291156 0.15886382013559344 0.21493243426084521 0.21680790930986407 0.21392118930816653 0.19699231535196307 0.12782331556081775 0.10317540168762208 0.1613835692405701 0.25646600127220159 0.14379280805587771 0.1483045965433121 0.2123106122016907 0.19012194871902469 0.14586748182773593 0.1643650829792023 0.14620192348957065 0.15298574417829516 0.14551208168268207 0.15529115498065951 0.14122316241264346 0.13481555134058001 0.13893597573041919 0.10074627026915552 0.10317540168762208 0.14790198951959613 0.14670995622873309 0.11984848231077196 0.14859127253293994 0.11947831884026529 0.22410600632429126 0.19344085454940799 0.14451952278614047 0.20969981700181964 0.2385164871811867 0.23642505705356601 0.25646600127220159 0.15339080244302752 0.15392307937145236 0.15629401057958606 0.15563492476940158 0.1779797971248627 0.16587346047163012 0.19425824284553531 0.18724054098129275 0.1483045965433121
decision_type=2 2 2 2 2 2 2 2 2 2 2 2 2 2 2 2 2 2 2 2 2 2 2 2 2 2 2 2 2 2 2 2 2 2 2 2 2 2 2 2 2 2 2 2 2 2 2 2 2 2 2 2 2 2 2 2 2 2 2 2 2 2 2 2 2 2 2 2 2 2 2 2 2 2 2 2 2 2 2 2 2 2 2 2 2 2 2 2 2 2 2 2 2 2
left_child=10 2 13 43 6 8 24 25 9 14 -1 18 30 41 34 16 79 53 19 82 84 58 -23 -24 -4 -7 28 29 50 78 31 -8 56 63 35 -6 -37 38 -25 -5 -35 42 55 46 45 89 47 -3 -10 -32 52 -52 60 -18 -43 -2 -14 -20 71 62 81 -16 -60 -34 -64 66 68 -67 69 -56 -71 -12 -73 74 -66 77 80 -74 -28 -11 -26 -27 83 -9 -21 -61 -87 88 -88 -38 -15 92 -92 -68
right_child=1 3 4 39 5 7 12 11 48 15 21 -13 32 90 61 -17 17 -19 57 20 -22 22 23 37 76 26 27 -29 -30 -31 49 -33 33 40 -36 36 44 -39 -40 -41 -42 54 -44 -45 -46 -47 -48 -49 -50 -51 51 -53 -54 -55 65 -57 -58 -59 59 85 -62 -63 64 -65 73 67 93 -69 -70 70 -72 72 75 -75 -76 -77 -78 -79 -80 -81 -82 -83 -84 -85 -86 86 87 -89 -90 -91 91 -93 -94 -95
leaf_value=0.19048419395346253 0.20951581271598496 0.21903162103377169 0.20951581271598496 0.24757904598713182 0.20000000298023224 0.20951581271598496 0.20951581271598496 0.20951581271598496 0.21903162103377169 0.20000000298023224 0.20000000298023224 0.20951581271598496 0.20951581271598496 0.20000000298023224 0.20951581271598496 0.20000000298023224 0.20951581271598496 0.20000000298023224 0.20951581271598496 0.20000000298023224 0.20951581271598496 0.20000000298023224 0.20951581271598496 0.20000000298023224 0.20951581271598496 0.21903162103377169 0.21141890677092648 0.20951581271598496 0.20951581271598496 0.20951581271598496 0.20951581271598496 0.20951581271598496 0.20951581271598496 0.20951581271598496 0.19048419395346253 0.20951581271598496 0.20951581271598496 0.20000000298023224 0.20951581271598496 0.23806324050527713 0.20951581271598496 0.20951581271598496 0.20000000298023224 0.22854742935155839 0.20951581271598496 0.20000000298023224 0.22854742935155839 0.22854742935155839 0.21903162103377169 0.21903162103377169 0.21903162103377169 0.20951581271598496 0.20951581271598496 0.20951581271598496 0.20951581271598496 0.20951581271598496 0.20951581271598496 0.20951581271598496 0.20000000298023224 0.20000000298023224 0.20951581271598496 0.20951581271598496 0.20000000298023224 0.20951581271598496 0.20000000298023224 0.20000000298023224 0.20951581271598496 0.20951581271598496 0.20000000298023224 0.20951581271598496 0.20951581271598496 0.20000000298023224 0.20000000298023224 0.20000000298023224 0.20000000298023224 0.20000000298023224 0.20951581271598496 0.20000000298023224 0.20951581271598496 0.20000000298023224 0.20000000298023224 0.21903162103377169 0.20951581271598496 0.20951581271598496 0.20000000298023224 0.20000000298023224 0.20000000298023224 0.20000000298023224 0.20000000298023224 0.20951581271598496 0.20000000298023224 0.20000000298023224 0.20951581271598496 0.20951581271598496
leaf_weight=315397 582 210 341 112 198 315 296 153 203 409 32976 153 161 243 142 731 126 504 156 481 250 3195 135 236 424 140 299 156 127 292 147 218 106 362 124 156 189 911 156 218 122 152 400 240 153 328 240 130 134 146 197 360 164 143 302 232 197 154 2873 7515 166 106 470 158 415 125 182 577 235 154 106 341 30256 295 1277 58743 349 357 134 327 113 184 230 131 177 427 1284 12206 310 267 887 166 109 291
leaf_count=315397 582 210 341 112 198 315 296 153 203 409 32976 153 161 243 142 731 126 504 156 481 250 3195 135 236 424 140 299 156 127 292 147 218 106 362 124 156 189 911 156 218 122 152 400 240 153 328 240 130 134 146 197 360 164 143 302 232 197 154 2873 7515 166 106 470 158 415 125 182 577 235 154 106 341 30256 295 1277 58743 349 357 134 327 113 184 230 131 177 427 1284 12206 310 267 887 166 109 291
internal_value=0.2 0.212144 0.209082 0.256185 0.211493 0.20954 0.21688 0.215119 0.203726 0.201748 0.190823 0.20684 0.223862 0.203084 0.208051 0.197069 0.199817 0.205995 0.205044 0.203065 0.199602 0.191515 0.194017 0.198094 0.205995 0.221277 0.222561 0.216839 0.226328 0.213585 0.230811 0.226585 0.218791 0.222034 0.205884 0.206995 0.208506 0.195085 0.200437 0.274396 0.217616 0.205223 0.202555 0.248856 0.205921 0.204321 0.246267 0.250098 0.226627 0.238226 0.224587 0.227386 0.222204 0.217369 0.206747 0.206149 0.212014 0.21412 0.191438 0.191894 0.224858 0.220413 0.194448 0.230133 0.193311 0.206215 0.207343 0.204175 0.204812 0.207078 0.210248 0.191337 0.191447 0.19398 0.193465 0.191421 0.202943 0.191675 0.218614 0.193329 0.201471 0.222204 0.209183 0.207237 0.19598 0.191268 0.191494 0.191319 0.192693 0.208013 0.198002 0.19851 0.199083 0.211608
internal_weight=0 17692 16542 1150 11799 8659 3140 4419 4240 3903 469775 1885 1913 4743 1663 2240 1509 773 1732 1422 908 154378 4633 1438 1227 2534 2219 881 1338 725 807 514 1106 748 1415 1291 1093 1303 392 330 484 3338 1214 820 937 784 580 340 337 293 1211 557 654 269 2124 814 358 310 149745 27072 490 248 5330 264 2457 1972 1270 702 797 562 260 122673 89697 1987 1692 89356 886 30613 433 736 537 324 514 284 658 21742 14227 13800 1594 456 1405 1162 996 473
internal_count=487467 17692 16542 1150 11799 8659 3140 4419 4240 3903 469775 1885 1913 4743 1663 2240 1509 773 1732 1422 908 154378 4633 1438 1227 2534 2219 881 1338 725 807 514 1106 748 1415 1291 1093 1303 392 330 484 3338 1214 820 937 784 580 340 337 293 1211 557 654 269 2124 814 358 310 149745 27072 490 248 5330 264 2457 1972 1270 702 797 562 260 122673 89697 1987 1692 89356 886 30613 433 736 537 324 514 284 658 21742 14227 13800 1594 456 1405 1162 996 473
is_linear=0
shrinkage=1


Tree=1
num_leaves=95
num_cat=0
split_feature=3 3 2 2 2 2 3 0 2 0 2 0 2 2 0 2 2 0 2 2 2 2 2 0 0 2 2 2 2 2 2 2 2 2 2 0 2 2 2 2 2 2 2 0 2 2 2 2 2 2 2 2 0 2 2 2 0 2 2 2 2 2 2 0 2 2 2 0 2 2 0 2 2 2 2 2 2 2 0 2 2 2 2 2 2 2 2 2 2 2 2 0 2 2
split_gain=612.718 291.886 58.2177 21.477 32.4644 25.5437 16.9514 17.748 10.9385 10.0891 8.63814 8.26457 7.01591 8.67037 4.76954 3.99956 4.35093 3.99754 16.8141 3.71336 4.37908 3.54836 14.0421 18.6845 3.93706 6.39864 3.48334 3.13449 3.01594 2.99054 10.0605 5.63457 6.67114 3.88953 2.86449 2.14461 1.97822 4.0065 1.96448 1.84041 1.77991 1.70644 1.67094 1.38748 1.25368 1.49086 1.03688 3.09904 0.956355 1.56378 1.22213 0.753299 0.634315 0.629675 1.15489 0.824335 0.683951 0.621271 0.584336 16.9043 4.89039 0.540523 0.980615 1.32345 0.537947 0.457086 0.451807 0.714634 0.430744 0.411388 0.432706 0.529455 0.425082 0.38541 0.368328 0.366431 0.332208 0.47118 1.6695 0.734885 0.792799 0.545441 0.380389 0.39297 0.386151 0.514179 0.339486 0.309468 0.690512 0.310523 0.881296 2.17344 0.311792 0.604149
threshold=0.15000000223517421 0.25000000745058065 0.15339080244302752 0.20240999013185504 0.168457105755806 0.23357842862606051 0.35000000894069677 4.5000000000000009 0.20071429014205935 1.5000000000000002 0.11630280315876008 2.5000000000000004 0.24515175819396975 0.31587702035903936 1.5000000000000002 0.22039676457643512 0.21946247667074206 2.5000000000000004 0.17660956084728244 0.14379280805587771 0.1483045965433121 0.15803226083517077 0.16013698279857638 2.5000000000000004 1.5000000000000002 0.15629401057958606 0.26417112350463873 0.15460605919361117 0.17394282668828967 0.19101010262966159 0.18897569924592975 0.19510195404291156 0.1981649845838547 0.19699231535196307 0.23021738976240161 1.5000000000000002 0.1633739769458771 0.16370223462581637 0.20745369791984561 0.15563492476940158 0.32517604529857641 0.38397435843944555 0.25646600127220159 2.5000000000000004 0.20745369791984561 0.22214052081108096 0.1613835692405701 0.16090353578329089 0.18843366950750354 0.18758561462163928 0.18346994370222094 0.21493243426084521 2.5000000000000004 0.15339080244302752 0.15392307937145236 0.19238026440143588 1.5000000000000002 0.2385164871811867 0.10074627026915552 0.10259784013032915 0.1067231632769108 0.14013888686895373 0.14859127253293994 1.5000000000000002 0.15032467991113665 0.26417112350463873 0.17660956084728244 1.5000000000000002 0.15220635384321216 0.10458041727542879 1.5000000000000002 0.10559467971324922 0.10388386249542238 0.10347852483391763 0.1981649845838547 0.15886382013559344 0.14790198951959613 0.14586748182773593 1.5000000000000002 0.14415185153484347 0.14451952278614047 0.14415185153484347 0.14620192348957065 0.14670995622873309 0.1471008434891701 0.14741302281618121 0.14503520727157596 0.15954913944005969 0.15886382013559344 0.15563492476940158 0.15629401057958606 1.5000000000000002 0.15724790096282962 0.15803226083517077
decision_type=2 2 2 2 2 2 2 2 2 2 2 2 2 2 2 2 2 2 2 2 2 2 2 2 2 2 2 2 2 2 2 2 2 2 2 2 2 2 2 2 2 2 2 2 2 2 2 2 2 2 2 2 2 2 2 2 2 2 2 2 2 2 2 2 2 2 2 2 2 2 2 2 2 2 2 2 2 2 2 2 2 2 2 2 2 2 2 2 2 2 2 2 2 2
left_child=19 2 10 4 21 9 7 40 17 44 -2 14 -13 42 -7 16 38 28 -19 58 76 24 75 36 25 -4 57 -26 -6 30 48 -31 33 35 43 -33 46 -38 -11 -29 52 -8 -14 -17 -5 51 47 -24 49 50 66 -46 -3 -22 56 87 -55 -16 -1 -60 69 -12 -63 64 -64 -44 -30 -68 -66 72 71 -71 73 -61 -20 -23 77 78 79 -21 -81 -80 -79 -84 -85 -86 -82 88 89 -56 91 -91 -92 -94
right_child=1 6 3 5 8 11 41 -9 -10 15 61 12 13 -15 26 34 -18 18 74 20 53 22 23 -25 27 -27 -28 39 29 31 -32 32 -34 -35 -36 -37 37 -39 -40 -41 -42 -43 65 -45 45 -47 -48 -49 -50 -51 -52 -53 -54 54 55 -57 -58 -59 59 60 -62 62 63 -65 68 -67 67 -69 -70 70 -72 -73 -74 -75 -76 -77 -78 82 81 80 86 -83 83 84 85 -87 -88 -89 -90 90 92 -93 93 -95
leaf_value=-0.0086103028259232935 0.0086103034674408357 0.016496196038751031 0.0086103034674408357 0.0086103034674408357 0 0.0086103034674408357 0.043051512205063834 0.0067992912006789178 0 0.0086103034674408357 0 0.0086103034674408357 0 0.0086103034674408357 0.0086103034674408357 0.0086103034674408357 0.0086103034674408357 0.0086103034674408357 0.0077047973340598755 0 0 0.0086103034674408357 0 0.0086103034674408357 0 0.0086103034674408357 0.0086103034674408357 0.0086103034674408357 0.0086103034674408357 0 0.0086103034674408357 0.0081575474862422993 0 0.0086103034674408357 0.0086103034674408357 0.017220605651846584 0.0086103034674408357 0.0086103034674408357 0.017220605651846584 0.0086103034674408357 0.025830907836252338 0.034441212586728255 0.0095158097357527296 0.017945016992058024 0.0086103034674408357 0.0086103034674408357 0.0051661258322013796 0.0086103034674408357 0 0.0086103034674408357 0 0.0086103034674408357 0.025830907836252338 0.0095158097357527296 0 0 0 0 0.00090550620084642612 0 0 0 0.0086103034674408357 0 0 0.0086103034674408357 0.0086103034674408357 0.0086103034674408357 0.0025830608632443708 0 -0.0086103028259232935 0 0 -0.0086103028259232935 0.0095158097357527296 0.0086103034674408357 0 0 0 0 0 0 0 0 0 0 0 0 0 0 0 0.0095158097357527296 0 0
leaf_weight=313058 488 219 235 127 514 170 112 107 738 192 648 154 186 119 218 270 117 231 589 184 8360 240 109 163 131 140 176 135 194 614 218 136 577 112 135 119 120 538 874 296 197 218 142 238 221 175 275 113 144 168 332 200 297 226 1395 3053 218 563 559 1273 115033 1264 347 902 177 169 188 266 148 2806 1067 3111 1507 727 164 213 309 500 107 673 335 991 451 384 339 633 744 9490 222 228 997 112 203 590
leaf_count=313058 488 219 235 127 514 170 112 107 738 192 648 154 186 119 218 270 117 231 589 184 8360 240 109 163 131 140 176 135 194 614 218 136 577 112 135 119 120 538 874 296 197 218 142 238 221 175 275 113 144 168 332 200 297 226 1395 3053 218 563 559 1273 115033 1264 347 902 177 169 188 266 148 2806 1067 3111 1507 727 164 213 309 500 107 673 335 991 451 384 339 633 744 9490 222 228 997 112 203 590
internal_value=0 0.00983838 0.00659481 0.00979384 0.00685062 0.0150977 0.0561846 0.0488556 0.00252248 0.02132 -0.00343374 0.00673681 0.0143355 0.00979387 0.00154516 0.0250871 0.0283705 0.00425981 0.00963185 -0.00825496 -0.00724395 0.0153279 0.0178334 0.0128658 0.0105923 0.0181435 -0.00106394 0.00555371 0.00278408 0.00391426 0.00693204 0.000989446 0.00560465 0.015635 0.0190464 0.00914264 0.00860954 0.0120321 0.0264586 0.00947165 0.0542788 0.0743963 0.00426967 0.0157723 0.0118059 0.0136351 0.0040782 0.00891571 0.00374151 0.00465843 0.0032043 0.0167035 0.0513411 -0.00778284 -0.00744592 -0.00757643 -0.00265757 -0.00378927 -0.00832574 -0.00815278 -0.00822631 -0.00509366 -0.00565986 -0.00407475 -0.000877949 0.00853669 0.00560963 0.00725213 -0.00365993 -0.00625952 -0.00668178 -0.00636371 -0.00541861 -0.00632802 0.00274227 0.0322865 -0.00485054 -0.00502605 -0.00424668 -0.00592772 -0.00652854 -0.00128264 -0.00605102 -0.00540827 -0.00621756 -0.00520824 -0.00492988 -0.00725134 -0.00651911 -0.00684329 -0.0061205 -0.00167926 -0.00696409 -0.00555589
internal_weight=0 17582 16432 12458 8012 4446 1150 820 5304 2549 3974 1897 770 616 1127 1826 1183 4566 984 469885 30744 2708 1771 1318 937 375 957 562 3582 3068 1510 1558 944 367 643 255 1155 658 1066 431 713 330 497 508 723 596 497 222 1292 1148 980 421 516 25094 16734 16290 444 781 439141 126083 125524 3486 2838 1574 672 311 648 454 325 10491 6984 5917 3507 2000 753 453 5650 5341 3034 1936 1752 1098 2307 1807 1356 972 1079 13237 3747 3525 2130 340 1790 793
internal_count=487467 17582 16432 12458 8012 4446 1150 820 5304 2549 3974 1897 770 616 1127 1826 1183 4566 984 469885 30744 2708 1771 1318 937 375 957 562 3582 3068 1510 1558 944 367 643 255 1155 658 1066 431 713 330 497 508 723 596 497 222 1292 1148 980 421 516 25094 16734 16290 444 781 439141 126083 125524 3486 2838 1574 672 311 648 454 325 10491 6984 5917 3507 2000 753 453 5650 5341 3034 1936 1752 1098 2307 1807 1356 972 1079 13237 3747 3525 2130 340 1790 793
is_linear=0
shrinkage=0.0951581


Tree=2
num_leaves=95
num_cat=0
split_feature=4 4 2 4 4 2 2 2 0 2 2 0 2 0 0 2 2 2 0 2 2 0 2 2 2 2 2 2 2 2 2 2 0 2 2 0 2 2 2 0 2 2 2 2 2 2 0 2 2 2 2 2 2 2 2 2 2 2 2 2 2 2 2 2 0 2 2 2 2 2 2 0 2 0 0 2 2 2 2 0 2 2 2 0 2 2 0 2 2 2 2 2 2 2
split_gain=671.447 260.105 1420.85 230.909 37.3161 19.2157 27.8539 27.8042 9.58871 8.83232 17.9181 8.81514 8.77472 13.8067 8.3926 14.0755 5.85167 5.14583 5.14173 4.56825 4.12477 4.10607 11.351 4.10251 4.01066 4.05414 3.85119 5.767 6.09333 3.77824 2.69153 2.62976 2.24662 2.21526 4.77178 3.78827 2.41071 1.8723 1.85798 1.76366 1.70094 2.57924 1.6582 4.33668 1.59224 3.02717 1.55914 1.53289 17.1547 3.57031 1.49282 5.97972 1.41675 1.38933 1.3356 1.24659 1.83145 1.24192 1.23019 1.75522 5.26768 1.7738 1.20746 1.07799 1.02774 1.07413 1.16545 1.29841 1.02671 1.01076 2.35144 2.77012 1.08077 1.01328 1.00692 0.985605 2.04181 0.964258 0.836931 1.83653 0.820494 0.770499 0.768109 0.746309 0.679448 0.845134 0.658188 0.682331 0.639601 0.62998 0.618241 0.574997 1.75354 0.663444
threshold=0.25000000745058065 0.15000000223517421 0.10074627026915552 0.45000000298023229 0.35000000894069677 0.20240999013185504 0.19101010262966159 0.23357842862606051 1.5000000000000002 0.15339080244302752 0.1613835692405701 2.5000000000000004 0.35424640774726873 3.5000000000000004 2.5000000000000004 0.24515175819396975 0.1067231632769108 0.19012194871902469 1.5000000000000002 0.26417112350463873 0.22039676457643512 2.5000000000000004 0.17660956084728244 0.21946247667074206 0.18897569924592975 0.168457105755806 0.20071429014205935 0.19548846781253817 0.1981649845838547 0.17006493359804156 0.16587346047163012 0.23021738976240161 1.5000000000000002 0.10388386249542238 0.10347852483391763 1.5000000000000002 0.10594117641448976 0.20745369791984561 0.26417112350463873 2.5000000000000004 0.25646600127220159 0.31587702035903936 0.1633739769458771 0.1643650829792023 0.14379280805587771 0.14586748182773593 2.5000000000000004 0.10074627026915552 0.10259784013032915 0.1067231632769108 0.16505814343690875 0.17660956084728244 0.16013698279857638 0.1471008434891701 0.30072464048862463 0.20745369791984561 0.22214052081108096 0.13058389723300937 0.14172885566949847 0.12516666948795321 0.11824583634734155 0.12846482545137408 0.15119115263223651 0.32517604529857641 2.5000000000000004 0.13893597573041919 0.14379280805587771 0.14765568077564242 0.17394282668828967 0.15803226083517077 0.15629401057958606 1.5000000000000002 0.15886382013559344 1.5000000000000002 1.5000000000000002 0.2123106122016907 0.19510195404291156 0.2123106122016907 0.16587346047163012 1.5000000000000002 0.2385164871811867 0.10317540168762208 0.16259328275918963 2.5000000000000004 0.22736185789108279 0.24515175819396975 1.5000000000000002 0.14415185153484347 0.17660956084728244 0.14451952278614047 0.17089758068323138 0.18843366950750354 0.18758561462163928 0.18346994370222094
decision_type=2 2 2 2 2 2 2 2 2 2 2 2 2 2 2 2 2 2 2 2 2 2 2 2 2 2 2 2 2 2 2 2 2 2 2 2 2 2 2 2 2 2 2 2 2 2 2 2 2 2 2 2 2 2 2 2 2 2 2 2 2 2 2 2 2 2 2 2 2 2 2 2 2 2 2 2 2 2 2 2 2 2 2 2 2 2 2 2 2 2 2 2 2 2
left_child=1 47 -3 4 5 6 9 8 55 18 11 52 13 54 38 -16 33 21 53 -17 23 24 29 37 25 42 27 -8 32 30 -23 39 -29 34 -4 -35 -37 -10 80 -22 75 83 82 -44 -18 86 88 -1 -49 -50 -48 -52 69 58 -5 -7 77 -20 59 60 81 -61 -55 -56 65 -59 -67 -68 90 70 71 -11 -71 -72 -74 76 -6 -57 -45 -80 -9 -2 -12 -42 -77 -86 87 -46 -47 -89 -27 92 93 -70
right_child=3 2 16 12 40 7 26 14 20 10 17 -13 -14 -15 15 19 44 -19 57 -21 31 22 -24 -25 -26 68 -28 28 -30 -31 -32 -33 -34 35 -36 36 -38 -39 -40 -41 41 -43 43 78 45 46 50 48 49 -51 51 -53 -54 62 63 56 -58 64 -60 61 -62 -63 -64 -65 -66 66 67 -69 91 72 73 -73 74 -75 -76 84 -78 -79 79 -81 -82 -83 -84 -85 85 -87 -88 89 -90 -91 -92 -93 -94 -95
leaf_value=-0.0077909628645909937 0.0094296434287731348 0.00081933996133229966 0 0.032888699167019773 0.016401265629468701 0.0077909634450629506 0 0.0077909634450629506 0.0077909634450629506 0.0077909634450629506 0.0086103034674408357 -0.00090550626831189455 0.02943900709968442 0.023372888013301018 0.0077909634450629506 0 0 0.0077909634450629506 0 0.0077909634450629506 0.0077909634450629506 0.0077909634450629506 1.7231848298547595e-05 0.0077909634450629506 0.0077909634450629506 0.0086103034674408357 0 0.0077909634450629506 0 0.0077909634450629506 0.0077909634450629506 0.0077909634450629506 0.006971623544776236 0 0.00081933996133229966 0 0.00081933996133229966 0.015581925729181986 0.0077909634450629506 0.01623740347071783 0.014745353030127573 0.0077909634450629506 0.0077909634450629506 0.0077909634450629506 0 0 0 0.00081933996133229966 -0.0077909628645909937 -0.0086103028259232935 0.0077909634450629506 0 0.0077909634450629506 0.0086103034674408357 0.023372888013301018 0.016401265629468701 0.0077909634450629506 0.0086103034674408357 0.0086102541988891963 0.0086103034674408357 0 0.0086103034674408357 0.0083645043323119644 0.030033930184072376 0 0 0.0086103034674408357 0.0086103034674408357 0.0077909634450629506 0.0077909634450629506 0.0086103034674408357 0.0077909634450629506 0.0086103034674408357 0.0077909634450629506 0.0068854573116819929 0.0077909634450629506 0.01631509938353469 0.0077909634450629506 0.0077909634450629506 0.0077909634450629506 0 0.0086103034674408357 0 0.015305883161772962 0.014762585828895268 0.0086103034674408357 0 0 0 0 0 -0.0032169696672517266 0.0077909634450629506 0
leaf_weight=279508 894 33104 472 108 339 115 770 228 155 228 210 135 355 198 126 293 87108 119 347 182 232 131 340 112 118 219 731 140 596 209 124 120 136 1913 128 432 240 751 115 217 150 126 148 212 195 21942 466 442 7351 28096 117 345 212 213 131 119 152 130 241 115 273 394 153 114 233 150 123 299 679 205 158 178 108 141 133 212 259 244 179 217 541 240 119 148 150 113 1181 634 4967 1134 285 134 157 311
leaf_count=279508 894 33104 472 108 339 115 770 228 155 228 210 135 355 198 126 293 87108 119 347 182 232 131 340 112 118 219 731 140 596 209 124 120 136 1913 128 432 240 751 115 217 150 126 148 212 195 21942 466 442 7351 28096 117 345 212 213 131 119 152 130 241 115 273 394 153 114 233 150 123 299 679 205 158 178 108 141 133 212 259 244 179 217 541 240 119 148 150 113 1181 634 4967 1134 285 134 157 311
internal_value=0 -0.00671318 -0.00351272 0.0121707 0.00964506 0.00824114 0.00633429 0.0142094 0.0209588 0.008702 0.011173 0.0200226 0.0589644 0.0514475 0.00413313 0.0128091 -0.00828234 0.00778345 0.0051893 0.00530882 0.0249018 0.00717199 0.0132085 0.0285287 0.0055477 0.00484079 -0.00285916 -0.000301356 0.00499798 0.0228872 0.0151133 0.0184128 0.0166871 -0.00425747 0.000951579 -0.00546653 0.000679698 0.0264048 -0.00176538 0.0150685 0.0239834 0.0290861 0.0094281 0.0118822 -0.00839089 -0.00780499 -0.0081211 -0.00827971 -0.00769426 -0.00792658 -0.00428622 -0.000453136 0.0223199 0.0076828 0.0627289 0.0110263 0.0130265 0.000282058 0.00676297 0.00756894 0.00583663 0.0123575 0.0131037 0.0588427 0.00208635 0.00390392 0.00212941 0.00469025 0.00205243 0.0236366 0.0213937 0.0261099 0.0271819 0.0149898 0.0228616 0.0219671 0.0245374 0.0166985 0.00832633 0.0109095 -0.00345242 0.00869345 0.00378897 0.033912 0.0187311 0.0219623 -0.00500609 -0.00607403 -0.00825335 -0.00666322 -0.00158597 0.00348393 0.00417302 0.00269134
internal_weight=0 469775 154378 17692 16786 15289 11587 3702 2217 9214 5409 1498 906 551 1485 601 121274 3911 3805 475 1587 3792 804 1018 2988 2870 2373 1642 872 464 255 569 276 3185 600 2585 672 906 884 449 1497 424 1085 756 118089 30981 27837 315397 35889 35447 928 462 1363 2523 353 630 515 1282 2157 1916 1407 509 366 245 935 702 572 422 1785 1151 705 406 446 299 241 1073 598 363 608 396 769 1134 329 298 475 263 3144 1963 26909 1768 504 1281 1147 990
internal_count=487467 469775 154378 17692 16786 15289 11587 3702 2217 9214 5409 1498 906 551 1485 601 121274 3911 3805 475 1587 3792 804 1018 2988 2870 2373 1642 872 464 255 569 276 3185 600 2585 672 906 884 449 1497 424 1085 756 118089 30981 27837 315397 35889 35447 928 462 1363 2523 353 630 515 1282 2157 1916 1407 509 366 245 935 702 572 422 1785 1151 705 406 446 299 241 1073 598 363 608 396 769 1134 329 298 475 263 3144 1963 26909 1768 504 1281 1147 990
is_linear=0
shrinkage=0.0951581


Tree=3
num_leaves=95
num_cat=0
split_feature=4 4 2 3 3 2 2 2 2 4 2 2 2 2 2 3 2 2 2 2 4 2 2 2 2 2 2 2 2 3 2 2 2 2 2 2 2 2 2 2 2 4 3 2 2 2 2 2 2 2 2 2 2 4 2 2 2 2 2 2 2 2 2 2 2 2 2 2 2 2 2 2 2 2 2 2 2 2 2 2 2 2 2 2 2 2 2 2 2 2 2 2 2 2
split_gain=636.719 260.105 1420.85 184.909 26.6767 13.5059 30.4116 26.353 24.8803 20.998 13.3834 7.60706 7.44529 5.85167 5.69324 5.54032 4.6939 3.85716 6.6802 5.89427 3.43533 3.32707 3.46263 3.2796 3.24833 5.28288 4.78879 4.27272 3.00323 2.98574 3.88777 13.8789 2.79265 6.56309 2.68433 2.95584 2.21526 4.77178 1.95657 1.7735 5.97238 1.72827 1.75793 1.63514 1.53289 17.1547 3.57031 1.49896 3.52355 1.46695 1.45546 5.43349 1.33206 1.96433 1.02679 0.929 0.892111 1.67529 1.52007 0.861991 0.860938 0.840605 0.829504 0.794727 1.03743 1.59217 0.77471 0.743988 0.731096 0.566472 4.78047 0.649839 0.536382 0.513027 0.501049 1.51422 1.17435 1.08079 0.537013 0.576333 0.422875 0.383195 1.37551 0.358577 0.334165 0.459798 0.326229 0.313737 0.287308 0.285443 0.283297 0.273913 0.265209 0.706937
threshold=0.25000000745058065 0.15000000223517421 0.10074627026915552 0.25000000745058065 0.15000000223517421 0.17089758068323138 0.20240999013185504 0.15339080244302752 0.23357842862606051 0.35000000894069677 0.19101010262966159 0.31587702035903936 0.16013698279857638 0.1067231632769108 0.16259328275918963 0.15000000223517421 0.18897569924592975 0.20071429014205935 0.19548846781253817 0.1981649845838547 0.35000000894069677 0.24515175819396975 0.26417112350463873 0.1104714907705784 0.20745369791984561 0.22039676457643512 0.23021738976240161 0.21946247667074206 0.22547236829996112 0.15000000223517421 0.1583974361419678 0.16013698279857638 0.15803226083517077 0.15629401057958606 0.1633739769458771 0.16587346047163012 0.10388386249542238 0.10347852483391763 0.10594117641448976 0.168457105755806 0.1643650829792023 0.59999999403953563 0.35000000894069677 0.16928205639123919 0.10074627026915552 0.10259784013032915 0.1067231632769108 0.12516666948795321 0.11630280315876008 0.32517604529857641 0.17394282668828967 0.17517123371362689 0.30072464048862463 0.45000000298023229 0.19510195404291156 0.15886382013559344 0.21493243426084521 0.21680790930986407 0.21392118930816653 0.19699231535196307 0.12782331556081775 0.10317540168762208 0.1613835692405701 0.18346994370222094 0.18724054098129275 0.18843366950750354 0.25646600127220159 0.2123106122016907 0.19012194871902469 0.14379280805587771 0.1483045965433121 0.14586748182773593 0.1643650829792023 0.14620192348957065 0.15298574417829516 0.14551208168268207 0.15529115498065951 0.14122316241264346 0.13481555134058001 0.13893597573041919 0.10317540168762208 0.10388386249542238 0.10458041727542879 0.11441558599472047 0.14790198951959613 0.14670995622873309 0.14859127253293994 0.22410600632429126 0.19344085454940799 0.14451952278614047 0.10347852483391763 0.20969981700181964 0.2385164871811867 0.23642505705356601
decision_type=2 2 2 2 2 2 2 2 2 2 2 2 2 2 2 2 2 2 2 2 2 2 2 2 2 2 2 2 2 2 2 2 2 2 2 2 2 2 2 2 2 2 2 2 2 2 2 2 2 2 2 2 2 2 2 2 2 2 2 2 2 2 2 2 2 2 2 2 2 2 2 2 2 2 2 2 2 2 2 2 2 2 2 2 2 2 2 2 2 2 2 2 2 2
left_child=1 44 15 4 14 7 9 23 24 10 16 20 32 36 47 -3 50 18 88 59 21 92 -23 -6 -8 27 28 56 87 69 -31 -32 33 -9 62 72 37 80 -38 40 -33 42 49 -37 -1 -46 81 48 61 52 -7 -52 53 -5 -11 -34 58 -58 67 -20 -49 -2 -14 -53 -65 -66 -22 91 -18 -15 71 -71 -36 -73 75 77 -76 78 -62 -80 -4 90 -83 -48 85 -75 89 -27 -12 -25 -47 -26 93 -10
right_child=3 2 13 41 5 6 8 12 11 54 17 -13 34 29 -16 -17 68 -19 19 -21 66 22 -24 86 25 26 -28 -29 -30 30 31 39 55 -35 35 43 38 -39 -40 -41 -42 -43 -44 -45 45 46 83 60 -50 -51 51 63 -54 -55 -56 -57 57 -59 -60 -61 74 -63 -64 64 65 -67 -68 -69 -70 70 -72 73 -74 84 76 -77 -78 -79 79 -81 -82 82 -84 -85 -86 -87 -88 -89 -90 -91 -92 -93 -94 -95
leaf_value=-0.0070495897280972875 0.0085323365815566567 0.00074137313649370602 0 0.014246079709550734 0.0068936565978464726 0 0.0070495902533326436 0.0070495902533326436 0.0070495902533326436 0.014840552537451679 -0.00073317378928364164 0.0070495902533326436 0.0070495902533326436 0 0 -0.00089730684721647856 0.0070495902533326436 0 0.007092673647218781 0 0.0070885728537072304 0 0.0070495902533326436 0.0070495903754238115 0.014099179456194575 0.0084331974188196351 0.0070495902533326436 0.0070495902533326436 0.0070495902533326436 0 0.0077909634450629506 0 0.0070495902533326436 0.0070495902533326436 0.0070495902533326436 0.0070495902533326436 0 0.00074137313649370602 0 0 0.0070495902533326436 0.037878298447922919 0.017121836292726029 0.0070495902533326436 0.00074137313649370602 -0.0078689296894295883 -0.0077909628645909937 0.0077909634450629506 0 0.02051491661633844 0.0070495902533326436 0.0070495902533326436 0.021148768659056506 0.021131535590426936 0.015668091975115997 0.015581925607090817 0.014099179456194575 0.0070495902533326436 0.0070495902533326436 0.0070495902533326436 0.0077909634450629506 0.0077909634450629506 0.00729936478411344 0 0.0070495902533326436 -0.0083041821405000615 0.0072071638536793025 0.0070495902533326436 0.0070495902533326436 0 0 0 0.0070495902533326436 0 -0.00074137319173030723 0.0077909634450629506 0.0077909634450629506 0 0.0077909634450629506 0.0077909634450629506 0 -0.0078689296894295883 -0.0070495897280972875 -0.0077909628645909937 0 0 0.0075685540858738609 0.0070495902533326436 0 -0.00016386925467671475 -0.0070495897280972875 0.014099179456194575 0.0070495902533326436 0.0070495902533326436
leaf_weight=279508 582 32976 341 210 341 198 315 296 153 203 409 153 161 86512 1405 128 142 731 126 504 156 658 250 424 140 299 156 127 292 3067 135 236 147 218 106 362 1727 128 858 911 156 166 164 122 442 904 17399 152 400 240 156 456 240 130 134 146 197 360 164 143 302 232 197 291 190 124 154 166 106 2873 21742 470 158 415 125 473 577 235 154 106 131 1138 4716 10697 295 1277 349 134 327 113 593 184 230 131
leaf_count=279508 582 32976 341 210 341 198 315 296 153 203 409 153 161 86512 1405 128 142 731 126 504 156 658 250 424 140 299 156 127 292 3067 135 236 147 218 106 362 1727 128 858 911 156 166 164 122 442 904 17399 152 400 240 156 456 240 130 134 146 197 360 164 143 302 232 197 291 190 124 154 166 106 2873 21742 470 158 415 125 473 577 235 154 106 131 1138 4716 10697 295 1277 349 134 327 113 593 184 230 131
internal_value=0 -0.00671318 -0.00351272 0.0116759 0.00911083 0.0115337 0.00959493 0.01688 0.0151189 0.00383774 0.00187 0.00684027 0.0238616 -0.00828234 0.00308366 0.0139604 0.00833706 -0.00293121 -0.000182877 0.00599508 0.0050436 0.00306486 -0.000398241 0.00599488 0.0212773 0.0225609 0.016839 0.0263285 0.0135846 -0.00839089 -0.00598831 -0.00190581 0.0308114 0.026585 0.0187907 0.0220339 -0.00425747 0.000951579 -0.00546653 -0.00491492 0.000436948 0.048572 0.0470568 0.017616 -0.00827971 -0.00769426 -0.00792658 0.00522257 0.00255531 0.0488556 0.00622058 0.00745157 0.0462665 0.0500979 0.0266273 0.0382256 0.0245871 0.0273857 0.0222036 0.017369 0.00674708 0.00614903 0.0120144 0.00501351 0.0027525 0.0065459 0.0141202 0.0248576 0.0204129 -0.00848618 -0.0081063 -0.00555238 0.0301334 -0.00668857 0.00621519 0.00734291 0.00417502 0.00481163 0.00707759 0.0102478 -0.00346763 -0.00605952 -0.00571209 -0.00841507 -0.00601982 -0.00653509 0.00294281 0.0186141 -0.00667141 0.00147078 -0.00741814 0.0222036 0.00918257 0.00723737
internal_weight=0 469775 154378 17692 16542 11799 8659 3140 4419 4240 3903 1885 1913 121274 4743 33104 1663 2240 1509 773 1732 1422 908 1227 2534 2219 881 1338 725 118089 4505 1438 807 514 1106 748 3185 600 2585 1303 392 1150 984 484 315397 35889 35447 3338 1214 820 1415 1217 580 340 337 293 1211 557 654 269 2124 814 358 1061 605 314 310 490 248 113584 27072 5330 264 2457 1972 1270 702 797 562 260 472 7351 5854 28096 1987 1692 886 433 736 537 1497 324 514 284
internal_count=487467 469775 154378 17692 16542 11799 8659 3140 4419 4240 3903 1885 1913 121274 4743 33104 1663 2240 1509 773 1732 1422 908 1227 2534 2219 881 1338 725 118089 4505 1438 807 514 1106 748 3185 600 2585 1303 392 1150 984 484 315397 35889 35447 3338 1214 820 1415 1217 580 340 337 293 1211 557 654 269 2124 814 358 1061 605 314 310 490 248 113584 27072 5330 264 2457 1972 1270 702 797 562 260 472 7351 5854 28096 1987 1692 886 433 736 537 1497 324 514 284
is_linear=0
shrinkage=0.0951581


Tree=4
num_leaves=25
num_cat=0
split_feature=4 4 3 0 3 4 0 0 0 3 3 0 3 0 0 3 0 0 0 0 0 0 0 0
split_gain=624.118 260.105 137.212 112.687 28.2262 9.77767 9.08036 6.69184 6.16553 5.95344 5.77249 4.50555 2.5424 9.1674 1.39333 0.817101 0.592473 0.303558 0.120094 0.25883 0.334244 0.0643621 0.0251155 0.00700137
threshold=0.25000000745058065 0.15000000223517421 0.25000000745058065 1.5000000000000002 0.15000000223517421 0.35000000894069677 2.5000000000000004 4.5000000000000009 1.5000000000000002 0.15000000223517421 0.35000000894069677 2.5000000000000004 0.15000000223517421 2.5000000000000004 2.5000000000000004 0.35000000894069677 1.5000000000000002 3.5000000000000004 1.5000000000000002 2.5000000000000004 3.5000000000000004 3.5000000000000004 2.5000000000000004 1.5000000000000002
decision_type=2 2 2 2 2 2 2 2 2 2 2 2 2 2 2 2 2 2 2 2 2 2 2 2
left_child=1 23 4 9 11 6 8 14 -6 -3 -9 16 22 -14 -4 21 -2 -8 -7 -20 -21 -16 -5 -1
right_child=2 3 7 12 5 18 17 10 -10 -11 -12 -13 13 -15 15 -17 -18 -19 19 20 -22 -23 -24 -25
leaf_value=-0.0063787642423968529 0.0070495902533326436 0 0.018562756358216081 0 0.0063787647176518159 0.013422860824495834 0.0063787647176518159 0.001940798113960129 0.0063787647176518159 0 0.02475806647688417 0 0 0.0063787647176518159 0.019136292251935597 0.02475806647688417 0.0070495902533326436 0.0063787647176518159 0.012538466364177551 0.0071164283996320854 0.015083432550438243 0.019136292251935597 0 -0.0063787642423968529
leaf_weight=310726 2798 113386 328 34831 3390 373 2151 107 4790 1992 136 581 2491 150 259 153 1364 215 467 243 170 167 1528 4671
leaf_count=310726 2798 113386 328 34831 3390 373 2151 107 4790 1992 136 581 2491 150 259 153 1364 215 467 243 170 167 1528 4671
internal_value=0 -0.00671318 0.011493 -0.00351272 0.00928341 0.0117756 0.0108314 0.0432762 0.00932968 -0.002018 0.0292523 0.00308366 -0.00793472 -0.00508399 0.0470335 0.0442263 0.00417945 0.0160232 0.0197227 0.0203292 0.0185938 0.042084 -0.00814179 -0.00827971
internal_weight=0 469775 17692 154378 16542 11799 10546 1150 8180 115378 243 4743 39000 2641 907 579 4162 2366 1253 880 413 426 36359 315397
internal_count=487467 469775 17692 154378 16542 11799 10546 1150 8180 115378 243 4743 39000 2641 907 579 4162 2366 1253 880 413 426 36359 315397
is_linear=0
shrinkage=0.0951581


Tree=5
num_leaves=25
num_cat=0
split_feature=4 4 0 4 3 4 0 3 0 0 3 0 3 0 4 0 0 0 0 0 0 0 0 0
split_gain=579.229 260.105 112.687 83.0607 20.1989 18.0571 9.46856 8.84504 6.7782 6.36497 5.95344 4.50555 2.5424 9.1674 1.26075 2.78238 1.02425 0.592473 0.275585 0.120094 0.25883 0.334244 0.0251155 0.00700137
threshold=0.25000000745058065 0.15000000223517421 1.5000000000000002 0.35000000894069677 0.15000000223517421 0.59999999403953563 2.5000000000000004 0.25000000745058065 3.5000000000000004 1.5000000000000002 0.15000000223517421 2.5000000000000004 0.15000000223517421 2.5000000000000004 0.45000000298023229 2.5000000000000004 4.5000000000000009 1.5000000000000002 3.5000000000000004 1.5000000000000002 2.5000000000000004 3.5000000000000004 2.5000000000000004 1.5000000000000002
decision_type=2 2 2 2 2 2 2 2 2 2 2 2 2 2 2 2 2 2 2 2 2 2 2 2
left_child=1 23 10 4 11 7 9 19 14 -6 -3 17 22 -14 -9 -16 -10 -2 -8 -5 -21 -22 -4 -1
right_child=3 2 12 5 6 -7 18 8 16 -11 -12 -13 13 -15 15 -17 -18 -19 -20 20 21 -23 -24 -25
leaf_value=-0.0057717732278673639 0.0063787647176518159 0 0 0.012145567041540883 0.0057717736578979748 0.031917941669183943 0.0057717736578979748 0.010558339442321488 0.017315319253571486 0.0057717736578979748 0 0 0 0.0057717736578979748 0.016796359939385042 0.017315319253571486 0.01072986887234898 0.0063787647176518159 0.0057717736578979748 0.011345329867855778 0.0064392426736871455 0.013648121935644714 0 -0.0057717732278673639
leaf_weight=310726 2798 113386 34831 373 3390 166 2151 187 209 4790 1992 581 2491 150 214 213 161 1364 215 467 243 170 1528 4671
leaf_count=310726 2798 113386 34831 373 3390 166 2151 187 209 4790 1992 581 2491 150 214 213 161 1364 215 467 243 170 1528 4671
internal_value=0 -0.00671318 -0.00351272 0.010826 0.00824114 0.0272723 0.0105607 0.0250253 0.0317774 0.00902722 -0.002018 0.00308366 -0.00793472 -0.00508399 0.0379083 0.0350547 0.0216035 0.00417945 0.0158624 0.0197227 0.0203292 0.0185938 -0.00814179 -0.00827971
internal_weight=0 469775 154378 17692 15289 2403 10546 2237 984 8180 115378 4743 39000 2641 614 427 370 4162 2366 1253 880 413 36359 315397
internal_count=487467 469775 154378 17692 15289 2403 10546 2237 984 8180 115378 4743 39000 2641 614 427 370 4162 2366 1253 880 413 36359 315397
is_linear=0
shrinkage=0.0951581


Tree=6
num_leaves=95
num_cat=0
split_feature=4 4 2 4 3 2 2 2 2 3 2 2 2 2 3 2 2 2 2 2 2 2 2 2 2 2 2 2 2 3 2 2 2 3 2 4 2 2 2 2 2 2 2 2 2 2 2 2 2 2 2 2 2 2 2 2 2 2 2 2 2 2 2 2 2 2 2 2 2 2 2 2 2 2 2 2 2 2 2 2 2 2 2 2 2 2 2 2 2 2 2 2 2 2
split_gain=565.106 260.105 1420.85 70.914 20.0529 19.1514 34.0894 29.8721 28.3757 17.9593 12.9787 7.32813 5.85167 5.69324 5.54032 4.8283 4.33611 5.55534 4.02001 3.92896 7.46432 4.07 3.8791 3.85716 6.6802 5.89427 3.10406 6.37037 2.99301 2.98574 3.88777 13.8789 2.77056 2.74684 2.69139 2.51778 2.48063 2.35171 2.21526 4.77178 1.95657 1.83832 1.7735 5.97238 1.7118 1.63101 2.98541 3.29445 1.53289 17.1547 3.57031 1.49896 3.52355 1.08749 1.84799 1.66053 1.02593 1.01527 0.861991 0.860938 0.840605 0.829859 0.812029 2.16496 0.78915 0.731096 0.690304 0.633865 0.609238 0.58239 0.566472 4.78047 0.649839 0.513027 0.501049 1.51422 1.17435 1.08079 0.537013 0.576333 0.498571 0.813334 0.427158 0.422875 0.406877 0.383195 1.37551 0.360969 0.358577 0.334165 0.459798 0.319052 0.287308 0.283297
threshold=0.25000000745058065 0.15000000223517421 0.10074627026915552 0.35000000894069677 0.15000000223517421 0.17089758068323138 0.20240999013185504 0.15339080244302752 0.23357842862606051 0.35000000894069677 0.19101010262966159 0.16013698279857638 0.1067231632769108 0.16259328275918963 0.15000000223517421 0.18897569924592975 0.26417112350463873 0.24515175819396975 0.11630280315876008 0.20969981700181964 0.22039676457643512 0.21946247667074206 0.23021738976240161 0.20071429014205935 0.19548846781253817 0.1981649845838547 0.15803226083517077 0.15629401057958606 0.22547236829996112 0.15000000223517421 0.1583974361419678 0.16013698279857638 0.1633739769458771 0.25000000745058065 0.16587346047163012 0.59999999403953563 0.30072464048862463 0.2123106122016907 0.10388386249542238 0.10347852483391763 0.10594117641448976 0.19510195404291156 0.168457105755806 0.1643650829792023 0.16928205639123919 0.18346994370222094 0.17394282668828967 0.17517123371362689 0.10074627026915552 0.10259784013032915 0.1067231632769108 0.12516666948795321 0.11630280315876008 0.21493243426084521 0.21392118930816653 0.21680790930986407 0.2123106122016907 0.31587702035903936 0.19699231535196307 0.12782331556081775 0.10317540168762208 0.1613835692405701 0.18724054098129275 0.18843366950750354 0.22410600632429126 0.19012194871902469 0.27303031086921697 0.15886382013559344 0.17154762148857119 0.1471008434891701 0.14379280805587771 0.1483045965433121 0.14586748182773593 0.14620192348957065 0.15298574417829516 0.14551208168268207 0.15529115498065951 0.14122316241264346 0.13481555134058001 0.13893597573041919 0.25646600127220159 0.2385164871811867 0.28112535178661352 0.10317540168762208 0.21946247667074206 0.10388386249542238 0.10458041727542879 0.20745369791984561 0.11441558599472047 0.14790198951959613 0.14670995622873309 0.20219807326793673 0.19344085454940799 0.10347852483391763
decision_type=2 2 2 2 2 2 2 2 2 2 2 2 2 2 2 2 2 2 2 2 2 2 2 2 2 2 2 2 2 2 2 2 2 2 2 2 2 2 2 2 2 2 2 2 2 2 2 2 2 2 2 2 2 2 2 2 2 2 2 2 2 2 2 2 2 2 2 2 2 2 2 2 2 2 2 2 2 2 2 2 2 2 2 2 2 2 2 2 2 2 2 2 2 2
left_child=1 48 14 4 13 7 10 18 19 33 15 26 38 51 -3 45 17 -10 -6 87 21 53 28 24 92 58 27 -9 64 70 -31 -32 61 37 -34 -11 66 41 39 83 -40 68 43 -33 -36 46 -7 -48 -1 -50 85 52 60 54 56 -55 -21 -38 -26 -53 -2 -13 -47 -64 -22 -17 -35 -28 -5 -20 -14 72 -72 -74 75 77 -76 78 -61 -80 81 84 -18 -4 -39 93 -87 -8 -52 90 -75 -43 -12 -51
right_child=3 2 12 9 5 6 8 11 16 35 23 32 29 -15 -16 65 82 -19 69 20 22 -23 -24 -25 25 -27 67 -29 -30 30 31 42 34 36 44 -37 57 80 40 -41 -42 91 -44 -45 -46 62 47 -49 49 50 88 59 -54 55 -56 -57 -58 -59 -60 74 -62 -63 63 -65 -66 -67 -68 -69 -70 -71 71 -73 73 89 76 -77 -78 -79 79 -81 -82 -83 -84 -85 -86 86 -88 -89 -90 -91 -92 -93 -94 -95
leaf_value=-0.0052225423182294612 0.0064425991435984068 0.00067082548570043506 0 0.0041060284242083198 0.0050814474004964288 -0.0011562220103126337 0.0052225427073391822 0.0052225427073391822 0.0052225427073391822 0.01212784914321715 -0.0018196283830133285 0.0052225427073391822 0 -0.00074137319173030723 -0.00081192084252358079 0.0052225427073391822 0.0052225427073391822 -0.0011562220103126337 -0.0019599638592930372 0.011601306474481069 0.0049097865005831316 0.0052225427073391822 0.0052225427073391822 -0.0011562220103126337 0.0052615263678019572 -0.0011562220103126337 0.0052225427073391822 0.0052225427073391822 0.0052225427073391822 0 0.0070495902533326436 0 0.0052225427073391822 0.0095536284891493146 0.0052225427073391822 0.028880691339927201 0.0071440513384670402 0.0032866884134483973 0 0.00067082548570043506 0 0.011904409882925446 0 0.0052225427073391822 0.0052225427073391822 -0.0011562220103126337 0.0052225427073391822 0.0052225427073391822 0.0018270474098678268 -0.0059639154547231673 -0.0058933678039298958 0.0057717736578979748 -0.0012778165954346688 0.011601306474481069 0.0052225427073391822 0.0052225427073391822 0.0052225427073391822 0.015667626565578671 0.0052225427073391822 0.0057717736578979748 0.0057717736578979748 0.0054485491711275405 0.0052225427073391822 -0.0086701940488626422 0.0052225427073391822 0.0052225427073391822 0.014763760028211642 0.012942957335408732 0.011814651212267362 0.0050951922702048508 0 0 0 0 -0.0019486421311154939 0.0057717736578979748 0.0057717736578979748 0 0.0057717736578979748 0.0057717736578979748 0.0046507684545362069 0.0042582525641354672 0.0052225427073391822 0 0.013148774098058208 -0.0059639154547231673 -0.0052225423182294612 0.012120265634005622 -0.0058933678039298958 0 0 0.0099537022153976685 -0.0011562220103126337 -0.0052225423182294612
leaf_weight=279508 582 32976 341 138 329 198 267 293 514 164 409 159 86512 1405 128 142 155 658 427 138 249 116 137 731 126 504 145 215 267 3067 135 236 263 167 344 166 121 114 1727 128 858 133 911 156 119 291 156 456 442 904 17399 152 400 169 141 315 148 359 143 302 232 194 190 124 115 106 173 140 200 377 2873 21742 470 415 125 473 577 235 154 106 267 120 135 131 160 1138 4716 114 10697 295 1277 121 327 593
leaf_count=279508 582 32976 341 138 329 198 267 293 514 164 409 159 86512 1405 128 142 155 658 427 138 249 116 137 731 126 504 145 215 267 3067 135 236 263 167 344 166 121 114 1727 128 858 133 911 156 119 291 156 456 442 904 17399 152 400 169 141 315 148 359 143 302 232 194 190 124 115 106 173 140 200 377 2873 21742 470 415 125 473 577 235 154 106 267 120 135 131 160 1138 4716 114 10697 295 1277 121 327 593
internal_value=0 -0.00671318 -0.00351272 0.0106109 0.00822247 0.0105336 0.00797379 0.0169575 0.0146007 0.0258071 0.00179686 0.0243385 -0.00828234 0.00308366 0.0139604 0.0081654 0.00434785 0.00177 0.0047621 0.0214893 0.0233522 0.0286586 0.0162562 -0.00293121 -0.000182877 0.00599508 0.0312834 0.0268241 0.013105 -0.00839089 -0.00598831 -0.00190581 0.0192345 0.0225249 0.0225968 0.0464256 0.0268067 0.0197227 -0.00425747 0.000951579 -0.00546653 0.0240789 -0.00491492 0.000436948 0.0182301 0.00601883 0.00881093 0.0120969 -0.00827971 -0.00769426 -0.00792658 0.00522257 0.00255531 0.026521 0.0230207 0.0296091 0.0274162 0.0224018 0.017369 0.00674708 0.00614903 0.0123193 0.00228065 0.00563675 0.0187179 0.0204129 0.0330255 0.0392318 0.0194821 0.00113621 -0.00848618 -0.0081063 -0.00555238 -0.00668857 0.00621519 0.00734291 0.00417502 0.00481163 0.00707759 0.0102478 0.0158213 0.0136699 0.0147659 -0.00346763 0.0165311 -0.00605952 -0.00571209 0.0127127 -0.00841507 -0.00601982 -0.00653509 0.0301958 -0.00667141 -0.00741814
internal_weight=0 469775 154378 17692 15289 10546 7541 3005 3638 2403 3903 1872 121274 4743 33104 1663 1462 1172 1133 2176 1795 1027 768 2240 1509 773 793 508 631 118089 4505 1438 1079 2073 726 330 820 1253 3185 600 2585 592 1303 392 463 1415 810 612 315397 35889 35447 3338 1214 911 427 484 286 480 269 2124 814 353 605 314 364 248 340 285 338 804 113584 27072 5330 2457 1972 1270 702 797 562 260 661 394 290 472 274 7351 5854 381 28096 1987 1692 254 736 1497
internal_count=487467 469775 154378 17692 15289 10546 7541 3005 3638 2403 3903 1872 121274 4743 33104 1663 1462 1172 1133 2176 1795 1027 768 2240 1509 773 793 508 631 118089 4505 1438 1079 2073 726 330 820 1253 3185 600 2585 592 1303 392 463 1415 810 612 315397 35889 35447 3338 1214 911 427 484 286 480 269 2124 814 353 605 314 364 248 340 285 338 804 113584 27072 5330 2457 1972 1270 702 797 562 260 661 394 290 472 274 7351 5854 381 28096 1987 1692 254 736 1497
is_linear=0
shrinkage=0.0951581


Tree=7
num_leaves=95
num_cat=0
split_feature=4 4 2 4 2 2 2 3 2 2 3 2 2 2 3 2 2 2 2 2 2 2 2 2 2 2 2 2 2 3 2 2 2 2 2 2 2 2 2 2 2 2 2 2 2 2 2 2 2 2 2 2 2 2 2 2 2 2 2 2 2 2 2 2 2 2 2 2 2 2 2 2 2 4 2 2 2 2 2 2 2 2 2 2 2 2 2 2 2 2 2 2 2 2
split_gain=541.84 260.105 1420.85 41.58 18.2319 27.5928 26.5891 26.2138 13.7556 24.9021 11.0546 7.32813 5.96044 5.85167 5.54032 4.6939 4.46524 7.05725 4.90611 4.09697 5.53446 4.02001 3.75908 7.39314 3.65596 3.65073 3.19151 3.10406 6.37037 2.98574 3.88777 13.8789 2.78167 2.77056 2.69139 2.58097 2.21526 4.77178 2.03596 1.98305 2.67998 1.95657 1.7735 5.97238 1.7118 1.53289 17.1547 3.57031 1.51566 1.45546 5.43349 1.44342 3.37152 1.18441 1.04745 1.63328 1.41658 0.860938 0.843728 0.840605 0.829859 0.823453 0.794727 1.03743 1.59217 0.731096 0.720296 0.677495 0.970988 0.646614 0.633865 0.60383 1.26073 4.34214 0.58239 0.566472 4.78047 0.649839 0.513027 0.501049 1.51422 1.17435 1.08079 0.537013 0.576333 0.466122 0.422875 0.39589 0.383195 1.37551 0.358577 0.340194 0.334165 0.459798
threshold=0.25000000745058065 0.15000000223517421 0.10074627026915552 0.35000000894069677 0.20240999013185504 0.23357842862606051 0.19101010262966159 0.15000000223517421 0.15339080244302752 0.17089758068323138 0.35000000894069677 0.16013698279857638 0.38397435843944555 0.1067231632769108 0.15000000223517421 0.18897569924592975 0.20071429014205935 0.19548846781253817 0.1981649845838547 0.26417112350463873 0.24515175819396975 0.11630280315876008 0.20969981700181964 0.22039676457643512 0.21946247667074206 0.23021738976240161 0.16259328275918963 0.15803226083517077 0.15629401057958606 0.15000000223517421 0.1583974361419678 0.16013698279857638 0.22547236829996112 0.1633739769458771 0.16587346047163012 0.35424640774726873 0.10388386249542238 0.10347852483391763 0.18189270049333575 0.26417112350463873 0.20439612865448001 0.10594117641448976 0.168457105755806 0.1643650829792023 0.16928205639123919 0.10074627026915552 0.10259784013032915 0.1067231632769108 0.17154762148857119 0.17394282668828967 0.17517123371362689 0.12516666948795321 0.11630280315876008 0.24886304885149005 0.21493243426084521 0.21392118930816653 0.21680790930986407 0.12782331556081775 0.2123106122016907 0.10317540168762208 0.1613835692405701 0.19699231535196307 0.18346994370222094 0.18724054098129275 0.18843366950750354 0.19012194871902469 0.21824584156274798 0.19101010262966159 0.1981649845838547 0.22410600632429126 0.15886382013559344 0.32517604529857641 0.30072464048862463 0.45000000298023229 0.1471008434891701 0.14379280805587771 0.1483045965433121 0.14586748182773593 0.14620192348957065 0.15298574417829516 0.14551208168268207 0.15529115498065951 0.14122316241264346 0.13481555134058001 0.13893597573041919 0.28112535178661352 0.10317540168762208 0.23357842862606051 0.10388386249542238 0.10458041727542879 0.11441558599472047 0.20745369791984561 0.14790198951959613 0.14670995622873309
decision_type=2 2 2 2 2 2 2 2 2 2 2 2 2 2 2 2 2 2 2 2 2 2 2 2 2 2 2 2 2 2 2 2 2 2 2 2 2 2 2 2 2 2 2 2 2 2 2 2 2 2 2 2 2 2 2 2 2 2 2 2 2 2 2 2 2 2 2 2 2 2 2 2 2 2 2 2 2 2 2 2 2 2 2 2 2 2 2 2 2 2 2 2 2 2
left_child=1 45 14 4 6 22 7 26 21 11 35 27 -12 36 -3 49 17 -8 61 20 -7 -9 91 24 54 32 51 28 -10 75 -31 -32 69 60 -35 39 37 86 -28 40 48 -38 43 -33 -36 -1 -47 88 -5 -11 -51 52 59 66 55 58 -56 -53 -24 -2 -13 -19 -52 -64 -65 -17 -42 -50 -69 -25 -29 72 73 -41 -23 -15 77 -77 -79 80 82 -81 83 -59 -85 -21 -4 -68 -48 -90 -49 -6 93 -80
right_child=3 2 13 10 5 19 16 8 9 15 12 33 -14 29 -16 65 -18 18 -20 85 -22 74 23 25 -26 -27 38 70 -30 30 31 42 -34 34 44 -37 41 -39 -40 71 53 -43 -44 -45 -46 46 47 90 67 50 62 57 -54 -55 56 -57 -58 79 -60 -61 -62 -63 63 64 -66 -67 87 68 -70 -71 -72 -73 -74 -75 -76 76 -78 78 92 81 -82 -83 -84 84 -86 -87 -88 -89 89 -91 -92 -93 -94 -95
leaf_value=-0.0047255751722899003 0.0058295337218686686 0.0006069910145294887 0 0.0037153066065979826 0.0047255755243726869 0.0047255755243726869 -0.0010461981335252901 0.0045979065772747546 0.0047255755243726869 -0.0010461981335252901 0.024953256637276187 0.0047255755243726869 0.016616654465506076 0 -0.00073466000685177407 0.0047255755243726869 -0.0010461981335252901 0.0047608495742094562 7.0547656049482169e-05 0.0047255755243726869 -0.0010461981335252901 -0.0017734574442281688 0.01049734832220944 0.0044425806005274314 0.0047255755243726869 0.0047255755243726869 -0.0012072689393851867 0.0047255755243726869 0.0047255755243726869 0 0.0063787647176518159 0 0.0047255755243726869 0.0047255755243726869 0.0047255755243726869 0.0035031637492112648 0 0.0006069910145294887 0.0066616613363253419 0.011150882143674573 0.0027958724774917688 0 0 0.0047255755243726869 0.0047255755243726869 0.0016531890701069524 -0.0047255751722899003 -0.0053325661868193893 0.010031357886811518 0.0047255755243726869 0.0047255755243726869 0.0052225427073391822 -0.0011562220103126363 0.0028264029245178793 0.01049734832220944 0.0047255755243726869 0.0047255755243726869 0.0052225427073391822 0.0047255755243726869 0.0052225427073391822 0.0049300756449992553 0.0047255755243726869 -0.0010461981335252901 0.0047255755243726869 -0.0078451549532165613 0.0047255755243726869 0.012308072117432702 0.009273350150322197 0.010825717649565039 0.0047255755243726869 0.011711330251307628 0.013707149027129229 0.012717974983044668 0.014264375242933809 0.0046103435114502331 0 0 0 0 -0.0017632130700664776 0.0052225427073391822 0.0052225427073391822 0 0.0052225427073391822 0.0052225427073391822 0.0047255755243726869 0 0.005421289471376844 -0.0053964006579903358 -0.0047255751722899003 -0.0053325661868193893 0.010818649668319727 0 0
leaf_weight=279508 582 32976 341 143 270 516 770 329 293 198 112 159 218 86512 128 142 731 129 596 160 672 427 139 253 120 141 1004 145 215 3067 135 236 269 263 344 106 1727 128 204 186 204 858 911 156 119 442 1497 17399 117 156 456 152 400 156 174 144 318 302 153 232 194 147 291 190 124 106 143 139 114 120 140 229 272 108 377 2873 21742 470 415 125 473 577 235 154 106 137 131 156 1138 4716 10697 116 295 1277
leaf_count=279508 582 32976 341 143 270 516 770 329 293 198 112 159 218 86512 128 142 731 129 596 160 672 427 139 253 120 141 1004 145 215 3067 135 236 269 263 344 106 1727 128 204 186 204 858 911 156 119 442 1497 17399 117 156 456 152 400 156 174 144 318 302 153 232 194 147 291 190 124 106 143 139 114 120 140 229 272 108 377 2873 21742 470 415 125 473 577 235 154 106 137 131 156 1138 4716 10697 116 295 1277
internal_value=0 -0.00671318 -0.00351272 0.0102505 0.00842163 0.0142352 0.00656424 0.00887756 0.0138864 0.0168108 0.0218868 0.0243385 0.0380632 -0.00828234 0.0139604 0.00833706 -0.00241805 0.000336123 0.00619837 0.00419721 0.00169811 0.0047621 0.0209588 0.0227579 0.0279845 0.0157625 0.00373431 0.0312834 0.0268241 -0.00839089 -0.00598831 -0.00190581 0.0127174 0.0192345 0.0225968 0.0193116 -0.00425747 0.000951579 -0.000456887 0.0200911 0.0176026 -0.00546653 -0.00491492 0.000436948 0.0182301 -0.00827971 -0.00769426 -0.00792658 0.02276 0.00622058 0.00745157 0.00525108 0.0026337 0.0135878 0.0259634 0.0225673 0.0289729 0.00674708 0.0266573 0.00614903 0.0123193 0.0166871 0.00501351 0.0027525 0.0065459 0.0204129 0.0158345 0.0259756 0.0232065 0.0180367 0.0392318 0.0237596 0.0220915 0.0264112 0.00113621 -0.00848618 -0.0081063 -0.00555238 -0.00668857 0.00621519 0.00734291 0.00417502 0.00481163 0.00707759 0.0102478 0.0141936 -0.00346763 0.0188088 -0.00605952 -0.00571209 -0.00841507 0.0124248 -0.00601982 -0.00653509
internal_weight=0 469775 154378 17692 15289 3702 11587 9214 4668 3535 2403 1872 330 121274 33104 1663 2373 1642 872 1485 1188 1133 2217 1831 1048 783 4546 793 508 118089 4505 1438 642 1079 726 2073 3185 600 1208 1967 1172 2585 1303 392 463 315397 35889 35447 513 1415 1217 3338 1214 659 928 436 492 2124 292 814 353 276 1061 605 314 248 503 370 253 373 285 795 566 294 804 113584 27072 5330 2457 1972 1270 702 797 562 260 297 472 299 7351 5854 28096 386 1987 1692
internal_count=487467 469775 154378 17692 15289 3702 11587 9214 4668 3535 2403 1872 330 121274 33104 1663 2373 1642 872 1485 1188 1133 2217 1831 1048 783 4546 793 508 118089 4505 1438 642 1079 726 2073 3185 600 1208 1967 1172 2585 1303 392 463 315397 35889 35447 513 1415 1217 3338 1214 659 928 436 492 2124 292 814 353 276 1061 605 314 248 503 370 253 373 285 795 566 294 804 113584 27072 5330 2457 1972 1270 702 797 562 260 297 472 299 7351 5854 28096 386 1987 1692
is_linear=0
shrinkage=0.0951581


Tree=8
num_leaves=95
num_cat=0
split_feature=4 4 2 4 3 2 2 2 2 2 2 4 2 2 3 2 2 2 2 2 2 2 2 2 2 2 2 3 2 2 2 2 2 2 2 2 4 2 2 2 2 2 2 2 2 2 2 2 2 2 2 2 2 2 2 2 2 2 2 2 2 2 2 2 2 2 2 2 2 2 2 2 2 2 2 2 2 2 2 2 2 2 2 2 2 2 2 2 2 2 2 2 2 2
split_gain=493.82 260.105 1420.85 33.1237 14.8643 23.5182 29.8721 23.5327 18.3373 13.3834 7.32813 6.52018 5.85167 5.65159 5.54032 5.22473 4.6939 4.37305 6.25348 4.1509 4.02001 3.85716 6.6802 5.89427 3.81 3.10406 6.37037 2.98574 3.88777 13.8789 2.77056 2.69139 2.521 2.88964 2.21526 4.77178 2.19943 4.79103 1.95657 1.7735 5.97238 1.7118 1.53289 17.1547 3.57031 1.45546 5.43349 1.44342 3.37152 1.25649 2.99301 2.92409 1.08464 0.861991 0.860938 0.840605 0.829859 0.827991 0.794727 1.03743 1.59217 0.78915 0.751843 0.878265 0.731096 0.633865 0.58239 0.566472 4.78047 0.649839 0.513027 0.501049 1.51422 1.17435 1.08079 0.537013 0.576333 0.45891 0.731628 2.9234 0.427158 0.422875 0.383195 1.37551 0.381657 0.358577 0.334165 0.459798 0.316991 0.932565 0.465976 0.41456 0.287308 0.283297
threshold=0.25000000745058065 0.15000000223517421 0.10074627026915552 0.35000000894069677 0.15000000223517421 0.17089758068323138 0.15339080244302752 0.20240999013185504 0.23642505705356601 0.19101010262966159 0.16013698279857638 0.59999999403953563 0.1067231632769108 0.2123106122016907 0.15000000223517421 0.26417112350463873 0.18897569924592975 0.22039676457643512 0.21946247667074206 0.16259328275918963 0.11630280315876008 0.20071429014205935 0.19548846781253817 0.1981649845838547 0.24515175819396975 0.15803226083517077 0.15629401057958606 0.15000000223517421 0.1583974361419678 0.16013698279857638 0.1633739769458771 0.16587346047163012 0.21392118930816653 0.21680790930986407 0.10388386249542238 0.10347852483391763 0.45000000298023229 0.30072464048862463 0.10594117641448976 0.168457105755806 0.1643650829792023 0.16928205639123919 0.10074627026915552 0.10259784013032915 0.1067231632769108 0.17394282668828967 0.17517123371362689 0.12516666948795321 0.11630280315876008 0.23021738976240161 0.22547236829996112 0.23357842862606051 0.18758561462163928 0.19699231535196307 0.12782331556081775 0.10317540168762208 0.1613835692405701 0.2385164871811867 0.18346994370222094 0.18724054098129275 0.18843366950750354 0.22410600632429126 0.32517604529857641 0.35424640774726873 0.19012194871902469 0.15886382013559344 0.1471008434891701 0.14379280805587771 0.1483045965433121 0.14586748182773593 0.14620192348957065 0.15298574417829516 0.14551208168268207 0.15529115498065951 0.14122316241264346 0.13481555134058001 0.13893597573041919 0.30072464048862463 0.20439612865448001 0.19510195404291156 0.28112535178661352 0.10317540168762208 0.10388386249542238 0.10458041727542879 0.16013698279857638 0.11441558599472047 0.14790198951959613 0.14670995622873309 0.26417112350463873 0.25035211443901068 0.21824584156274798 0.23357842862606051 0.19344085454940799 0.10347852483391763
decision_type=2 2 2 2 2 2 2 2 2 2 2 2 2 2 2 2 2 2 2 2 2 2 2 2 2 2 2 2 2 2 2 2 2 2 2 2 2 2 2 2 2 2 2 2 2 2 2 2 2 2 2 2 2 2 2 2 2 2 2 2 2 2 2 2 2 2 2 2 2 2 2 2 2 2 2 2 2 2 2 2 2 2 2 2 2 2 2 2 2 2 2 2 2 2
left_child=1 42 14 4 19 6 20 9 13 16 25 36 34 -9 -3 24 45 18 32 47 -6 22 92 53 57 26 -8 67 -29 -30 56 -32 -15 -34 35 81 77 -38 -36 40 -31 -33 -1 -44 82 -7 -47 48 55 50 61 -51 -21 -24 -49 -2 -12 -10 -48 -60 -61 -19 -39 -64 -18 -27 -22 -14 69 -69 -71 72 74 -73 75 -56 -77 78 79 84 -17 -4 93 -84 -5 -46 87 -72 89 90 -80 -92 -11 -45
right_child=3 2 12 11 5 7 10 8 15 21 30 -13 27 17 -16 80 64 49 -20 52 66 -23 23 -25 -26 65 -28 28 29 39 31 41 33 -35 38 -37 37 62 -40 -41 -42 -43 43 44 85 46 58 54 -50 51 -52 -53 -54 -55 71 -57 -58 -59 59 60 -62 -63 63 -65 -66 -67 -68 68 -70 70 86 73 -74 -75 -76 76 -78 -79 88 -81 -82 -83 83 -85 -86 -87 -88 -89 -90 -91 91 -93 -94 -95
leaf_value=-0.0042758984701790556 0.0052748064340105852 0.00054923090963790303 0 0.012022285990810759 0.0041603785746716785 -0.0009466439185808668 0.0042758987887583149 0.0042758987887583149 0.0042758987887583149 -0.0015469218087246295 0.0042758987887583149 0.024551250865346833 0 0.0042758987887583149 -0.00066475116464542944 0.0042758987887583149 0.0042758987887583149 0.0040198331210203496 0.0042758987887583149 -0.00056500305503082203 -0.0016046986231790883 -0.0009466439185808668 0.0043078162274266295 -0.0010529113136477858 -0.0009466439185808668 0.0042758987887583149 0.0042758987887583149 0 0.0057717736578979748 0 0.0042758987887583149 0.0042758987887583149 0.0094984407178780577 0.0042758987887583149 0 0.00054923090963790303 0.012933022279132103 0.012966506971361702 0 0 0.0042758987887583149 0.0042758987887583149 0.0014958747576883111 -0.0049467239558794876 -0.0048251293798169583 0.0042758987887583149 0.0042758987887583149 0.0047255755243726869 -0.001046198133525293 0.0042758987887583149 0.0042758987887583149 0.0042758987887583149 0.0048561840840034521 0.0042758987887583149 0.0047255755243726869 0.0047255755243726869 0.0044609390687365179 0.0042758987887583149 -0.0009466439185808668 0.0042758987887583149 -0.0070986250011384712 0.0042758987887583149 0.012402802922129162 0.0079603649374580792 0.0042758987887583149 0.010596902446705154 0.0041716320339598703 0 0 0 0 -0.0015954290840840854 0.0047255755243726869 0.0047255755243726869 0 0.0047255755243726869 0.0047255755243726869 0.0056724053792225893 0.0025298225958660914 0.0097414543876229963 0.0042758987887583149 0 -0.0048828894847085446 -0.0042758984701790556 0.0090767930417348548 -0.0048251293798169583 0 0 0.010089785509893909 0.0025574478239014692 0.011136859497313143 0.0049054099261794538 -0.0009466439185808668 -0.0042758984701790556
leaf_weight=279508 582 32976 341 109 329 198 293 519 131 409 159 166 86512 148 128 155 142 249 116 1142 427 731 126 504 658 145 215 3067 135 236 263 344 310 315 1727 128 138 210 858 911 156 119 442 904 17399 156 456 152 400 137 267 153 263 143 302 232 194 230 291 190 124 115 186 206 106 140 377 2873 21742 470 415 125 473 577 235 154 106 161 204 156 135 131 1138 4716 230 10697 295 1277 186 139 143 169 327 593
leaf_count=279508 582 32976 341 109 329 198 293 519 131 409 159 166 86512 148 128 155 142 249 116 1142 427 731 126 504 658 145 215 3067 135 236 263 344 310 315 1727 128 138 210 858 911 156 119 442 904 17399 156 456 152 400 137 267 153 263 143 302 232 194 230 291 190 124 115 186 206 106 140 377 2873 21742 470 415 125 473 577 235 154 106 161 204 156 135 131 1138 4716 230 10697 295 1277 186 139 143 169 327 593
internal_value=0 -0.00671318 -0.00351272 0.00948138 0.00784903 0.00983884 0.0169575 0.00700215 0.0125081 0.00187 0.0243385 0.0198672 -0.00828234 0.017573 0.0139604 0.00349664 0.00833706 0.0200831 0.0248439 0.00342473 0.0047621 -0.00293121 -0.000182877 0.00599508 0.000289488 0.0312834 0.0268241 -0.00839089 -0.00598831 -0.00190581 0.0192345 0.0225968 0.0217522 0.0191077 -0.00425747 0.000951579 0.0185169 0.0227608 -0.00546653 -0.00491492 0.000436948 0.0182301 -0.00827971 -0.00769426 -0.00792658 0.00622058 0.00745157 0.00525108 0.0026337 0.0154877 0.013105 0.0206723 -0.000914333 0.017369 0.00674708 0.00614903 0.0123193 0.00814511 0.00501351 0.0027525 0.0065459 0.0187179 0.0190948 0.0215562 0.0204129 0.0392318 0.00113621 -0.00848618 -0.0081063 -0.00555238 -0.00668857 0.00621519 0.00734291 0.00417502 0.00481163 0.00707759 0.0102478 0.0164191 0.0158407 0.0187433 0.0147659 -0.00346763 -0.00605952 -0.00571209 0.0137825 -0.00841507 -0.00601982 -0.00653509 0.0141323 0.0131478 0.0150114 0.0173236 -0.00667141 -0.00741814
internal_weight=0 469775 154378 17692 15289 10546 3005 7541 3638 3903 1872 2403 121274 2329 33104 1309 1663 1810 889 4743 1133 2240 1509 773 1019 793 508 118089 4505 1438 1079 726 773 625 3185 600 2237 740 2585 1303 392 463 315397 35889 35447 1415 1217 3338 1214 921 631 290 1405 269 2124 814 353 361 1061 605 314 364 602 392 248 285 804 113584 27072 5330 2457 1972 1270 702 797 562 260 1497 1336 495 290 472 7351 5854 339 28096 1987 1692 841 655 516 312 736 1497
internal_count=487467 469775 154378 17692 15289 10546 3005 7541 3638 3903 1872 2403 121274 2329 33104 1309 1663 1810 889 4743 1133 2240 1509 773 1019 793 508 118089 4505 1438 1079 726 773 625 3185 600 2237 740 2585 1303 392 463 315397 35889 35447 1415 1217 3338 1214 921 631 290 1405 269 2124 814 353 361 1061 605 314 364 602 392 248 285 804 113584 27072 5330 2457 1972 1270 702 797 562 260 1497 1336 495 290 472 7351 5854 339 28096 1987 1692 841 655 516 312 736 1497
is_linear=0
shrinkage=0.0951581


Tree=9
num_leaves=95
num_cat=0
split_feature=4 4 2 4 3 2 2 2 2 2 2 2 2 3 2 2 2 2 2 2 2 2 4 2 3 2 2 2 2 2 2 2 2 2 2 2 2 2 4 2 2 2 2 2 2 2 2 2 2 2 2 2 2 2 2 2 2 2 2 2 2 2 2 2 2 2 2 2 2 2 2 2 4 2 2 2 2 2 2 2 4 2 2 2 2 2 2 2 2 2 2 2 2 2
split_gain=474.335 260.105 1420.85 28.3835 18.9093 20.4045 26.4124 26.4034 12.1983 11.9503 9.38809 7.44529 5.85167 5.54032 5.32941 5.3174 5.14593 4.97732 6.49648 4.89403 4.43427 3.56144 3.36193 3.24618 2.98574 3.88777 13.8789 2.94832 5.99867 2.99949 3.46157 2.85797 2.79265 6.56309 2.68433 2.95584 2.21526 4.77178 2.16553 2.05587 2.17028 1.95657 1.88462 1.86182 1.81853 5.04241 1.7735 5.97238 1.63514 1.53289 17.1547 3.57031 1.44342 3.37152 1.24175 0.960666 0.945078 0.929 0.860938 0.840605 0.829504 0.751843 0.878265 0.719763 1.12241 1.58275 0.679017 0.566472 4.78047 0.649839 0.552451 0.536382 0.53355 0.513027 0.501049 1.51422 1.17435 1.08079 0.537013 0.576333 0.442614 0.422875 0.383195 1.37551 0.359671 0.358577 0.334165 0.459798 0.288982 0.283297 0.25999 0.258036 0.256126 0.238018
threshold=0.25000000745058065 0.15000000223517421 0.10074627026915552 0.45000000298023229 0.15000000223517421 0.17089758068323138 0.20240999013185504 0.15339080244302752 0.23357842862606051 0.20071429014205935 0.26417112350463873 0.16013698279857638 0.1067231632769108 0.15000000223517421 0.30072464048862463 0.16259328275918963 0.24515175819396975 0.19101010262966159 0.19510195404291156 0.2123106122016907 0.19012194871902469 0.24171940237283709 0.59999999403953563 0.11630280315876008 0.15000000223517421 0.1583974361419678 0.16013698279857638 0.22039676457643512 0.21946247667074206 0.23021738976240161 0.22547236829996112 0.1981649845838547 0.15803226083517077 0.15629401057958606 0.1633739769458771 0.16587346047163012 0.10388386249542238 0.10347852483391763 0.35000000894069677 0.21392118930816653 0.21680790930986407 0.10594117641448976 0.19699231535196307 0.30072464048862463 0.17394282668828967 0.17517123371362689 0.168457105755806 0.1643650829792023 0.16928205639123919 0.10074627026915552 0.10259784013032915 0.1067231632769108 0.12516666948795321 0.11630280315876008 0.18897569924592975 0.27303031086921697 0.32517604529857641 0.15886382013559344 0.12782331556081775 0.10317540168762208 0.1613835692405701 0.32517604529857641 0.35424640774726873 0.18346994370222094 0.18758561462163928 0.18843366950750354 0.23642505705356601 0.14379280805587771 0.1483045965433121 0.14586748182773593 0.19548846781253817 0.1643650829792023 0.35000000894069677 0.14620192348957065 0.15298574417829516 0.14551208168268207 0.15529115498065951 0.14122316241264346 0.13481555134058001 0.13893597573041919 0.35000000894069677 0.10317540168762208 0.10388386249542238 0.10458041727542879 0.14859127253293994 0.11441558599472047 0.14790198951959613 0.14670995622873309 0.22410600632429126 0.10347852483391763 0.14451952278614047 0.25646600127220159 0.1779797971248627 0.20745369791984561
decision_type=2 2 2 2 2 2 2 2 2 2 2 2 2 2 2 2 2 2 2 2 2 2 2 2 2 2 2 2 2 2 2 2 2 2 2 2 2 2 2 2 2 2 2 2 2 2 2 2 2 2 2 2 2 2 2 2 2 2 2 2 2 2 2 2 2 2 2 2 2 2 2 2 2 2 2 2 2 2 2 2 2 2 2 2 2 2 2 2 2 2 2 2 2 2
left_child=1 49 13 4 15 7 9 23 19 17 16 32 36 -3 -5 52 21 20 -19 72 44 66 61 -6 67 -26 -27 28 39 30 88 42 33 -9 60 71 37 81 91 -21 -41 -38 70 55 -7 -46 47 -28 -37 -1 -51 82 53 59 63 -12 -45 -34 -54 -2 -13 -16 -63 92 -65 -66 -10 -14 69 -69 -20 -36 93 -71 75 77 -76 78 -60 -80 -57 -4 89 -84 90 -53 87 -75 -29 -52 -25 -18 -47 -8
right_child=3 2 12 14 5 6 8 11 10 -11 43 34 24 -15 22 -17 38 18 31 27 -22 -23 -24 84 25 26 46 29 -30 -31 -32 -33 57 -35 35 48 41 -39 -40 40 -42 -43 -44 56 45 54 -48 -49 -50 50 51 85 58 -55 -56 80 -58 -59 74 -61 -62 62 -64 64 65 -67 -68 68 -70 73 -72 -73 -74 86 76 -77 -78 -79 79 -81 -82 -83 83 -85 -86 -87 -88 -89 -90 -91 -92 -93 -94 -95
leaf_value=-0.0038690121436413269 0.0047728659346978706 0.00049696714593956063 0 0.016822734707038749 0.0037644849006145545 -0.00085656309246749023 0.0038690124319051915 0.0038690124319051915 0.0038690124319051915 -0.00085656309246749023 0.0038690124319051915 0.0038690124319051915 0 -0.00060149471425713765 0.011732638948910206 -0.00050217951977029576 -0.00085656309246749023 -0.00085656309246749023 0.0072932206723758906 0.0038690124319051915 0.0038690124319051915 0.0038690124319051915 0.013229773633533925 0.0022177473719328937 0 0.0052225427073391822 0 0.0048431253494564536 0.0038690124319051915 0.0038690124319051915 0.0038690124319051915 0.0076575851821280337 0.0038690124319051915 0.0038690124319051915 0.0038690124319051915 0.0038690124319051915 0 0.00049696714593956063 0.0033176917328536534 0.0085945872521123162 0.0038690124319051915 0 0.0038690124319051915 0.006128821467150181 0.0038690124319051915 0.0038690124319051915 0 0.0038690124319051915 0.0038690124319051915 0.0013535301745881368 -0.0044760031581708125 -0.0043659792895808878 0.0042758987887583149 -0.00094664391858086941 0.0038690124319051915 0.0038690124319051915 0.0028021533673550651 0.0095885214621496528 0.0042758987887583149 0.0042758987887583149 0.0040364446324804518 0.011222575899679491 0.007202871823463161 -0.00048340553240999804 0.0038690124319051915 -0.0064231334125692133 0.0038690124319051915 0 0 0 0.00389789266810885 0.0038690124319051915 0.0085458920539639854 0 -0.0014436111015473671 0.0042758987887583149 0.0042758987887583149 0 0.0042758987887583149 0.0042758987887583149 0.0081557370765554006 0 -0.0044182430532792296 -0.0038690121436413269 0.0043715981654127269 -0.0043659792895808878 0 0 0.0038690124319051915 -0.0038690121436413269 -0.00079653248961761801 -0.00085656309246749023 0.0038690124319051915 0.0090915543610249339
leaf_weight=279508 582 32976 341 152 358 207 267 296 177 738 127 161 86512 128 210 1405 481 702 132 166 117 135 152 408 3067 135 236 299 128 159 292 580 147 218 106 362 1727 128 190 362 360 858 153 109 161 199 911 156 122 442 904 17399 152 400 151 169 107 146 302 232 197 186 206 356 158 132 320 2873 21742 470 157 158 120 415 125 473 577 235 154 106 125 131 1138 4716 349 10697 295 1277 135 593 113 177 302 252
leaf_count=279508 582 32976 341 152 358 207 267 296 177 738 127 161 86512 128 210 1405 481 702 132 166 117 135 152 408 3067 135 236 299 128 159 292 580 147 218 106 362 1727 128 190 362 360 858 153 109 161 199 911 156 122 442 904 17399 152 400 151 169 107 146 302 232 197 186 206 356 158 132 320 2873 21742 470 157 158 120 415 125 473 577 235 154 106 125 131 1138 4716 349 10697 295 1277 135 593 113 177 302 252
internal_value=0 -0.00671318 -0.00351272 0.00915867 0.00827318 0.0102775 0.00795086 0.0168715 0.0128996 0.00252186 0.007565 0.0238616 -0.00828234 0.0139604 0.0255645 0.00318397 0.00340769 0.00483795 0.00119223 0.0173457 0.00836302 0.00990728 0.0222877 0.00598225 -0.00839089 -0.00598831 -0.00190581 0.0197675 0.023265 0.0157522 0.0131596 0.0060335 0.0308114 0.026585 0.0187907 0.0220339 -0.00425747 0.000951579 -0.00143635 0.020489 0.0182935 -0.00546653 0.0117979 0.0172241 0.00710544 0.00828964 -0.00491492 0.000436948 0.017616 -0.00827971 -0.00769426 -0.00792658 0.00525108 0.0026337 0.00631943 0.0135391 0.0244063 0.0382256 0.00674708 0.00614903 0.0120144 0.0190948 0.0215562 0.00525153 0.00315229 0.00754702 0.00618432 -0.00848618 -0.0081063 -0.00555238 0.00727679 0.0301334 0.0101413 -0.00668857 0.00621519 0.00734291 0.00417502 0.00481163 0.00707759 0.0102478 0.0105515 -0.00346763 -0.00605952 -0.00571209 0.0028438 -0.00841507 -0.00601982 -0.00653509 0.0185492 -0.00741814 0.00126025 -0.00402036 0.00795833 0.00881908
internal_weight=0 469775 154378 17692 16786 12043 8902 3141 4657 4245 2117 1913 121274 33104 906 4743 1480 3507 1724 2540 1783 632 754 1228 118089 4505 1438 1901 1016 885 726 1022 807 514 1106 748 3185 600 848 888 722 2585 442 637 1666 1459 1303 392 484 315397 35889 35447 3338 1214 1298 421 216 293 2124 814 358 602 392 1147 646 290 497 113584 27072 5330 289 264 639 2457 1972 1270 702 797 562 260 294 472 7351 5854 870 28096 1987 1692 434 1497 521 658 501 519
internal_count=487467 469775 154378 17692 16786 12043 8902 3141 4657 4245 2117 1913 121274 33104 906 4743 1480 3507 1724 2540 1783 632 754 1228 118089 4505 1438 1901 1016 885 726 1022 807 514 1106 748 3185 600 848 888 722 2585 442 637 1666 1459 1303 392 484 315397 35889 35447 3338 1214 1298 421 216 293 2124 814 358 602 392 1147 646 290 497 113584 27072 5330 289 264 639 2457 1972 1270 702 797 562 260 294 472 7351 5854 870 28096 1987 1692 434 1497 521 658 501 519
is_linear=0
shrinkage=0.0951581


Tree=10
num_leaves=95
num_cat=0
split_feature=4 2 4 2 2 2 2 2 2 2 2 2 0 2 0 4 0 0 2 2 2 2 2 2 2 0 4 0 2 2 4 0 0 0 2 2 0 2 2 2 2 2 0 4 2 2 2 2 2 2 2 2 2 2 0 2 2 2 4 2 2 2 2 2 2 0 2 2 2 0 2 2 2 2 2 2 2 0 4 2 0 2 0 0 0 2 2 2 2 0 2 2 0 0
split_gain=443.213 1212.08 459.49 24.885 17.8995 9.12025 16.0291 6.50468 7.24262 8.77282 5.85167 5.41406 5.40014 10.2567 6.33406 4.81991 4.67723 4.88813 4.38628 4.26204 3.85119 5.767 6.09333 3.52782 4.04039 3.4312 3.35547 7.00112 3.44772 3.25412 3.01623 2.62296 2.25331 2.24662 2.21526 4.77178 3.78827 2.41071 2.04803 3.38889 1.94448 1.93462 5.52991 1.85786 2.33472 4.78375 3.60394 2.08606 1.78104 1.59224 3.02717 1.58419 4.20613 2.89974 1.55914 1.53289 17.1547 3.57031 1.51612 1.49282 5.97972 1.49147 2.4882 1.5767 5.49062 1.95654 1.35431 1.32969 1.32572 1.23739 1.37382 1.2073 1.19421 1.03503 1.00111 0.802284 0.871547 1.91934 0.799443 0.784058 1.17614 0.715668 0.708573 0.682771 0.658188 0.682331 0.639601 0.62998 0.566479 0.532741 0.525212 0.522008 0.50625 0.486675
threshold=0.15000000223517421 0.10074627026915552 0.25000000745058065 0.2123106122016907 0.19101010262966159 0.29298029839992529 0.23357842862606051 0.1471008434891701 0.15886382013559344 0.15339080244302752 0.1067231632769108 0.19012194871902469 2.5000000000000004 0.24515175819396975 1.5000000000000002 0.35000000894069677 1.5000000000000002 3.5000000000000004 0.26417112350463873 0.20240999013185504 0.20071429014205935 0.19548846781253817 0.1981649845838547 0.17089758068323138 0.17006493359804156 1.5000000000000002 0.59999999403953563 4.5000000000000009 0.35424640774726873 0.26417112350463873 0.25000000745058065 1.5000000000000002 1.5000000000000002 1.5000000000000002 0.10388386249542238 0.10347852483391763 1.5000000000000002 0.10594117641448976 0.17394282668828967 0.17517123371362689 0.15629401057958606 0.18758561462163928 1.5000000000000002 0.35000000894069677 0.21680790930986407 0.22039676457643512 0.21493243426084521 0.21946247667074206 0.31587702035903936 0.14379280805587771 0.14586748182773593 0.11630280315876008 0.12516666948795321 0.12846482545137408 2.5000000000000004 0.10074627026915552 0.10259784013032915 0.1067231632769108 0.45000000298023229 0.16505814343690875 0.17660956084728244 0.16090353578329089 0.1613835692405701 0.1633739769458771 0.16370223462581637 2.5000000000000004 0.15119115263223651 0.15803226083517077 0.22214052081108096 1.5000000000000002 0.20745369791984561 0.21824584156274798 0.14172885566949847 0.14451952278614047 0.15563492476940158 0.168457105755806 0.16587346047163012 1.5000000000000002 0.35000000894069677 0.18346994370222094 1.5000000000000002 0.16259328275918963 1.5000000000000002 1.5000000000000002 1.5000000000000002 0.14415185153484347 0.17660956084728244 0.14451952278614047 0.14415185153484347 2.5000000000000004 0.10481997579336168 0.2385164871811867 2.5000000000000004 2.5000000000000004
decision_type=2 2 2 2 2 2 2 2 2 2 2 2 2 2 2 2 2 2 2 2 2 2 2 2 2 2 2 2 2 2 2 2 2 2 2 2 2 2 2 2 2 2 2 2 2 2 2 2 2 2 2 2 2 2 2 2 2 2 2 2 2 2 2 2 2 2 2 2 2 2 2 2 2 2 2 2 2 2 2 2 2 2 2 2 2 2 2 2 2 2 2 2 2 2
left_child=55 30 10 4 7 6 16 32 9 31 34 23 14 -14 -8 19 68 43 -15 20 21 -6 33 24 61 40 27 28 48 78 -2 66 51 -23 35 -3 -36 90 -25 -40 -11 79 -43 44 46 47 -18 -46 58 -12 84 -4 -53 -54 86 -1 -57 -58 -7 -56 -61 -10 -63 81 -65 75 -9 74 71 -21 -71 -5 -55 -34 -27 76 83 -78 91 82 -81 -64 -41 -66 85 -51 -52 -87 -86 -17 -38 -16 -50 -47
right_child=1 2 3 5 15 26 12 8 11 25 49 -13 13 18 29 89 17 -19 -20 69 -22 22 -24 38 -26 67 -28 -29 -30 -31 -32 -33 73 -35 36 -37 37 -39 39 41 -42 42 -44 -45 45 93 -48 -49 92 50 54 52 53 72 59 56 57 -59 -60 60 -62 62 63 64 65 -67 -68 -69 -70 70 -72 -73 -74 -75 -76 -77 77 -79 -80 80 -82 -83 -84 -85 88 87 -88 -89 -90 -91 -92 -93 -94 -95
leaf_value=-0.0035008443423160166 0.00044967670211084736 0 0.0038690124319051915 0.0035008446031492436 -0.00077505418560906898 0.0039064443539838008 0.0079214155277657766 0.0038690124319051915 0.0039469792625527666 0.0035008446031492436 0 0.0035008446031492436 0.0035008446031492436 0.00011618594657047466 -0.0060149651326034861 0.0080857950343446398 0.0019401316216054165 0.0018088240137617384 0.0058262989220101103 0.0035008446031492436 -0.00077505418560906898 0.0035008446031492436 -0.0003504842772484471 -0.00045439307640947807 0.0035008446031492436 0.0035008446031492436 0.01197085365865227 0.00098018113754467021 0.0065174603065128265 0.0035008446031492436 0.0043186891340160367 0.0038690124319051915 0 0.0027425201761269863 0 0.00044967670211084736 0 0.00074137313649370602 0.0035008446031492436 0.0035008446031492436 0.0035008446031492436 0.0035008446031492436 0.0026629544897091373 0.0096092999390750278 0.0019401316216054165 0.0035008446031492436 0.0077767427547490451 0.0035008446031492436 0.010154657025094938 0 0 -0.00085656309246749283 0.0038690124319051915 0.0038690124319051915 0 0.0012247308299738863 -0.0035008443423160166 -0.0039505210444268643 0.0091699971858569106 0.0035008446031492436 0 0.0035008446031492436 0.0036523442755058587 0.0035008446031492436 0.0035008446031492436 0.0035008446031492436 0.0039429644035420368 0.0035008446031492436 0.0035008446031492436 0.0035008446031492436 0.0082264194233563626 0.0035008446031492436 0.0022509150197845035 0.0038690124319051915 0.0035008446031492436 0.004242217794879548 0.0035008446031492436 0.0035008446031492436 0.00083686352031644366 -0.00081056314586396808 0.0079704330508536814 -0.00099083648011383967 0.0035008446031492436 -0.0017322096718441469 -0.0095158090267697202 0 0 0 0 0.0081630934175368122 -0.0086964690654374194 -0.00077505418560906898 0.010616183449367994 0.0065005636051260196
leaf_weight=279508 33104 472 215 172 770 112 184 215 378 230 87108 130 169 379 201 255 227 116 206 234 731 140 596 350 109 152 152 166 185 156 922 433 778 136 1913 128 146 240 236 267 244 215 279 145 225 282 149 112 110 195 21942 320 115 404 466 442 7351 28096 139 117 345 117 244 109 134 201 153 130 178 155 136 114 249 108 264 156 183 221 128 231 220 139 502 130 117 634 4967 1134 1064 106 286 484 242 217
leaf_count=279508 33104 472 215 172 770 112 184 215 378 230 87108 130 169 379 201 255 227 116 206 234 731 140 596 350 109 152 152 166 185 156 922 433 778 136 1913 128 146 240 236 267 244 215 279 145 225 282 149 112 110 195 21942 320 115 404 466 442 7351 28096 139 117 345 117 244 109 134 201 153 130 178 155 136 114 249 108 264 156 183 221 128 231 220 139 502 130 117 634 4967 1134 1064 106 286 484 242 217
internal_value=0 -0.00227568 -0.0062408 0.0085228 0.00615066 0.0141872 0.0119963 0.0084354 0.00997278 0.0150445 -0.00828234 0.00794343 0.00580329 0.0120651 0.00170839 0.00014891 0.0180933 0.0207177 0.00609988 -0.00114269 -0.00285916 -0.000301356 0.00499798 0.00738061 0.0101798 0.0208975 0.021802 0.0197099 0.0234514 -0.00136502 0.0138109 0.00759126 0.00396021 0.0166871 -0.00425747 0.000951579 -0.00546653 0.000679698 0.00479928 0.00600228 0.0268209 0.00453028 0.00955433 0.0223204 0.0235383 0.0263392 0.0173107 0.0350984 0.0269378 -0.00839089 -0.00780499 0.00647776 0.00500279 0.00882195 -0.0081211 -0.00827971 -0.00769426 -0.00792658 0.0208135 -0.00428622 -0.000453136 0.00921312 0.0104592 0.00942799 0.0112109 0.00905162 0.013498 0.0157551 0.00976191 0.00661575 0.0107584 0.0137746 0.00636816 0.000257762 0.01313 0.00699827 0.00843317 0.0112117 -0.00378058 0.00249595 -0.000654082 0.00414919 0.00434336 0.00418119 -0.00500609 -0.00607403 -0.00825335 -0.00666322 -0.00323103 0.0105175 -0.00356843 -0.00507047 0.0313048 0.0204237
internal_weight=0 172070 138044 16770 11820 4950 3844 8561 6372 1821 121274 4551 1907 754 1153 3259 1937 1473 585 2898 2373 1642 872 4421 2121 1020 1106 954 788 969 34026 801 2189 276 3185 600 2585 672 2300 1950 474 1714 494 1357 1212 836 376 337 603 118089 30981 1303 1088 768 27837 315397 35889 35447 251 928 462 2012 1634 1517 1134 1025 368 546 464 525 291 286 653 886 416 824 668 404 813 1220 451 383 769 264 3144 1963 26909 1768 1181 361 432 685 352 499
internal_count=487467 172070 138044 16770 11820 4950 3844 8561 6372 1821 121274 4551 1907 754 1153 3259 1937 1473 585 2898 2373 1642 872 4421 2121 1020 1106 954 788 969 34026 801 2189 276 3185 600 2585 672 2300 1950 474 1714 494 1357 1212 836 376 337 603 118089 30981 1303 1088 768 27837 315397 35889 35447 251 928 462 2012 1634 1517 1134 1025 368 546 464 525 291 286 653 886 416 824 668 404 813 1220 451 383 769 264 3144 1963 26909 1768 1181 361 432 685 352 499
is_linear=0
shrinkage=0.0951581


Tree=11
num_leaves=24
num_cat=0
split_feature=4 4 0 3 4 0 0 3 0 3 0 4 0 4 0 4 0 0 4 0 4 0 0
split_gain=438.733 238.958 111.759 18.3616 14.0088 7.64623 7.34994 5.95344 4.34208 2.56319 9.13851 1.98626 1.50714 1.77635 0.989914 0.642643 0.709804 0.592473 0.517797 0.298235 0.0631731 0.00700137 0.0040724
threshold=0.15000000223517421 0.25000000745058065 1.5000000000000002 0.15000000223517421 0.59999999403953563 2.5000000000000004 1.5000000000000002 0.15000000223517421 2.5000000000000004 0.15000000223517421 2.5000000000000004 0.35000000894069677 4.5000000000000009 0.45000000298023229 3.5000000000000004 0.35000000894069677 3.5000000000000004 1.5000000000000002 0.45000000298023229 3.5000000000000004 0.35000000894069677 1.5000000000000002 2.5000000000000004
decision_type=2 2 2 2 2 2 2 2 2 2 2 2 2 2 2 2 2 2 2 2 2 2 2
left_child=21 2 7 8 5 6 20 -2 17 22 -11 -8 13 15 -15 19 -17 -3 -13 -7 -5 -1 -4
right_child=1 3 9 4 -6 12 11 -9 -10 10 -12 18 -14 14 -16 16 -18 -19 -20 -21 -22 -23 -24
leaf_value=-0.0031677106853408308 0 0.0035008446031492436 0 0.003167710921353665 0.019816957223191309 0.003167710921353665 0.003167710921353665 0 -0.00031713286325360448 0 0.003167710921353665 0.0061831717880982476 0.0033287203669341752 0.0096059677214479899 0.0092029041821361877 0.0047201393615307289 0.0074304364413267732 0.0035008446031492436 0.0065361882868436852 0.003167710921353665 0.0073514549257397369 -0.0031677106853408308 0
leaf_weight=310726 113386 2798 34831 3390 166 2151 4790 1992 581 2491 150 531 227 213 162 339 187 1364 142 179 472 4671 1528
leaf_count=310726 113386 2798 34831 3390 166 2151 4790 1992 581 2491 150 531 227 213 162 339 187 1364 142 179 472 4671 1528
internal_value=0 -0.00230609 -0.00350656 0.00816901 0.0100243 0.00966767 0.00825043 -0.002018 0.00310372 -0.00791032 -0.00504796 0.00600421 0.0134894 0.014016 0.0201735 0.0132075 0.0102033 0.00417945 0.0108449 0.0138857 0.0114278 -0.00827971 -0.00811824
internal_weight=0 172070 154378 17692 12949 12783 9325 115378 4743 39000 2641 5463 3458 3231 375 2856 526 4162 673 2330 3862 315397 36359
internal_count=487467 172070 154378 17692 12949 12783 9325 115378 4743 39000 2641 5463 3458 3231 375 2856 526 4162 673 2330 3862 315397 36359
is_linear=0
shrinkage=0.0951581


Tree=12
num_leaves=95
num_cat=0
split_feature=3 2 2 0 2 2 2 2 2 2 2 2 2 2 2 2 2 2 2 0 2 2 3 2 2 2 2 2 2 2 0 2 2 2 2 2 2 0 2 2 2 2 2 0 2 2 2 2 2 3 2 2 2 2 2 2 2 0 2 2 2 2 2 2 2 0 2 2 0 2 2 2 2 2 0 2 0 2 2 2 2 2 2 2 2 2 2 2 2 2 2 2 0 2
split_gain=266.147 54.4885 42.5333 15.5815 16.1423 14.6763 16.6228 11.9437 9.90284 20.4487 9.26127 7.53058 7.1376 6.90403 10.769 5.48917 4.95556 4.01552 3.96135 3.91162 3.83207 5.11165 3.58661 3.36326 3.0129 11.4118 3.93406 5.60448 2.69693 4.63298 2.51431 6.19858 4.13397 2.43577 6.79374 1.92968 11.0762 1.59526 1.66397 1.57383 4.0065 1.45792 2.03572 1.42926 1.30959 1.28656 1.24842 1.21877 1.07569 1.00902 0.95575 2.11348 0.897821 2.82521 2.08479 0.915161 0.729558 0.689835 1.40501 0.826552 0.687328 0.667706 0.629675 1.15489 0.824335 0.683951 0.621271 0.604092 0.708212 1.2429 0.62148 0.529455 0.502475 0.484577 0.458301 1.65134 0.432148 2.35143 1.13276 0.751454 0.430744 0.406897 0.33753 0.905493 0.503975 0.49433 0.504192 0.337084 0.309468 0.690512 0.310523 0.881296 2.17344 0.311792
threshold=0.15000000223517421 0.1067231632769108 0.15339080244302752 2.5000000000000004 0.15954913944005969 0.17660956084728244 0.16505814343690875 0.20240999013185504 0.2123106122016907 0.22547236829996112 0.11630280315876008 0.168457105755806 0.15803226083517077 0.24515175819396975 0.23021738976240161 0.26417112350463873 0.168457105755806 0.21392118930816653 0.21680790930986407 1.5000000000000002 0.14379280805587771 0.1483045965433121 0.25000000745058065 0.33771552145481115 0.18758561462163928 0.19101010262966159 0.19548846781253817 0.1981649845838547 0.20240999013185504 0.20071429014205935 1.5000000000000002 0.15629401057958606 0.15529115498065951 0.21680790930986407 0.22039676457643512 0.10074627026915552 0.10259784013032915 1.5000000000000002 0.23357842862606051 0.1633739769458771 0.16370223462581637 0.1613835692405701 0.16090353578329089 1.5000000000000002 0.14415185153484347 0.23642505705356601 0.26417112350463873 0.23021738976240161 0.16013698279857638 0.35000000894069677 0.18346994370222094 0.17660956084728244 0.19510195404291156 0.19699231535196307 0.19238026440143588 0.17394282668828967 0.18897569924592975 1.5000000000000002 0.10594117641448976 0.10458041727542879 0.30072464048862463 0.42745216190814977 0.15339080244302752 0.15392307937145236 0.19238026440143588 1.5000000000000002 0.2385164871811867 0.13642506301403048 1.5000000000000002 0.14859127253293994 0.13263087719678882 0.10559467971324922 0.25646600127220159 0.15032467991113665 3.5000000000000004 0.31587702035903936 1.5000000000000002 0.14586748182773593 0.14451952278614047 0.14790198951959613 0.15220635384321216 0.22039676457643512 0.14741302281618121 0.1471008434891701 0.14670995622873309 0.14620192348957065 0.14503520727157596 0.14451952278614047 0.15954913944005969 0.15886382013559344 0.15563492476940158 0.15629401057958606 1.5000000000000002 0.15724790096282962
decision_type=2 2 2 2 2 2 2 2 2 2 2 2 2 2 2 2 2 2 2 2 2 2 2 2 2 2 2 2 2 2 2 2 2 2 2 2 2 2 2 2 2 2 2 2 2 2 2 2 2 2 2 2 2 2 2 2 2 2 2 2 2 2 2 2 2 2 2 2 2 2 2 2 2 2 2 2 2 2 2 2 2 2 2 2 2 2 2 2 2 2 2 2 2 2
left_child=1 35 10 4 12 6 -5 -7 11 17 -2 39 30 14 33 72 -8 -10 -19 24 -3 44 37 74 50 56 -27 -28 29 52 31 -4 -32 -9 -35 -1 -37 47 -39 41 -41 42 48 -20 -22 -16 66 -11 -6 -25 51 -13 54 -54 55 -21 -26 59 -59 -38 -24 -51 -23 65 88 -64 -40 70 69 87 -12 -61 -15 -71 75 -17 78 -78 -46 82 -75 -45 83 84 85 86 -80 -69 89 90 -65 92 -92 -93
right_child=2 20 3 5 8 7 16 13 9 22 67 19 -14 15 45 23 -18 18 43 28 21 62 60 49 25 26 27 -29 -30 -31 32 -33 -34 34 -36 36 57 38 46 40 -42 -43 -44 81 76 -47 -48 -49 -50 61 -52 -53 53 -55 -56 -57 -58 58 -60 71 -62 -63 63 64 -66 -67 -68 68 -70 73 -72 -73 -74 80 -76 -77 77 -79 79 -81 -82 -83 -84 -85 -86 -87 -88 -89 -90 -91 91 93 -94 -95
leaf_value=-0.0028662773904949254 0.002693872190334901 0 0.0028662776040492303 0.0027535863263422359 0.0047255755243726869 0.0030856200136114439 0.0028662776040492303 0.0028662776040492303 0.0028662776040492303 -0.00081934002237788481 0 0 0.0047255755243726869 -0.00108754353554035 0.0028662776040492303 0.0073833122489681529 0.0028662776040492303 0.0028827364791927895 0.0028662776040492303 0 3.0177757178656213e-05 0 0.0070439652250788454 0.00073513428578845066 0.0028662776040492303 -0.0010027348278559612 0.0028662776040492303 0.0028662776040492303 0.0028662776040492303 -0.0010027348278559612 0 0.0027883107734016505 0.0028662776040492303 0.0028662776040492303 0.010080224133400094 0.001409621079684133 -0.0028662773904949254 0.0028662776040492303 0.00016885037671007122 0.0028662776040492303 0.0028662776040492303 0.0016053542184800778 0.0028662776040492303 0.0028662776040492303 0 0.0028662776040492303 0.0028662776040492303 0.0028662776040492303 0 0.007501326359455514 -0.0010348648233159635 0.0028662776040492303 0.0053363177296200295 0 -0.010328526658680974 0.0028662776040492303 0.0028662776040492303 -0.0028662773904949254 0.00067082548570043506 0 0.0059142171011056449 0.0084154079651608781 0.0086103034674408357 0 0 0 -0.0010027348278559612 0 0 0.0026890734295238849 0.0055912434302019618 0 0.0069274504646347577 0 0.0083271734082969086 0.00936292767131351 0 0 0 0.003167710921353665 0.00081161834130234593 0.0028662776040492303 0 0.003167710921353665 0 0 0 0 0 0 0 0 0.0086103034674408357 0
leaf_weight=313058 499 115033 235 139 141 800 115 342 133 110 267 306 298 217 120 248 231 249 215 283 291 8360 107 167 132 341 156 449 187 684 156 140 330 162 238 559 3032 160 218 120 538 275 113 223 673 130 176 193 109 152 228 188 119 476 277 746 177 1111 431 2806 186 121 226 1395 3053 218 563 343 1561 347 160 3111 161 177 231 117 991 926 335 215 148 167 356 241 240 320 1062 485 9490 222 228 997 112 793
leaf_count=313058 499 115033 235 139 141 800 115 342 133 110 267 306 298 217 120 248 231 249 215 283 291 8360 107 167 132 341 156 449 187 684 156 140 330 162 238 559 3032 160 218 120 538 275 113 223 673 130 176 193 109 152 228 188 119 476 277 746 177 1111 431 2806 186 121 226 1395 3053 218 563 343 1561 347 160 3111 161 177 231 117 991 926 335 215 148 167 356 241 240 320 1062 485 9490 222 228 997 112 793
internal_value=0 -0.00661642 0.00530833 0.00784293 0.00587628 0.01312 0.0285474 0.0107862 0.00447771 0.0092691 -0.00333423 0.00233763 0.0164289 0.0141353 0.0202211 0.00986575 0.0397134 0.0201789 0.0177836 0.000583089 -0.00814435 -0.00720062 0.00298306 0.013447 0.00381691 0.00663453 0.00144849 0.00605551 -0.00172328 -0.0025216 0.0120357 0.0178897 0.00751866 0.0144661 0.0195074 -0.00592919 -0.00469332 0.00100519 -0.000655971 0.00876688 0.0120321 0.00539925 0.00935852 0.0219414 -0.00461475 0.037302 -0.00215771 0.007129 0.00456759 0.00713685 -0.00108075 0.00127134 -0.000105122 0.00295869 -0.00150096 0.000471627 0.0225115 -0.00538876 -0.00352986 -0.00570906 0.0125687 0.0107009 -0.00778284 -0.00744592 -0.00757643 -0.00265757 -0.00378927 -0.00506892 -0.00553664 -0.00406008 -0.00171597 -0.00636371 5.03459e-05 -0.00101955 0.0181056 0.0202048 -0.00495234 -0.00380732 -0.00559006 -0.00473901 -0.00365993 0.0253755 -0.00519383 -0.00475358 -0.00543136 -0.00486044 -0.0056332 -0.00652776 -0.00725134 -0.00651911 -0.00684329 -0.0061205 -0.00167926 -0.00696409
internal_weight=0 469885 17582 13595 9904 3691 485 3206 8745 2700 3987 6045 1159 2406 992 1414 346 987 854 4749 145777 30744 1713 1036 1977 1255 946 605 2772 2585 861 375 486 742 400 324108 11050 1420 1117 1296 658 638 363 605 5650 250 957 303 250 440 722 494 1901 595 1306 1029 309 10491 1542 8949 293 273 25094 16734 16290 444 781 3488 3061 1500 427 5917 378 672 596 365 5359 1917 3442 2769 325 390 2554 2198 1957 1717 1397 828 13237 3747 3525 2130 340 1790
internal_count=487467 469885 17582 13595 9904 3691 485 3206 8745 2700 3987 6045 1159 2406 992 1414 346 987 854 4749 145777 30744 1713 1036 1977 1255 946 605 2772 2585 861 375 486 742 400 324108 11050 1420 1117 1296 658 638 363 605 5650 250 957 303 250 440 722 494 1901 595 1306 1029 309 10491 1542 8949 293 273 25094 16734 16290 444 781 3488 3061 1500 427 5917 378 672 596 365 5359 1917 3442 2769 325 390 2554 2198 1957 1717 1397 828 13237 3747 3525 2130 340 1790
is_linear=0
shrinkage=0.0951581


Tree=13
num_leaves=95
num_cat=0
split_feature=4 2 4 2 2 2 0 2 4 2 2 2 2 2 2 2 0 4 4 2 2 2 2 0 2 2 0 2 2 2 2 2 0 0 2 2 0 2 2 2 2 2 2 0 2 2 2 2 2 2 0 2 2 2 2 2 2 0 2 2 2 2 0 0 2 2 2 2 2 2 0 2 2 2 4 2 2 2 0 2 0 2 2 0 0 0 4 2 2 2 2 2 2 4
split_gain=446.321 1258.37 406.996 8.38699 18.2987 12.8957 10.3505 9.7258 6.27066 5.69364 4.9829 4.65841 6.65751 6.626 8.50784 4.06073 3.41481 3.21683 3.10213 4.04833 4.1805 5.03503 6.09333 3.05793 2.97669 2.81913 4.32827 2.72466 2.25389 5.68858 4.84438 3.26389 2.66479 2.24662 2.20869 2.11435 2.34274 2.01068 3.48541 1.99521 1.94814 3.51377 2.10943 5.52991 1.81478 1.74348 1.53289 17.1547 3.57031 1.50812 1.49859 1.49282 5.97972 1.4654 2.50992 1.53945 5.5361 1.99993 1.44919 1.24728 3.03099 2.97978 1.50841 1.23739 1.37382 1.22719 1.25389 1.19421 1.159 1.14095 1.08413 1.0501 1.00111 0.98959 0.797566 0.79138 0.772409 0.814127 2.07382 0.715668 0.682771 0.682331 0.636436 1.17614 0.896741 0.635393 1.40588 0.62998 0.591123 0.620716 1.12219 0.581714 0.58165 1.56288
threshold=0.15000000223517421 0.10458041727542879 0.25000000745058065 0.2123106122016907 0.19101010262966159 0.22547236829996112 2.5000000000000004 0.24515175819396975 0.35000000894069677 0.12516666948795321 0.26417112350463873 0.19012194871902469 0.17089758068323138 0.15339080244302752 0.15886382013559344 0.17006493359804156 1.5000000000000002 0.25000000745058065 0.35000000894069677 0.20240999013185504 0.20071429014205935 0.19548846781253817 0.1981649845838547 1.5000000000000002 0.11630280315876008 0.1067231632769108 1.5000000000000002 0.32517604529857641 0.21392118930816653 0.21680790930986407 0.22039676457643512 0.21946247667074206 2.5000000000000004 1.5000000000000002 0.12846482545137408 0.27303031086921697 1.5000000000000002 0.14379280805587771 0.14586748182773593 0.23357842862606051 0.17394282668828967 0.17517123371362689 0.18758561462163928 1.5000000000000002 0.15629401057958606 0.10594117641448976 0.10074627026915552 0.10259784013032915 0.1067231632769108 0.23021738976240161 2.5000000000000004 0.16505814343690875 0.17660956084728244 0.16090353578329089 0.1613835692405701 0.1633739769458771 0.16370223462581637 2.5000000000000004 0.20071429014205935 0.10259784013032915 0.10074627026915552 0.10317540168762208 1.5000000000000002 1.5000000000000002 0.20745369791984561 0.1471008434891701 0.15119115263223651 0.14172885566949847 0.15803226083517077 0.10421099141240121 1.5000000000000002 0.23357842862606051 0.15563492476940158 0.21493243426084521 0.35000000894069677 0.13263087719678882 0.168457105755806 0.16587346047163012 1.5000000000000002 0.16259328275918963 1.5000000000000002 0.14415185153484347 0.18346994370222094 1.5000000000000002 1.5000000000000002 3.5000000000000004 0.59999999403953563 0.14451952278614047 0.14926454424858096 0.14013888686895373 0.13759057968854907 0.14586748182773593 0.31587702035903936 0.35000000894069677
decision_type=2 2 2 2 2 2 2 2 2 2 2 2 2 2 2 2 2 2 2 2 2 2 2 2 2 2 2 2 2 2 2 2 2 2 2 2 2 2 2 2 2 2 2 2 2 2 2 2 2 2 2 2 2 2 2 2 2 2 2 2 2 2 2 2 2 2 2 2 2 2 2 2 2 2 2 2 2 2 2 2 2 2 2 2 2 2 2 2 2 2 2 2 2 2
left_child=46 17 25 4 9 8 35 71 28 24 -9 12 13 23 16 53 44 59 19 20 21 -6 33 34 -4 26 -3 92 -5 73 31 -31 -32 -23 -11 36 49 -27 70 -38 -14 -42 82 -44 -15 -28 -1 -48 -49 -7 -40 -52 -53 -16 -55 79 -57 76 -20 60 -2 -61 69 -21 -65 67 -67 -36 72 -63 81 -8 -18 -30 -41 -25 77 80 -79 -56 -58 -39 84 -84 -43 -29 -87 -83 89 90 -77 -91 93 -12
right_child=1 2 3 5 18 6 7 10 -10 11 27 -13 40 14 15 -17 68 -19 58 63 -22 22 -24 75 -26 37 45 85 29 30 32 -33 -34 -35 65 -37 39 38 50 74 41 42 43 -45 -46 -47 47 48 -50 -51 51 52 -54 54 55 56 57 -59 -60 61 -62 62 -64 64 -66 66 -68 -69 -70 -71 -72 -73 -74 -75 -76 88 -78 78 -80 -81 -82 87 83 -85 -86 86 -88 -89 -90 91 -92 -93 -94 -95
leaf_value=-0.0025935279119022347 0.00067963580513041952 0 0.003167710921353665 0.0025935281051351197 -0.00090731649801412421 -0.005056935527346984 0.0023080805778207879 -0.00014396911080252691 0.0011345784636579313 0.003167710921353665 0.0019424099323664603 0.0025935281051351197 -0.00038097614249314515 0.0025935281051351197 0.0032382585774031443 0.0025935281051351197 0.0025935281051351197 0.0038473467264840818 0.0067279874216607527 0.0025935281051351197 -0.00090731649801412421 0.0025935281051351197 -0.00028695510607494823 -0.0027370584544169356 -0.0011081878674046503 0 -0.0075961802108368967 0.0042693738294619851 0.0016453181325119001 0.0025935281051351197 0.0025935281051351197 0.0025935281051351197 0.0091210092696888036 0.0016723200835849043 0.003167710921353665 0.0040227203437434344 0.0025935281051351197 0 0 -0.00090731649801412421 0.0025935281051351197 0.0025935281051351197 0.0025935281051351197 0.0018144978090584205 0.0025229804490856348 0.0006069910145294887 0.0012754842317390974 -0.0025935279119022347 -0.0032731637170326541 0.0057357729006914234 0 0.0025935281051351197 0 0.0025935281051351197 0.0028505984177656122 0.0025935281051351197 0.0025935281051351197 0.0025935281051351197 0.0020102583122574352 0.00027274947859269068 -0.00022030308745916196 0.00067963580513041952 0.00027274947859269068 0.0025935281051351197 0.0068694262567349151 0.003167710921353665 0.0031982005811139361 0.00141045302463914 0.0024166008684348588 0.00027274947859269068 0 0.0025935281051351197 0.0025935281051351197 0.0064609737654093089 0.00015278289756078567 0.003535878750109613 0.0035371031397300554 0.0025935281051351197 0.0025935281051351197 -0.0012296840560991915 -0.0019005095917800166 0 -0.00093638906451140136 0.0066236934181256677 0.0025935281051351197 0.0037027478112511758 0.017130419308160037 0 0.003167710921353665 0.0042364631459548344 -0.0035194629288563288 0.003167710921353665 0.0078750948307865776 0.0071366859804938079
leaf_weight=279508 33104 1649 226 153 770 108 163 379 198 115 142 130 350 230 378 109 152 956 234 234 731 140 596 160 495 87108 341 166 144 318 231 120 142 136 404 376 160 195 26909 740 236 267 215 279 244 240 442 7351 28096 182 466 117 345 117 244 109 134 201 127 224 117 249 180 155 136 215 153 249 130 185 1181 169 264 174 151 168 156 183 221 139 130 634 231 220 502 252 110 1134 326 172 106 167 131 241
leaf_count=279508 33104 1649 226 153 770 108 163 379 198 115 142 130 350 230 378 109 152 956 234 234 731 140 596 160 495 87108 341 166 144 318 231 120 142 136 404 376 160 195 26909 740 236 267 215 279 244 240 442 7351 28096 182 466 117 345 117 244 109 134 201 127 224 117 249 180 155 136 215 153 249 130 185 1181 169 264 174 151 168 156 183 221 139 130 634 231 220 502 252 110 1134 326 172 106 167 131 241
internal_value=0 -0.00225466 -0.00636783 0.007536 0.00615548 0.010823 0.00765104 0.0127945 0.0182601 0.0084735 0.00936848 0.0092208 0.00891828 0.0107513 0.0135693 0.0101349 0.0207109 0.013845 9.05132e-05 -0.000945673 -0.00261855 4.63598e-05 0.00499798 0.00679092 0.000382742 -0.00830181 -0.00494993 0.0127669 0.0206943 0.0192255 0.0234551 0.030242 0.0154855 0.0166871 0.0102529 0.00239973 0.000631547 -0.0083651 -0.0077067 -0.0014577 0.00463378 0.00580708 0.00430821 0.00955433 0.0266202 0.0021128 -0.00827971 -0.00769426 -0.00792658 0.00820328 -0.0080459 -0.00428622 -0.000453136 0.00916582 0.010401 0.00936526 0.0111269 0.00895878 0.0084087 0.0139978 0.0139064 0.0176235 0.0141962 0.00661575 0.0107584 0.00884476 0.0132394 0.00636816 0.0155808 0.0172337 -0.00470343 0.0274583 0.01313 0.00843855 -0.00321466 0.00321234 0.00688279 0.00829072 0.0109762 0.00414919 0.00418119 -0.00607403 0.00218395 -0.000654082 0.00384839 0.00796588 0.00573051 -0.00666322 0.0042664 0.00600753 0.00263942 0.00872984 0.0176987 0.0158266
internal_weight=0 172070 137055 16736 11786 4950 3470 1753 1480 8527 1421 7806 7676 5376 3141 2121 1020 35015 3259 2898 2373 1642 872 2235 721 120319 2230 1042 1282 1129 811 438 373 276 1136 1717 1341 118089 30981 1051 2300 1950 1714 494 474 581 315397 35889 35447 290 27837 928 462 2012 1634 1517 1134 1025 361 34059 33221 838 614 525 291 1021 368 653 546 434 3144 332 416 318 891 1099 824 668 404 383 264 1963 1220 451 769 528 362 1768 939 613 274 339 514 383
internal_count=487467 172070 137055 16736 11786 4950 3470 1753 1480 8527 1421 7806 7676 5376 3141 2121 1020 35015 3259 2898 2373 1642 872 2235 721 120319 2230 1042 1282 1129 811 438 373 276 1136 1717 1341 118089 30981 1051 2300 1950 1714 494 474 581 315397 35889 35447 290 27837 928 462 2012 1634 1517 1134 1025 361 34059 33221 838 614 525 291 1021 368 653 546 434 3144 332 416 318 891 1099 824 668 404 383 264 1963 1220 451 769 528 362 1768 939 613 274 339 514 383
is_linear=0
shrinkage=0.0951581


Tree=14
num_leaves=24
num_cat=0
split_feature=4 4 0 3 0 0 3 0 3 0 4 3 0 4 4 0 4 0 4 0 0 0 0
split_gain=443.948 204.796 112.011 13.3746 5.17018 6.02895 4.47511 4.34208 2.67286 8.99473 1.27766 1.30421 1.59282 1.1966 1.01111 0.827114 0.701808 0.592473 0.0904358 0.0705355 0.0374457 0.0125768 0.00700137
threshold=0.15000000223517421 0.25000000745058065 1.5000000000000002 0.15000000223517421 2.5000000000000004 1.5000000000000002 0.15000000223517421 2.5000000000000004 0.15000000223517421 2.5000000000000004 0.35000000894069677 0.25000000745058065 3.5000000000000004 0.59999999403953563 0.35000000894069677 4.5000000000000009 0.45000000298023229 1.5000000000000002 0.35000000894069677 3.5000000000000004 3.5000000000000004 2.5000000000000004 1.5000000000000002
decision_type=2 2 2 2 2 2 2 2 2 2 2 2 2 2 2 2 2 2 2 2 2 2 2
left_child=22 2 6 7 5 14 -2 17 21 -10 20 19 -13 15 -5 -14 18 -3 -7 -12 -6 -4 -1
right_child=1 3 8 4 10 16 -8 -9 9 -11 11 12 13 -15 -16 -17 -18 -19 -20 -21 -22 -23 -24
leaf_value=-0.0023467327524271842 0 0.0028662776040492303 0 0.0023467329272723954 0.0023467329272723954 0.0023467329272723954 0 -0.00037295597927272493 0 0.0023467329272723954 0.0037798882043345709 0.0070515449146742832 0.0068556621026186091 0.015587303604252598 0.0061821165472859159 0.0036879122068690126 0.0055461081016892136 0.0028662776040492303 0.0044467767562173998 0.0064758408149188035 0.0023467329272723954 0 -0.0026833167021908214
leaf_weight=310726 113386 2798 34831 3390 2151 4790 1992 581 2491 150 243 336 209 116 478 161 159 1364 531 170 215 1528 4671
leaf_count=310726 113386 2798 34831 3390 2151 4790 1992 581 2491 150 243 336 209 116 478 161 159 1364 531 170 215 1528 4671
internal_value=0 -0.0022707 -0.00338205 0.00742676 0.00901022 0.00783008 -0.00189182 0.00310372 -0.00779077 -0.0048678 0.0120738 0.00959286 0.0117848 0.00830186 0.0107065 0.00565805 0.00579978 0.00417945 0.00561363 0.00523024 0.0133688 -0.00800308 -0.00827971
internal_weight=0 172070 154378 17692 12949 9348 115378 4743 39000 2641 3601 1235 822 486 3868 370 5480 4162 5321 413 2366 36359 315397
internal_count=487467 172070 154378 17692 12949 9348 115378 4743 39000 2641 3601 1235 822 486 3868 370 5480 4162 5321 413 2366 36359 315397
is_linear=0
shrinkage=0.0951581


Tree=15
num_leaves=95
num_cat=0
split_feature=4 2 4 2 2 2 2 0 2 2 4 2 2 2 2 2 2 2 2 0 0 4 2 2 0 2 2 2 2 0 0 2 2 2 2 2 2 2 2 0 2 2 2 2 2 0 2 2 2 2 2 2 2 0 2 2 2 2 2 0 2 2 2 0 2 0 2 2 2 0 2 0 2 4 2 2 2 2 2 2 0 0 2 2 0 0 2 4 2 4 0 2 2 0
split_gain=438.571 1266.17 379.99 5.25357 14.2454 13.1069 12.9467 12.4723 9.7373 8.65281 6.34374 5.28102 6.84847 4.85854 4.10157 4.09175 9.25343 4.84438 3.82714 3.53005 3.41481 3.33227 3.26389 2.81913 4.32827 2.74409 5.91223 5.07416 2.96043 4.13019 2.66479 2.46658 3.80082 2.26828 2.01068 3.48541 1.94814 3.51377 2.10943 5.52991 1.81478 1.74348 1.53289 17.1547 3.57031 1.49859 1.49282 5.97972 1.4218 1.41393 2.55365 1.46629 5.62761 2.08815 1.3335 1.25389 1.24728 3.03099 2.97978 1.50841 1.159 1.14095 1.10249 1.31815 1.12903 1.08413 1.06369 1.05164 1.25133 2.03936 1.00111 0.97864 1.30622 0.947159 2.10768 0.90227 1.0078 0.715668 0.71436 0.705157 1.82123 0.682771 0.682331 0.636436 1.17614 0.896741 0.62998 0.615112 0.58165 1.56288 0.707186 0.464755 0.463554 0.521939
threshold=0.15000000223517421 0.10458041727542879 0.25000000745058065 0.17089758068323138 0.2123106122016907 0.15339080244302752 0.22547236829996112 2.5000000000000004 0.24515175819396975 0.15886382013559344 0.35000000894069677 0.19101010262966159 0.19012194871902469 0.26417112350463873 0.17006493359804156 0.21680790930986407 0.21392118930816653 0.22039676457643512 0.32517604529857641 1.5000000000000002 1.5000000000000002 0.25000000745058065 0.21946247667074206 0.1067231632769108 1.5000000000000002 0.20240999013185504 0.20071429014205935 0.19510195404291156 0.1981649845838547 2.5000000000000004 2.5000000000000004 0.12516666948795321 0.11630280315876008 0.12846482545137408 0.14379280805587771 0.14586748182773593 0.17394282668828967 0.17517123371362689 0.18758561462163928 1.5000000000000002 0.15629401057958606 0.10594117641448976 0.10074627026915552 0.10259784013032915 0.1067231632769108 2.5000000000000004 0.16505814343690875 0.17660956084728244 0.23357842862606051 0.16090353578329089 0.1613835692405701 0.1633739769458771 0.16370223462581637 2.5000000000000004 0.1471008434891701 0.15119115263223651 0.10259784013032915 0.10074627026915552 0.10317540168762208 1.5000000000000002 0.15803226083517077 0.10421099141240121 0.13058389723300937 2.5000000000000004 0.13893597573041919 1.5000000000000002 0.14172885566949847 0.23357842862606051 0.26417112350463873 1.5000000000000002 0.15563492476940158 1.5000000000000002 0.20745369791984561 0.59999999403953563 0.38397435843944555 0.14379280805587771 0.14765568077564242 0.16259328275918963 0.168457105755806 0.16587346047163012 1.5000000000000002 1.5000000000000002 0.14415185153484347 0.18346994370222094 1.5000000000000002 1.5000000000000002 0.14451952278614047 0.35000000894069677 0.31587702035903936 0.35000000894069677 3.5000000000000004 0.1483045965433121 0.14620192348957065 1.5000000000000002
decision_type=2 2 2 2 2 2 2 2 2 2 2 2 2 2 2 2 2 2 2 2 2 2 2 2 2 2 2 2 2 2 2 2 2 2 2 2 2 2 2 2 2 2 2 2 2 2 2 2 2 2 2 2 2 2 2 2 2 2 2 2 2 2 2 2 2 2 2 2 2 2 2 2 2 2 2 2 2 2 2 2 2 2 2 2 2 2 2 2 2 2 2 2 2 2
left_child=42 21 23 5 11 19 10 67 48 20 15 12 36 -10 49 16 -6 22 88 31 40 56 -17 24 -3 26 27 -13 29 -29 -19 32 -4 -33 -25 65 -5 -38 83 -40 -7 -26 -1 -44 -45 91 -47 -48 -9 -11 -51 77 -53 78 66 -56 57 -2 -58 61 70 -60 -21 64 -64 82 -35 -8 69 -69 -22 -27 -73 74 -20 -66 -77 -52 79 81 -81 -54 -36 85 -85 -39 -84 -70 89 -15 -91 92 -37 -94
right_child=1 2 3 4 6 9 7 8 13 14 -12 25 -14 18 -16 17 -18 30 73 62 60 -23 -24 34 41 71 -28 28 -30 -31 -32 33 -34 54 35 45 37 38 39 -41 -42 -43 43 44 -46 46 47 -49 -50 50 51 52 53 -55 55 -57 58 -59 59 -61 -62 -63 63 -65 75 -67 -68 68 87 -71 -72 72 -74 -75 -76 76 -78 -79 -80 80 -82 -83 86 84 -86 -87 -88 -89 -90 90 -92 -93 93 -95
leaf_value=-0.0021234221486651442 0.00061496296080036064 0 0.0025935281051351197 -0.00030923340266348308 0.0021234223068724196 0.0021234223068724196 0.0021234223068724196 0.0018651374207242033 -0.00042197545472631178 0.0026573625810621033 0.00059660436224861547 -0.0010442886144812452 0.0021234223068724196 0.0015342632950397586 0.0021234223068724196 0.0021234223068724196 0.00562284922938473 0.0021234223068724196 0.0033132061104321252 -0.001356993233628496 0.0021234223068724196 0.0032084910659354775 0.0021234223068724196 0 -0.0068733422194155111 0.0021234223068724196 -0.0010442886144812452 0.0021495543549934072 0.00566461821914743 -0.0029420202846195342 0.0080297608388045609 0.0025935281051351197 -0.0012754843267700749 0.0025935281051351197 0 0 0.0021234223068724196 0.0021234223068724196 0.0021234223068724196 0.0014185230449264203 0.002059587830945436 0.00054923090963790303 0.0013774221936508789 -0.0021234221486651442 -0.0027063564240685026 0 0.0021234223068724196 0 0.0021234223068724196 0.0021234223068724196 0.0023560302998529908 0.0021234223068724196 0.0021234223068724196 0.0021234223068724196 0.0025935281051351197 0.002660667350789596 0.00024679515947505042 -0.00019933946668885348 0.00061496296080036064 0.00024679515947505042 0.0019633311278820201 0.00024679515947505042 0.002926661786930693 -0.00033746620106005231 -0.0022868335125957396 0 0.0007510625284173222 0.004601689317699522 0.0022689015600498826 -0.0010442886144812452 0.0021234223068724196 0.0021234223068724196 0.0059284677367767583 0.0066243190932418648 -0.0036946571911450781 0.0025935281051351197 0.0025935281051351197 -0.0013854191703459181 0.002977208544488985 0.0021234223068724196 0.0021234223068724196 -0.0019924102300997591 0 -0.001070594691112684 0.005765141161217421 0.0021234223068724196 0 0.0034297600415961601 0.0065094872215357702 0.0056487853663104524 0.0062032903991338919 0 0 0
leaf_weight=279508 33104 1649 181 350 153 230 294 163 379 378 198 735 130 142 109 318 318 231 278 351 152 956 120 87108 341 268 738 338 691 112 142 115 320 404 195 550 236 267 215 279 244 240 442 7351 28096 466 117 345 169 117 244 109 134 201 215 153 224 117 249 180 130 185 139 237 155 1181 249 141 115 813 264 188 189 135 115 127 310 139 156 183 221 130 634 231 220 502 1134 354 131 122 119 24036 1497 826
leaf_count=279508 33104 1649 181 350 153 230 294 163 379 378 198 735 130 142 109 318 318 231 278 351 152 956 120 87108 341 268 738 338 691 112 142 115 320 404 195 550 236 267 215 279 244 240 442 7351 28096 466 117 345 169 117 244 109 134 201 215 153 224 117 249 180 130 185 139 237 155 1181 249 141 115 813 264 188 189 135 115 127 310 139 156 183 221 130 634 231 220 502 1134 354 131 122 119 24036 1497 826
internal_value=0 -0.0023072 -0.00643309 0.00700153 0.00572522 0.00922863 0.00945814 0.00627988 0.011926 0.0135088 0.0169098 0.00247722 0.00583479 0.00849793 0.0100452 0.0193582 0.0123039 0.0234551 0.0118537 0.00468064 0.0207109 0.0138423 0.030242 -0.00830181 -0.00494993 -2.6281e-05 -0.00139789 0.00144056 0.00541258 0.011419 0.0154855 0.00763241 0.0020703 0.0100854 -0.0083651 -0.0077067 0.00463378 0.00580708 0.00430821 0.00955433 0.0266202 0.0021128 -0.00827971 -0.00769426 -0.00792658 -0.0080459 -0.00428622 -0.000453136 0.0265984 0.00907123 0.0102845 0.0092398 0.0109591 0.00877311 0.00865836 0.0132394 0.0139978 0.0139064 0.0176235 0.0141962 0.0155808 0.0172337 0.00101723 0.00267386 0.00467329 -0.00470343 0.00607671 0.000515414 -0.000555035 -0.00253356 0.01313 0.00553244 0.00865762 0.00616365 0.00380148 0.00286117 0.00507364 0.00414919 0.00665183 0.00800581 0.0105051 0.00418119 -0.00607403 0.00218395 -0.000654082 0.00384839 -0.00666322 0.00346951 0.0176987 0.0158266 0.0204925 -0.00817556 -0.0070317 -0.00644355
internal_weight=0 172070 137055 16736 10639 6097 4950 3470 1753 3141 1480 5689 2430 1421 2121 1282 471 811 1042 2956 1020 35015 438 120319 2230 3259 2614 1876 1141 450 373 1637 501 1136 118089 30981 2300 1950 1714 494 474 581 315397 35889 35447 27837 928 462 332 2012 1634 1517 1134 1025 1021 368 34059 33221 838 614 546 434 1319 968 731 3144 653 1717 1423 954 416 645 377 528 393 592 437 383 824 668 404 264 1963 1220 451 769 1768 469 514 383 241 26909 2873 2323
internal_count=487467 172070 137055 16736 10639 6097 4950 3470 1753 3141 1480 5689 2430 1421 2121 1282 471 811 1042 2956 1020 35015 438 120319 2230 3259 2614 1876 1141 450 373 1637 501 1136 118089 30981 2300 1950 1714 494 474 581 315397 35889 35447 27837 928 462 332 2012 1634 1517 1134 1025 1021 368 34059 33221 838 614 546 434 1319 968 731 3144 653 1717 1423 954 416 645 377 528 393 592 437 383 824 668 404 264 1963 1220 451 769 1768 469 514 383 241 26909 2873 2323
is_linear=0
shrinkage=0.0951581


Tree=16
num_leaves=95
num_cat=0
split_feature=3 2 2 2 2 2 2 2 2 2 0 2 2 2 0 2 2 2 2 2 2 2 2 2 2 2 0 2 0 0 2 2 2 2 0 2 2 3 2 0 2 0 0 2 2 2 2 2 2 2 0 0 2 2 2 3 2 0 2 2 2 2 2 2 2 2 2 0 2 2 0 2 2 0 2 0 2 0 0 2 2 2 2 2 2 2 2 2 2 2 2 2 2 2
split_gain=238.592 57.6137 38.3717 15.1944 14.6044 10.701 10.5926 9.43737 14.904 9.22521 7.647 6.69658 5.47291 8.37987 4.61308 21.1009 4.11111 6.87331 3.78605 4.84352 3.78255 3.65506 3.28633 3.2696 2.72943 4.86943 9.43309 11.9526 4.22874 2.51431 6.19858 4.13397 2.48737 3.5759 3.54578 4.4545 2.12015 2.10546 1.91394 14.2476 2.87993 2.11598 1.74818 1.74197 7.59544 1.37467 4.23067 1.45792 2.03572 1.36824 1.31882 1.31243 1.25267 1.1651 1.07569 0.934184 0.834248 0.832923 1.00697 0.827623 0.790774 1.42441 0.776809 0.73774 0.629675 1.15489 0.824335 0.683951 0.587993 0.529455 0.501187 1.13901 0.692359 0.491755 0.484577 0.470794 0.441929 0.435957 0.432148 2.35143 1.13276 0.751454 0.430744 0.402607 0.414776 0.340885 0.33753 0.905493 0.503975 0.49433 0.504192 0.329869 0.309468 0.690512
threshold=0.15000000223517421 0.1067231632769108 0.15339080244302752 0.168457105755806 0.20240999013185504 0.23642505705356601 0.20071429014205935 0.10074627026915552 0.10458041727542879 0.11630280315876008 2.5000000000000004 0.24515175819396975 0.21680790930986407 0.22039676457643512 2.5000000000000004 0.16505814343690875 0.15954913944005969 0.15803226083517077 0.14379280805587771 0.1483045965433121 0.26417112350463873 0.10317540168762208 0.21946247667074206 0.30072464048862463 0.19101010262966159 0.18897569924592975 2.5000000000000004 0.17660956084728244 1.5000000000000002 1.5000000000000002 0.15629401057958606 0.15529115498065951 0.19510195404291156 0.1981649845838547 2.5000000000000004 0.19699231535196307 0.17394282668828967 0.25000000745058065 0.23021738976240161 2.5000000000000004 0.22547236829996112 2.5000000000000004 1.5000000000000002 0.21392118930816653 0.2123106122016907 0.1633739769458771 0.16370223462581637 0.1613835692405701 0.16090353578329089 0.26417112350463873 1.5000000000000002 1.5000000000000002 0.10388386249542238 0.10594117641448976 0.16013698279857638 0.35000000894069677 0.42745216190814977 1.5000000000000002 0.20745369791984561 0.33771552145481115 0.18843366950750354 0.18758561462163928 0.10259784013032915 0.14415185153484347 0.15339080244302752 0.15392307937145236 0.19238026440143588 1.5000000000000002 0.18582589179277423 0.10559467971324922 1.5000000000000002 0.14859127253293994 0.13608834147453311 1.5000000000000002 0.15032467991113665 2.5000000000000004 0.14013888686895373 2.5000000000000004 1.5000000000000002 0.14586748182773593 0.14451952278614047 0.14790198951959613 0.15220635384321216 0.30072464048862463 0.32517604529857641 0.10559467971324922 0.14741302281618121 0.1471008434891701 0.14670995622873309 0.14620192348957065 0.14503520727157596 0.25035211443901068 0.15954913944005969 0.15886382013559344
decision_type=2 2 2 2 2 2 2 2 2 2 2 2 2 2 2 2 2 2 2 2 2 2 2 2 2 2 2 2 2 2 2 2 2 2 2 2 2 2 2 2 2 2 2 2 2 2 2 2 2 2 2 2 2 2 2 2 2 2 2 2 2 2 2 2 2 2 2 2 2 2 2 2 2 2 2 2 2 2 2 2 2 2 2 2 2 2 2 2 2 2 2 2 2 2
left_child=1 7 9 14 6 12 24 -1 21 -2 49 -12 43 22 16 -16 17 29 -3 63 -13 62 -14 37 25 26 36 -28 -27 30 -4 -31 77 34 35 42 -5 -22 40 -40 41 -15 -34 44 57 47 -47 48 54 50 -7 69 -23 85 -18 59 -57 -6 -59 -25 61 68 -9 -20 -21 67 92 -66 -38 -10 71 76 -72 -54 -73 -35 -11 -26 80 -80 -65 86 -76 -51 -85 -53 87 88 89 90 -82 -52 93 -67
right_child=2 18 3 4 5 10 -8 8 51 70 11 20 13 38 15 -17 45 -19 19 64 23 52 -24 55 32 28 27 -29 -30 31 -32 -33 33 75 -36 -37 60 -39 39 -41 -42 -43 -44 -45 -46 46 -48 -49 -50 83 91 53 73 -55 -56 56 -58 58 -60 -61 -62 -63 -64 78 65 66 -68 -69 -70 -71 72 74 -74 -75 82 -77 -78 -79 79 -81 81 -83 -84 84 -86 -87 -88 -89 -90 -91 -92 -93 -94 -95
leaf_value=-0.0019213613551769789 0.0015427978011368685 0 0.0019213614983295546 0 0.0044186358046303586 0.0041638013567470147 -0.00094491610571967592 0.0012463493301638558 0 0 0.0019213614983295546 -0.0009220112311347791 0.0019213614983295546 0.0019213614983295546 0.0017727968555260637 0.0019213614983295546 0.0042758987887583149 0.0042758987887583149 -2.8716576988911575e-06 0 0.0013882657320914847 -0.0018893326697799766 0.0019213614983295546 0.0058853390805124585 -0.00094491610571967592 0.0019213614983295546 0.0019213614983295546 0.0027263889689050271 0.0019213614983295546 0 0.0018636013891345034 0.0019213614983295546 -0.00042781712657558556 0 -0.0026620632569779967 0.0019188748225726293 0.0019213614983295546 0.0051112577465300194 0.0016223514888864025 0.0019213614983295546 0.0019213614983295546 0.007265664143463503 0.0035606072461613386 0.0050877896428262962 0.0019213614983295546 0.0019213614983295546 0.0019213614983295546 0.0010213383994552587 0.0019213614983295546 0.002240651652425478 -0.00094491610571967592 -0.0018893326697799766 0.00014955793419949804 0.00049696714593956063 0 0.0050017210224964472 0.0038709002976014314 0.0019213614983295546 0.0054282925026109159 -7.50540873182311e-05 -0.00027274949891411101 0.0019213614983295546 0.00022331060376204112 0 0.0077909634450629506 0 0 0 -0.00027274949891411101 0 0 0.0016616472256266641 0 0.00022331060376204112 0 0.0056321616395537191 0 0.006808048295040294 0 0 0 0.0020452996099679611 0.00050014023899566478 -0.00039058167621976641 0.0066285810859354087 -0.0018893326697799766 0 0.0020452996099679611 0 0 0 -0.00094491610571967592 0 0
leaf_weight=313058 499 115033 235 514 265 112 738 559 2806 327 130 378 362 277 139 115 141 298 291 8360 153 1310 128 292 614 177 231 274 114 156 140 330 136 596 115 112 814 146 218 120 294 158 119 363 166 120 538 275 113 235 471 465 1301 431 109 157 121 192 190 167 144 168 690 673 226 3525 3053 218 166 3111 188 347 1565 206 177 169 736 127 991 926 335 215 148 111 122 171 356 241 240 320 1062 230 9490 222
leaf_count=313058 499 115033 235 514 265 112 738 559 2806 327 130 378 362 277 139 115 141 298 291 8360 153 1310 128 292 614 177 231 274 114 156 140 330 136 596 115 112 814 146 218 120 294 158 119 363 166 120 538 275 113 235 471 465 1301 431 109 157 121 192 190 167 144 168 690 673 226 3525 3053 218 166 3111 188 347 1565 206 177 169 736 127 991 926 335 215 148 111 122 171 356 241 240 320 1062 230 9490 222
internal_value=0 -0.00658301 0.00470757 0.00711498 0.00552801 0.00894054 0.00196817 -0.00587635 -0.00314323 -0.0035013 0.00483369 0.00934324 0.0131856 0.0168864 0.0134921 0.0257002 0.0122291 0.0163468 -0.00815414 -0.0072161 0.00744306 0.00143696 0.027188 0.010416 0.00366949 0.00569778 0.00423702 0.0157341 0.0172985 0.0120357 0.0178897 0.00751866 0.00101476 0.00360944 0.0100291 0.0145978 0.00102218 0.0188088 0.0121556 0.0180744 0.00941138 0.0143284 0.00764996 0.00828587 0.0107331 0.0085466 0.0115983 0.00539925 0.00935852 -0.000601704 -0.00296126 -0.00580977 -0.000462787 -0.00273792 0.00456759 0.00701097 0.0113642 0.00607423 0.00891795 0.00437437 0.00307864 0.00391242 0.00572167 -0.00469896 -0.00778284 -0.00744592 -0.00757643 -0.00265757 0.0025246 -0.00636371 -0.00523261 -0.00408604 -0.0063674 0.00140811 -0.00101955 -0.000435366 -0.00602459 -0.00335172 -0.00495234 -0.00380732 -0.00559006 -0.00473901 -0.00365993 0.00349726 0.000694284 -0.00532646 -0.00519383 -0.00475358 -0.00543136 -0.00486044 -0.0056332 -0.0044932 -0.00725134 -0.00651911
internal_weight=0 469885 17582 13595 10886 5558 5328 324108 11050 3987 2825 1544 2733 1557 2709 254 2455 1159 145777 30744 1414 4066 490 1036 4590 2602 2311 505 291 861 375 486 1988 1247 482 367 1806 299 1067 338 729 435 255 1176 813 1296 658 638 363 1281 813 6984 2817 1067 250 737 278 647 382 459 1292 1148 1249 5650 25094 16734 16290 444 980 5917 3488 1735 1753 1507 672 765 1063 741 5359 1917 3442 2769 325 468 233 636 2554 2198 1957 1717 1397 701 13237 3747
internal_count=487467 469885 17582 13595 10886 5558 5328 324108 11050 3987 2825 1544 2733 1557 2709 254 2455 1159 145777 30744 1414 4066 490 1036 4590 2602 2311 505 291 861 375 486 1988 1247 482 367 1806 299 1067 338 729 435 255 1176 813 1296 658 638 363 1281 813 6984 2817 1067 250 737 278 647 382 459 1292 1148 1249 5650 25094 16734 16290 444 980 5917 3488 1735 1753 1507 672 765 1063 741 5359 1917 3442 2769 325 468 233 636 2554 2198 1957 1717 1397 701 13237 3747
is_linear=0
shrinkage=0.0951581


Tree=17
num_leaves=95
num_cat=0
split_feature=4 2 4 3 2 2 2 2 2 2 4 2 2 2 2 2 2 2 2 3 2 2 2 2 4 3 2 3 2 2 2 2 2 2 2 2 2 2 2 2 4 2 2 3 3 2 2 2 2 2 2 2 2 2 2 2 2 2 2 2 2 2 2 2 2 2 2 2 2 2 2 2 2 2 2 2 2 2 2 2 2 2 2 2 2 2 2 2 2 2 2 2 2 2
split_gain=434.843 1270.16 369.963 9.68023 20.5057 23.8163 9.29891 15.9697 8.66351 8.50972 6.82913 6.07135 5.40134 4.43427 3.99918 7.8043 8.79624 5.23954 3.71504 3.53805 5.03734 13.0689 3.44446 6.37057 3.33227 5.56072 3.26675 3.10968 3.00748 2.73525 6.19119 5.58037 2.65642 3.98955 2.65187 2.32639 2.72923 2.151 1.88462 1.85336 2.48589 1.81853 5.04241 1.7787 1.76318 1.57469 1.53289 17.1547 3.57031 1.38196 1.37804 1.26973 1.24175 1.20009 5.97238 1.19654 3.06133 2.97978 1.18848 3.24097 1.84386 0.860938 0.825529 0.719763 1.12241 1.58275 0.71928 0.64061 5.27577 0.921473 0.629738 0.56691 0.552451 0.536382 0.53627 0.513027 0.501049 1.51422 1.17435 1.08079 0.537013 0.576333 0.432006 0.426533 0.383195 1.37551 0.358577 0.334165 0.459798 0.319488 0.305 0.283297 0.256126 0.23329
threshold=0.15000000223517421 0.10458041727542879 0.25000000745058065 0.15000000223517421 0.17089758068323138 0.15339080244302752 0.2123106122016907 0.23357842862606051 0.15886382013559344 0.19101010262966159 0.35000000894069677 0.16090353578329089 0.16259328275918963 0.19012194871902469 0.21392118930816653 0.21680790930986407 0.22039676457643512 0.23021738976240161 0.21946247667074206 0.15000000223517421 0.1583974361419678 0.16013698279857638 0.15803226083517077 0.15629401057958606 0.25000000745058065 0.15000000223517421 0.22547236829996112 0.25000000745058065 0.1067231632769108 0.20240999013185504 0.20071429014205935 0.19510195404291156 0.24515175819396975 0.24171940237283709 0.1981649845838547 0.12516666948795321 0.11630280315876008 0.25920708477497106 0.19699231535196307 0.30072464048862463 0.45000000298023229 0.17394282668828967 0.17517123371362689 0.15000000223517421 0.35000000894069677 0.10594117641448976 0.10074627026915552 0.10259784013032915 0.1067231632769108 0.23642505705356601 0.30072464048862463 0.42745216190814977 0.18897569924592975 0.168457105755806 0.1643650829792023 0.10259784013032915 0.10074627026915552 0.10317540168762208 0.1633739769458771 0.16587346047163012 0.16928205639123919 0.12782331556081775 0.19101010262966159 0.18346994370222094 0.18758561462163928 0.18843366950750354 0.20745369791984561 0.14379280805587771 0.1483045965433121 0.14415185153484347 0.22410600632429126 0.10347852483391763 0.19548846781253817 0.1643650829792023 0.14586748182773593 0.14620192348957065 0.15298574417829516 0.14551208168268207 0.15529115498065951 0.14122316241264346 0.13481555134058001 0.13893597573041919 0.26417112350463873 0.22039676457643512 0.10388386249542238 0.10458041727542879 0.11441558599472047 0.14790198951959613 0.14670995622873309 0.31587702035903936 0.14859127253293994 0.10347852483391763 0.1779797971248627 0.15339080244302752
decision_type=2 2 2 2 2 2 2 2 2 2 2 2 2 2 2 2 2 2 2 2 2 2 2 2 2 2 2 2 2 2 2 2 2 2 2 2 2 2 2 2 2 2 2 2 2 2 2 2 2 2 2 2 2 2 2 2 2 2 2 2 2 2 2 2 2 2 2 2 2 2 2 2 2 2 2 2 2 2 2 2 2 2 2 2 2 2 2 2 2 2 2 2 2 2
left_child=46 24 19 12 5 90 9 10 22 13 14 -10 35 41 -8 -16 18 26 -17 28 -21 -22 23 -7 25 55 70 32 45 30 31 -11 33 49 38 36 -4 -34 72 40 -29 -6 -43 -26 89 -3 -1 -48 84 -9 82 -46 63 54 -23 56 -2 -57 -13 73 -61 -37 -55 92 -65 -66 -31 -30 69 -69 -18 -59 -33 -60 -71 -76 77 79 -78 80 -63 -82 -39 -12 91 -86 -50 88 -77 -41 -5 -49 -44 -70
right_child=1 2 3 4 6 8 7 27 11 29 83 58 -14 -15 15 16 17 -19 -20 20 21 53 -24 -25 43 -27 -28 39 67 66 -32 34 37 -35 -36 61 -38 50 -40 44 -42 42 52 -45 51 -47 47 48 86 -51 -52 -53 -54 62 -56 57 -58 71 59 60 -62 76 -64 64 65 -67 -68 68 93 74 -72 -73 -74 -75 75 87 78 -79 -80 -81 81 -83 -84 -85 85 -87 -88 -89 -90 -91 -92 -93 -94 -95
leaf_value=-0.0017385282806286078 0.00073927733528559799 0 0.0023467329272723954 0.00086691024437665057 -0.0011908799253528596 0.0017385284101590582 0.0017385284101590582 0.0017385284101590582 0.0063581860093693248 -0.00085499969497606124 -0.00044726421003464588 0.0020346463490859136 -0.0011707152092193171 0.0017385284101590582 0.0046036453039454894 0.0017385284101590582 0.0014141347384250549 0.0017669816312046091 0.0017385284101590582 0 0.0038690124319051915 0 0.0013696179331204586 0.0017385284101590582 0.0030860102625579907 -0.0011133929662369847 0.0017385284101590582 0.0044514802585208062 0 0.0017385284101590582 -0.00085499969497606124 0.0031571689896613135 -0.00085499969497606124 0.0017385284101590582 0.0050962159018410197 0.0023467329272723954 -0.0011541116758768482 0.0019107525924772785 0.0017362783617147501 -0.00035341467037097068 0.0051266196213942449 0.0017385284101590582 0.0017385284101590582 0.0013959881108991168 0.0045257668090361606 0 0.0011277491098663213 -0.0022908069787572552 -0.0024488247190079522 -9.5613489137892646e-05 -0.00010513453082586075 0.0035025528231538263 0.0017385284101590582 0 0.0017385284101590582 0.00020206079348816536 -0.00029897092430395257 0.00032934322025712071 0.0017385284101590582 0.0017385284101590582 0.0017385284101590582 0.0023467329272723954 0 -0.00094276462532234394 0.0017385284101590582 -0.0071445091737804651 0.0049117465623451382 0.00017849705809020288 0 0 0.0017385284101590582 0.0002090789565713038 0.0019857171308357326 0.0017385284101590582 0 0 -0.0026941126769927225 0.0023467329272723954 0.0024201263119983927 -0.00030535356231579729 0.0026481662445768297 0.0023467329272723954 0.0015197065424549189 0.0069504462226333604 -0.0024075496259934131 -0.0022732070633723284 -0.0024488247190079522 0 0 0.0053566203809348152 0.0023733132292687678 -0.0017095473837223541 0.0017385284101590582 0
leaf_weight=279508 32976 1372 206 542 207 296 148 172 219 702 128 286 1405 117 310 315 249 137 116 3067 135 236 147 218 608 128 267 198 86512 315 738 132 643 124 599 152 400 126 153 121 119 161 199 348 175 858 442 904 17399 308 182 133 151 639 156 224 117 131 106 362 122 302 272 356 158 132 324 269 7515 2604 115 483 157 158 470 415 125 473 577 235 154 106 330 117 1138 4716 10697 295 1277 359 350 593 302 14227
leaf_count=279508 32976 1372 206 542 207 296 148 172 219 702 128 286 1405 117 310 315 249 137 116 3067 135 236 147 218 608 128 267 198 86512 315 738 132 643 124 599 152 400 126 153 121 119 161 199 348 175 858 442 904 17399 308 182 133 151 639 156 224 117 131 106 362 122 302 272 356 158 132 324 269 7515 2604 115 483 157 158 470 415 125 473 577 235 154 106 330 117 1138 4716 10697 295 1277 359 350 593 302 14227
internal_value=0 -0.00233264 -0.00646503 0.00679116 0.00810214 0.0152741 0.00604756 0.00898283 0.0212589 0.00311889 0.0157996 0.016609 0.00279606 0.00836302 0.0179922 0.0165281 0.0200078 0.013902 0.0308877 -0.00830893 -0.00569259 -0.00104555 0.0300734 0.0263999 0.0138423 0.0139978 0.0102397 0.00464651 -0.0084107 0.000121995 -0.0013079 0.00178524 0.00229692 0.00749921 0.00620675 0.00526332 6.28084e-05 -0.000155999 0.0117979 0.00865465 0.014799 0.00710544 0.00828964 0.00830145 0.00618286 -0.00494993 -0.00827971 -0.00769426 -0.00792658 0.00356843 0.00375859 0.0118021 0.00631943 -0.00396553 0.000436948 0.0140725 0.0139826 0.0176235 0.0196574 0.0216523 0.0170262 0.00674708 -0.0058599 0.00525153 0.00315229 0.00754702 0.00567374 -0.00847864 -0.00807466 -0.0053917 0.0161037 0.0141962 0.00727679 0.0301334 -0.00568016 -0.00668857 0.00621519 0.00734291 0.00417502 0.00481163 0.00707759 0.0102478 0.00655255 0.000970999 -0.00605952 -0.00571209 -0.00841507 -0.00601982 -0.00653509 0.0025772 0.00243229 -0.00741814 0.00795833 -0.00873238
internal_weight=0 172070 137055 16736 12601 2806 9795 4892 1914 4903 1902 1253 4135 1783 1657 1509 1199 768 431 120319 4505 1438 661 514 35015 34059 631 2990 115814 3120 2481 1743 1885 604 1041 2730 606 1281 442 1105 317 1666 1459 956 788 2230 315397 35889 35447 480 638 308 1298 1303 392 33931 33093 838 1034 748 484 2124 911 1147 646 290 639 113584 27072 5330 364 614 289 264 5061 2457 1972 1270 702 797 562 260 456 245 7351 5854 28096 1987 1692 480 892 1497 501 21742
internal_count=487467 172070 137055 16736 12601 2806 9795 4892 1914 4903 1902 1253 4135 1783 1657 1509 1199 768 431 120319 4505 1438 661 514 35015 34059 631 2990 115814 3120 2481 1743 1885 604 1041 2730 606 1281 442 1105 317 1666 1459 956 788 2230 315397 35889 35447 480 638 308 1298 1303 392 33931 33093 838 1034 748 484 2124 911 1147 646 290 639 113584 27072 5330 364 614 289 264 5061 2457 1972 1270 702 797 562 260 456 245 7351 5854 28096 1987 1692 480 892 1497 501 21742
is_linear=0
shrinkage=0.0951581


Tree=18
num_leaves=95
num_cat=0
split_feature=4 2 4 3 2 2 2 2 2 2 4 2 2 2 2 2 2 2 2 3 2 2 2 2 4 3 2 2 3 2 2 2 2 2 2 2 2 2 2 4 3 2 2 2 3 2 2 2 2 2 2 2 2 2 2 2 2 2 2 2 2 2 2 2 2 2 2 2 2 2 2 2 2 2 2 2 2 2 2 2 2 2 2 2 2 2 2 2 2 2 2 2 2 2
split_gain=434.358 1270.68 368.293 9.51561 20.7657 23.8163 8.93244 15.5813 8.66351 8.50972 6.29782 6.07135 5.40134 4.43427 4.15451 9.28271 8.79624 5.23954 3.71504 3.53805 5.03734 13.0689 3.44446 6.37057 3.33227 5.56072 3.26675 3.00748 2.94348 2.73525 6.19119 5.58037 2.65642 3.98955 2.65187 2.32639 2.72923 2.151 1.95872 2.48589 1.918 1.88462 1.81853 5.04241 1.7787 1.57469 1.53289 17.1547 3.57031 1.38196 1.37804 1.26973 1.24175 1.20009 5.97238 1.19654 3.06133 2.97978 1.18848 3.24097 1.84386 0.860938 0.825529 0.719763 1.12241 1.58275 0.71928 0.64061 5.27577 0.921473 0.629738 0.56691 0.552451 0.536382 0.53627 0.513027 0.501049 1.51422 1.17435 1.08079 0.537013 0.576333 0.432006 0.383195 1.37551 0.358577 0.350481 0.334165 0.459798 0.305 0.283297 0.262385 0.284527 0.256126
threshold=0.15000000223517421 0.10458041727542879 0.25000000745058065 0.15000000223517421 0.17089758068323138 0.15339080244302752 0.2123106122016907 0.23357842862606051 0.15886382013559344 0.19101010262966159 0.35000000894069677 0.16090353578329089 0.16259328275918963 0.19012194871902469 0.21392118930816653 0.21680790930986407 0.22039676457643512 0.23021738976240161 0.21946247667074206 0.15000000223517421 0.1583974361419678 0.16013698279857638 0.15803226083517077 0.15629401057958606 0.25000000745058065 0.15000000223517421 0.22547236829996112 0.1067231632769108 0.25000000745058065 0.20240999013185504 0.20071429014205935 0.19510195404291156 0.24515175819396975 0.24171940237283709 0.1981649845838547 0.12516666948795321 0.11630280315876008 0.25920708477497106 0.30072464048862463 0.45000000298023229 0.35000000894069677 0.19699231535196307 0.17394282668828967 0.17517123371362689 0.15000000223517421 0.10594117641448976 0.10074627026915552 0.10259784013032915 0.1067231632769108 0.23642505705356601 0.30072464048862463 0.42745216190814977 0.18897569924592975 0.168457105755806 0.1643650829792023 0.10259784013032915 0.10074627026915552 0.10317540168762208 0.1633739769458771 0.16587346047163012 0.16928205639123919 0.12782331556081775 0.19101010262966159 0.18346994370222094 0.18758561462163928 0.18843366950750354 0.20745369791984561 0.14379280805587771 0.1483045965433121 0.14415185153484347 0.22410600632429126 0.10347852483391763 0.19548846781253817 0.1643650829792023 0.14586748182773593 0.14620192348957065 0.15298574417829516 0.14551208168268207 0.15529115498065951 0.14122316241264346 0.13481555134058001 0.13893597573041919 0.26417112350463873 0.10388386249542238 0.10458041727542879 0.11441558599472047 0.22039676457643512 0.14790198951959613 0.14670995622873309 0.14859127253293994 0.10347852483391763 0.31587702035903936 0.32517604529857641 0.1779797971248627
decision_type=2 2 2 2 2 2 2 2 2 2 2 2 2 2 2 2 2 2 2 2 2 2 2 2 2 2 2 2 2 2 2 2 2 2 2 2 2 2 2 2 2 2 2 2 2 2 2 2 2 2 2 2 2 2 2 2 2 2 2 2 2 2 2 2 2 2 2 2 2 2 2 2 2 2 2 2 2 2 2 2 2 2 2 2 2 2 2 2 2 2 2 2 2 2
left_child=46 24 19 12 5 89 9 10 22 13 14 -10 35 42 -8 -16 18 26 -17 27 -21 -22 23 -7 25 55 70 45 32 30 31 -11 33 49 41 36 -4 -34 39 -30 91 72 -6 -44 -26 -3 -1 -48 83 -9 82 -42 63 54 -23 56 -2 -57 -13 73 -61 -37 -55 93 -65 -66 -31 -29 69 -69 -18 -59 -33 -60 -71 -76 77 79 -78 80 -63 -82 -39 90 -85 -50 -12 88 -77 -5 -49 -40 -93 -45
right_child=1 2 3 4 6 8 7 28 11 29 86 58 -14 -15 15 16 17 -19 -20 20 21 53 -24 -25 44 -27 -28 67 38 66 -32 34 37 -35 -36 61 -38 50 40 -41 51 -43 43 52 -46 -47 47 48 85 -51 -52 -53 -54 62 -56 57 -58 71 59 60 -62 76 -64 64 65 -67 -68 68 -70 74 -72 -73 -74 -75 75 87 78 -79 -80 -81 81 -83 -84 84 -86 -87 -88 -89 -90 -91 -92 92 -94 -95
leaf_value=-0.0015730932520327805 0.00066892911692989954 0 0.0021234223068724196 0.00078441672231751712 -0.0010775580676067715 0.0015730933692373629 0.0015730933692373629 0.0015730933692373629 0.0057531531801666407 -0.00077363955803503518 -0.00040470340259686293 0.0018410332910218164 -0.0010593121873226931 0.0015730933692373629 0.0041655712150799988 0.0015730933692373629 0.0012795683793405122 0.0015988390361465999 0.0015730933692373629 0 0.0035008446031492436 0 0.0012392877081503968 0.0015730933692373629 0.0027923514238023142 -0.0010074446194311387 0.0015730933692373629 0 0.004027885904567657 0.0015730933692373629 -0.00077363955803503518 0.0028567388224295036 -0.00077363955803503518 0.0015730933692373629 0.0046112697362562178 0.0021234223068724196 -0.0010442886144812478 0.0017289290275124688 -0.0003197844057670108 0.0046387802959628336 0.0040951034889087331 0.0015710574311028323 0.0015730933692373629 0.0015730933692373629 0.0012631485502090083 0 0.0010204346598694568 -0.002072818164735089 -0.0022157992388191754 -8.6515092243276379e-05 -9.5130129800361193e-05 0.0031692565904072791 0.0015730933692373629 0 0.0015730933692373629 0.00018283307454837111 -0.00027052142252555119 0.00029800354884183637 0.0015730933692373629 0.0015730933692373629 0.0015730933692373629 0.0021234223068724196 0 -0.00085305294534153777 0.0015730933692373629 -0.0064646513350341446 0.0044443541465581356 0.0001615116191770401 0 0 0.0015730933692373629 0.00018918340264528335 0.0017967600836692331 0.0015730933692373629 0 0 -0.0024377460635042628 0.0021234223068724196 0.0021898317173736771 -0.00027629670090236987 0.0023961718057865307 0.0021234223068724196 0.0013750941722624754 -0.0021784518047729944 -0.0020568930236621072 -0.0022157992388191754 0.0062890550434347367 0 0 0.0021474732781297688 -0.001546870121889277 0.0048468946227915389 0.0048446122276922955 0.0015730933692373629
leaf_weight=279508 32976 1372 206 542 207 296 148 172 219 702 128 286 1405 117 310 315 249 137 116 3067 135 236 147 218 608 128 267 86512 198 315 738 132 643 124 599 152 400 126 121 119 175 153 161 199 348 858 442 904 17399 308 182 133 151 639 156 224 117 131 106 362 122 302 272 356 158 132 324 269 21742 2604 115 483 157 158 470 415 125 473 577 235 154 106 330 1138 4716 10697 117 295 1277 350 593 119 240 302
leaf_count=279508 32976 1372 206 542 207 296 148 172 219 702 128 286 1405 117 310 315 249 137 116 3067 135 236 147 218 608 128 267 86512 198 315 738 132 643 124 599 152 400 126 121 119 175 153 161 199 348 858 442 904 17399 308 182 133 151 639 156 224 117 131 106 362 122 302 272 356 158 132 324 269 21742 2604 115 483 157 158 470 415 125 473 577 235 154 106 330 1138 4716 10697 117 295 1277 350 593 119 240 302
internal_value=0 -0.00233596 -0.0064692 0.00675704 0.00805683 0.0152741 0.00598927 0.00886612 0.0212589 0.00311889 0.0155995 0.016609 0.00279606 0.00836302 0.017705 0.0162128 0.0200078 0.013902 0.0308877 -0.00830893 -0.00569259 -0.00104555 0.0300734 0.0263999 0.0138423 0.0139978 0.0102397 -0.0084107 0.00458286 0.000121995 -0.0013079 0.00178524 0.00229692 0.00749921 0.00620675 0.00526332 6.28084e-05 -0.000155999 0.00848242 0.014799 0.00594134 0.0117979 0.00710544 0.00828964 0.00830145 -0.00494993 -0.00827971 -0.00769426 -0.00792658 0.00356843 0.00375859 0.0118021 0.00631943 -0.00396553 0.000436948 0.0140725 0.0139826 0.0176235 0.0196574 0.0216523 0.0170262 0.00674708 -0.0058599 0.00525153 0.00315229 0.00754702 0.00567374 -0.00847864 -0.00807466 -0.0053917 0.0161037 0.0141962 0.00727679 0.0301334 -0.00568016 -0.00668857 0.00621519 0.00734291 0.00417502 0.00481163 0.00707759 0.0102478 0.00655255 -0.00605952 -0.00571209 -0.00841507 0.0013594 -0.00601982 -0.00653509 0.00243229 -0.00741814 0.0021807 0.00347234 0.00795833
internal_weight=0 172070 137055 16736 12601 2806 9795 4892 1914 4903 1902 1253 4135 1783 1657 1509 1199 768 431 120319 4505 1438 661 514 35015 34059 631 115814 2990 3120 2481 1743 1885 604 1041 2730 606 1281 1105 317 788 442 1666 1459 956 2230 315397 35889 35447 480 638 308 1298 1303 392 33931 33093 838 1034 748 484 2124 911 1147 646 290 639 113584 27072 5330 364 614 289 264 5061 2457 1972 1270 702 797 562 260 456 7351 5854 28096 245 1987 1692 892 1497 480 359 501
internal_count=487467 172070 137055 16736 12601 2806 9795 4892 1914 4903 1902 1253 4135 1783 1657 1509 1199 768 431 120319 4505 1438 661 514 35015 34059 631 115814 2990 3120 2481 1743 1885 604 1041 2730 606 1281 1105 317 788 442 1666 1459 956 2230 315397 35889 35447 480 638 308 1298 1303 392 33931 33093 838 1034 748 484 2124 911 1147 646 290 639 113584 27072 5330 364 614 289 264 5061 2457 1972 1270 702 797 562 260 456 7351 5854 28096 245 1987 1692 892 1497 480 359 501
is_linear=0
shrinkage=0.0951581


Tree=19
num_leaves=24
num_cat=0
split_feature=4 4 0 3 3 0 0 0 3 0 4 0 4 4 4 4 0 0 3 4 0 4 0
split_gain=434.196 182.996 111.729 9.82884 5.36083 4.18162 3.3327 6.55553 2.67286 8.99473 2.48008 1.60475 1.3746 1.36498 1.8887 0.762424 0.592473 0.247535 0.0866155 0.0430949 0.0125768 0.011603 0.00700137
threshold=0.15000000223517421 0.25000000745058065 1.5000000000000002 0.15000000223517421 0.15000000223517421 2.5000000000000004 2.5000000000000004 1.5000000000000002 0.15000000223517421 2.5000000000000004 0.35000000894069677 3.5000000000000004 0.59999999403953563 0.45000000298023229 0.35000000894069677 0.35000000894069677 1.5000000000000002 4.5000000000000009 0.25000000745058065 0.45000000298023229 2.5000000000000004 0.35000000894069677 1.5000000000000002
decision_type=2 2 2 2 2 2 2 2 2 2 2 2 2 2 2 2 2 2 2 2 2 2 2
left_child=22 2 4 5 -2 16 7 10 20 -10 -5 13 15 14 -8 -13 -3 19 21 -17 -4 -9 -1
right_child=1 3 8 6 -6 -7 11 18 9 -11 -12 12 -14 -15 -16 17 -18 -19 -20 -21 -22 -23 -24
leaf_value=-0.0014234007045869326 0 0.0019213614983295546 0 0.0014234008106385485 0 -0.00055098832704246795 0.0014234008106385485 0.0014234008106385485 0 0.0014234008106385485 0.0048440599560446692 0.0014234008106385485 0.012383481672044378 0.0047044466521671711 0.0036448927798547236 0.0048434822697703802 0.0019213614983295546 0.0025954670745739943 0.0029916371187708431 0.0041973628284052216 0 0.0031203286107153857 -0.0018435440642488895
leaf_weight=310726 113386 2798 34831 3390 1992 581 2151 4790 2491 150 478 215 116 240 339 187 1364 191 223 162 1528 467 4671
leaf_count=310726 113386 2798 34831 3390 1992 581 2151 4790 2491 150 478 215 116 240 339 187 1364 191 223 162 1528 467 4671
internal_value=0 -0.00233706 -0.0033876 0.00682974 -0.00189924 0.00312378 0.00818716 0.00723967 -0.00779077 -0.0048678 0.0102391 0.0106468 0.00709042 0.0117815 0.0111209 0.00560865 0.00417945 0.00370059 0.00512256 0.00520779 -0.00800308 0.00520048 -0.00827971
internal_weight=0 172070 154378 17692 115378 4743 12949 9348 39000 2641 3868 3601 871 2730 2490 755 4162 540 5480 349 36359 5257 315397
internal_count=487467 172070 154378 17692 115378 4743 12949 9348 39000 2641 3868 3601 871 2730 2490 755 4162 540 5480 349 36359 5257 315397
is_linear=0
shrinkage=0.0951581


Tree=20
num_leaves=95
num_cat=0
split_feature=3 2 2 2 0 2 2 2 2 2 2 2 2 0 2 0 2 2 2 2 2 2 2 2 2 2 2 2 0 2 2 2 2 2 3 3 2 2 2 2 2 2 0 2 2 2 2 2 2 2 2 2 2 2 2 2 2 2 2 2 2 2 0 2 0 2 2 2 2 2 0 2 2 2 0 2 2 2 2 2 2 2 2 2 2 2 2 2 2 2 2 2 2 2
split_gain=202.334 57.5807 31.0766 21.0782 12.2567 14.2989 9.43737 14.904 9.33469 6.47939 13.3336 9.58841 8.15177 4.61308 21.1009 4.39679 4.11111 6.87331 3.86527 9.49941 3.94374 3.80579 4.83161 3.80342 6.13848 7.90104 4.99533 3.65506 2.51431 6.19858 4.13397 2.3784 1.9285 1.80147 2.11374 1.5132 1.4281 1.37467 4.23067 1.45792 2.03572 1.34907 1.31243 1.25267 1.18749 1.1651 1.07569 0.851641 2.11348 0.834248 0.795256 0.776809 0.740519 1.64826 1.39486 1.06693 0.73774 0.729558 0.704806 0.636776 1.15215 0.794977 0.683951 0.529455 0.491755 0.478051 0.453142 2.30503 1.17883 0.451707 0.432148 2.35143 1.13276 0.751454 0.4315 1.26452 0.692359 0.527236 0.484577 0.430744 0.391138 1.13678 0.609848 0.374612 0.353522 0.340885 0.33753 0.905493 0.503975 0.49433 0.504192 0.329187 0.309468 0.690512
threshold=0.15000000223517421 0.1067231632769108 0.15339080244302752 0.168457105755806 2.5000000000000004 0.17660956084728244 0.10074627026915552 0.10458041727542879 0.11630280315876008 0.21946247667074206 0.24515175819396975 0.23021738976240161 0.22214052081108096 2.5000000000000004 0.16505814343690875 1.5000000000000002 0.15954913944005969 0.15803226083517077 0.18758561462163928 0.19101010262966159 0.19699231535196307 0.14379280805587771 0.1483045965433121 0.20240999013185504 0.23021738976240161 0.21946247667074206 0.20071429014205935 0.10317540168762208 1.5000000000000002 0.15629401057958606 0.15529115498065951 0.25920708477497106 0.26417112350463873 0.30072464048862463 0.35000000894069677 0.25000000745058065 0.23642505705356601 0.1633739769458771 0.16370223462581637 0.1613835692405701 0.16090353578329089 0.2123106122016907 1.5000000000000002 0.10388386249542238 0.25646600127220159 0.10594117641448976 0.16013698279857638 0.18346994370222094 0.17660956084728244 0.42745216190814977 0.33771552145481115 0.10259784013032915 0.20206207782030108 0.21680790930986407 0.22214052081108096 0.23021738976240161 0.14415185153484347 0.18897569924592975 0.17394282668828967 0.15339080244302752 0.15392307937145236 0.19238026440143588 1.5000000000000002 0.10559467971324922 1.5000000000000002 0.25035211443901068 0.1981649845838547 0.19510195404291156 0.19238026440143588 0.21680790930986407 1.5000000000000002 0.14586748182773593 0.14451952278614047 0.14790198951959613 1.5000000000000002 0.14859127253293994 0.13608834147453311 0.14013888686895373 0.15032467991113665 0.15220635384321216 0.1981649845838547 0.20745369791984561 0.20206207782030108 0.19291979819536212 0.27303031086921697 0.10559467971324922 0.14741302281618121 0.1471008434891701 0.14670995622873309 0.14620192348957065 0.14503520727157596 0.19510195404291156 0.15954913944005969 0.15886382013559344
decision_type=2 2 2 2 2 2 2 2 2 2 2 2 2 2 2 2 2 2 2 2 2 2 2 2 2 2 2 2 2 2 2 2 2 2 2 2 2 2 2 2 2 2 2 2 2 2 2 2 2 2 2 2 2 2 2 2 2 2 2 2 2 2 2 2 2 2 2 2 2 2 2 2 2 2 2 2 2 2 2 2 2 2 2 2 2 2 2 2 2 2 2 2 2 2
left_child=1 6 8 13 15 -6 -1 27 -2 80 11 12 -11 16 -15 18 17 28 47 57 83 -3 56 26 25 41 58 51 29 -4 -30 -12 65 35 50 84 -13 39 -39 40 46 -25 63 -29 52 85 -18 48 -5 -36 -35 -8 -22 -54 -55 -56 -23 -20 -17 -24 62 92 -61 -9 -45 -26 67 68 -60 -43 72 -72 -58 86 75 77 -76 -10 -77 -80 91 82 -82 -21 -33 -44 87 88 89 90 -74 -7 93 -62
right_child=2 21 3 4 5 9 7 42 74 10 31 36 -14 14 -16 23 37 -19 19 20 44 22 59 24 32 -27 -28 43 30 -31 -32 33 -34 34 49 -37 -38 38 -40 -41 -42 69 45 64 -46 -47 -48 -49 -50 -51 -52 -53 53 54 55 -57 70 -59 66 60 61 -63 -64 -65 -66 -67 -68 -69 -70 -71 71 -73 73 -75 76 78 -78 -79 79 -81 81 -83 -84 -85 -86 -87 -88 -89 -90 -91 -92 -93 -94 -95
leaf_value=-0.0012879526138710789 0.001007501647430288 0 0.0012879527098310236 0 0.0012879527098310236 0.0020163753048350005 0.0010587801385561078 0 0 0.0012879527098310236 -0.0010462444637193693 0.0012879527098310236 -0.00089310461259059796 0.0010998505264814024 0.0012879527098310236 0 0.003167710921353665 0.003167710921353665 0.0012879527098310236 -0.0093304742861842673 0.0012861105076783961 -3.4952972161510913e-05 0 0.0012879527098310236 -0.00083546959704139357 0.0012879527098310236 -0.00083546959704139357 -0.0012242447875273521 0 0.001235688942238726 0.0012879527098310236 0.0032628053953298909 0.0016165237189818109 0.0039740783650972205 0.0034584415807734498 0.0035294255854897878 0.0016204113170806781 0.0012879527098310236 0.0012879527098310236 0.00062160286238264182 0.0012342780418050697 0.0036337353184780095 -0.0011220752050479122 9.7428402044925512e-05 -0.00088840638399655992 0.00044967670211084736 0 -0.00090732615818272416 0.0012879527098310236 0.0016892877409722935 -0.0013734492941802202 0.00016543502859582866 0.0012879527098310236 0.0012879527098310236 0.0012613923823787789 0.003137652266506709 0 0.0012879527098310236 0.0012879527098310236 0.0070495902533326436 0 0 0 0 0.00016416290852433018 -0.00083546959704139357 0 0.0022879725085654706 -0.0092738369002346617 -0.00012424580714612363 0 0 0 0.0012424682908449716 0 0.00093789054634435358 0 0 0 0.0002828585806310307 0.0040370220201759489 -0.00012424580714612363 0.0012879527098310236 -0.00083546959704139357 0.000755433189727997 -0.0011220752050479122 0 0.0012424682908449716 0 0 0 -0.0028005236368745922 0 0
leaf_weight=313058 499 115033 235 306 231 474 559 2806 327 113 275 120 184 139 115 283 141 298 132 140 238 291 8360 187 641 330 684 1310 156 140 330 115 341 292 157 154 130 120 538 275 113 272 465 1301 145 431 109 228 188 121 167 690 381 173 152 142 673 177 746 226 3525 3053 218 3111 206 230 424 171 277 164 991 926 335 215 188 347 1565 736 177 148 176 351 129 297 133 171 356 241 240 320 1062 115 9490 222
leaf_count=313058 499 115033 235 306 231 474 559 2806 327 113 275 120 184 139 115 283 141 298 132 140 238 291 8360 187 641 330 684 1310 156 140 330 115 341 292 157 154 130 120 538 275 113 272 465 1301 145 431 109 228 188 121 167 690 381 173 152 142 673 177 746 226 3525 3053 218 3111 206 230 424 171 277 164 991 926 335 215 188 347 1565 736 177 148 176 351 129 297 133 171 356 241 240 320 1062 115 9490 222
internal_value=0 -0.00658281 0.00381455 0.00598106 0.00411192 0.00881257 -0.00587635 -0.00314323 -0.00357291 0.00716505 0.0105737 0.0231893 0.0116304 0.0134921 0.0257002 0.00194302 0.0122291 0.0163468 0.00500999 0.00718619 0.00434715 -0.00815349 -0.007213 0.000200331 0.00314263 0.00885679 -0.00226392 0.00143696 0.0120357 0.0178897 0.00751866 0.00569333 -0.00135043 0.00761097 0.004816 0.0127351 0.0369213 0.0085466 0.0115983 0.00539925 0.00935852 0.00255078 -0.00580977 -0.000462787 0.007104 -0.00273792 0.00456759 -0.000948947 0.00127134 0.0113642 0.000849994 0.00572167 0.00818394 0.00686754 0.0106569 0.00666754 -0.00469896 0.0225115 0.000245276 -0.00777905 -0.00744023 -0.00757059 -0.00265757 -0.00636371 0.00140811 -0.00372548 0.00101157 0.00196054 0.000251148 -0.000349206 -0.00495234 -0.00380732 -0.00559006 -0.00473901 -0.00531445 -0.00425058 -0.0063674 -0.00629315 -0.00101955 -0.00365993 0.00179615 0.00339436 0.00764384 -0.00341873 0.00813448 -0.00532646 -0.00519383 -0.00475358 -0.00543136 -0.00486044 -0.0056332 1.61536e-05 -0.00725134 -0.00651911
internal_weight=0 469885 17582 13595 10886 3437 324108 11050 3987 3206 1961 547 297 2709 254 7449 2455 1159 2699 1977 1668 145777 30744 4750 2165 953 2585 4066 861 375 486 1414 1212 1139 737 402 250 1296 658 638 363 623 6984 2817 1231 1067 250 722 494 278 459 1249 1086 848 467 294 5650 309 1901 25094 16734 16290 444 5917 1507 871 1618 1194 1023 436 5359 1917 3442 2769 3488 1735 1753 1063 672 325 1245 656 305 437 248 636 2554 2198 1957 1717 1397 589 13237 3747
internal_count=487467 469885 17582 13595 10886 3437 324108 11050 3987 3206 1961 547 297 2709 254 7449 2455 1159 2699 1977 1668 145777 30744 4750 2165 953 2585 4066 861 375 486 1414 1212 1139 737 402 250 1296 658 638 363 623 6984 2817 1231 1067 250 722 494 278 459 1249 1086 848 467 294 5650 309 1901 25094 16734 16290 444 5917 1507 871 1618 1194 1023 436 5359 1917 3442 2769 3488 1735 1753 1063 672 325 1245 656 305 437 248 636 2554 2198 1957 1717 1397 589 13237 3747
is_linear=0
shrinkage=0.0951581


Tree=21
num_leaves=95
num_cat=0
split_feature=4 2 4 2 3 2 2 2 2 2 2 2 2 2 3 3 2 2 2 2 4 3 2 2 2 2 2 2 2 4 3 2 2 2 2 2 2 2 2 2 3 2 2 2 2 2 2 2 2 2 2 2 2 2 2 2 2 2 2 2 2 2 2 2 2 2 2 2 2 4 2 2 2 2 2 2 2 2 2 2 3 2 2 2 2 2 2 2 2 2 2 2 2 2
split_gain=424.952 1280.86 333.768 10.0398 21.0343 24.6328 8.66351 6.07135 5.90998 15.0898 5.79858 5.13964 4.67043 6.84847 4.07754 4.05026 5.95472 12.5224 3.44446 6.37057 3.33227 5.56072 3.01159 3.00748 2.67389 3.38933 2.32639 2.72923 2.26671 3.68256 3.24919 1.94758 2.69976 2.6578 1.94208 6.58667 3.74872 2.96043 1.81853 5.04241 1.7787 1.77229 1.57469 1.53289 17.1547 3.57031 1.32877 1.26973 1.24175 1.19654 3.06133 2.97978 1.18848 3.24097 1.84386 1.07227 5.76861 1.28022 1.61432 0.860938 0.824582 0.719763 1.12241 1.58275 0.692283 0.64061 5.27577 0.921473 0.56691 0.542534 0.536382 0.53627 0.520799 0.513027 0.501049 1.51422 1.17435 1.08079 0.537013 0.576333 0.486904 0.550542 0.448456 0.400672 0.383195 1.37551 0.364109 0.358577 0.334165 0.459798 0.299063 0.283297 0.256126 0.241946
threshold=0.15000000223517421 0.10458041727542879 0.25000000745058065 0.17089758068323138 0.15000000223517421 0.15339080244302752 0.15886382013559344 0.16090353578329089 0.21946247667074206 0.22039676457643512 0.24515175819396975 0.26417112350463873 0.19101010262966159 0.19012194871902469 0.15000000223517421 0.15000000223517421 0.1583974361419678 0.16013698279857638 0.15803226083517077 0.15629401057958606 0.25000000745058065 0.15000000223517421 0.16259328275918963 0.1067231632769108 0.24171940237283709 0.23642505705356601 0.12516666948795321 0.11630280315876008 0.30072464048862463 0.45000000298023229 0.35000000894069677 0.23021738976240161 0.22547236829996112 0.23357842862606051 0.20240999013185504 0.20071429014205935 0.19510195404291156 0.1981649845838547 0.17394282668828967 0.17517123371362689 0.15000000223517421 0.19699231535196307 0.10594117641448976 0.10074627026915552 0.10259784013032915 0.1067231632769108 0.20745369791984561 0.42745216190814977 0.18897569924592975 0.10259784013032915 0.10074627026915552 0.10317540168762208 0.1633739769458771 0.16587346047163012 0.16928205639123919 0.1643650829792023 0.168457105755806 0.18346994370222094 0.19510195404291156 0.12782331556081775 0.35424640774726873 0.18346994370222094 0.18758561462163928 0.18843366950750354 0.27303031086921697 0.14379280805587771 0.1483045965433121 0.14415185153484347 0.10347852483391763 0.35000000894069677 0.1643650829792023 0.14586748182773593 0.19548846781253817 0.14620192348957065 0.15298574417829516 0.14551208168268207 0.15529115498065951 0.14122316241264346 0.13481555134058001 0.13893597573041919 0.25000000745058065 0.31587702035903936 0.22410600632429126 0.14859127253293994 0.10388386249542238 0.10458041727542879 0.19238026440143588 0.11441558599472047 0.14790198951959613 0.14670995622873309 0.25646600127220159 0.10347852483391763 0.1779797971248627 0.13796551525592807
decision_type=2 2 2 2 2 2 2 2 2 2 2 2 2 2 2 2 2 2 2 2 2 2 2 2 2 2 2 2 2 2 2 2 2 2 2 2 2 2 2 2 2 2 2 2 2 2 2 2 2 2 2 2 2 2 2 2 2 2 2 2 2 2 2 2 2 2 2 2 2 2 2 2 2 2 2 2 2 2 2 2 2 2 2 2 2 2 2 2 2 2 2 2 2 2
left_child=43 20 15 4 22 83 18 -8 12 -10 24 69 13 14 -5 23 -17 -18 19 -7 21 49 26 42 25 31 27 -4 29 64 60 32 82 -33 35 36 86 41 -16 -40 -22 72 -3 -1 -45 84 -36 -32 61 50 -2 -51 -9 70 -55 -19 -57 -58 -59 -28 80 92 -63 -64 -13 -25 67 -67 -53 90 -54 -69 -38 -73 75 77 -76 78 -61 -80 -30 -82 -11 93 91 -86 -14 -47 89 -75 -12 -46 -41 -6
right_child=1 2 3 8 5 6 7 52 9 10 11 28 34 -15 38 16 17 55 -20 -21 40 -23 -24 65 -26 -27 59 -29 30 -31 47 33 -34 -35 46 -37 37 -39 39 48 -42 -43 -44 44 45 87 -48 -49 -50 51 -52 68 53 54 -56 56 57 58 -60 74 -62 62 63 -65 -66 66 -68 71 -70 -71 -72 73 -74 88 76 -77 -78 -79 79 -81 81 -83 -84 -85 85 -87 -88 -89 -90 -91 -92 -93 -94 -95
leaf_value=-0.0011653935046060917 0.00072783420985189954 0 0.0017385284101590582 -0.00090607906790196439 0.001238125093072455 0.0011653935914346725 0.0047688127005702727 0.0014712454403240684 0.0011653935914346725 0.0009018218044076024 -0.00075596790689487947 0.0014626984113032429 0.0002424177000381685 0.0011653935914346725 -0.0011104678020762251 0 0.0028662776040492303 0 0.00068447804019588143 0.0011653935914346725 0.0024663626200109551 -0.0010074500461065494 -0.0012242132728730354 0 0.00113375746574715 0.00015296178997341832 0.0017385284101590582 -0.0011277491938901749 -0.0005996915314257752 0.0034620964099927264 0.0031293428895486034 0.0013576647606021793 0.0011653935914346725 0.0011653935914346725 0.0011653935914346725 -0.00075596790689487947 0.0020702534173096532 0.0036528667200917226 0.0011653935914346725 0.0011653935914346725 0.00091162971614786525 0.0011637266897181614 0 0.00095802864405905379 -0.0016236278646646891 -0.0018295198881142633 0.0011653935914346725 0.0015285383480240875 0.0011653935914346725 0.00014969254744584795 -0.00034553061546216434 0.00038614289492895984 0.0011653935914346725 0.0011653935914346725 0.0011653935914346725 0.0011653935914346725 0 0.00026483619870188417 0 0.0017385284101590582 -0.0022598913940859284 -0.00082098673500668659 0.0011653935914346725 -0.0061074946881163076 0.00095496943035547972 0.00014946854019963517 0 0 0.00016190997106918929 0.001593267956565405 0.0011653935914346725 0 0.0015698374173247736 0 -0.0023886078951707371 0.0017385284101590582 0.0017986184280753756 -0.00019684617691906778 0.0019853235880217769 0.0017385284101590582 -0.00072785811130298935 0.0040699496599480535 0.0011653935914346725 0.0017807594423719523 -0.0018113477931505472 -0.0017285252602710049 -0.00075596790689487947 -0.0018295198881142633 0 0 -0.00075596790689487947 -0.0011077479932620044 0.0011653935914346725 -0.0020218551370771143
leaf_weight=279508 32976 1372 206 634 250 296 219 286 132 303 488 130 170 130 207 3067 135 236 147 218 608 128 561 86512 136 322 152 400 130 113 175 163 294 177 318 738 133 691 161 199 348 157 858 442 904 17399 1232 133 151 224 117 131 106 362 122 156 497 181 233 302 106 356 158 132 298 269 21742 2604 483 195 158 470 160 415 125 473 577 235 154 106 121 305 140 350 1138 4716 565 10697 295 1277 184 593 302 292
leaf_count=279508 32976 1372 206 634 250 296 219 286 132 303 488 130 170 130 207 3067 135 236 147 218 608 128 561 86512 136 322 152 400 130 113 175 163 294 177 318 738 133 691 161 199 348 157 858 442 904 17399 1232 133 151 224 117 131 106 362 122 156 497 181 233 302 106 356 158 132 298 269 21742 2604 483 195 158 470 160 415 125 473 577 235 154 106 121 305 140 350 1138 4716 565 10697 295 1277 184 593 302 292
internal_value=0 -0.00240066 -0.00655043 0.00604063 0.00911938 0.0151724 0.0212589 0.016609 0.00427625 0.0071398 0.00607231 0.00312925 0.00251965 0.00583479 0.00463378 -0.00830181 -0.00550248 -0.000449985 0.0300734 0.0263999 0.0138423 0.0139978 0.00395841 -0.0084107 0.0106317 0.00939337 0.00526332 6.28084e-05 0.00648032 0.0114155 0.00372784 0.0119544 0.00920593 0.0179121 0.000585023 -0.000997451 0.00199852 0.00541258 0.00710544 0.00828964 0.00830145 0.011419 -0.00494993 -0.00827971 -0.00769426 -0.00792658 0.00325379 0.0118021 0.00631943 0.0140725 0.0139826 0.0176235 0.0196574 0.0216523 0.0170262 -0.00330826 -0.00202445 -0.00491981 -0.00101134 0.00674708 -2.87509e-05 0.00525153 0.00315229 0.00754702 0.00738142 -0.00847864 -0.00807466 -0.0053917 0.0141962 -0.00271097 0.0301334 -0.00568016 0.00704754 -0.00668857 0.00621519 0.00734291 0.00417502 0.00481163 0.00707759 0.0102478 0.00143764 0.00299323 0.0138978 0.00211225 -0.00605952 -0.00571209 -0.00330141 -0.00841507 -0.00601982 -0.00653509 -0.00399324 -0.00741814 0.00795833 0.000491589
internal_weight=0 172070 137055 16736 6097 2806 1914 1253 10639 4045 3913 2378 6594 2430 2300 120319 4505 1438 661 514 35015 34059 3291 115814 1535 1399 2730 606 1511 541 970 1077 737 340 4164 2614 1876 1141 1666 1459 956 450 2230 315397 35889 35447 1550 308 1298 33931 33093 838 1034 748 484 1303 1067 911 414 2124 662 1147 646 290 428 113584 27072 5330 614 867 264 5061 293 2457 1972 1270 702 797 562 260 556 426 443 892 7351 5854 735 28096 1987 1692 672 1497 501 542
internal_count=487467 172070 137055 16736 6097 2806 1914 1253 10639 4045 3913 2378 6594 2430 2300 120319 4505 1438 661 514 35015 34059 3291 115814 1535 1399 2730 606 1511 541 970 1077 737 340 4164 2614 1876 1141 1666 1459 956 450 2230 315397 35889 35447 1550 308 1298 33931 33093 838 1034 748 484 1303 1067 911 414 2124 662 1147 646 290 428 113584 27072 5330 614 867 264 5061 293 2457 1972 1270 702 797 562 260 556 426 443 892 7351 5854 735 28096 1987 1692 672 1497 501 542
is_linear=0
shrinkage=0.0951581


Tree=22
num_leaves=95
num_cat=0
split_feature=4 2 4 2 2 2 0 2 2 2 2 0 2 2 2 0 2 0 0 4 2 0 2 2 2 2 2 2 2 2 2 2 4 4 2 2 2 2 2 2 2 2 2 2 2 2 2 0 2 4 2 2 2 2 2 2 2 2 2 2 2 2 2 0 2 2 2 0 2 2 2 0 2 2 2 2 2 0 2 2 2 2 2 2 2 2 2 4 2 4 2 2 0 2
split_gain=423.515 1282.43 331.721 10.577 11.6865 10.5392 11.2808 7.64069 6.75734 15.1797 5.4216 6.37862 17.3601 7.10613 5.13964 4.99509 4.33053 3.65297 3.41481 3.33227 2.83111 4.32827 2.75047 2.48998 9.65628 2.73009 5.48194 2.56728 2.31433 3.80082 2.35915 2.26671 3.68256 2.18404 2.04895 5.19384 3.81103 1.88807 3.54986 1.81478 1.74348 1.63619 1.59238 1.58068 1.53289 17.1547 3.57031 1.52322 1.50125 1.49549 1.49282 5.97972 1.40528 1.39451 1.39258 1.31965 2.72583 1.58168 4.3666 1.25389 1.24728 3.03099 2.97978 1.50841 1.159 1.14095 1.10566 1.08413 1.00111 0.987871 0.967612 1.15541 0.868724 0.809648 0.905948 0.756703 0.753242 1.82123 0.725037 0.856368 1.07021 0.692283 0.682331 0.62998 0.612061 0.555479 0.551675 0.542534 0.536876 0.696407 0.490977 0.463554 0.521939 0.46185
threshold=0.15000000223517421 0.10458041727542879 0.25000000745058065 0.17517123371362689 0.15339080244302752 0.15886382013559344 2.5000000000000004 0.17006493359804156 0.21946247667074206 0.22039676457643512 0.24515175819396975 2.5000000000000004 0.23021738976240161 0.22547236829996112 0.26417112350463873 1.5000000000000002 0.168457105755806 1.5000000000000002 1.5000000000000002 0.25000000745058065 0.1067231632769108 1.5000000000000002 0.16505814343690875 0.19101010262966159 0.18758561462163928 0.19548846781253817 0.1981649845838547 0.18346994370222094 0.12516666948795321 0.11630280315876008 0.12846482545137408 0.30072464048862463 0.45000000298023229 0.35000000894069677 0.20240999013185504 0.20071429014205935 0.20745369791984561 0.14379280805587771 0.14586748182773593 0.15629401057958606 0.10594117641448976 0.22410600632429126 0.20439612865448001 0.23642505705356601 0.10074627026915552 0.10259784013032915 0.1067231632769108 2.5000000000000004 0.1471008434891701 0.59999999403953563 0.16505814343690875 0.17660956084728244 0.38397435843944555 0.14172885566949847 0.35424640774726873 0.16090353578329089 0.1613835692405701 0.1633739769458771 0.1643650829792023 0.15119115263223651 0.10259784013032915 0.10074627026915552 0.10317540168762208 1.5000000000000002 0.15803226083517077 0.10421099141240121 0.19510195404291156 1.5000000000000002 0.15563492476940158 0.23357842862606051 0.13058389723300937 2.5000000000000004 0.2123106122016907 0.19101010262966159 0.19344085454940799 0.16259328275918963 0.16587346047163012 1.5000000000000002 0.13893597573041919 0.14379280805587771 0.14765568077564242 0.27303031086921697 0.14415185153484347 0.14451952278614047 0.17394282668828967 0.17089758068323138 0.21680790930986407 0.35000000894069677 0.31587702035903936 0.45000000298023229 0.1483045965433121 0.14620192348957065 1.5000000000000002 0.18897569924592975
decision_type=2 2 2 2 2 2 2 2 2 2 2 2 2 2 2 2 2 2 2 2 2 2 2 2 2 2 2 2 2 2 2 2 2 2 2 2 2 2 2 2 2 2 2 2 2 2 2 2 2 2 2 2 2 2 2 2 2 2 2 2 2 2 2 2 2 2 2 2 2 2 2 2 2 2 2 2 2 2 2 2 2 2 2 2 2 2 2 2 2 2 2 2 2 2
left_child=44 19 20 4 17 18 16 22 15 -10 11 13 41 -11 87 23 55 28 39 60 21 -3 -8 24 27 -25 -27 -5 29 -4 -30 32 81 34 35 73 -36 -22 67 -6 -23 -13 66 -14 -1 -46 -47 90 53 52 -49 -52 54 -32 88 -7 -57 75 -59 -50 61 -2 -62 65 68 -64 -35 82 -20 -15 -19 78 -28 -17 -75 -58 -60 -78 -72 -80 -81 -16 -39 -84 85 -18 -38 -12 -33 -90 91 -40 -93 -26
right_child=1 2 3 8 5 6 7 -9 9 10 14 12 43 69 31 33 84 70 64 -21 37 40 -24 25 93 26 72 -29 30 -31 48 49 -34 42 36 -37 86 38 47 -41 -42 -43 -44 -45 45 46 -48 50 59 -51 51 -53 -54 -55 -56 56 57 58 76 -61 62 -63 63 -65 -66 -67 -68 -69 -70 -71 71 -73 -74 74 -76 -77 77 -79 79 80 -82 -83 83 -85 -86 -87 -88 -89 89 -91 -92 92 -94 -95
leaf_value=-0.0010544968859498855 0.00065857489744293896 0 0.0015730933692373629 0.0010544969645160226 0.0010544969645160226 0.0016118314097529345 0.00085518994803093979 0.0010544969645160226 0.0010544969645160226 0.0010544969645160226 -0.00068403144564303038 0.0061816721766113939 0.0010544969645160226 0.0010544969645160226 0.0013235108259200871 0.0010544969645160226 0.0021324307420416411 -0.0010941874109553042 0.0010544969645160226 0.0022316682666802994 0 -0.0059327282916901069 0.0010544969645160226 -0.00068403144564303038 0.0010544969645160226 0.0010529886819811585 -0.00042572893891567741 -0.0007428632063324693 0.0015730933692373629 -0.001020434735897762 0.0015730933692373629 -0.00065859652447762161 0.0031326499322043024 0.0051268785692725194 0.0010544969645160226 -0.00068403144564303038 0.003248888646896899 0 0 0.0010072065171638914 0.00040688632653772884 -0.0013501507331988908 -0.0009052329745248103 0.0014516605213958991 0.00086686446922709475 -0.0010743455358414057 -0.0016554262720487357 0 0.0015730933692373629 0.0049310421761845922 0.0010544969645160226 0 -0.0048606033476156748 0.00018431281122708343 0.0019271159496976633 0.00097682559790758928 0.0016274653358898145 0.0010544969645160226 0.0010544969645160226 0.00160507567618832 0.00013544809071585359 -0.00031265058245571342 0.0007994214126837044 0.00013313443647648232 0.00061934441803123102 0.00014650292765653036 0.0035573138714069218 0 0.0010544969645160226 -0.00064681629251401597 0.0018745266865417974 -0.00017884233271614719 0.0010544969645160226 -0.0026253614580902759 0.0014681908245965671 -0.0011077194774819633 0.0010544969645160226 0.0010544969645160226 -0.0021779756607703316 0.0015730933692373629 0.0015730933692373629 0.00086409636445293383 0 0 0.0065113200244130056 -0.0010047978083014908 -0.00022331944050915355 0.0014416556227931259 -0.00054262603139593234 0.0041269784661526789 0 0 0 0.0010544969645160226
leaf_weight=279508 33104 1649 181 267 230 351 120 197 132 279 672 106 119 294 130 981 223 351 152 956 87108 341 183 334 123 152 457 231 115 320 404 150 113 116 155 721 519 195 550 244 240 140 155 131 442 7351 28096 466 215 152 117 345 124 249 134 107 211 149 212 153 224 117 249 180 130 185 140 1181 264 466 139 237 207 300 742 119 183 221 155 127 310 298 634 1134 139 292 232 195 114 296 24036 1497 826 176
leaf_count=279508 33104 1649 181 267 230 351 120 197 132 279 672 106 119 294 130 981 223 351 152 956 87108 341 183 334 123 152 457 231 115 320 404 150 113 116 155 721 519 195 550 244 240 140 155 131 442 7351 28096 466 215 152 117 345 124 249 134 107 211 149 212 153 224 117 249 180 130 185 140 1181 264 466 139 237 207 300 742 119 183 221 155 127 310 298 634 1134 139 292 232 195 114 296 24036 1497 826 176
internal_value=0 -0.00241061 -0.00656293 0.00598945 0.00892347 0.0124673 0.00936114 0.022267 0.00403899 0.0070457 0.00597504 0.0103837 0.0192618 0.00614543 0.00312925 0.00201466 0.00643729 0.0044553 0.0207109 0.0138423 -0.00830893 -0.00494993 0.012782 0.00597731 0.010065 0.00314435 0.00611064 0.00194902 0.00745802 0.0020703 0.00983412 0.00648032 0.0114155 0.000114815 -0.000625699 -0.0019212 0.00329797 -0.00837236 -0.00773434 0.0266202 0.0021128 0.00131519 0.00669116 0.0369213 -0.00827971 -0.00769426 -0.00792658 -0.00807666 0.00837876 0.00372784 -0.00428622 -0.000453136 0.00211721 0.00563954 0.00378438 0.00917267 0.0106716 0.0092551 0.0116304 0.0132394 0.0139978 0.0139064 0.0176235 0.0141962 0.0155808 0.0172337 0.0113 -0.00470343 0.01313 0.00137729 0.000728653 0.00228065 0.00237895 0.000550344 -0.00129678 0.00374865 0.00809461 0.0105051 0.00415259 0.00270043 0.00485589 0.00738142 -0.00607403 -0.00666322 -5.82029e-05 -0.00157057 0.000494161 -0.00271097 0.00169925 0.00348139 -0.00820738 -0.0070317 -0.00644355 0.0235827
internal_weight=0 172070 137055 16736 6683 3727 2707 500 10053 4045 3913 1535 496 1039 2378 6008 2207 2956 1020 35015 120319 2230 303 1947 797 1150 816 498 1637 501 1136 1511 541 4061 3650 2744 906 118089 30981 474 581 246 411 250 315397 35889 35447 27837 1021 970 928 462 818 653 694 1553 1202 1095 765 368 34059 33221 838 614 546 434 256 3144 416 760 1319 968 664 2023 1042 330 616 404 731 592 437 428 1963 1768 654 515 751 867 560 410 26909 2873 2323 299
internal_count=487467 172070 137055 16736 6683 3727 2707 500 10053 4045 3913 1535 496 1039 2378 6008 2207 2956 1020 35015 120319 2230 303 1947 797 1150 816 498 1637 501 1136 1511 541 4061 3650 2744 906 118089 30981 474 581 246 411 250 315397 35889 35447 27837 1021 970 928 462 818 653 694 1553 1202 1095 765 368 34059 33221 838 614 546 434 256 3144 416 760 1319 968 664 2023 1042 330 616 404 731 592 437 428 1963 1768 654 515 751 867 560 410 26909 2873 2323 299
is_linear=0
shrinkage=0.0951581


Tree=23
num_leaves=95
num_cat=0
split_feature=4 2 4 2 3 2 2 2 2 2 2 2 2 2 3 3 2 2 2 2 4 3 2 2 2 2 2 2 2 4 2 2 2 2 2 2 2 3 2 2 2 4 3 2 2 2 2 2 2 2 2 2 2 2 2 2 2 2 2 2 2 2 2 2 2 2 2 2 4 2 2 2 2 4 2 2 2 2 2 2 2 3 2 2 2 2 2 2 2 2 2 2 2 2
split_gain=420.964 1272.81 330.93 10.3859 21.1429 24.6328 8.66351 6.52555 15.0449 6.07135 5.67552 5.28147 5.21399 6.84847 4.07754 3.53805 5.03734 13.0689 3.44446 6.37057 3.23815 5.5153 3.00748 2.98423 2.67389 3.38933 2.30025 5.85272 2.9371 2.72622 2.2953 2.72923 1.94758 2.69976 2.6578 1.81853 5.04241 1.7787 1.73616 4.75449 1.70604 3.94131 2.86641 1.57469 1.56888 3.06133 2.64552 1.53289 17.1547 3.57031 1.49873 5.37514 1.35869 1.26973 1.24175 1.20009 5.97238 1.18848 3.24097 1.84386 0.872154 0.825529 0.719763 1.12241 1.58275 0.64061 5.27577 0.921473 0.567327 0.544846 1.51422 1.13659 1.08079 0.542534 0.537013 0.576333 0.536382 0.53627 0.529197 0.513027 0.448456 0.428488 0.410935 0.400672 0.383195 1.37551 0.364109 0.358577 0.334165 0.459798 0.299063 0.283297 0.262385 0.284527
threshold=0.15000000223517421 0.10458041727542879 0.25000000745058065 0.17089758068323138 0.15000000223517421 0.15339080244302752 0.15886382013559344 0.21946247667074206 0.22039676457643512 0.16090353578329089 0.24515175819396975 0.26417112350463873 0.19101010262966159 0.19012194871902469 0.15000000223517421 0.15000000223517421 0.1583974361419678 0.16013698279857638 0.15803226083517077 0.15629401057958606 0.25000000745058065 0.15000000223517421 0.1067231632769108 0.16259328275918963 0.24171940237283709 0.23642505705356601 0.20240999013185504 0.20071429014205935 0.19510195404291156 0.35000000894069677 0.12516666948795321 0.11630280315876008 0.23021738976240161 0.22547236829996112 0.23357842862606051 0.17394282668828967 0.17517123371362689 0.15000000223517421 0.10388386249542238 0.10421099141240121 0.30072464048862463 0.45000000298023229 0.35000000894069677 0.10594117641448976 0.10259784013032915 0.10074627026915552 0.10317540168762208 0.10074627026915552 0.10259784013032915 0.1067231632769108 0.1981649845838547 0.19699231535196307 0.20745369791984561 0.42745216190814977 0.18897569924592975 0.168457105755806 0.1643650829792023 0.1633739769458771 0.16587346047163012 0.16928205639123919 0.12782331556081775 0.19101010262966159 0.18346994370222094 0.18758561462163928 0.18843366950750354 0.14379280805587771 0.1483045965433121 0.14415185153484347 0.35000000894069677 0.15298574417829516 0.14551208168268207 0.15529115498065951 0.14122316241264346 0.35000000894069677 0.13481555134058001 0.13893597573041919 0.1643650829792023 0.14586748182773593 0.10347852483391763 0.14620192348957065 0.22410600632429126 0.25000000745058065 0.19548846781253817 0.14859127253293994 0.10388386249542238 0.10458041727542879 0.19238026440143588 0.11441558599472047 0.14790198951959613 0.14670995622873309 0.25646600127220159 0.10347852483391763 0.31587702035903936 0.32517604529857641
decision_type=2 2 2 2 2 2 2 2 2 2 2 2 2 2 2 2 2 2 2 2 2 2 2 2 2 2 2 2 2 2 2 2 2 2 2 2 2 2 2 2 2 2 2 2 2 2 2 2 2 2 2 2 2 2 2 2 2 2 2 2 2 2 2 2 2 2 2 2 2 2 2 2 2 2 2 2 2 2 2 2 2 2 2 2 2 2 2 2 2 2 2 2 2 2
left_child=47 20 15 4 23 83 18 12 -9 -8 24 73 13 14 -5 22 -17 -18 19 -7 21 38 43 30 25 32 27 28 86 50 31 -4 33 80 -34 -16 -37 -22 44 -40 41 68 81 -3 45 -2 -46 -1 -49 84 51 82 -28 -44 62 56 -19 -11 76 -60 -32 -57 -38 -64 -65 -24 67 -67 -13 70 72 -71 74 90 -62 -76 -59 -69 -48 -79 -10 -42 -30 -6 91 -86 -14 -51 89 -81 -12 -50 -83 -94
right_child=1 2 3 7 5 6 9 8 10 57 11 40 26 -15 35 16 17 55 -20 -21 37 -23 65 -25 -26 -27 52 -29 29 -31 60 -33 34 -35 -36 36 54 -39 39 -41 42 -43 53 -45 46 -47 78 48 49 87 -52 -53 -54 -55 -56 61 -58 58 59 -61 69 -63 63 64 -66 66 -68 77 -70 71 -72 -73 -74 -75 75 -77 -78 79 -80 88 -82 92 -84 -85 85 -87 -88 -89 -90 -91 -92 -93 93 -95
leaf_value=-0.00095415297758490159 0.00059590616883786025 0 0.0014234008106385485 -0.00092020223129485389 0.00022810664011953071 0.0009541530486748336 0.0041616428014016197 0.0009541530486748336 0.0007156622491759681 0.001176378044961489 -0.00061894032056252141 0.00078187060582959043 0.00028444082007969866 0.0009541530486748336 -0.00090918316918312317 0 0.0025935281051351197 0 0.00056040878687162892 0.0009541530486748336 0.0020193069794764086 -0.0009742517537125547 0 -0.0010023110090231582 0.00088773403121289679 0.00019995604060501465 0.0009541530486748336 -0.00061894032056252141 -0.0031866855942690817 0.0032188066819652029 0.0014234008106385485 -0.00092333211663384951 0.0011281280608434598 0.0009541530486748336 0.0009541530486748336 0.0009541530486748336 0.0009541530486748336 0.00061251948741671881 -3.3211557225473084e-06 0.00013256198904984474 -0.00049099077528818116 0.0028345529516205013 0.0026481799300585983 0 0.00012255910926498717 -0.00028289935055147183 0.0002733268612080819 0.00078437530304370756 -0.0013668938721051191 -0.0014978990717689432 -0.0009858673797046285 0.0009527882914234329 0.0009541530486748336 0.00091385701056944323 0.0009541530486748336 0 0.0009541530486748336 0.0009541530486748336 0.0009541530486748336 0.0009541530486748336 0.0014234008106385485 0 -0.00067217376334108877 0.0009541530486748336 -0.0056266610817764613 0.00013524539957107738 0 0 0.0030204733675113461 -0.0022616564486960975 0.0014234008106385485 0.0014725988448573543 -0.00016109637633937755 0.001304470428948662 0.0016180276126481954 0.0014234008106385485 0.0009541530486748336 0 0.00072334999886716983 0 0.0009541530486748336 -0.00059592573788525428 0.0013202542983296269 0.0014585698433294534 -0.0015367507309572543 -0.0014618094320202235 -0.00061894032056252141 -0.0014978990717689432 0 0 -0.00061894032056252141 -0.0009001041433411587 0.0028280906515906461 0.0036251380638779428
leaf_weight=279508 32976 1372 206 634 542 296 219 132 303 286 488 242 170 130 207 3067 135 236 147 218 608 128 86512 561 136 322 318 738 118 151 152 400 163 294 177 161 501 348 121 234 182 113 175 858 224 117 131 442 904 17399 596 147 1232 133 151 639 156 106 362 122 302 272 356 158 132 269 21742 2604 186 125 473 577 235 195 154 106 158 470 128 415 140 121 129 350 1138 4716 565 10697 295 1277 184 593 119 240
leaf_count=279508 32976 1372 206 634 542 296 219 132 303 286 488 242 170 130 207 3067 135 236 147 218 608 128 86512 561 136 322 318 738 118 151 152 400 163 294 177 161 501 348 121 234 182 113 175 858 224 117 131 442 904 17399 596 147 1232 133 151 639 156 106 362 122 302 272 356 158 132 269 21742 2604 186 125 473 577 235 195 154 106 158 470 128 415 140 121 129 350 1138 4716 565 10697 295 1277 184 593 119 240
internal_value=0 -0.00242831 -0.00656501 0.0059724 0.00910377 0.0151724 0.0212589 0.00417787 0.00718684 0.016609 0.00612095 0.00320928 0.00233205 0.00583479 0.00463378 -0.00830893 -0.00569259 -0.00104555 0.0300734 0.0263999 0.0137635 0.0139168 -0.0084107 0.0039295 0.0106317 0.00939337 0.00028794 -0.00143429 0.00138983 0.0044118 0.00522846 6.28084e-05 0.0119544 0.00920593 0.0179121 0.00710544 0.00828964 0.00830145 0.0139912 0.0073714 0.00660627 0.0108878 0.00421835 -0.00494993 0.0140612 0.0139826 0.0194453 -0.00827971 -0.00769426 -0.00792658 0.00259522 0.00714893 0.0031924 0.0118021 0.00631943 -0.00396553 0.000436948 0.0196574 0.0216523 0.0170262 0.00670228 -0.0058599 0.00525153 0.00315229 0.00754702 -0.00847864 -0.00807466 -0.0053917 0.00671442 0.00616694 0.00734291 0.00403947 0.00481163 -0.00271097 0.00707759 0.0102478 0.0301334 -0.00568016 0.0128959 -0.00668857 0.0138978 0.000689966 -0.00142545 0.00211225 -0.00605952 -0.00571209 -0.00330141 -0.00841507 -0.00601982 -0.00653509 -0.00399324 -0.00741814 0.0021807 0.00347234
internal_weight=0 172070 137055 16736 6097 2806 1914 10639 4045 1253 3913 2378 6594 2430 2300 120319 4505 1438 661 514 35015 34059 115814 3291 1535 1399 4164 2614 1876 1141 2730 606 1077 737 340 1666 1459 956 33931 355 1511 541 970 2230 33576 33093 483 315397 35889 35447 990 394 1550 308 1298 1303 392 1034 748 484 2124 911 1147 646 290 113584 27072 5330 428 1972 1270 702 797 867 562 260 264 5061 259 2457 443 662 247 892 7351 5854 735 28096 1987 1692 672 1497 480 359
internal_count=487467 172070 137055 16736 6097 2806 1914 10639 4045 1253 3913 2378 6594 2430 2300 120319 4505 1438 661 514 35015 34059 115814 3291 1535 1399 4164 2614 1876 1141 2730 606 1077 737 340 1666 1459 956 33931 355 1511 541 970 2230 33576 33093 483 315397 35889 35447 990 394 1550 308 1298 1303 392 1034 748 484 2124 911 1147 646 290 113584 27072 5330 428 1972 1270 702 797 867 562 260 264 5061 259 2457 443 662 247 892 7351 5854 735 28096 1987 1692 672 1497 480 359
is_linear=0
shrinkage=0.0951581


Tree=24
num_leaves=95
num_cat=0
split_feature=3 2 2 2 0 2 2 2 2 2 2 2 2 0 0 2 2 2 2 2 2 2 2 2 2 2 2 0 2 2 2 2 2 2 2 2 2 2 2 2 2 3 0 2 2 3 2 2 2 2 2 2 2 2 2 2 2 2 0 2 2 2 2 2 2 2 0 2 2 2 0 2 2 2 2 2 2 2 2 2 2 2 2 2 2 2 2 2 2 2 0 2 2 2
split_gain=200.615 56.9209 30.6681 21.4332 12.5241 14.3335 9.33469 7.84502 12.9194 6.59272 13.3336 9.58841 8.15177 5.12181 4.61308 21.1009 4.45032 6.13848 7.90104 4.38252 4.22832 4.11111 6.87331 4.05039 9.26223 3.94541 4.74869 2.51431 6.19858 4.13397 2.38112 2.3784 1.9285 1.4281 1.38093 1.37467 4.23067 1.45792 2.03572 1.34907 1.33675 1.87107 1.31243 1.23512 1.1651 1.08211 1.07569 0.851641 2.11348 0.834248 0.776809 0.73774 0.729558 0.729447 2.74917 0.687598 1.13305 0.84264 0.683951 0.529455 0.524788 0.573949 0.478051 0.451707 0.433411 0.626572 0.432148 2.35143 1.13276 0.751454 0.4315 1.26452 0.692359 0.527236 0.484577 0.430744 0.371602 0.358269 1.04922 0.688816 0.353522 0.340885 0.33753 0.905493 0.503975 0.49433 0.504192 0.329187 0.322181 0.307111 0.295988 0.279775 0.271369 0.248776
threshold=0.15000000223517421 0.1067231632769108 0.15339080244302752 0.168457105755806 2.5000000000000004 0.17660956084728244 0.11630280315876008 0.10074627026915552 0.10317540168762208 0.21946247667074206 0.24515175819396975 0.23021738976240161 0.22214052081108096 1.5000000000000002 2.5000000000000004 0.16505814343690875 0.20240999013185504 0.23021738976240161 0.21946247667074206 0.20071429014205935 0.10458041727542879 0.15954913944005969 0.15803226083517077 0.18758561462163928 0.19101010262966159 0.14379280805587771 0.1483045965433121 1.5000000000000002 0.15629401057958606 0.15529115498065951 0.19699231535196307 0.25920708477497106 0.26417112350463873 0.23642505705356601 0.10421099141240121 0.1633739769458771 0.16370223462581637 0.1613835692405701 0.16090353578329089 0.2123106122016907 0.30072464048862463 0.35000000894069677 1.5000000000000002 0.20206207782030108 0.10594117641448976 0.25000000745058065 0.16013698279857638 0.18346994370222094 0.17660956084728244 0.42745216190814977 0.10259784013032915 0.14415185153484347 0.18897569924592975 0.21680790930986407 0.22214052081108096 0.15339080244302752 0.15392307937145236 0.19238026440143588 1.5000000000000002 0.10559467971324922 0.17394282668828967 0.18724054098129275 0.25035211443901068 0.21680790930986407 0.25646600127220159 0.23021738976240161 1.5000000000000002 0.14586748182773593 0.14451952278614047 0.14790198951959613 1.5000000000000002 0.14859127253293994 0.13608834147453311 0.14013888686895373 0.15032467991113665 0.15220635384321216 0.33771552145481115 0.1981649845838547 0.20745369791984561 0.20206207782030108 0.27303031086921697 0.10559467971324922 0.14741302281618121 0.1471008434891701 0.14670995622873309 0.14620192348957065 0.14503520727157596 0.19510195404291156 0.10347852483391763 0.18897569924592975 1.5000000000000002 0.2539230883121491 0.10594117641448976 0.15954913944005969
decision_type=2 2 2 2 2 2 2 2 2 2 2 2 2 2 2 2 2 2 2 2 2 2 2 2 2 2 2 2 2 2 2 2 2 2 2 2 2 2 2 2 2 2 2 2 2 2 2 2 2 2 2 2 2 2 2 2 2 2 2 2 2 2 2 2 2 2 2 2 2 2 2 2 2 2 2 2 2 2 2 2 2 2 2 2 2 2 2 2 2 2 2 2 2 2
left_child=1 7 6 14 13 -6 -2 -1 50 77 11 12 -11 23 21 -16 19 18 39 60 34 22 27 47 52 -3 51 28 -4 -29 -26 91 62 -13 88 37 -37 38 46 -18 45 76 59 -32 81 80 -23 48 -5 -43 -9 -27 -25 -45 -55 -28 58 93 -57 -22 -15 -62 -19 -41 65 -56 68 -68 -53 82 71 73 -72 -8 -73 -76 -42 87 79 -79 -33 -44 83 84 85 86 -70 -7 -10 -63 -36 -12 -61 -58
right_child=2 25 3 4 5 9 70 8 20 10 31 33 -14 16 15 -17 17 32 -20 -21 42 35 -24 24 30 26 55 29 -30 -31 43 40 -34 -35 90 36 -38 -39 -40 63 41 49 44 53 -46 -47 -48 -49 -50 -51 -52 66 -54 54 64 56 57 -59 -60 92 61 89 -64 -65 -66 -67 67 -69 69 -71 72 74 -74 -75 75 -77 -78 78 -80 -81 -82 -83 -84 -85 -86 -87 -88 -89 -90 -91 -92 -93 -94 -95
leaf_value=-0.00086335760376764193 0.00055423330361092905 0 0.00086335766809278989 0 0.00086335766809278989 0.0015224649610812244 0 0.00070973564826513989 -0.0011648141390298496 0.00086335766809278989 0.0030428598220001686 0.00086335766809278989 -0.00088133272858401915 0 0.00022239783662955247 0.00086335766809278989 0.00086335766809278989 -0.00056004314254575079 0.00086335766809278989 -0.00056004314254575079 0 0.0023467329272723954 0.0023467329272723954 0.00086335766809278989 -0.00056004314254575079 -5.8719748508462254e-05 0 0 0.0008205672893315365 0.00086335766809278989 0.00086212277853317922 0.0024556203813441168 0.0011231667525750794 0.0012944958458433289 0.00011994764351774248 0.00086335766809278989 0.00086335766809278989 0.00031836941039365828 0.00077193085434788811 0.002777105968160885 0.0025392078694557369 0.0023961841889840059 -0.0006094818529255461 0.00086335766809278989 0.00036816780132531017 0.0025648223100009303 0 -0.00060821099264661983 0.00086335766809278989 0.00082689612396172557 0.00011089661865620626 0 0.00086335766809278989 0.00086335766809278989 0.0008441024742586971 0.0063787647176518159 0 0 0 0 0.00086335766809278989 -0.00039455560278577365 -0.00056004314254575079 -0.00029286416992935736 -0.00061522780264228519 0.0024261508327544181 0 0 0 0.00067366168250373906 0 0.00039070173182287343 0 0 0 0.00011764861898338252 -0.0009101430229041717 0.0032593699269616687 -0.00029286416992935736 0.00086335766809278989 0.00043604747403541293 -0.0006094818529255461 0 0.00067366168250373906 0 0 0 -0.0025474203230471172 -0.00081445195329508968 0 0.00010785127240919294 -0.00075076107573309348 0 0
leaf_weight=313058 499 115033 235 306 231 474 327 559 583 113 139 120 184 283 139 115 187 641 330 684 2806 141 298 132 437 291 8360 156 140 330 238 115 341 130 783 120 538 275 113 272 292 157 465 381 431 154 109 228 188 121 690 673 177 173 152 226 3747 3053 218 920 458 211 230 164 145 142 991 926 335 215 188 347 1565 736 177 148 167 176 351 129 133 171 356 241 240 320 1062 115 1328 949 123 136 2191 9490
leaf_count=313058 499 115033 235 306 231 474 327 559 583 113 139 120 184 283 139 115 187 641 330 684 2806 141 298 132 437 291 8360 156 140 330 238 115 341 130 783 120 538 275 113 272 292 157 465 381 431 154 109 228 188 121 690 673 177 173 152 226 3747 3053 218 920 458 211 230 164 145 142 991 926 335 215 188 347 1565 736 177 148 167 176 351 129 133 171 356 241 240 320 1062 115 1328 949 123 136 2191 9490
internal_value=0 -0.00658726 0.00376584 0.00591807 0.00403325 0.00878489 -0.00357291 -0.00588486 -0.00339297 0.00713537 0.0105737 0.0231893 0.0116304 0.00184082 0.0134921 0.0257002 -4.00688e-05 0.00314263 0.00885679 -0.00270566 -0.0045545 0.0122291 0.0163468 0.00515102 0.00737872 -0.00814892 -0.00719133 0.0120357 0.0178897 0.00751866 0.00457534 0.00569333 -0.00135043 0.0369213 -0.00144241 0.0085466 0.0115983 0.00539925 0.00935852 0.00255078 0.00761097 0.00520335 -0.00580977 0.00671749 -0.00273792 0.012025 0.00456759 -0.000948947 0.00127134 0.0113642 0.00572167 -0.00469896 0.0225115 0.00524184 0.00727679 -0.0077525 -0.00740043 -0.0075297 -0.00265757 -0.00636371 -0.000355406 0.000305821 -0.00372548 -0.000349206 0.00327309 0.00537287 -0.00495234 -0.00380732 -0.00559006 -0.00473901 -0.00531445 -0.00425058 -0.0063674 -0.00629315 -0.00101955 -0.00365993 0.00147194 0.00171972 0.0032493 0.00733185 0.00813448 -0.00532646 -0.00519383 -0.00475358 -0.00543136 -0.00486044 -0.0056332 1.61536e-05 -0.00289309 -0.000820331 0.00161748 -0.00224919 -0.00550883 -0.00720102
internal_weight=0 469885 17582 13595 10886 3437 3987 324108 11050 3206 1961 547 297 7449 2709 254 4750 2165 953 2585 9801 2455 1159 2699 1977 145777 30744 861 375 486 1668 1414 1212 250 2817 1296 658 638 363 623 1139 737 6984 1231 1067 402 250 722 494 278 1249 5650 309 993 612 25094 16734 16290 444 5917 1901 1618 871 436 439 294 5359 1917 3442 2769 3488 1735 1753 1063 672 325 459 1245 656 305 248 636 2554 2198 1957 1717 1397 589 1911 1160 906 275 3111 13237
internal_count=487467 469885 17582 13595 10886 3437 3987 324108 11050 3206 1961 547 297 7449 2709 254 4750 2165 953 2585 9801 2455 1159 2699 1977 145777 30744 861 375 486 1668 1414 1212 250 2817 1296 658 638 363 623 1139 737 6984 1231 1067 402 250 722 494 278 1249 5650 309 993 612 25094 16734 16290 444 5917 1901 1618 871 436 439 294 5359 1917 3442 2769 3488 1735 1753 1063 672 325 459 1245 656 305 248 636 2554 2198 1957 1717 1397 589 1911 1160 906 275 3111 13237
is_linear=0
shrinkage=0.0951581


Tree=25
num_leaves=95
num_cat=0
split_feature=4 2 4 2 3 2 2 2 2 2 2 2 2 3 2 2 2 2 2 4 3 2 2 2 2 2 2 2 2 2 4 2 2 3 3 2 2 2 2 2 2 2 2 2 2 2 2 2 2 2 2 2 2 2 2 2 2 4 3 2 2 2 2 2 2 2 4 2 2 2 2 2 2 2 2 2 2 2 2 2 2 2 2 3 2 2 2 2 2 2 2 2 2 2
split_gain=421.601 1284.53 322.746 11.8641 21.3055 21.2248 11.6554 4.97675 15.8853 6.90832 4.62806 4.50355 6.9232 4.05026 5.95472 12.5224 3.46781 3.44446 6.37057 3.33227 5.56072 3.00748 2.86662 6.46002 2.85917 3.72191 2.77395 2.33659 5.79352 2.87392 2.48165 2.2953 2.72923 1.83235 1.7787 1.6175 1.57469 1.53289 17.1547 3.57031 1.49873 5.37514 1.47891 3.3799 2.69976 1.35869 1.19654 3.06133 2.97978 1.18848 3.24097 1.84386 1.07227 5.76861 1.28022 1.61432 0.998868 5.68113 0.967643 0.872154 0.719763 1.12241 1.58275 0.64061 5.27577 0.921473 0.604858 0.56691 0.544846 1.51422 1.13659 1.08079 0.537013 0.576333 0.536382 0.53627 0.513027 0.489487 0.448456 0.410935 0.400672 0.383195 1.37551 0.368116 0.364109 0.358577 0.334165 0.459798 0.318499 0.325555 0.283297 0.256126 0.241946 0.23461
threshold=0.15000000223517421 0.10458041727542879 0.25000000745058065 0.17517123371362689 0.15000000223517421 0.15339080244302752 0.15886382013559344 0.21946247667074206 0.22039676457643512 0.24515175819396975 0.16090353578329089 0.19101010262966159 0.18897569924592975 0.15000000223517421 0.1583974361419678 0.16013698279857638 0.25920708477497106 0.15803226083517077 0.15629401057958606 0.25000000745058065 0.15000000223517421 0.1067231632769108 0.17089758068323138 0.17394282668828967 0.24171940237283709 0.23642505705356601 0.16259328275918963 0.20240999013185504 0.20071429014205935 0.19510195404291156 0.35000000894069677 0.12516666948795321 0.11630280315876008 0.15000000223517421 0.15000000223517421 0.19012194871902469 0.10594117641448976 0.10074627026915552 0.10259784013032915 0.1067231632769108 0.1981649845838547 0.19699231535196307 0.23021738976240161 0.23357842862606051 0.22547236829996112 0.20745369791984561 0.10259784013032915 0.10074627026915552 0.10317540168762208 0.1633739769458771 0.16587346047163012 0.16928205639123919 0.1643650829792023 0.168457105755806 0.18346994370222094 0.19510195404291156 0.30072464048862463 0.45000000298023229 0.35000000894069677 0.12782331556081775 0.18346994370222094 0.18758561462163928 0.18843366950750354 0.14379280805587771 0.1483045965433121 0.14415185153484347 0.35000000894069677 0.10347852483391763 0.15298574417829516 0.14551208168268207 0.15529115498065951 0.14122316241264346 0.13481555134058001 0.13893597573041919 0.1643650829792023 0.14586748182773593 0.14620192348957065 0.17006493359804156 0.22410600632429126 0.19548846781253817 0.14859127253293994 0.10388386249542238 0.10458041727542879 0.25000000745058065 0.19238026440143588 0.11441558599472047 0.14790198951959613 0.14670995622873309 0.31587702035903936 0.32517604529857641 0.10347852483391763 0.1779797971248627 0.13796551525592807 0.22214052081108096
decision_type=2 2 2 2 2 2 2 2 2 2 2 2 2 2 2 2 2 2 2 2 2 2 2 2 2 2 2 2 2 2 2 2 2 2 2 2 2 2 2 2 2 2 2 2 2 2 2 2 2 2 2 2 2 2 2 2 2 2 2 2 2 2 2 2 2 2 2 2 2 2 2 2 2 2 2 2 2 2 2 2 2 2 2 2 2 2 2 2 2 2 2 2 2 2
left_child=37 19 13 4 26 80 17 11 -9 24 -8 12 33 21 -15 -16 66 18 -7 20 46 36 49 -24 25 42 31 28 29 84 40 32 -4 -5 -21 -14 -3 -1 -39 81 41 79 44 -44 78 -29 47 -2 -48 -12 74 -52 -17 -54 -55 -56 57 -18 83 -33 91 -62 -63 -23 65 -65 -11 -50 69 71 -70 72 -61 -74 -51 -67 -77 -28 93 -31 92 90 -83 -58 -13 -41 87 -78 -85 -90 -40 -35 -6 -10
right_child=1 2 3 7 5 6 10 8 9 16 22 27 35 14 15 52 56 -19 -20 34 -22 63 23 -25 -26 -27 77 45 -30 30 -32 59 -34 60 -36 -37 -38 38 39 85 -42 -43 43 -45 -46 -47 48 -49 67 50 51 -53 53 54 55 -57 58 -59 -60 68 61 62 -64 64 -66 75 -68 -69 70 -71 -72 -73 73 -75 -76 76 86 -79 -80 -81 -82 82 -84 88 -86 -87 -88 -89 89 -91 -92 -93 -94 -95
leaf_value=-0.00078120214419922964 0.00062135633624589451 0 0.0012879527098310236 -0.0018035527106699094 0.0008961689429837728 0.00078120220240331724 0.0035423182055450237 0.00078120220240331724 0.0047846710147527302 -0.00050675050742769842 0.0010341407337968931 0.00031066661036811697 0.00078120220240331724 0 0.0021234223068724196 0 0.00063918698874380669 0.00028377073733835219 0.00078120220240331724 0.001909309046076926 -0.00093428360071925857 0 -0.00082266703638931573 0.00078120220240331724 0.00068007720668144113 -4.993927057901431e-05 -0.00090693300897146968 0.00078120220240331724 -0.00050675050742769842 -0.0026410390339153393 0.0029125111897326476 0.0012879527098310236 -0.00083546959704139617 0.00078120220240331724 0.00050149352166244023 0.00086335766809278989 0 0.0006421985603877029 -0.0011259813762399622 -0.0013553618588096237 -0.00089205412399264361 0.00078008482257413956 0.0009386220849063715 0.00078120220240331724 0.00078120220240331724 0.00078120220240331724 0.00010034390836498399 -0.00032351627689359983 0.0003581590867994501 0.00078120220240331724 0.00078120220240331724 0.00078120220240331724 0.00078120220240331724 0 0.00029292754696374606 0 -0.00068589519951851288 0.0023207587207420889 0.0016198474262900347 0.0012879527098310236 -0.00055033479696896866 0.00078120220240331724 -0.0050536936095234046 0.00012796336486797758 0 0 0.001897039012152999 0.00010853365499856472 -0.0020464415434035058 0.0012879527098310236 0.001332469153138408 -0.00014017909400050339 0.0014640591973225018 0.0012879527098310236 0.00078120220240331724 0 0 5.8270320552212747e-05 0.00078120220240331724 0.0012479140576229914 0.0013085799068461037 -0.0013716550103907313 -0.0013577405845567928 -0.00055668390073562604 -0.00050675050742769842 -0.0013553618588096237 0 0 0.0023173487820418877 0.0030596251834655503 -0.00073695026195959854 0.00078120220240331724 -0.0018341471636428555 0.00056338380579145351
leaf_weight=279508 32976 1372 206 394 250 296 219 132 155 575 286 170 173 3067 135 236 570 147 218 608 128 86512 207 161 136 322 518 318 738 118 151 152 400 199 348 130 858 442 904 17399 596 147 163 177 294 1232 224 117 131 106 362 122 156 497 181 233 182 113 308 302 356 158 132 269 21742 2604 150 483 125 473 577 235 154 106 158 470 415 261 140 129 350 1138 4716 121 565 10697 295 1277 119 240 593 302 292 148
leaf_count=279508 32976 1372 206 394 250 296 219 132 155 575 286 170 173 3067 135 236 570 147 218 608 128 86512 207 161 136 322 518 318 738 118 151 152 400 199 348 130 858 442 904 17399 596 147 163 177 294 1232 224 117 131 106 362 122 156 497 181 233 182 113 308 302 356 158 132 269 21742 2604 150 483 125 473 577 235 154 106 158 470 415 261 140 129 350 1138 4716 121 565 10697 295 1277 119 240 593 302 292 148
internal_value=0 -0.00242389 -0.00657959 0.00580182 0.00890923 0.0145585 0.0194236 0.00373609 0.00631642 0.00522117 0.0150809 0.00199882 0.00591384 -0.00830181 -0.00550248 -0.000449985 0.0020088 0.0300734 0.0263999 0.0138423 0.0139978 -0.0084107 0.0170904 0.00987782 0.0101977 0.00891724 0.00379927 0.000265088 -0.00147069 0.00133911 0.0043284 0.00522846 6.28084e-05 0.00332837 0.00830145 0.019063 -0.00494993 -0.00827971 -0.00769426 -0.00792658 0.00259522 0.00714893 0.011601 0.0167926 0.00920593 0.0031924 0.0140725 0.0139826 0.0176235 0.0196574 0.0216523 0.0170262 -0.00330826 -0.00202445 -0.00491981 -0.00101134 0.00441538 0.00720303 0.00245253 0.00670228 0.00525153 0.00315229 0.00754702 -0.00847864 -0.00807466 -0.0053917 -0.00347819 0.0141962 0.00616694 0.00734291 0.00403947 0.00481163 0.00707759 0.0102478 0.0301334 -0.00568016 -0.00668857 -0.00120933 0.0138978 -0.00142545 0.00211225 -0.00605952 -0.00571209 0.000402479 -0.00330141 -0.00841507 -0.00601982 -0.00653509 0.00178421 0.00320728 -0.00741814 0.00795833 0.000491589 0.0118398
internal_weight=0 172070 137055 16736 6683 3174 2282 10053 4045 3913 1621 6008 1844 120319 4505 1438 2378 661 514 35015 34059 115814 1402 368 1535 1399 3509 4164 2614 1876 1141 2730 606 1541 956 303 2230 315397 35889 35447 990 394 1077 340 737 1550 33931 33093 838 1034 748 484 1303 1067 911 414 1653 683 970 2124 1147 646 290 113584 27072 5330 725 614 1972 1270 702 797 562 260 264 5061 2457 779 443 247 892 7351 5854 662 735 28096 1987 1692 480 359 1497 501 542 303
internal_count=487467 172070 137055 16736 6683 3174 2282 10053 4045 3913 1621 6008 1844 120319 4505 1438 2378 661 514 35015 34059 115814 1402 368 1535 1399 3509 4164 2614 1876 1141 2730 606 1541 956 303 2230 315397 35889 35447 990 394 1077 340 737 1550 33931 33093 838 1034 748 484 1303 1067 911 414 1653 683 970 2124 1147 646 290 113584 27072 5330 725 614 1972 1270 702 797 562 260 264 5061 2457 779 443 247 892 7351 5854 662 735 28096 1987 1692 480 359 1497 501 542 303
is_linear=0
shrinkage=0.0951581


Tree=26
num_leaves=24
num_cat=0
split_feature=4 4 0 0 3 3 0 3 3 0 4 4 4 0 4 4 0 4 3 3 0 0 0
split_gain=421.442 151.878 112.011 5.29128 5.02041 4.47511 4.21432 6.72448 2.67286 8.99473 2.65599 1.93108 0.701952 0.678029 2.46493 0.258781 0.196631 0.0993754 0.0667554 0.0356262 0.0125768 0.00700137 0.000971457
threshold=0.15000000223517421 0.25000000745058065 1.5000000000000002 1.5000000000000002 0.15000000223517421 0.15000000223517421 2.5000000000000004 0.15000000223517421 0.15000000223517421 2.5000000000000004 0.35000000894069677 0.35000000894069677 0.59999999403953563 3.5000000000000004 0.45000000298023229 0.45000000298023229 4.5000000000000009 0.35000000894069677 0.15000000223517421 0.25000000745058065 2.5000000000000004 1.5000000000000002 3.5000000000000004
decision_type=2 2 2 2 2 2 2 2 2 2 2 2 2 2 2 2 2 2 2 2 2 2 2
left_child=21 2 5 4 -3 -2 17 -8 20 -10 -6 22 13 14 -13 -15 -17 18 -5 -19 -4 -1 -9
right_child=1 3 8 6 10 -7 7 11 9 -11 -12 12 -14 15 -16 16 -18 19 -20 -21 -22 -23 -24
leaf_value=-0.00070686444115191879 0 0.0011653935914346725 0 0.0011653935914346725 0.00070686449381741868 0 -0.00050132306891055329 0.00070686449381741868 0 0.00070686449381741868 0.0036580264742146922 0.0013341895395239702 0.010109874165669028 0.0036789267364389206 0.0018930261868824571 0.002096834300744531 -0.0048576003171376557 0.0017165204052831385 0.00070686449381741868 0.0022304867884684948 0 -0.0009468264158512393 0.00070686449381741868
leaf_weight=310726 113386 2798 34831 1364 3390 1992 581 2151 2491 150 478 339 143 227 213 162 151 467 4790 223 1528 4671 215
leaf_count=310726 113386 2798 34831 1364 3390 1992 581 2151 2491 150 478 339 143 227 213 162 151 467 4790 223 1528 4671 215
internal_value=0 -0.00242499 -0.00338205 0.00592613 0.00804261 -0.00189182 0.00464657 0.0070265 -0.00779077 -0.0048678 0.0102637 0.0085592 0.00550915 0.00468819 0.00703342 0.00229084 0.000516831 0.00319233 0.00307091 0.00427522 -0.00800308 -0.00827971 0.0101513
internal_weight=0 172070 154378 17692 6666 115378 11026 4182 39000 2641 3868 3601 1235 1092 552 540 313 6844 6154 690 36359 315397 2366
internal_count=487467 172070 154378 17692 6666 115378 11026 4182 39000 2641 3868 3601 1235 1092 552 540 313 6844 6154 690 36359 315397 2366
is_linear=0
shrinkage=0.0951581


Tree=27
num_leaves=95
num_cat=0
split_feature=3 2 2 2 2 2 2 0 2 0 2 2 2 2 0 2 2 2 2 2 2 2 2 2 2 2 2 2 0 2 2 2 2 2 2 2 2 2 2 2 2 2 2 2 2 3 0 0 2 2 2 2 2 2 2 2 2 0 2 2 2 0 2 2 0 2 2 2 0 2 2 2 2 2 2 2 2 2 2 2 2 2 2 2 2 0 0 2 2 2 2 2 0 2
split_gain=190.013 57.2182 29.0274 23.1286 9.44483 9.43737 14.904 8.23265 16.0093 5.19162 4.45032 6.13848 7.90104 4.38252 4.36006 21.6285 4.11111 6.87331 4.02633 4.70163 3.65506 3.63372 18.6605 8.44765 8.15177 2.94728 2.92081 7.40453 2.51431 6.19858 4.13397 2.18096 2.03455 1.9285 1.66239 1.47335 1.59272 1.43133 1.37467 4.23067 1.45792 2.03572 1.34907 1.34423 1.69135 1.82843 1.96909 1.31243 1.25267 1.1651 1.07569 0.776809 0.73774 0.729558 0.717516 1.12221 0.870499 0.683951 0.529455 0.524788 0.573949 0.491755 0.478051 0.454593 1.30853 0.809092 0.484577 0.451707 0.432148 2.35143 1.13276 0.751454 0.430744 0.358269 1.04922 0.688816 0.340885 0.33753 0.905493 0.503975 0.49433 0.504192 0.329187 0.307111 0.292095 0.294265 0.274249 1.06795 0.334334 0.628345 0.300033 0.696035 1.90753 0.342709
threshold=0.15000000223517421 0.1067231632769108 0.15339080244302752 0.168457105755806 0.11630280315876008 0.10074627026915552 0.10458041727542879 2.5000000000000004 0.17660956084728244 1.5000000000000002 0.20240999013185504 0.23021738976240161 0.21946247667074206 0.20071429014205935 2.5000000000000004 0.16505814343690875 0.15954913944005969 0.15803226083517077 0.14379280805587771 0.1483045965433121 0.10317540168762208 0.21946247667074206 0.24886304885149005 0.23021738976240161 0.22214052081108096 0.17660956084728244 0.19101010262966159 0.18758561462163928 1.5000000000000002 0.15629401057958606 0.15529115498065951 0.23642505705356601 0.19699231535196307 0.26417112350463873 0.22547236829996112 0.21824584156274798 0.20206207782030108 0.18346994370222094 0.1633739769458771 0.16370223462581637 0.1613835692405701 0.16090353578329089 0.2123106122016907 0.25646600127220159 0.32517604529857641 0.25000000745058065 3.5000000000000004 1.5000000000000002 0.10388386249542238 0.10594117641448976 0.16013698279857638 0.10259784013032915 0.14415185153484347 0.18897569924592975 0.15339080244302752 0.15392307937145236 0.19238026440143588 1.5000000000000002 0.10559467971324922 0.17394282668828967 0.18724054098129275 1.5000000000000002 0.25035211443901068 0.14859127253293994 1.5000000000000002 0.14013888686895373 0.15032467991113665 0.21680790930986407 1.5000000000000002 0.14586748182773593 0.14451952278614047 0.14790198951959613 0.15220635384321216 0.1981649845838547 0.20745369791984561 0.20206207782030108 0.10559467971324922 0.14741302281618121 0.1471008434891701 0.14670995622873309 0.14620192348957065 0.14503520727157596 0.19510195404291156 0.18897569924592975 0.10347852483391763 1.5000000000000002 2.5000000000000004 0.17089758068323138 0.15954913944005969 0.15886382013559344 0.15563492476940158 0.15629401057958606 1.5000000000000002 0.15724790096282962
decision_type=2 2 2 2 2 2 2 2 2 2 2 2 2 2 2 2 2 2 2 2 2 2 2 2 2 2 2 2 2 2 2 2 2 2 2 2 2 2 2 2 2 2 2 2 2 2 2 2 2 2 2 2 2 2 2 2 2 2 2 2 2 2 2 2 2 2 2 2 2 2 2 2 2 2 2 2 2 2 2 2 2 2 2 2 2 2 2 2 2 2 2 2 2 2
left_child=1 5 4 14 -2 -1 20 9 -9 25 13 12 42 59 16 -16 17 28 -3 52 51 73 23 24 -23 -5 27 37 29 -4 -30 -25 -28 62 35 36 -34 -27 40 -40 41 50 -12 -24 45 -45 -47 58 84 76 -18 -7 -20 -29 -21 57 86 -56 -8 -11 -61 -50 -13 65 66 -6 -65 -44 70 -70 -54 77 -68 82 75 -75 -49 78 79 80 81 -72 -10 -62 -22 -86 88 -88 89 90 -57 92 -92 -93
right_child=2 18 3 7 63 6 47 8 21 10 11 33 -14 -15 15 -17 38 -19 19 54 48 22 43 31 -26 26 32 53 30 -31 -32 -33 34 -35 -36 -37 -38 -39 39 -41 -42 -43 67 44 -46 46 -48 49 61 -51 -52 -53 68 -55 55 56 -58 -59 -60 60 83 -63 -64 64 -66 -67 72 -69 69 -71 71 -73 -74 74 -76 -77 -78 -79 -80 -81 -82 -83 -84 -85 85 -87 87 -89 -90 -91 91 93 -94 -95
leaf_value=-0.00063960057185606862 0.00038650848226312286 0 0.00063960061951002178 0 0 0.00064835204201501174 0 0.00063960061951002178 0.0012359885221507601 0 0.00063960061951002178 -0.00052579297192464273 0.00063960061951002178 -0.00052579297192464273 -0.00015537533164909992 0.00063960061951002178 0.0019213614983295546 0.0019213614983295546 -6.5308838706277746e-05 0 -0.00085672822364639444 0.00063960061951002178 -0.00069836255108050751 0.00063960061951002178 -0.00093906837338453872 0.00063960061951002178 -0.00052579297192464273 0.00063960061951002178 0 0.000600882091412846 0.00063960061951002178 0.0011088023463684104 0.00063858956740990645 0.00088820066436660352 0.00075294037869199791 0.00063960061951002178 0.00063960061951002178 -0.00056522986376929285 0.00063960061951002178 0.00063960061951002178 0.00018867262994213751 0.00053280465938683561 0.0023712402888042172 0.00026646634318457617 -0.00025618748273713283 0.001712889432796227 0.0018973035560511189 -0.00033218653322757277 6.4168715258734442e-05 0.00033313365697518578 0 9.0795373817258317e-05 0 0.00063960061951002178 0.0057717736578979748 0 0 0 0 0.00063960061951002178 -0.00038488487122023511 8.7260496261181198e-05 -0.00052579297192464273 0.0001617374643622947 0 0 0 -0.00040659735811961282 0 0 0 0.00037610157895039039 4.8918322202113136e-05 0.0029668368051399695 -0.00040659735811961282 0.00063960061951002178 -0.00033218653322757277 0 0.00037610157895039039 0 0 0 -0.0022717493740279987 0 -0.00067156833870370353 -0.00057672529124937004 0 0.00010043037334561126 0 0 0 0 0.0077909634450629506 0
leaf_weight=313058 499 115033 235 306 649 559 2806 231 474 283 187 641 330 684 139 115 141 298 291 8360 583 113 192 120 184 188 437 132 156 140 330 155 238 341 397 155 441 228 120 538 275 113 272 349 528 162 158 465 1301 431 109 690 673 177 226 1315 3053 218 3111 458 211 206 230 347 903 1264 177 164 991 926 335 215 148 176 351 129 171 356 241 240 320 1062 115 949 599 128 421 199 9069 213 228 931 106 755
leaf_count=313058 499 115033 235 306 649 559 2806 231 474 283 187 641 330 684 139 115 141 298 291 8360 583 113 192 120 184 188 437 132 156 140 330 155 238 341 397 155 441 228 120 538 275 113 272 349 528 162 158 465 1301 431 109 690 673 177 226 1315 3053 218 3111 458 211 206 230 347 903 1264 177 164 991 926 335 215 148 176 351 129 171 356 241 240 320 1062 115 949 599 128 421 199 9069 213 228 931 106 755
internal_value=0 -0.00658058 0.00349523 0.00558909 -0.00364451 -0.00587635 -0.00314323 0.00363115 0.00748363 0.00185359 -4.00688e-05 0.00314263 0.00885679 -0.00270566 0.013457 0.0253255 0.0122291 0.0163468 -0.00814631 -0.00717895 0.00143696 0.00574035 0.00829297 0.0227581 0.0116304 0.00518627 0.00631073 0.0113533 0.0120357 0.0178897 0.00751866 0.034776 0.00411895 -0.00135043 0.00609908 0.00851174 0.0066008 0.00306519 0.0085466 0.0115983 0.00539925 0.00935852 0.00255078 0.00233613 0.00352172 0.00669947 0.0118948 -0.00580977 -0.000462787 -0.00273792 0.00456759 0.00572167 -0.00469896 0.0225115 -0.00773733 -0.00737768 -0.00750633 -0.00265757 -0.00636371 -0.000355406 0.000305821 0.00140811 -0.00372548 -0.0053963 -0.00419904 -0.00638201 -0.00101955 -0.000349206 -0.00495234 -0.00380732 -0.00559006 -0.00473901 -0.00365993 0.00171972 0.0032493 0.00733185 -0.00532646 -0.00519383 -0.00475358 -0.00543136 -0.00486044 -0.0056332 1.61536e-05 -0.000820331 -0.00261503 -0.00388748 -0.00717226 -0.00521835 -0.00726828 -0.00648513 -0.00680516 -0.00607693 -0.0021083 -0.00686312
internal_weight=0 469885 17582 13595 3987 324108 11050 10886 3437 7449 4750 2165 953 2585 2709 254 2455 1159 145777 30744 4066 3206 1961 572 297 2699 2393 725 861 375 486 275 1668 1212 1231 834 679 416 1296 658 638 363 623 1389 1197 669 320 6984 2817 1067 250 1249 5650 309 25094 16734 16290 444 5917 1901 1618 1507 871 3488 1575 1913 672 436 5359 1917 3442 2769 325 1245 656 305 636 2554 2198 1957 1717 1397 589 1160 1310 727 13237 620 12617 3548 3335 2020 334 1686
internal_count=487467 469885 17582 13595 3987 324108 11050 10886 3437 7449 4750 2165 953 2585 2709 254 2455 1159 145777 30744 4066 3206 1961 572 297 2699 2393 725 861 375 486 275 1668 1212 1231 834 679 416 1296 658 638 363 623 1389 1197 669 320 6984 2817 1067 250 1249 5650 309 25094 16734 16290 444 5917 1901 1618 1507 871 3488 1575 1913 672 436 5359 1917 3442 2769 325 1245 656 305 636 2554 2198 1957 1717 1397 589 1160 1310 727 13237 620 12617 3548 3335 2020 334 1686
is_linear=0
shrinkage=0.0951581


Tree=28
num_leaves=95
num_cat=0
split_feature=4 2 4 2 3 2 2 2 2 2 2 2 2 2 2 3 2 2 4 3 2 2 2 2 2 2 4 2 4 2 2 2 2 2 2 2 2 3 2 2 2 2 2 2 2 2 2 2 2 2 2 2 2 2 2 2 2 2 2 2 2 2 2 2 2 2 2 2 2 2 2 2 2 2 2 2 2 3 2 2 2 4 2 2 2 2 2 2 2 2 2 2 2 2
split_gain=414.623 1292.23 300.252 12.0226 15.7596 12.3906 11.6473 7.37484 5.79352 5.59907 5.16591 5.14154 12.3923 4.75487 4.43427 4.05026 5.95472 12.5224 3.33227 5.56072 3.32989 3.24097 3.03474 3.00748 2.87392 2.68221 2.48165 2.39014 5.06415 2.35475 2.2953 2.72923 2.09414 2.42077 1.84386 1.81853 5.04241 1.7787 1.57469 1.53289 17.1547 3.57031 1.49873 5.37514 1.496 1.35869 1.24175 1.19654 3.06133 2.97978 1.07227 5.76861 1.28022 1.61432 0.966127 1.90486 0.872154 0.725207 2.19481 0.719763 1.12241 1.58275 0.64061 5.27577 0.921473 0.56691 0.56345 0.544846 1.51422 1.13659 1.08079 0.537013 0.576333 0.536382 0.53627 0.513027 0.482582 0.420902 0.410935 0.383195 1.37551 0.372682 0.364109 0.358577 0.334165 0.459798 0.309432 0.395919 0.319662 0.299063 0.296943 0.295371 0.283297 0.256126
threshold=0.15000000223517421 0.10458041727542879 0.25000000745058065 0.19101010262966159 0.15000000223517421 0.15220635384321216 0.15678746998310092 0.20240999013185504 0.20071429014205935 0.17089758068323138 0.24515175819396975 0.21946247667074206 0.22039676457643512 0.1633739769458771 0.19012194871902469 0.15000000223517421 0.1583974361419678 0.16013698279857638 0.25000000745058065 0.15000000223517421 0.16259328275918963 0.16587346047163012 0.24171940237283709 0.1067231632769108 0.19510195404291156 0.26417112350463873 0.35000000894069677 0.30072464048862463 0.45000000298023229 0.23642505705356601 0.12516666948795321 0.11630280315876008 0.23021738976240161 0.23357842862606051 0.16928205639123919 0.17394282668828967 0.17517123371362689 0.15000000223517421 0.10594117641448976 0.10074627026915552 0.10259784013032915 0.1067231632769108 0.1981649845838547 0.19699231535196307 0.15460605919361117 0.20745369791984561 0.18897569924592975 0.10259784013032915 0.10074627026915552 0.10317540168762208 0.1643650829792023 0.168457105755806 0.18346994370222094 0.19510195404291156 0.22547236829996112 0.22410600632429126 0.12782331556081775 0.15886382013559344 0.16090353578329089 0.18346994370222094 0.18758561462163928 0.18843366950750354 0.14379280805587771 0.1483045965433121 0.14415185153484347 0.10347852483391763 0.22214052081108096 0.15298574417829516 0.14551208168268207 0.15529115498065951 0.14122316241264346 0.13481555134058001 0.13893597573041919 0.1643650829792023 0.14586748182773593 0.14620192348957065 0.18346994370222094 0.25000000745058065 0.19548846781253817 0.10388386249542238 0.10458041727542879 0.35000000894069677 0.19238026440143588 0.11441558599472047 0.14790198951959613 0.14670995622873309 0.38397435843944555 0.31587702035903936 0.32517604529857641 0.25646600127220159 0.15563492476940158 0.16587346047163012 0.10347852483391763 0.1779797971248627
decision_type=2 2 2 2 2 2 2 2 2 2 2 2 2 2 2 2 2 2 2 2 2 2 2 2 2 2 2 2 2 2 2 2 2 2 2 2 2 2 2 2 2 2 2 2 2 2 2 2 2 2 2 2 2 2 2 2 2 2 2 2 2 2 2 2 2 2 2 2 2 2 2 2 2 2 2 2 2 2 2 2 2 2 2 2 2 2 2 2 2 2 2 2 2 2
left_child=39 18 15 4 20 -6 44 8 24 13 11 45 -13 57 35 23 -17 -18 19 47 30 73 29 38 82 81 42 28 -27 32 31 -4 54 -34 -23 -11 -37 -20 -3 -1 -41 79 43 78 -7 -9 59 48 -2 -49 -19 -52 -53 -54 55 66 -32 -8 -59 93 -61 -62 -25 64 -64 -51 -14 68 70 -69 71 -58 -73 -15 -66 -76 91 -29 -26 92 -81 89 -5 -43 85 -77 87 -79 -89 -12 -46 -22 -42 -38
right_child=1 2 3 7 5 6 9 10 -10 14 25 12 22 21 -16 16 17 50 37 -21 76 34 -24 62 26 27 -28 77 -30 -31 56 -33 33 -35 -36 36 46 -39 -40 40 41 83 -44 -45 90 -47 -48 49 -50 65 51 52 53 -55 -56 -57 67 58 -60 60 61 -63 63 -65 74 -67 -68 69 -70 -71 -72 72 -74 -75 75 84 -78 86 -80 80 -82 -83 -84 -85 -86 -87 -88 88 -90 -91 -92 -93 -94 -95
leaf_value=-0.00057873740381105009 0.00062309242283908526 0 0.0010544969645160226 0.00026387374948763713 0.00014634683635817469 0.0011121390954455818 0.00057873744693034447 0.00057873744693034447 -0.0004757595175856728 -0.0008116474877542339 -0.0004757595175856728 0.00057873744693034447 0.0039204168843864889 0.00057873744693034447 0.0005709196898267706 0 0.0017385284101590582 0 0.0016775893873551104 -0.00088215836732753782 -0.00093152762404165659 0.00057873744693034447 0.00044258697292345927 0 -0.0022408113523997362 0.00042657982443374367 0.0024720213899259245 -0.00066351228624403336 0.0017198452311398878 -0.00018409938679368748 0.0010544969645160226 -0.00086686453381352936 0.00072117755426745803 0.00057873744693034447 0.00057873744693034447 0.00057873744693034447 0.00057873744693034447 0.00034972907376675357 0 0.00058665610079504165 -0.00087004665067491062 -0.0011362900224206364 -0.00075946301326917248 0.00057782260461580195 0.00057873744693034447 0.00057873744693034447 0.00057873744693034447 8.2155459568410971e-05 -0.00035442702749259564 0.00040560197302126643 0.00057873744693034447 0 0.00031508659186721535 0 0.00057873744693034447 0.00057873744693034447 0.0010544969645160226 0.0029551410125298575 0.00085051627677617896 -0.00051144367017221177 0.00057873744693034447 -0.0046034327495439618 0.00012200127990064541 0 0 9.2099627505059335e-05 0.00038164623265637574 -0.0019626027041091819 0.0010544969645160226 0.0010947773081558887 -7.2920309908635063e-05 0.0012138454952237705 0.0010544969645160226 0.00057873744693034447 0 0 0.0043640779392551156 -0.00088989234685034259 0.0011119345208824459 -0.0011799732440529046 -0.0011701427553010874 0.0010595009919211521 -0.0004757595175856728 -0.0011362900224206364 0 0 -0.00034358930905748018 0.0017167592982831059 0.0025006445695335893 -0.0004757595175856728 0.00057873744693034447 -0.00066054423131812047 -0.00052184521474277527 0.00057873744693034447
leaf_weight=279508 32976 1372 206 170 800 176 343 318 738 207 488 132 155 106 117 3067 135 236 608 128 243 362 136 86512 118 428 151 182 113 322 152 400 163 177 122 161 199 348 858 442 904 17399 596 147 109 1232 151 224 117 131 156 497 181 233 294 140 302 219 286 356 158 132 269 21742 2604 483 148 125 473 577 235 154 106 158 470 415 161 122 129 1138 4716 195 565 10697 295 1277 236 121 309 184 125 804 593 302
leaf_count=279508 32976 1372 206 170 800 176 343 318 738 207 488 132 155 106 117 3067 135 236 608 128 243 362 136 86512 118 428 151 182 113 322 152 400 163 177 122 161 199 348 858 442 904 17399 596 147 109 1232 151 224 117 131 156 497 181 233 294 140 302 219 286 356 158 132 269 21742 2604 483 148 125 473 577 235 154 106 158 470 415 161 122 129 1138 4716 195 565 10697 295 1277 236 121 309 184 125 804 593 302
internal_value=0 -0.00247255 -0.00664069 0.00530147 0.00780392 0.0115936 0.0138656 0.00270207 -0.00147069 0.0120278 0.0046516 0.00713759 0.0108059 0.016122 0.00836302 -0.00830181 -0.00550248 -0.000449985 0.0138423 0.0139978 0.0033878 0.0216523 0.00839995 -0.0084107 0.00133911 0.00128851 0.0043284 0.00370934 0.00877706 0.00708074 0.00522846 6.28084e-05 0.0092154 0.0153932 0.0170262 0.00710544 0.00828964 0.00830145 -0.00494993 -0.00827971 -0.00769426 -0.00792658 0.00259522 0.00714893 0.0290116 0.0031924 0.00631943 0.0140725 0.0139826 0.0176235 -0.00330826 -0.00202445 -0.00491981 -0.00101134 0.00636539 0.00917212 0.00670228 0.0112439 0.00895051 0.00525153 0.00315229 0.00754702 -0.00847864 -0.00807466 -0.0053917 0.0141962 0.00493063 0.00616694 0.00734291 0.00403947 0.00481163 0.00707759 0.0102478 0.0301334 -0.00568016 -0.00668857 -0.00077198 0.000882908 -0.00142545 -0.00605952 -0.00571209 -0.00293048 -0.00330141 -0.00841507 -0.00601982 -0.00653509 0.00183553 0.0030685 0.00442596 -0.00399324 0.0339966 -0.00151781 -0.00741814 0.00795833
internal_weight=0 172070 137055 16736 8527 4589 3789 8209 2614 3379 5595 3217 1667 1596 1783 120319 4505 1438 35015 34059 3938 748 1535 115814 1876 2378 1141 1511 541 1399 2730 606 1077 340 484 1666 1459 956 2230 315397 35889 35447 990 394 410 1550 1298 33931 33093 838 1303 1067 911 414 737 443 2124 848 505 1147 646 290 113584 27072 5330 614 303 1972 1270 702 797 562 260 264 5061 2457 1208 970 247 7351 5854 867 735 28096 1987 1692 788 552 430 672 234 1047 1497 501
internal_count=487467 172070 137055 16736 8527 4589 3789 8209 2614 3379 5595 3217 1667 1596 1783 120319 4505 1438 35015 34059 3938 748 1535 115814 1876 2378 1141 1511 541 1399 2730 606 1077 340 484 1666 1459 956 2230 315397 35889 35447 990 394 410 1550 1298 33931 33093 838 1303 1067 911 414 737 443 2124 848 505 1147 646 290 113584 27072 5330 614 303 1972 1270 702 797 562 260 264 5061 2457 1208 970 247 7351 5854 867 735 28096 1987 1692 788 552 430 672 234 1047 1497 501
is_linear=0
shrinkage=0.0951581


Tree=29
num_leaves=95
num_cat=0
split_feature=4 2 4 2 3 2 2 2 2 2 2 2 2 2 2 3 2 2 2 4 3 2 2 2 2 2 4 2 2 2 2 4 2 2 2 2 3 2 2 2 2 2 2 2 2 2 2 2 2 2 2 2 2 2 2 2 2 2 2 2 2 2 2 2 2 2 2 2 2 2 2 2 2 2 2 2 2 2 2 2 2 4 2 2 2 2 2 2 2 2 2 2 4 2
split_gain=411.706 1295.47 291.037 9.8618 12.7346 10.5541 13.2436 7.49828 5.79352 4.95603 5.14154 12.3923 4.83247 9.21975 4.43427 4.05026 5.95472 12.5224 3.6352 3.33227 5.56072 3.32989 3.03474 3.00748 2.87392 2.83702 2.48165 2.35475 2.2953 2.72923 2.21525 5.06415 2.09414 2.42077 1.81853 5.04241 1.7787 1.57469 1.53289 17.1547 3.57031 1.49873 5.37514 1.496 1.35869 1.24175 1.19654 3.06133 2.97978 1.18848 3.24097 1.84386 1.07227 5.76861 1.28022 1.61432 0.966127 1.90486 0.872154 0.719763 1.12241 1.58275 0.64061 5.27577 0.921473 0.629755 0.56691 0.56345 0.544846 1.51422 1.13659 1.08079 0.537013 0.576333 0.536382 0.53627 0.513027 0.482582 0.410935 0.383195 1.37551 0.372682 0.364109 0.358577 0.334165 0.459798 0.299063 0.296943 0.295371 0.283297 0.279367 0.369757 0.309107 0.311716
threshold=0.15000000223517421 0.10458041727542879 0.25000000745058065 0.19101010262966159 0.15000000223517421 0.15220635384321216 0.15678746998310092 0.20240999013185504 0.20071429014205935 0.24515175819396975 0.21946247667074206 0.22039676457643512 0.16090353578329089 0.17089758068323138 0.19012194871902469 0.15000000223517421 0.1583974361419678 0.16013698279857638 0.15803226083517077 0.25000000745058065 0.15000000223517421 0.16259328275918963 0.24171940237283709 0.1067231632769108 0.19510195404291156 0.26417112350463873 0.35000000894069677 0.23642505705356601 0.12516666948795321 0.11630280315876008 0.30072464048862463 0.45000000298023229 0.23021738976240161 0.23357842862606051 0.17394282668828967 0.17517123371362689 0.15000000223517421 0.10594117641448976 0.10074627026915552 0.10259784013032915 0.1067231632769108 0.1981649845838547 0.19699231535196307 0.15460605919361117 0.20745369791984561 0.18897569924592975 0.10259784013032915 0.10074627026915552 0.10317540168762208 0.1633739769458771 0.16587346047163012 0.16928205639123919 0.1643650829792023 0.168457105755806 0.18346994370222094 0.19510195404291156 0.22547236829996112 0.22410600632429126 0.12782331556081775 0.18346994370222094 0.18758561462163928 0.18843366950750354 0.14379280805587771 0.1483045965433121 0.14415185153484347 0.15886382013559344 0.10347852483391763 0.22214052081108096 0.15298574417829516 0.14551208168268207 0.15529115498065951 0.14122316241264346 0.13481555134058001 0.13893597573041919 0.1643650829792023 0.14586748182773593 0.14620192348957065 0.18346994370222094 0.19548846781253817 0.10388386249542238 0.10458041727542879 0.35000000894069677 0.19238026440143588 0.11441558599472047 0.14790198951959613 0.14670995622873309 0.25646600127220159 0.15563492476940158 0.16587346047163012 0.10347852483391763 0.31587702035903936 0.35424640774726873 0.45000000298023229 0.32517604529857641
decision_type=2 2 2 2 2 2 2 2 2 2 2 2 2 2 2 2 2 2 2 2 2 2 2 2 2 2 2 2 2 2 2 2 2 2 2 2 2 2 2 2 2 2 2 2 2 2 2 2 2 2 2 2 2 2 2 2 2 2 2 2 2 2 2 2 2 2 2 2 2 2 2 2 2 2 2 2 2 2 2 2 2 2 2 2 2 2 2 2 2 2 2 2 2 2
left_child=38 19 15 4 21 -6 43 8 24 10 44 -12 18 49 34 23 -17 -18 -8 20 46 28 27 37 82 81 41 32 29 -4 31 -27 56 -34 -15 -36 -21 -3 -1 -40 79 42 78 -7 -9 59 47 -2 -48 -14 74 -52 -19 -54 -55 -56 57 67 -30 -37 -61 -62 -25 64 -64 -20 -50 -13 69 71 -70 72 -60 -74 -51 -66 -77 88 -26 89 -81 86 -5 -42 85 -78 -11 -45 -23 -41 -32 92 -92 -94
right_child=1 2 3 7 5 6 12 9 -10 25 11 22 13 14 -16 16 17 52 65 36 -22 77 -24 62 26 30 -28 -29 58 -31 90 -33 33 -35 35 45 -38 -39 39 40 83 -43 -44 87 -46 -47 48 -49 66 50 51 -53 53 54 55 -57 -58 -59 68 60 61 -63 63 -65 75 -67 -68 -69 70 -71 -72 -73 73 -75 -76 76 84 -79 -80 80 -82 -83 -84 -85 -86 -87 -88 -89 -90 -91 91 -93 93 -95
leaf_value=-0.00052366585851853554 0.00056380013870496889 0 0.0009541530486748336 0.00023876402778878091 0.000132420751101127 0.0010063100645879091 0.0005236658975346823 0.0005236658975346823 -0.00043048715114015124 -0.00043048715114015124 0.0005236658975346823 0.0035473575061740529 0.00076958277334256858 -0.00073441266399985623 0.00051659206325617533 0 0.0015730933692373629 0 -4.8400855571801927e-05 0.0015179531873798051 -0.00079821386302984885 -0.0008428852356271206 0.00040047124243027259 0 -0.0020275800266325965 0.00038598730359877645 0.0022367885588649183 -0.00016658084098799143 0.0009541530486748336 -0.00078437536148422203 -0.0008052118918420631 0.0015561880458272923 0.00065255167648204109 0.0005236658975346823 0.0005236658975346823 0.0005236658975346823 0.00031644952349192435 0 0.00053083102743135141 -0.00078725467418657596 -0.0010281628355080707 -0.0006871939643744193 0.00052283810986638788 0.0005236658975346823 0.0005236658975346823 0.0005236658975346823 7.4337703047309568e-05 -0.00032070042891971039 0.00036700566443488119 0.0005236658975346823 0.0005236658975346823 0.0005236658975346823 0.0005236658975346823 0 0.000285103553962956 0 0.0005236658975346823 0.0005236658975346823 0.0009541530486748336 -0.00046277566796433067 0.0005236658975346823 -0.004165378886949094 0.0001103918712680793 0 0 0.0026739354414960564 8.3335602967905681e-05 0.00034532950654009742 -0.0017758451816148365 0.0009541530486748336 0.00099060039179572185 -6.5981352579399654e-05 0.0010983382777394184 0.0009541530486748336 0.0005236658975346823 0 0 0.0039488006229643231 0.0010061249569492325 -0.0010676892452550128 -0.0010587942070252774 0.00095868090239554127 -0.00043048715114015124 -0.0010281628355080707 0 0 -0.00043048715114015124 0.0005236658975346823 -0.00059768810466517375 -0.00047218742143247545 -0.00060037372515673801 -0.00031089400705836554 0.0015533962418498679 0.0026454777795580768
leaf_weight=279508 32976 1372 206 170 800 176 196 318 738 488 132 155 286 207 117 3067 135 236 147 608 128 243 136 86512 118 428 151 322 152 400 151 113 163 177 161 501 348 858 442 904 17399 596 147 109 1232 151 224 117 131 106 362 122 156 497 181 233 294 140 302 356 158 132 269 21742 2604 219 483 148 125 473 577 235 154 106 158 470 415 161 129 1138 4716 195 565 10697 295 1277 184 125 804 593 114 407 110 188
leaf_count=279508 32976 1372 206 170 800 176 196 318 738 488 132 155 286 207 117 3067 135 236 147 608 128 243 136 86512 118 428 151 322 152 400 151 113 163 177 161 501 348 858 442 904 17399 596 147 109 1232 151 224 117 131 106 362 122 156 497 181 233 294 140 302 356 158 132 269 21742 2604 219 483 148 125 473 577 235 154 106 158 470 415 161 129 1138 4716 195 565 10697 295 1277 184 125 804 593 114 407 110 188
internal_value=0 -0.00249301 -0.00666638 0.00509109 0.00735754 0.0107641 0.012861 0.00273685 -0.00147069 0.00470263 0.00713759 0.0108059 0.0109014 0.0125087 0.00836302 -0.00830181 -0.00550248 -0.000449985 0.00284458 0.0138423 0.0139978 0.0033878 0.00839995 -0.0084107 0.00133911 0.00140856 0.0043284 0.00708074 0.00522846 6.28084e-05 0.00389827 0.00877706 0.0092154 0.0153932 0.00710544 0.00828964 0.00830145 -0.00494993 -0.00827971 -0.00769426 -0.00792658 0.00259522 0.00714893 0.0290116 0.0031924 0.00631943 0.0140725 0.0139826 0.0176235 0.0196574 0.0216523 0.0170262 -0.00330826 -0.00202445 -0.00491981 -0.00101134 0.00636539 0.00917212 0.00670228 0.00525153 0.00315229 0.00754702 -0.00847864 -0.00807466 -0.0053917 -0.00275595 0.0141962 0.00493063 0.00616694 0.00734291 0.00403947 0.00481163 0.00707759 0.0102478 0.0301334 -0.00568016 -0.00668857 -0.00077198 -0.00142545 -0.00605952 -0.00571209 -0.00293048 -0.00330141 -0.00841507 -0.00601982 -0.00653509 -0.00399324 0.0339966 -0.00151781 -0.00741814 0.00117721 0.00187063 0.00388023 0.00549234
internal_weight=0 172070 137055 16736 8527 4589 3789 8209 2614 5595 3217 1667 3379 2817 1783 120319 4505 1438 562 35015 34059 3938 1535 115814 1876 2378 1141 1399 2730 606 1511 541 1077 340 1666 1459 956 2230 315397 35889 35447 990 394 410 1550 1298 33931 33093 838 1034 748 484 1303 1067 911 414 737 443 2124 1147 646 290 113584 27072 5330 366 614 303 1972 1270 702 797 562 260 264 5061 2457 1208 247 7351 5854 867 735 28096 1987 1692 672 234 1047 1497 970 819 412 298
internal_count=487467 172070 137055 16736 8527 4589 3789 8209 2614 5595 3217 1667 3379 2817 1783 120319 4505 1438 562 35015 34059 3938 1535 115814 1876 2378 1141 1399 2730 606 1511 541 1077 340 1666 1459 956 2230 315397 35889 35447 990 394 410 1550 1298 33931 33093 838 1034 748 484 1303 1067 911 414 737 443 2124 1147 646 290 113584 27072 5330 366 614 303 1972 1270 702 797 562 260 264 5061 2457 1208 247 7351 5854 867 735 28096 1987 1692 672 234 1047 1497 970 819 412 298
is_linear=0
shrinkage=0.0951581


Tree=30
num_leaves=95
num_cat=0
split_feature=4 2 4 2 3 2 2 2 2 2 2 2 2 2 2 3 2 2 2 4 3 2 2 2 2 2 4 2 2 2 2 4 2 2 3 2 2 2 2 2 2 2 2 2 2 2 2 2 2 2 2 2 2 2 2 2 2 2 2 2 2 2 2 2 2 2 2 2 2 2 2 2 2 2 2 2 2 2 2 2 2 4 2 2 2 2 2 2 2 2 2 2 4 2
split_gain=411.391 1295.82 290.05 9.67218 12.4498 10.3785 13.4088 7.49828 5.79352 4.95603 5.14154 12.3923 4.69828 9.57158 4.56674 4.05026 5.95472 12.5224 3.6352 3.33227 5.56072 3.32989 3.03474 3.00748 2.87392 2.83702 2.48165 2.35475 2.2953 2.72923 2.21525 5.06415 2.09414 2.42077 1.7787 1.57469 1.53289 17.1547 3.57031 1.49873 5.37514 1.496 1.43634 4.2747 1.35869 1.19654 3.06133 2.97978 1.18848 3.24097 1.84386 1.07227 5.76861 1.28022 1.61432 1.02037 0.966127 1.90486 0.872154 0.719763 1.12241 1.58275 0.64061 5.27577 0.921473 0.629755 0.56691 0.56345 0.544846 1.51422 1.13659 1.08079 0.537013 0.576333 0.536382 0.53627 0.513027 0.482582 0.410935 0.383195 1.37551 0.372682 0.364109 0.358577 0.334165 0.459798 0.299063 0.296943 0.295371 0.283297 0.279367 0.369757 0.309107 0.311716
threshold=0.15000000223517421 0.10458041727542879 0.25000000745058065 0.19101010262966159 0.15000000223517421 0.15220635384321216 0.15678746998310092 0.20240999013185504 0.20071429014205935 0.24515175819396975 0.21946247667074206 0.22039676457643512 0.16090353578329089 0.17089758068323138 0.18897569924592975 0.15000000223517421 0.1583974361419678 0.16013698279857638 0.15803226083517077 0.25000000745058065 0.15000000223517421 0.16259328275918963 0.24171940237283709 0.1067231632769108 0.19510195404291156 0.26417112350463873 0.35000000894069677 0.23642505705356601 0.12516666948795321 0.11630280315876008 0.30072464048862463 0.45000000298023229 0.23021738976240161 0.23357842862606051 0.15000000223517421 0.10594117641448976 0.10074627026915552 0.10259784013032915 0.1067231632769108 0.1981649845838547 0.19699231535196307 0.15460605919361117 0.17394282668828967 0.17517123371362689 0.20745369791984561 0.10259784013032915 0.10074627026915552 0.10317540168762208 0.1633739769458771 0.16587346047163012 0.16928205639123919 0.1643650829792023 0.168457105755806 0.18346994370222094 0.19510195404291156 0.19012194871902469 0.22547236829996112 0.22410600632429126 0.12782331556081775 0.18346994370222094 0.18758561462163928 0.18843366950750354 0.14379280805587771 0.1483045965433121 0.14415185153484347 0.15886382013559344 0.10347852483391763 0.22214052081108096 0.15298574417829516 0.14551208168268207 0.15529115498065951 0.14122316241264346 0.13481555134058001 0.13893597573041919 0.1643650829792023 0.14586748182773593 0.14620192348957065 0.18346994370222094 0.19548846781253817 0.10388386249542238 0.10458041727542879 0.35000000894069677 0.19238026440143588 0.11441558599472047 0.14790198951959613 0.14670995622873309 0.25646600127220159 0.15563492476940158 0.16587346047163012 0.10347852483391763 0.31587702035903936 0.35424640774726873 0.45000000298023229 0.32517604529857641
decision_type=2 2 2 2 2 2 2 2 2 2 2 2 2 2 2 2 2 2 2 2 2 2 2 2 2 2 2 2 2 2 2 2 2 2 2 2 2 2 2 2 2 2 2 2 2 2 2 2 2 2 2 2 2 2 2 2 2 2 2 2 2 2 2 2 2 2 2 2 2 2 2 2 2 2 2 2 2 2 2 2 2 2 2 2 2 2 2 2 2 2 2 2 2 2
left_child=36 19 15 4 21 -6 41 8 24 10 44 -12 18 48 42 23 -17 -18 -8 20 45 28 27 35 82 81 39 32 29 -4 31 -27 56 -34 -21 -3 -1 -38 79 40 78 -7 -15 -44 -9 46 -2 -47 -14 74 -51 -19 -53 -54 -55 -16 57 67 -30 -45 -61 -62 -25 64 -64 -20 -49 -13 69 71 -70 72 -60 -74 -50 -66 -77 88 -26 89 -81 86 -5 -40 85 -78 -11 -43 -23 -39 -32 92 -92 -94
right_child=1 2 3 7 5 6 12 9 -10 25 11 22 13 14 55 16 17 51 65 34 -22 77 -24 62 26 30 -28 -29 58 -31 90 -33 33 -35 -36 -37 37 38 83 -41 -42 87 43 59 -46 47 -48 66 49 50 -52 52 53 54 -56 -57 -58 -59 68 60 61 -63 63 -65 75 -67 -68 -69 70 -71 -72 -73 73 -75 -76 76 84 -79 -80 80 -82 -83 -84 -85 -86 -87 -88 -89 -90 -91 91 -93 93 -95
leaf_value=-0.00047383481622605746 0.00051014999501259087 0 0.00086335766809278989 0.00021604369921833711 0.00011981984550229583 0.00091055152205147486 0.00047383485152950453 0.00047383485152950453 -0.00038952281656328796 -0.00038952281656328796 0.00047383485152950453 0.0032097977454197792 0.00069635074741961598 -0.0006645273584665912 0.00047383485152950453 0 0.0014234008106385485 0 -4.3795122656899093e-05 0.0013735076631053861 -0.00072225735733056609 -0.00076267788748518887 0.00036236316436133204 0 -0.0018346393863083526 0.00034925748946805469 0.0020239400344423861 -0.00015072932652059493 0.00086335766809278989 -0.00070973570114456512 -0.00072858946709529503 0.0014081041654955685 0.0005904561060723222 0.00047383485152950453 0.0002863367916190258 0 0.00048031816135884543 -0.00071234102395296289 -0.00093032482505480275 -0.00062180190005547964 0.00047308583455369887 0.00047383485152950453 0.00047383485152950453 0.00047383485152950453 0.00047383485152950453 6.7263869295847528e-05 -0.00029018318901042153 0.000332082106810233 0.00047383485152950453 0.00047383485152950453 0.00047383485152950453 0.00047383485152950453 0 0.00025797364464357381 0 0.00046743414980177967 0.00047383485152950453 0.00047383485152950453 0.00086335766809278989 -0.00041873881983468813 0.00047383485152950453 -0.0037690093927319982 9.9887191773663926e-05 0 0 0.0024194888551757276 7.5405546256338856e-05 0.00031246861067432143 -0.0016068591480393652 0.00086335766809278989 0.00089633675169864665 -5.9702693168223394e-05 0.00099382250631923014 0.00086335766809278989 0.00047383485152950453 0 0 0.00357304030243441 0.00091038402890192477 -0.00096608997719113438 -0.00095804137379958587 0.00086745465990684632 -0.00038952281656328796 -0.00093032482505480275 0 0 -0.00038952281656328796 0.00047383485152950453 -0.00054081324689701728 -0.00042725496883007889 -0.00054324330887522737 -0.00028130992751185187 0.0014055780242490806 0.0023937391699608984
leaf_weight=279508 32976 1372 206 170 800 176 196 318 738 488 132 155 286 207 151 3067 135 236 147 608 128 243 136 86512 118 428 151 322 152 400 151 113 163 177 348 858 442 904 17399 596 147 109 161 501 1232 224 117 131 106 362 122 156 497 181 233 117 294 140 302 356 158 132 269 21742 2604 219 483 148 125 473 577 235 154 106 158 470 415 161 129 1138 4716 195 565 10697 295 1277 184 125 804 593 114 407 110 188
leaf_count=279508 32976 1372 206 170 800 176 196 318 738 488 132 155 286 207 151 3067 135 236 147 608 128 243 136 86512 118 428 151 322 152 400 151 113 163 177 348 858 442 904 17399 596 147 109 161 501 1232 224 117 131 106 362 122 156 497 181 233 117 294 140 302 356 158 132 269 21742 2604 219 483 148 125 473 577 235 154 106 158 470 415 161 129 1138 4716 195 565 10697 295 1277 184 125 804 593 114 407 110 188
internal_value=0 -0.00249523 -0.00666916 0.00506835 0.0073129 0.0106812 0.0127606 0.00273685 -0.00147069 0.00470263 0.00713759 0.0108059 0.0107887 0.0123736 0.00814954 -0.00830181 -0.00550248 -0.000449985 0.00284458 0.0138423 0.0139978 0.0033878 0.00839995 -0.0084107 0.00133911 0.00140856 0.0043284 0.00708074 0.00522846 6.28084e-05 0.00389827 0.00877706 0.0092154 0.0153932 0.00830145 -0.00494993 -0.00827971 -0.00769426 -0.00792658 0.00259522 0.00714893 0.0290116 0.00612403 0.00728963 0.0031924 0.0140725 0.0139826 0.0176235 0.0196574 0.0216523 0.0170262 -0.00330826 -0.00202445 -0.00491981 -0.00101134 0.0195997 0.00636539 0.00917212 0.00670228 0.00525153 0.00315229 0.00754702 -0.00847864 -0.00807466 -0.0053917 -0.00275595 0.0141962 0.00493063 0.00616694 0.00734291 0.00403947 0.00481163 0.00707759 0.0102478 0.0301334 -0.00568016 -0.00668857 -0.00077198 -0.00142545 -0.00605952 -0.00571209 -0.00293048 -0.00330141 -0.00841507 -0.00601982 -0.00653509 -0.00399324 0.0339966 -0.00151781 -0.00741814 0.00117721 0.00187063 0.00388023 0.00549234
internal_weight=0 172070 137055 16736 8527 4589 3789 8209 2614 5595 3217 1667 3379 2817 1783 120319 4505 1438 562 35015 34059 3938 1535 115814 1876 2378 1141 1399 2730 606 1511 541 1077 340 956 2230 315397 35889 35447 990 394 410 1515 1308 1550 33931 33093 838 1034 748 484 1303 1067 911 414 268 737 443 2124 1147 646 290 113584 27072 5330 366 614 303 1972 1270 702 797 562 260 264 5061 2457 1208 247 7351 5854 867 735 28096 1987 1692 672 234 1047 1497 970 819 412 298
internal_count=487467 172070 137055 16736 8527 4589 3789 8209 2614 5595 3217 1667 3379 2817 1783 120319 4505 1438 562 35015 34059 3938 1535 115814 1876 2378 1141 1399 2730 606 1511 541 1077 340 956 2230 315397 35889 35447 990 394 410 1515 1308 1550 33931 33093 838 1034 748 484 1303 1067 911 414 268 737 443 2124 1147 646 290 113584 27072 5330 366 614 303 1972 1270 702 797 562 260 264 5061 2457 1208 247 7351 5854 867 735 28096 1987 1692 672 234 1047 1497 970 819 412 298
is_linear=0
shrinkage=0.0951581


Tree=31
num_leaves=23
num_cat=0
split_feature=4 4 0 0 3 0 0 3 3 0 4 3 4 0 4 4 4 3 3 0 3 0
split_gain=398.217 130.573 111.729 17.4018 5.36083 3.82845 5.20267 6.4062 2.67286 8.99473 2.62533 2.28442 1.83238 0.757886 2.49396 0.255503 0.187723 0.133635 0.0356262 0.0125768 0.00376273 0.000971457
threshold=0.15000000223517421 0.25000000745058065 1.5000000000000002 1.5000000000000002 0.15000000223517421 1.5000000000000002 2.5000000000000004 0.15000000223517421 0.15000000223517421 2.5000000000000004 0.35000000894069677 0.15000000223517421 0.35000000894069677 3.5000000000000004 0.45000000298023229 0.35000000894069677 0.45000000298023229 0.35000000894069677 0.25000000745058065 2.5000000000000004 0.15000000223517421 3.5000000000000004
decision_type=2 2 2 2 2 2 2 2 2 2 2 2 2 2 2 2 2 2 2 2 2 2
left_child=3 2 4 -1 -2 11 15 -8 19 -10 21 -3 -13 14 -12 20 -15 -18 -17 -4 -7 -9
right_child=1 5 8 -5 -6 6 7 10 9 -11 13 12 -14 16 -16 18 17 -19 -20 -21 -22 -23
leaf_value=-0.00042874560068352279 0 0.00078120220240331724 0 -0.00054971296605000567 0 0.00078120220240331724 -0.00040015384979755078 0.0004287456326275593 0 0.0004287456326275593 0.00028423647136586728 0.0004287456326275593 0.0029043595263714556 0.003192933661041068 0.0017552317371913964 0.001328621398768962 -0.0029782948378278135 0.0023190410060273075 0.0017340392554105691 0 0.0004287456326275593 0.0004287456326275593
leaf_weight=310726 113386 2798 34831 4671 1992 1364 581 2151 2491 150 339 3390 478 227 240 467 217 212 223 1528 4790 215
leaf_count=310726 113386 2798 34831 4671 1992 1364 581 2151 2491 150 339 3390 478 227 240 467 217 212 223 1528 4790 215
internal_value=0 -0.0025002 -0.0033876 -0.00819131 -0.00189924 0.00524305 0.00415464 0.00679895 -0.00779077 -0.0048678 0.00829495 0.00704335 0.00854159 0.00473864 0.00724779 0.00253884 0.00252401 0.00135306 0.00427522 -0.00800308 0.00234416 0.0101513
internal_weight=0 172070 154378 315397 115378 17692 11026 4182 39000 2641 3601 6666 3868 1235 579 6844 656 429 690 36359 6154 2366
internal_count=487467 172070 154378 315397 115378 17692 11026 4182 39000 2641 3601 6666 3868 1235 579 6844 656 429 690 36359 6154 2366
is_linear=0
shrinkage=0.0951581


Tree=32
num_leaves=95
num_cat=0
split_feature=4 2 4 0 2 2 2 2 2 2 2 0 2 2 2 0 2 0 2 2 2 4 2 2 0 2 2 2 2 2 2 2 2 0 2 4 2 0 2 4 0 2 2 2 2 2 2 2 0 2 2 2 2 0 2 2 0 2 2 2 2 2 2 2 0 2 0 2 2 2 0 0 2 2 2 0 2 2 2 4 2 2 2 2 2 2 2 0 2 2 2 0 2 2
split_gain=397.288 1297.66 287.404 17.4018 142.609 127.988 9.20796 7.45702 5.79352 5.7695 5.02551 8.07567 18.948 4.90938 4.868 5.65636 5.79081 5.00111 10.1961 8.11364 3.49886 3.33227 2.87392 2.83111 4.32827 2.79394 4.31523 2.79017 6.09747 2.78493 2.72583 2.71097 2.91614 5.66127 2.60571 2.48165 2.22894 2.90002 2.1139 5.16407 2.08479 1.92055 1.88807 3.54986 1.81737 18.0476 3.18845 1.74348 1.59473 4.85975 1.58168 4.3666 1.58068 1.52322 1.49282 5.97972 1.46927 1.95505 3.82738 2.18088 1.38455 1.24728 3.03099 2.97978 1.50841 1.14095 1.10378 1.6807 1.14262 1.10237 1.08413 1.00314 0.945697 0.756703 0.753242 1.82123 0.750748 0.682331 0.62998 0.613848 0.555479 0.490977 0.487987 0.868963 0.465457 0.493859 0.463554 0.521939 0.425092 1.75358 0.503818 0.658131 0.401503 0.537256
threshold=0.15000000223517421 0.10458041727542879 0.25000000745058065 1.5000000000000002 0.10594117641448976 0.10458041727542879 0.19101010262966159 0.20240999013185504 0.20071429014205935 0.19012194871902469 0.24515175819396975 2.5000000000000004 0.23021738976240161 0.14859127253293994 0.15803226083517077 2.5000000000000004 0.15339080244302752 2.5000000000000004 0.17660956084728244 0.16505814343690875 0.18897569924592975 0.25000000745058065 0.19510195404291156 0.1067231632769108 1.5000000000000002 0.168457105755806 0.16090353578329089 0.22410600632429126 0.21946247667074206 0.26417112350463873 0.1613835692405701 0.23021738976240161 0.21946247667074206 1.5000000000000002 0.17006493359804156 0.35000000894069677 0.15629401057958606 1.5000000000000002 0.30072464048862463 0.45000000298023229 1.5000000000000002 0.15119115263223651 0.14379280805587771 0.14586748182773593 0.10074627026915552 0.10259784013032915 0.1067231632769108 0.10594117641448976 1.5000000000000002 0.1981649845838547 0.1633739769458771 0.1643650829792023 0.23642505705356601 2.5000000000000004 0.16505814343690875 0.17660956084728244 2.5000000000000004 0.12516666948795321 0.11630280315876008 0.13893597573041919 0.20969981700181964 0.10259784013032915 0.10074627026915552 0.10317540168762208 1.5000000000000002 0.10421099141240121 1.5000000000000002 0.12846482545137408 0.13263087719678882 0.17394282668828967 1.5000000000000002 1.5000000000000002 0.20439612865448001 0.16259328275918963 0.16587346047163012 1.5000000000000002 0.15886382013559344 0.14415185153484347 0.14451952278614047 0.35000000894069677 0.17089758068323138 0.1483045965433121 0.10388386249542238 0.10458041727542879 0.1072077937424183 0.10708020254969598 0.14620192348957065 1.5000000000000002 0.18843366950750354 0.18758561462163928 0.18346994370222094 1.5000000000000002 0.14670995622873309 0.14790198951959613
decision_type=2 2 2 2 2 2 2 2 2 2 2 2 2 2 2 2 2 2 2 2 2 2 2 2 2 2 2 2 2 2 2 2 2 2 2 2 2 2 2 2 2 2 2 2 2 2 2 2 2 2 2 2 2 2 2 2 2 2 2 2 2 2 2 2 2 2 2 2 2 2 2 2 2 2 2 2 2 2 2 2 2 2 2 2 2 2 2 2 2 2 2 2 2 2
left_child=3 21 23 44 5 -5 9 8 22 13 11 31 27 56 15 16 40 20 19 -19 25 61 -8 24 -3 26 76 28 60 -12 -28 32 72 -34 -21 48 37 -18 39 -31 41 -15 -25 70 -1 -46 82 -26 49 -24 73 -52 -14 81 -55 -56 57 58 -4 66 -13 62 -2 -63 65 -65 67 -59 -68 80 77 -38 -9 -32 -53 -76 -16 -44 -79 -74 -27 86 -47 -84 85 -6 -45 92 89 90 91 -71 -88 -94
right_child=1 2 6 4 84 -7 7 10 -10 -11 29 12 52 14 17 -17 36 18 -20 34 -22 -23 35 42 47 69 30 -29 -30 38 50 -33 33 -35 -36 -37 71 -39 -40 -41 -42 -43 43 53 45 46 -48 -49 -50 -51 51 74 -54 54 55 -57 -58 59 -60 -61 -62 63 -64 64 -66 -67 68 -69 -70 88 -72 -73 79 -75 75 -77 -78 78 -80 -81 -82 -83 83 -85 -86 -87 87 -89 -90 -91 -92 -93 93 -95
leaf_value=-0.00038794698871974861 0.00046160509646049315 0 0.00070686449381741868 -0.00033428856727942138 -0.00081456635236461055 5.500010535245752e-05 -0.0003932551847792691 0.00038794701762405085 -0.0003932551847792691 0.00052517403270918551 -0.0003932551847792691 0.00038794701762405085 0.00038794701762405085 0.00070686449381741868 -8.0426277487437601e-05 -0.0053024137182812797 0.00038794701762405085 0.00022859380617486121 0.00032613832321320383 0.00038794701762405085 0.00038794701762405085 0.0011684695902779171 0.00038726927567218135 0 -0.0052785738418316018 0.0015063253152429088 0.00022087643561574763 -0.0014716344727469808 0.0038632235709502496 0.00027522419925030968 0.00073670535085532888 -0.00040171696691513269 -0.0010768993636527347 0.00038794701762405085 0.00038794701762405085 0.0017049166957066799 0.00086952881248785277 0.00038794701762405085 0.00058733978813650287 0.0015575205090043768 0.00070686449381741868 0.00076866170703637977 0 0 0.00047541061504789337 -0.00043161755489877848 -0.0008958413281836855 0.00030143329484590554 -0.0005245545440104711 -0.004321272979822554 0.00038794701762405085 0.00038794701762405085 0.0010102053940907879 0 0.00038794701762405085 0 -2.8473608506718063e-05 0.00070686449381741868 -0.0007165363168211246 0.00070686449381741868 0.00040056830392522534 6.0863168045017127e-05 -0.00026256991132786987 0.00076172686227935697 5.5087425285744117e-05 6.8230098585914947e-05 -0.0031300442177979609 0.00070686449381741868 0.00094867365368514445 0.00038794701762405085 0 0.00038794701762405085 0.00038794701762405085 -0.00076444062589004955 0.00038794701762405085 0.00038794701762405085 0.00072255911925084911 0 0 -0.0028810084856159472 -0.000642090820050059 0 -0.00083336008934097115 -0.0015196105874005202 -0.00078948725742789135 -0.00078948725742789135 0 0 -0.0034511562770664431 0.00038794701762405085 -0.00041969104901553445 0.00038794701762405085 0 0
leaf_weight=279508 33104 1649 217 291 194 295 735 121 738 130 867 128 119 128 207 174 230 128 363 183 125 956 179 87108 341 223 107 140 165 428 211 548 231 333 213 151 159 179 970 113 276 153 195 550 412 1351 24200 240 651 160 149 212 131 466 117 345 218 115 470 761 319 224 117 249 180 185 121 295 123 328 1181 142 846 119 183 221 351 634 1134 136 292 24036 1023 4232 3780 111 321 826 140 162 331 388 926 250
leaf_count=279508 33104 1649 217 291 194 295 735 121 738 130 867 128 119 128 207 174 230 128 363 183 125 956 179 87108 341 223 107 140 165 428 211 548 231 333 213 151 159 179 970 113 276 153 195 550 412 1351 24200 240 651 160 149 212 131 466 117 345 218 115 470 761 319 224 117 249 180 185 121 295 123 328 1181 142 846 119 183 221 351 634 1134 136 292 24036 1023 4232 3780 111 321 826 140 162 331 388 926 250
internal_value=0 -0.00250684 -0.00668374 -0.00819131 -0.00242632 0.0414733 0.00500012 0.00272526 -0.00147069 0.00719014 0.00468562 0.00713759 0.0142262 0.00688216 0.00830382 0.0131346 0.015344 0.00680228 0.0132277 0.0217193 0.00528205 0.0138423 0.00133911 -0.00830893 -0.00494993 0.00474215 0.00746126 0.00668131 0.00945361 0.00136855 0.0106716 0.00393091 0.00583963 0.0114055 0.0284513 0.0043284 0.021042 0.0256159 0.00383529 0.00860116 0.00808075 0.0138504 -0.00837236 -0.00773434 -0.00827797 -0.00758936 -0.00785396 0.0021128 0.00259522 0.00788773 0.0092551 0.0116304 0.0369213 -0.00807666 -0.00428622 -0.000453136 0.00315826 0.00392946 -0.000235474 0.00595158 0.00368285 0.0139978 0.0139064 0.0176235 0.0141962 0.0172337 0.00998141 0.0129972 0.0049139 0.00217475 -0.00470343 0.014827 0.00299364 0.00374865 0.00809461 0.0105051 0.000545707 -0.00607403 -0.00666322 0.00201557 -0.00157057 -0.00820738 -0.00600104 -0.00558635 -0.0087238 -0.0051479 -0.0070317 -0.00644355 0.00360458 0.0041794 0.00275386 0.00417313 -0.00538403 -0.00619822
internal_weight=0 172070 137055 315397 4671 586 16736 8209 2614 8527 5595 3217 1002 8397 6077 1441 1267 4636 887 524 3749 35015 1876 120319 2230 3624 1760 752 612 2378 1202 2215 1667 564 396 1141 710 409 1511 541 557 281 118089 30981 310726 31218 30806 581 990 339 1095 765 250 27837 928 462 2320 2102 687 1415 447 34059 33221 838 614 434 654 410 244 1864 3144 301 1103 330 616 404 558 1963 1768 982 515 26909 6606 5255 4085 305 2873 2323 1349 1209 1047 716 1497 1176
internal_count=487467 172070 137055 315397 4671 586 16736 8209 2614 8527 5595 3217 1002 8397 6077 1441 1267 4636 887 524 3749 35015 1876 120319 2230 3624 1760 752 612 2378 1202 2215 1667 564 396 1141 710 409 1511 541 557 281 118089 30981 310726 31218 30806 581 990 339 1095 765 250 27837 928 462 2320 2102 687 1415 447 34059 33221 838 614 434 654 410 244 1864 3144 301 1103 330 616 404 558 1963 1768 982 515 26909 6606 5255 4085 305 2873 2323 1349 1209 1047 716 1497 1176
is_linear=0
shrinkage=0.0951581


Tree=33
num_leaves=95
num_cat=0
split_feature=4 2 4 2 3 2 2 2 2 2 2 2 2 2 2 2 2 2 2 2 3 2 2 4 3 2 2 2 2 2 2 2 2 2 2 4 2 2 2 2 3 2 2 2 2 2 2 2 2 2 2 2 2 2 2 2 2 2 2 2 2 2 2 2 2 2 2 2 2 2 2 2 2 2 2 2 2 4 2 2 2 2 2 2 2 2 2 2 2 2 2 2 2 2
split_gain=394.433 1288.42 285.443 9.59443 13.3738 10.3785 13.4088 8.17922 7.25806 38.1721 9.28354 10.1695 5.33071 5.02551 5.14154 12.3923 4.69828 9.57158 4.56674 3.6352 3.53805 5.03734 13.0689 3.23815 5.5153 3.14742 3.03474 3.00748 2.91793 2.78493 2.65498 2.46445 2.35475 2.24275 2.1139 5.16407 2.09414 2.42077 1.96721 2.72923 1.7787 1.73616 4.75449 1.57469 1.56888 3.06133 2.64552 1.496 1.43634 4.2747 1.35869 1.20009 5.97238 1.18848 3.24097 1.84386 1.10796 3.06609 1.02037 1.00031 0.966127 1.90486 0.825529 0.719763 1.12241 1.58275 0.663039 0.64061 5.27577 0.921473 0.629755 0.56345 0.536382 0.53627 0.529197 0.513027 0.482582 0.372682 0.341878 0.334165 0.459798 0.306885 1.33873 1.13659 0.589507 1.04161 0.34285 0.299063 0.296943 0.295371 0.293108 0.283297 0.281265 0.279367
threshold=0.15000000223517421 0.10458041727542879 0.25000000745058065 0.19101010262966159 0.15000000223517421 0.15220635384321216 0.15678746998310092 0.20240999013185504 0.10074627026915552 0.10594117641448976 0.10504237189888956 0.10259784013032915 0.20071429014205935 0.24515175819396975 0.21946247667074206 0.22039676457643512 0.16090353578329089 0.17089758068323138 0.18897569924592975 0.15803226083517077 0.15000000223517421 0.1583974361419678 0.16013698279857638 0.25000000745058065 0.15000000223517421 0.19548846781253817 0.24171940237283709 0.1067231632769108 0.16259328275918963 0.26417112350463873 0.10388386249542238 0.1981649845838547 0.23642505705356601 0.19699231535196307 0.30072464048862463 0.45000000298023229 0.23021738976240161 0.23357842862606051 0.12516666948795321 0.11630280315876008 0.15000000223517421 0.10388386249542238 0.10421099141240121 0.10594117641448976 0.10259784013032915 0.10074627026915552 0.10317540168762208 0.15460605919361117 0.17394282668828967 0.17517123371362689 0.20745369791984561 0.168457105755806 0.1643650829792023 0.1633739769458771 0.16587346047163012 0.16928205639123919 0.10559467971324922 0.10533428192138673 0.19012194871902469 0.12782331556081775 0.22547236829996112 0.22410600632429126 0.19101010262966159 0.18346994370222094 0.18758561462163928 0.18843366950750354 0.1072077937424183 0.14379280805587771 0.1483045965433121 0.14415185153484347 0.15886382013559344 0.22214052081108096 0.1643650829792023 0.14586748182773593 0.10347852483391763 0.14620192348957065 0.18346994370222094 0.35000000894069677 0.19238026440143588 0.14790198951959613 0.14670995622873309 0.15298574417829516 0.14895787835121158 0.15529115498065951 0.13893597573041919 0.13481555134058001 0.14551208168268207 0.25646600127220159 0.15563492476940158 0.16587346047163012 0.11441558599472047 0.10347852483391763 0.14216374605894092 0.31587702035903936
decision_type=2 2 2 2 2 2 2 2 2 2 2 2 2 2 2 2 2 2 2 2 2 2 2 2 2 2 2 2 2 2 2 2 2 2 2 2 2 2 2 2 2 2 2 2 2 2 2 2 2 2 2 2 2 2 2 2 2 2 2 2 2 2 2 2 2 2 2 2 2 2 2 2 2 2 2 2 2 2 2 2 2 2 2 2 2 2 2 2 2 2 2 2 2 2
left_child=8 23 20 4 28 -6 47 12 -1 10 11 -10 25 14 50 -16 19 53 48 -8 27 -22 -23 24 41 78 32 43 38 77 91 33 36 -27 35 -31 60 -38 39 -4 -25 44 -43 -3 45 -2 -46 -7 -19 -50 -9 52 -24 -18 72 -56 57 -12 -20 -40 61 71 -53 -51 -65 -66 -11 -29 69 -69 -21 -17 -55 -71 -48 -75 89 87 -5 80 -77 82 84 -83 85 -61 92 -15 -49 -30 -68 -13 -86 -36
right_child=1 2 3 7 5 6 16 13 9 66 56 30 -14 29 15 26 17 18 58 70 21 22 51 40 -26 31 -28 67 76 34 -32 -33 -34 -35 93 -37 37 -39 59 -41 -42 42 -44 -45 46 -47 74 88 49 63 -52 62 -54 54 55 -57 -58 -59 -60 81 -62 -63 -64 64 65 -67 90 68 -70 73 -72 -73 -74 75 -76 79 -78 -79 -80 -81 -82 83 -84 -85 86 -87 -88 -89 -90 -91 -92 -93 -94 -95
leaf_value=-0.00035103069469816944 0.00041767963767801788 0 0.00063960061951002178 0.00019210819050302633 3.5552868712152616e-07 0.00070996218539677862 0.00035103072085199149 0.00035103072085199149 0.00043017144950106156 -0.00073705377503229734 4.9766400440583332e-05 -0.00056268549990240349 -0.00035583377296542719 -0.00035583377296542719 0.00035103072085199149 0.0027304619098381224 0.0005191852528898071 -0.00058099068474613792 0.00035103072085199149 -7.2773066628434259e-05 0 0.0012879527098310236 0 0.0010572802571880396 -0.00069745418633180819 0.00047211081083507186 0.00019095354852028773 0 -0.00069169791689126106 0.00024903439044445338 -0.00075405913591564317 0.0015426800812952356 -0.00013895820804863868 0.00035041747152899744 -0.0008801562791302172 0.0014093098340232603 0.00045655451969325693 0.00035103072085199149 0.00063960061951002178 -0.00064835209032100181 0.00010710158166780771 -3.829145840837993e-05 6.1737452802450085e-05 0 5.5071545292513314e-05 -0.00023758426037646688 0.00022799733574497313 0.00035103072085199149 0.00035103072085199149 0.00035103072085199149 0.00035103072085199149 0 0.00035103072085199149 0.00035103072085199149 0.00035103072085199149 0.00035103072085199149 4.9766400440583332e-05 -0.0013750073481076691 0.0003321808371739234 0.00063960061951002178 0.00035103072085199149 0.00035103072085199149 0 -0.00037975405088387664 0.00035103072085199149 -0.0031227508414190478 -0.0007143611588398376 9.0382117503914601e-05 0 0 0.0020796989598516171 0.00020501978308145664 0.00035103072085199149 0 0.00068924238983935162 0 0.0031217826105137307 0.00069590167100845384 -0.00035583377296542719 0 0 -0.0015652075078191891 0.00063960061951002178 0.00066660187762256323 0.00063960061951002178 0.00073464057554937503 0.00063960061951002178 -0.00035583377296542719 0.00035103072085199149 -0.00048818891307713985 -0.0007143611588398376 -0.00030247830609279701 -1.3234129226402222e-05 0.00088204564865929558
leaf_weight=279508 32976 1372 206 170 800 176 196 318 442 2937 647 904 738 488 132 155 286 207 151 147 3067 135 236 608 128 160 136 86512 243 428 2069 691 322 157 151 113 163 177 152 400 348 121 234 858 224 117 131 109 161 501 1232 639 156 106 362 122 750 638 117 302 294 140 272 356 158 132 16212 269 21742 2604 219 148 158 470 128 415 161 195 698 295 1277 125 237 577 145 154 236 184 125 804 10697 593 196 819
leaf_count=279508 32976 1372 206 170 800 176 196 318 442 2937 647 904 738 488 132 155 286 207 151 147 3067 135 236 608 128 160 136 86512 243 428 2069 691 322 157 151 113 163 177 152 400 348 121 234 858 224 117 131 109 161 501 1232 639 156 106 362 122 750 638 117 302 294 140 272 356 158 132 16212 269 21742 2604 219 148 158 470 128 415 161 195 698 295 1277 125 237 577 145 154 236 184 125 804 10697 593 196 819
internal_value=0 -0.0025273 -0.00668929 0.00495463 0.00719014 0.0106812 0.0127606 0.00263252 -0.00819131 -0.00691738 -2.04731e-05 -0.0026781 -0.00176192 0.00468562 0.00713759 0.0108059 0.0107887 0.0123736 0.00814954 0.00284458 -0.00830893 -0.00569259 -0.00104555 0.0137635 0.0139168 0.000933318 0.00839995 -0.0084107 0.00312199 0.00136855 -0.00436564 0.00455022 0.00708074 0.011497 0.00383529 0.00860116 0.0092154 0.0153932 0.00484504 6.28084e-05 0.00830145 0.0139912 0.0073714 -0.00494993 0.0140612 0.0139826 0.0194453 0.0290116 0.00612403 0.00728963 0.0031924 -0.00396553 0.000436948 0.0196574 0.0216523 0.0170262 0.00521382 0.00351751 0.0195997 0.00620947 0.00636539 0.00917212 -0.0058599 0.00525153 0.00315229 0.00754702 -0.00831382 -0.00847864 -0.00807466 -0.0053917 -0.00275595 0.00493063 0.0301334 -0.00568016 0.0128959 -0.00668857 -0.00077198 -0.00293048 -0.00326695 -0.00601982 -0.00653509 0.00563614 0.0065187 0.00403947 0.00503886 0.00759595 0.00301801 -0.00399324 0.0339966 -0.00151781 -0.008462 -0.00741814 0.00108832 0.00117721
internal_weight=0 172070 137055 16736 8527 4589 3789 8209 315397 35889 6043 4008 2614 5595 3217 1667 3379 2817 1783 562 120319 4505 1438 35015 34059 1876 1535 115814 3938 2378 3566 1008 1399 317 1511 541 1077 340 2730 606 956 33931 355 2230 33576 33093 483 410 1515 1308 1550 1303 392 1034 748 484 2035 1285 268 2124 737 443 911 1147 646 290 29846 113584 27072 5330 366 303 264 5061 259 2457 1208 867 868 1987 1692 1972 1270 702 1033 456 577 672 234 1047 26909 1497 341 970
internal_count=487467 172070 137055 16736 8527 4589 3789 8209 315397 35889 6043 4008 2614 5595 3217 1667 3379 2817 1783 562 120319 4505 1438 35015 34059 1876 1535 115814 3938 2378 3566 1008 1399 317 1511 541 1077 340 2730 606 956 33931 355 2230 33576 33093 483 410 1515 1308 1550 1303 392 1034 748 484 2035 1285 268 2124 737 443 911 1147 646 290 29846 113584 27072 5330 366 303 264 5061 259 2457 1208 867 868 1987 1692 1972 1270 702 1033 456 577 672 234 1047 26909 1497 341 970
is_linear=0
shrinkage=0.0951581


Tree=34
num_leaves=95
num_cat=0
split_feature=4 2 4 0 2 2 2 2 2 2 0 2 0 2 2 2 2 2 4 2 2 2 2 0 2 2 2 0 2 2 2 0 0 2 2 2 2 2 2 2 2 2 2 2 2 2 2 2 0 2 2 0 2 2 2 0 2 2 2 0 0 2 4 2 2 0 2 2 2 0 0 2 2 2 0 2 2 2 4 2 4 2 2 2 0 4 4 0 2 2 2 2 2 2
split_gain=386.083 1297.97 259.391 17.4018 142.609 127.988 15.6516 5.7695 4.90938 4.868 5.65636 5.79081 5.00111 10.1961 8.11364 4.5471 5.10652 3.49886 3.23815 3.21161 4.59119 2.85069 2.83111 4.32827 2.79394 4.31523 2.73965 3.84231 2.72583 2.60571 2.22894 2.90002 2.08479 1.92055 1.88807 3.54986 1.81737 18.0476 3.18845 1.74348 1.6973 4.75449 1.61305 3.03099 2.64552 1.59933 1.58168 4.3666 1.52322 1.49282 5.97972 1.46927 1.95505 3.82738 2.18088 1.10378 1.6807 1.14262 1.10237 1.08413 1.00314 0.909065 0.794963 0.756703 0.753242 1.82123 0.750748 0.744712 0.919204 2.38219 3.32488 6.1005 0.872352 0.795902 0.903021 0.755561 0.682331 0.62998 0.604858 0.569383 0.658425 0.555479 0.551675 0.529197 0.515383 1.30432 0.654914 1.00184 0.504196 0.490977 0.487987 0.868963 0.465457 0.493859
threshold=0.15000000223517421 0.10458041727542879 0.25000000745058065 1.5000000000000002 0.10594117641448976 0.10458041727542879 0.19101010262966159 0.19012194871902469 0.14859127253293994 0.15803226083517077 2.5000000000000004 0.15339080244302752 2.5000000000000004 0.17660956084728244 0.16505814343690875 0.20240999013185504 0.20071429014205935 0.18897569924592975 0.25000000745058065 0.24515175819396975 0.24171940237283709 0.19548846781253817 0.1067231632769108 1.5000000000000002 0.168457105755806 0.16090353578329089 0.1981649845838547 1.5000000000000002 0.1613835692405701 0.17006493359804156 0.15629401057958606 1.5000000000000002 1.5000000000000002 0.15119115263223651 0.14379280805587771 0.14586748182773593 0.10074627026915552 0.10259784013032915 0.1067231632769108 0.10594117641448976 0.10388386249542238 0.10421099141240121 0.10259784013032915 0.10074627026915552 0.10317540168762208 0.25920708477497106 0.1633739769458771 0.1643650829792023 2.5000000000000004 0.16505814343690875 0.17660956084728244 2.5000000000000004 0.12516666948795321 0.11630280315876008 0.13893597573041919 1.5000000000000002 0.12846482545137408 0.13263087719678882 0.17394282668828967 1.5000000000000002 1.5000000000000002 0.20439612865448001 0.35000000894069677 0.16259328275918963 0.16587346047163012 1.5000000000000002 0.15886382013559344 0.23642505705356601 0.21946247667074206 1.5000000000000002 2.5000000000000004 0.22547236829996112 0.22736185789108279 0.20745369791984561 1.5000000000000002 0.2123106122016907 0.14415185153484347 0.14451952278614047 0.35000000894069677 0.38397435843944555 0.59999999403953563 0.17089758068323138 0.21680790930986407 0.10347852483391763 3.5000000000000004 0.45000000298023229 0.45000000298023229 2.5000000000000004 0.21824584156274798 0.1483045965433121 0.10388386249542238 0.10458041727542879 0.1072077937424183 0.10708020254969598
decision_type=2 2 2 2 2 2 2 2 2 2 2 2 2 2 2 2 2 2 2 2 2 2 2 2 2 2 2 2 2 2 2 2 2 2 2 2 2 2 2 2 2 2 2 2 2 2 2 2 2 2 2 2 2 2 2 2 2 2 2 2 2 2 2 2 2 2 2 2 2 2 2 2 2 2 2 2 2 2 2 2 2 2 2 2 2 2 2 2 2 2 2 2 2 2
left_child=3 18 22 36 5 -5 7 8 51 10 11 32 17 14 -14 16 21 24 40 20 61 -8 23 -3 25 66 27 -23 -27 -16 31 -13 33 -10 -24 59 -1 -38 90 -25 42 -42 43 -2 -44 78 63 -48 89 -50 -51 52 53 -4 55 56 -54 -57 81 76 -32 -17 67 -30 -49 -66 -11 68 73 -70 71 -71 -72 -63 75 -75 -36 -78 -21 84 -81 -26 -76 -46 86 -86 87 -47 -64 -37 -39 -92 93 -6
right_child=1 2 6 4 92 -7 15 -9 9 12 -12 30 13 -15 29 19 -18 -19 -20 45 -22 26 34 39 58 28 -28 -29 46 -31 60 -33 -34 -35 35 48 37 38 -40 -41 41 -43 44 -45 83 79 47 64 49 50 -52 -53 54 -55 -56 57 -58 -59 -60 -61 -62 62 88 -65 65 -67 -68 -69 69 70 72 -73 -74 74 82 -77 77 -79 -80 80 -82 -83 -84 -85 85 -87 -88 -89 -90 -91 91 -93 -94 -95
leaf_value=-0.00031762728466309752 0.00037793404160512876 0 0.00057873744693034447 -0.00027369504856650229 -0.00066691714642074353 0.00018060947184084578 -0.00032197331118184925 0.00044358978182510106 0.00057873744693034447 -6.5848120688336709e-05 -0.0048612787232572433 0.00031762730832816987 0.00015743658003241923 0.00034155874764162726 0.00031762730832816987 0.00031762730832816987 -0.00032197331118184925 0.00031762730832816987 0.00095667148853547323 -0.00032197331118184925 0.00017278277378402363 0.00031707241463874516 0 -0.0047762748431907226 0.0013295828645346023 0.00015045357970665496 0.0013958815930526353 0.00039674333124728499 0.00060316931692435663 0.00031762730832816987 0.00072335355179352486 0.00031762730832816987 0.00057873744693034447 0.00062929780199668241 0 0 0.00038923715648882257 -0.00036176239573432244 -0.00074261753685744294 0.00027274947859269068 -3.4647716406968527e-05 5.5862634783319355e-05 4.9831042292475394e-05 -0.00021497619621826646 0.00020630154501265156 0.00038947302758857687 0.00031762730832816987 0.00031762730832816987 0 0.00031762730832816987 0 -8.6627286918240586e-05 0.00057873744693034447 -0.00058665614450432795 0.00057873744693034447 -0.0028322290234475524 0.00057873744693034447 0.0007957277188566646 0.00031762730832816987 0 0.00031762730832816987 0.00031762730832816987 -0.0024612428175392448 -0.00062587726505854971 0.00031762730832816987 0.00031762730832816987 0.00059036921368378734 -0.00012573521054074524 -0.00031524432086542983 0.00031762730832816987 -1.3073366710631208e-05 0.00031762730832816987 0.00031762730832816987 0.0050326561806312269 0.0020329593351178228 0.00031762730832816987 0 0 0.0010310736005642691 -0.0045555152964484643 0.0028642236764520254 -0.00052570472154620006 -0.00062901646919177672 0.00062365540126801662 0.0030725678739332582 0.0012752026036204744 0.0011747353607776702 -0.00039312409825222337 0.0026698850600812649 0 -0.00068230430966223108 -0.0012441642767074066 -0.00064638391621615909 -0.0006442245302282839
leaf_weight=279508 33104 1649 217 291 194 295 868 130 128 207 174 230 128 363 183 162 738 125 956 575 136 152 87108 341 223 107 691 165 211 213 159 179 276 153 195 2873 412 1351 24200 240 121 234 224 117 131 293 149 212 466 117 345 218 115 470 761 121 295 123 1349 1181 142 125 205 119 183 221 351 270 243 191 236 246 140 119 519 174 634 1134 150 124 146 292 232 128 112 264 367 347 219 24036 1023 4232 3780 111
leaf_count=279508 33104 1649 217 291 194 295 868 130 128 207 174 230 128 363 183 162 738 125 956 575 136 152 87108 341 223 107 691 165 211 213 159 179 276 153 195 2873 412 1351 24200 240 121 234 224 117 131 293 149 212 466 117 345 218 115 470 761 121 295 123 1349 1181 142 125 205 119 183 221 351 270 243 191 236 246 140 119 519 174 634 1134 150 124 146 292 232 128 112 264 367 347 219 24036 1023 4232 3780 111
internal_value=0 -0.00258758 -0.00676497 -0.00819131 -0.00242632 0.0414733 0.00433488 0.00719014 0.00688216 0.00830382 0.0131346 0.015344 0.00680228 0.0132277 0.0217193 0.001369 -0.00190753 0.00528205 0.0137635 0.00289981 0.00485995 0.000730422 -0.00830893 -0.00494993 0.00474215 0.00746126 0.0041726 0.011497 0.0106716 0.0284513 0.021042 0.0256159 0.00808075 0.0138504 -0.00837236 -0.00773434 -0.00827797 -0.00758936 -0.00785396 0.0021128 0.0139168 0.0073714 0.0139857 0.0139064 0.0194453 0.000248097 0.0092551 0.0116304 -0.00807666 -0.00428622 -0.000453136 0.00315826 0.00392946 -0.000235474 0.00595158 0.00998141 0.0129972 0.0049139 0.00217475 -0.00470343 0.014827 0.00410467 0.00371961 0.00374865 0.00809461 0.0105051 0.000545707 0.00436697 0.00493966 0.00697465 0.00944558 0.0150903 0.00288511 0.00310139 0.00224223 0.00672277 -0.00607403 -0.00666322 -0.00347819 0.00188244 -0.00211463 -0.00157057 0.000494161 0.0128959 0.00266277 0.00566899 0.00154029 -0.000297371 -8.97741e-05 -0.00820738 -0.00600104 -0.00558635 -0.0087238 -0.0051479
internal_weight=0 172070 137055 315397 4671 586 16736 8527 8397 6077 1441 1267 4636 887 524 8209 2614 3749 35015 5595 3217 1876 120319 2230 3624 1760 1008 317 1202 396 710 409 557 281 118089 30981 310726 31218 30806 581 34059 355 33704 33221 483 2378 1095 765 27837 928 462 2320 2102 687 1415 654 410 244 1864 3144 301 3081 2919 330 616 404 558 2495 2225 1056 813 437 376 1169 1044 293 1963 1768 725 1653 270 515 751 259 1383 376 1007 640 424 26909 6606 5255 4085 305
internal_count=487467 172070 137055 315397 4671 586 16736 8527 8397 6077 1441 1267 4636 887 524 8209 2614 3749 35015 5595 3217 1876 120319 2230 3624 1760 1008 317 1202 396 710 409 557 281 118089 30981 310726 31218 30806 581 34059 355 33704 33221 483 2378 1095 765 27837 928 462 2320 2102 687 1415 654 410 244 1864 3144 301 3081 2919 330 616 404 558 2495 2225 1056 813 437 376 1169 1044 293 1963 1768 725 1653 270 515 751 259 1383 376 1007 640 424 26909 6606 5255 4085 305
is_linear=0
shrinkage=0.0951581


Tree=35
num_leaves=95
num_cat=0
split_feature=3 2 0 2 2 2 2 0 2 2 2 2 2 2 2 2 2 2 2 2 2 2 2 0 0 2 2 2 2 0 2 2 2 2 2 2 2 2 2 2 2 0 2 2 0 2 2 2 2 2 2 0 0 2 2 2 2 2 2 2 2 2 0 0 0 2 2 0 2 2 0 2 2 0 2 2 2 2 0 2 2 2 2 2 0 2 2 2 2 2 3 2 0 2
split_gain=140.387 61.5673 88.6967 21.5915 17.2464 16.2804 39.7488 13.3196 19.6652 10.0431 4.79789 12.6357 3.80579 4.14575 3.64014 3.55945 3.3884 7.58514 3.73636 2.46963 5.66856 5.2831 4.76941 4.22874 4.10139 7.66294 3.91159 4.23598 1.89362 8.18663 2.84837 1.62306 1.56902 1.46979 1.32048 4.60318 1.15576 2.31306 1.5565 2.03525 1.67373 1.31597 1.14442 3.27585 4.15955 1.08233 0.816295 0.797484 0.717516 1.12221 0.870499 0.683951 0.592159 2.35143 0.944546 0.579369 1.82884 0.723661 0.558729 1.64999 0.549462 2.22113 2.91318 4.39516 1.37581 4.52475 0.845795 0.687229 0.529455 0.441545 0.709675 0.41921 0.589675 0.508619 0.414051 0.393564 0.317361 0.27921 0.274249 1.06795 0.334334 0.628345 0.300033 0.696035 1.90753 0.342709 0.739657 0.271369 0.26554 0.257284 0.312889 0.249959 0.327664 0.666221
threshold=0.15000000223517421 0.1067231632769108 1.5000000000000002 0.15339080244302752 0.17089758068323138 0.10458041727542879 0.10594117641448976 2.5000000000000004 0.16505814343690875 0.11630280315876008 0.10074627026915552 0.10317540168762208 0.14379280805587771 0.1483045965433121 0.10458041727542879 0.16928205639123919 0.10504237189888956 0.10533428192138673 0.10559467971324922 0.19101010262966159 0.18897569924592975 0.20240999013185504 0.20071429014205935 1.5000000000000002 2.5000000000000004 0.17660956084728244 0.24515175819396975 0.24171940237283709 0.15629401057958606 1.5000000000000002 0.15529115498065951 0.10259784013032915 0.25920708477497106 0.17394282668828967 0.1633739769458771 0.16370223462581637 0.1613835692405701 0.16090353578329089 0.16013698279857638 0.15886382013559344 0.15803226083517077 1.5000000000000002 0.19548846781253817 0.1981649845838547 1.5000000000000002 0.10421099141240121 0.20439612865448001 0.14415185153484347 0.15339080244302752 0.15392307937145236 0.19238026440143588 1.5000000000000002 1.5000000000000002 0.14586748182773593 0.14451952278614047 0.18843366950750354 0.18758561462163928 0.18346994370222094 0.10347852483391763 0.10388386249542238 0.21946247667074206 0.22547236829996112 2.5000000000000004 1.5000000000000002 2.5000000000000004 0.23357842862606051 0.23357842862606051 1.5000000000000002 0.10559467971324922 0.17660956084728244 1.5000000000000002 0.14013888686895373 0.14926454424858096 1.5000000000000002 0.14790198951959613 0.14503520727157596 0.19238026440143588 0.18189270049333575 2.5000000000000004 0.17089758068323138 0.15954913944005969 0.15886382013559344 0.15563492476940158 0.15629401057958606 1.5000000000000002 0.15724790096282962 0.15803226083517077 0.10594117641448976 0.12635233998298648 0.42745216190814977 0.35000000894069677 0.21392118930816653 1.5000000000000002 0.21824584156274798
decision_type=2 2 2 2 2 2 2 2 2 2 2 2 2 2 2 2 2 2 2 2 2 2 2 2 2 2 2 2 2 2 2 2 2 2 2 2 2 2 2 2 2 2 2 2 2 2 2 2 2 2 2 2 2 2 2 2 2 2 2 2 2 2 2 2 2 2 2 2 2 2 2 2 2 2 2 2 2 2 2 2 2 2 2 2 2 2 2 2 2 2 2 2 2 2
left_child=1 2 10 9 7 58 16 15 -9 -2 -1 31 -3 47 45 28 -7 -18 -19 20 24 22 42 -22 33 -26 27 46 29 -5 -31 -12 -28 -6 36 -36 37 38 39 40 41 -30 76 44 -44 -13 -23 -14 -15 51 78 -50 54 -54 -49 56 57 69 -4 -60 91 62 63 -62 66 -66 67 -63 -16 -35 -71 88 -73 -74 75 -56 -21 -27 80 -80 81 82 -51 84 -84 -85 -87 -70 -11 90 -34 -48 -93 -94
right_child=3 12 5 4 19 6 -8 8 -10 71 11 14 13 48 68 -17 17 18 -20 21 23 26 -24 -25 25 77 32 -29 34 30 -32 -33 89 55 35 -37 -38 -39 -40 -41 -42 -43 43 -45 -46 -47 60 52 49 50 -52 -53 53 -55 74 -57 -58 -59 59 -61 61 64 -64 -65 65 -67 -68 -69 87 70 -72 72 73 -75 -76 -77 -78 -79 79 -81 -82 -83 83 85 -86 86 -88 -89 -90 -91 -92 92 93 -95
leaf_value=-0.00028740247928802742 5.8749693374528879e-06 0 4.508921554253332e-05 0.00028740250070117564 0 0.00010433477452546153 0.00024679515947505042 -0.0010431206634358638 0.00028740250070117564 0 0.00035219809256804114 -0.00032733777753854421 -3.7315077162493379e-06 0 0 0 2.7844272717192453e-05 0.00016342301967231187 2.7844272717192453e-05 0.00020446590719506395 0.00028740250070117564 0.00028740250070117564 -0.00029133494622916357 0.00040137862595335277 0.00028740250070117564 -0.0048908140652057135 -0.00029133494622916357 0.00015634109524458091 0.00016793381659239539 0 0.00028740250070117564 4.508921554253332e-05 0.00035414671234449975 -0.00023185835286976272 0.00028740250070117564 0.00028740250070117564 -9.2157518626120747e-05 0.00013613670460116788 0 0.0011653935914346725 -5.9582139369289004e-05 0.00028740250070117564 0.00028690040963475296 0 0.00023017792507500242 5.0546853219227455e-05 0.00028740250070117564 0 0.0052225427073391822 0 0 0 0 0 0 -0.00042992118866926705 0.00028740250070117564 -5.6370230342119467e-05 -0.00024765075081727953 3.8654811592678824e-05 0.00037203558637089639 -0.00028524627377114336 0.0029691526606519672 0.00028740250070117564 -4.8250765250098322e-05 0.00093926389928748906 -0.0016726136500685811 0.00028740250070117564 0 0.00028740250070117564 0.00028740250070117564 0 0 0 -0.00019051859549723673 0 -0.00029133494622916357 0.0046028176722935094 0 0.00027945924553561216 0 0 0 0 0.0070495902533326436 0 0 0 0 -0.00088759448357153016 0.0018371957433237494 0.00028740250070117564 0.0016910349310769179 -0.00056916046412848129
leaf_weight=313058 499 115033 178 235 255 150 431 139 208 195 522 1612 291 8360 2806 183 157 158 171 152 177 162 738 114 138 140 723 138 140 156 173 637 1320 194 120 614 275 113 109 200 239 157 156 765 182 783 651 673 226 1315 3053 218 991 926 335 144 168 332 128 206 120 133 217 226 162 111 388 160 920 188 266 1448 579 812 215 2219 733 134 421 199 9069 213 228 931 106 181 574 2191 454 142 180 176 436 113
leaf_count=313058 499 115033 178 235 255 150 431 139 208 195 522 1612 291 8360 2806 183 157 158 171 152 177 162 738 114 138 140 723 138 140 156 173 637 1320 194 120 614 275 113 109 200 239 157 156 765 182 783 651 673 226 1315 3053 218 991 926 335 144 168 332 128 206 120 133 217 226 162 111 388 160 920 188 266 1448 579 812 215 2219 733 134 421 199 9069 213 228 931 106 181 574 2191 454 142 180 176 436 113
internal_value=0 -0.00652934 -0.00579884 0.00213134 0.00393721 0.0166994 0.0233927 0.0102246 0.0277796 -0.00402638 -0.00590898 -0.00379889 -0.00815349 -0.007213 -0.00509678 0.00798009 0.0385121 0.0423708 0.0341586 0.00211021 0.00490593 0.00135087 -0.00208049 0.0172985 0.00306507 0.0115021 0.00303383 0.00520642 0.00890673 0.0137676 0.0040782 0.00550915 0.000100588 0.000818099 0.00751299 0.0107085 0.0056107 0.00717162 0.00546173 0.00703342 0.00397675 0.00874685 0.000344635 0.00238973 0.0101915 -0.00196674 0.00446978 -0.00488422 -0.00773733 -0.00737768 -0.00750633 -0.00265757 -0.00514767 -0.00380732 -0.00589416 0.00212117 0.00283485 0.0012623 0.00275066 0.000455845 0.0041017 0.00535068 0.0100905 0.0155113 0.00255351 0.00826097 0.00026549 0.0041246 -0.00636371 0.00311319 0.00473694 -0.0058328 -0.00633158 -0.00493235 -0.00511703 -0.00545464 -0.00220423 0.00229213 -0.00717226 -0.00521835 -0.00726828 -0.00648513 -0.00680516 -0.00607693 -0.0021083 -0.00686312 -0.00535658 -0.00550883 -0.00365091 0.00172698 0.00209348 0.00272473 0.0015094 0.00036399
internal_weight=0 469885 324108 17582 13595 1579 1067 3061 347 3987 322529 9471 145777 30744 8312 2714 636 486 329 10534 2250 8284 2726 291 1959 412 5558 3193 2531 564 329 1159 2365 1547 1967 734 1233 958 845 736 536 297 1988 1103 338 2395 3055 5650 25094 16734 16290 444 5359 1917 3442 1292 1148 980 512 334 2893 1517 563 346 954 273 681 293 5917 648 454 3488 2839 1391 2769 2554 885 274 13237 620 12617 3548 3335 2020 334 1686 755 3111 649 1642 1500 1376 725 549
internal_count=487467 469885 324108 17582 13595 1579 1067 3061 347 3987 322529 9471 145777 30744 8312 2714 636 486 329 10534 2250 8284 2726 291 1959 412 5558 3193 2531 564 329 1159 2365 1547 1967 734 1233 958 845 736 536 297 1988 1103 338 2395 3055 5650 25094 16734 16290 444 5359 1917 3442 1292 1148 980 512 334 2893 1517 563 346 954 273 681 293 5917 648 454 3488 2839 1391 2769 2554 885 274 13237 620 12617 3548 3335 2020 334 1686 755 3111 649 1642 1500 1376 725 549
is_linear=0
shrinkage=0.0951581


Tree=36
num_leaves=25
num_cat=0
split_feature=4 4 0 0 0 3 3 0 3 4 3 0 4 0 4 3 0 4 0 0 4 0 0 3
split_gain=384.712 108.237 110.824 17.4018 5.89561 5.30855 2.67286 8.99473 2.32257 1.73708 1.14882 1.97501 1.69239 1.10553 0.129892 0.264328 0.260383 0.642173 0.206443 0.180896 0.0501225 0.0125768 0.00329577 0.000471156
threshold=0.15000000223517421 0.25000000745058065 1.5000000000000002 1.5000000000000002 1.5000000000000002 0.15000000223517421 0.15000000223517421 2.5000000000000004 0.15000000223517421 0.35000000894069677 0.15000000223517421 2.5000000000000004 0.35000000894069677 2.5000000000000004 0.59999999403953563 0.35000000894069677 4.5000000000000009 0.45000000298023229 3.5000000000000004 3.5000000000000004 0.35000000894069677 2.5000000000000004 3.5000000000000004 0.25000000745058065
decision_type=2 2 2 2 2 2 2 2 2 2 2 2 2 2 2 2 2 2 2 2 2 2 2 2
left_child=3 2 5 -1 8 -2 21 -8 -3 -10 13 20 22 -6 15 16 17 19 -19 -14 -12 -4 -13 -22
right_child=1 4 6 -5 10 -7 7 -9 9 -11 11 12 14 -15 -16 -17 -18 18 -20 -21 23 -23 -24 -25
leaf_value=-0.00026005380862830386 0 0.0005236658975346823 0 -0.00039029529863351427 0.0005236658975346823 0 0 0.00026005382800381644 0.00026005382800381644 0.002181173017672016 0.00026005382800381644 0.00026005382800381644 -2.944412101484293e-05 -0.00033298923616164938 0.0087126727930133714 -0.0011658212452713812 -0.0035010965999755653 0.0085573532403758878 0.0011201568366446303 0.0025131332490783893 0.0011030009478357999 0 0.00026005382800381644 0.0013841376852604173
leaf_weight=310726 113386 2798 34831 4671 1364 1992 2491 150 3390 478 4790 2151 339 581 143 146 137 163 120 187 467 1528 215 223
leaf_count=310726 113386 2798 34831 4671 1364 1992 2491 150 3390 478 4790 2151 339 581 143 146 137 163 120 187 467 1528 215 223
internal_value=0 -0.00259754 -0.00340547 -0.00819131 0.0044524 -0.00192316 -0.00779077 -0.0048678 0.00668647 0.00819717 0.00310174 0.00355127 0.00528245 0.00100295 0.00242711 0.00207396 0.00265557 0.00330524 0.00696032 0.00133872 0.00241368 -0.00800308 0.00677287 0.00317193
internal_weight=0 172070 154378 315397 17692 115378 39000 2641 6666 3868 11026 9081 3601 1945 1235 1092 946 809 283 526 5480 36359 2366 690
internal_count=487467 172070 154378 315397 17692 115378 39000 2641 6666 3868 11026 9081 3601 1945 1235 1092 946 809 283 526 5480 36359 2366 690
is_linear=0
shrinkage=0.0951581


Tree=37
num_leaves=24
num_cat=0
split_feature=4 4 0 0 3 0 3 0 0 3 4 3 4 4 4 0 0 0 4 0 3 0 3
split_gain=379.255 97.8313 110.824 17.4018 5.30855 3.38749 2.67286 8.99473 0.75056 2.15067 2.63684 0.717214 1.04704 0.254588 0.14653 0.332929 0.200051 0.11749 0.0469494 0.0125768 0.00376273 0.00329577 0.000471156
threshold=0.15000000223517421 0.25000000745058065 1.5000000000000002 1.5000000000000002 0.15000000223517421 1.5000000000000002 0.15000000223517421 2.5000000000000004 2.5000000000000004 0.15000000223517421 0.35000000894069677 0.15000000223517421 0.35000000894069677 0.59999999403953563 0.45000000298023229 3.5000000000000004 4.5000000000000009 3.5000000000000004 0.35000000894069677 2.5000000000000004 0.15000000223517421 3.5000000000000004 0.25000000745058065
decision_type=2 2 2 2 2 2 2 2 2 2 2 2 2 2 2 2 2 2 2 2 2 2 2
left_child=3 2 4 -1 -2 11 19 -8 18 -10 21 -3 -13 14 15 -12 17 -16 20 -4 -7 -11 -20
right_child=1 5 6 -5 -6 8 7 -9 9 10 13 12 -14 -15 16 -17 -18 -19 22 -21 -22 -23 -24
leaf_value=-0.00023530758520114116 0 0.00047383485152950453 0 -0.00035315554392851341 0 0.00047383485152950453 0 0.00023530760273291675 -0.00030130261684097482 0.00023530760273291675 -2.6642274731209177e-05 0.00023530760273291675 0.0019736167618597464 0.0078835915012571717 -0.00016167500566648859 0.0022739881825033122 -0.0034053969454981977 0.0010135648528575671 0.00099804148564030561 0 0.00023530760273291675 0.00023530760273291675 0.0012524257884261451
leaf_weight=310726 113386 2798 34831 4671 1992 1364 2491 150 581 2151 339 3390 478 143 213 227 151 162 467 1528 4790 215 223
leaf_count=310726 113386 2798 34831 4671 1992 1364 2491 150 581 2151 339 3390 478 143 213 227 151 162 467 1528 4790 215 223
internal_value=0 -0.00263735 -0.00340547 -0.00819131 -0.00192316 0.00406514 -0.00779077 -0.0048678 0.00304133 0.0040457 0.00491249 0.00575859 0.00659808 0.00134839 0.000853981 0.00191661 -0.000289457 0.00088814 0.00242761 -0.00800308 0.00234416 0.00677287 0.00317193
internal_weight=0 172070 154378 315397 115378 17692 39000 2641 11026 4182 3601 6666 3868 1235 1092 566 526 375 6844 36359 6154 2366 690
internal_count=487467 172070 154378 315397 115378 17692 39000 2641 11026 4182 3601 6666 3868 1235 1092 566 526 375 6844 36359 6154 2366 690
is_linear=0
shrinkage=0.0951581


Tree=38
num_leaves=95
num_cat=0
split_feature=4 2 4 0 2 2 2 4 2 2 2 2 2 2 2 2 0 0 2 2 2 2 2 0 2 2 0 2 2 2 2 2 2 2 0 2 2 2 2 2 2 2 2 2 2 0 2 2 2 2 2 2 2 0 0 2 2 2 2 2 2 0 2 4 2 2 0 0 2 2 2 0 2 2 2 2 2 2 4 2 2 2 2 2 2 2 2 2 0 0 2 0 0 4
split_gain=378.349 1279.81 250.372 17.4018 142.609 127.988 17.0098 14.5088 5.82791 4.73603 7.9721 3.81598 5.0829 4.99624 4.57533 3.75585 4.79588 3.02761 7.94344 12.6849 3.18075 4.37535 2.83111 4.32827 2.70783 2.88272 3.84231 2.60571 1.88807 3.54986 1.81737 18.0476 3.18845 1.74348 1.72612 1.6973 4.75449 1.61305 3.03099 2.64552 1.54006 4.31523 2.72583 1.58168 4.3666 1.52322 1.49282 5.97972 1.46493 4.20759 3.20882 1.11312 1.10237 1.08413 1.00314 0.90099 0.812622 1.3505 0.758299 0.756703 0.753242 1.82123 0.750748 0.716914 0.744712 0.919204 2.38219 3.32488 6.1005 0.872352 0.795902 0.903021 0.755561 0.682331 0.648665 0.87054 0.918939 0.62998 0.604858 0.555479 0.551675 0.529197 0.490977 0.487987 0.868963 0.465457 0.493859 0.463554 0.521939 0.444685 0.439441 0.486149 0.438343 0.57078
threshold=0.15000000223517421 0.10458041727542879 0.25000000745058065 1.5000000000000002 0.10594117641448976 0.10458041727542879 0.19101010262966159 0.25000000745058065 0.19012194871902469 0.15220635384321216 0.15629401057958606 0.20240999013185504 0.24515175819396975 0.20071429014205935 0.24171940237283709 0.15339080244302752 1.5000000000000002 2.5000000000000004 0.17660956084728244 0.16505814343690875 0.18897569924592975 0.168457105755806 0.1067231632769108 1.5000000000000002 0.19548846781253817 0.1981649845838547 1.5000000000000002 0.17006493359804156 0.14379280805587771 0.14586748182773593 0.10074627026915552 0.10259784013032915 0.1067231632769108 0.10594117641448976 1.5000000000000002 0.10388386249542238 0.10421099141240121 0.10259784013032915 0.10074627026915552 0.10317540168762208 0.15803226083517077 0.16090353578329089 0.1613835692405701 0.1633739769458771 0.1643650829792023 2.5000000000000004 0.16505814343690875 0.17660956084728244 0.12516666948795321 0.11824583634734155 0.12846482545137408 0.13440062105655673 0.17394282668828967 1.5000000000000002 1.5000000000000002 0.20439612865448001 0.14172885566949847 0.14859127253293994 0.25920708477497106 0.16259328275918963 0.16587346047163012 1.5000000000000002 0.15886382013559344 0.35000000894069677 0.23642505705356601 0.21946247667074206 1.5000000000000002 2.5000000000000004 0.22547236829996112 0.22736185789108279 0.20745369791984561 1.5000000000000002 0.2123106122016907 0.14415185153484347 0.14926454424858096 0.14379280805587771 0.13969421386718753 0.14451952278614047 0.35000000894069677 0.17089758068323138 0.21680790930986407 0.10347852483391763 0.1483045965433121 0.10388386249542238 0.10458041727542879 0.1072077937424183 0.10708020254969598 0.14620192348957065 1.5000000000000002 2.5000000000000004 0.35424640774726873 3.5000000000000004 2.5000000000000004 0.35000000894069677
decision_type=2 2 2 2 2 2 2 2 2 2 2 2 2 2 2 2 2 2 2 2 2 2 2 2 2 2 2 2 2 2 2 2 2 2 2 2 2 2 2 2 2 2 2 2 2 2 2 2 2 2 2 2 2 2 2 2 2 2 2 2 2 2 2 2 2 2 2 2 2 2 2 2 2 2 2 2 2 2 2 2 2 2 2 2 2 2 2 2 2 2 2 2 2 2
left_child=3 7 22 30 5 -5 8 35 9 34 15 13 14 24 55 -11 -17 20 19 -19 21 40 23 -3 -8 26 -26 -21 -24 53 -1 -32 83 -25 48 37 -37 38 -2 -39 54 62 -43 59 -45 82 -47 -48 49 -4 -50 -36 79 73 -12 -13 -52 -58 78 -44 -46 -62 -42 64 65 70 -67 68 -68 -69 -57 72 -72 -30 75 76 -53 -75 -14 -23 -73 -41 87 -33 -85 86 -6 -31 -89 -65 91 92 93 -60
right_child=1 2 6 4 85 -7 11 -9 -10 10 17 12 58 -15 -16 16 -18 18 -20 27 -22 52 28 33 25 -27 -28 -29 29 45 31 32 -34 -35 51 36 -38 39 -40 81 41 42 43 44 60 46 47 -49 50 -51 56 74 -54 -55 -56 63 57 -59 90 -61 61 -63 -64 89 -66 66 67 69 -70 -71 71 80 -74 77 -76 -77 -78 -79 -80 -81 -82 -83 -84 84 -86 -87 -88 88 -90 -91 -92 -93 -94 -95
leaf_value=-0.00021291616510155524 0.00036931923115445181 0 0.0004287456326275593 -0.00015333941733538083 -0.00055619377972731545 0.00021861735877816719 -0.00031074971656963309 0.00079806486378201382 0.00031604655596372292 0.0005353831174847273 0.00055960034533506376 0.00021291618096503867 -0.00031074971656963309 -0.00031074971656963309 9.432632837365378e-05 0.00021291618096503867 0.00021291618096503867 -0.0043383307300815374 0.00034282186277427015 0.00021291618096503867 0.00021291618096503867 0.001128575980442001 0 -0.0043244232650688228 0.00021246186792492748 0.0010631209858354541 0.00013715552007460976 0.00021291618096503867 0 0 0.00036582123870949489 -0.00024905129669290925 -0.00062481382777704471 0.00022331060376204112 -0.000692485843339982 -2.0186861178836174e-07 4.5736911269517653e-05 4.0798611963772915e-05 -0.000228033969623246 0.00021781912158138847 -0.0001010500638961062 7.6044548930242941e-05 0.00045085261256591608 0.00021291618096503867 0.00021291618096503867 0 0.00021291618096503867 0 0.0004287456326275593 -0.00062575133188846855 0.0004287456326275593 0.0004940933885103487 0.00021291618096503867 0 0.00021291618096503867 0.00021291618096503867 -0.00026730947496650783 0.0004287456326275593 0.00010743767347015857 -0.00066124024556820391 0.00021291618096503867 0.00021291618096503867 0.00043927054268679791 -0.0017301229059334296 -1.7454169188440444e-06 -0.00030524043054635283 0.00021291618096503867 -0.00034150586984912733 0.00021291618096503867 0.00015088629608065289 0.0044792719169084371 0.0016581652571618052 0.00021291618096503867 0 -0.0041216856213296613 0.0004287456326275593 -1.8025999348178941e-05 0 0.00075719402567287343 -0.00052281731198335871 -0.00056213788915196775 0.00059545838250142603 0 -0.00053909105469520269 -0.0010786343383940725 -0.00051412989675389987 -0.000512175993809719 0 0 0.004102773022179383 -0.0011160607318115889 0.0010573241954958609 -0.00014629032111250072 4.4220073149421287e-05
leaf_weight=279508 33104 1649 218 291 194 295 868 956 130 159 159 162 575 738 136 230 223 179 363 183 125 223 87108 341 152 691 165 213 195 550 412 1351 24200 240 473 121 234 224 117 131 207 107 211 149 212 466 117 345 115 283 404 106 1349 1181 142 125 336 180 128 119 183 221 351 272 270 243 191 236 246 140 119 519 174 634 268 243 171 1134 150 292 232 128 24036 1023 4232 3780 111 1497 826 152 407 292 499 327
leaf_count=279508 33104 1649 218 291 194 295 868 956 130 159 159 162 575 738 136 230 223 179 363 183 125 223 87108 341 152 691 165 213 195 550 412 1351 24200 240 473 121 234 224 117 131 207 107 211 149 212 466 117 345 115 283 404 106 1349 1181 142 125 336 180 128 119 183 221 351 272 270 243 191 236 246 140 119 519 174 634 268 243 171 1134 150 292 232 128 24036 1023 4232 3780 111 1497 826 152 407 292 499 327
internal_value=0 -0.00264399 -0.00679205 -0.00819131 -0.00242632 0.0414733 0.00411313 0.0135923 0.0070897 0.00678017 0.00837731 0.00102125 0.0024236 -0.00198034 0.00488953 0.0186273 0.0230438 0.00711968 0.0119911 0.0189489 0.00599143 0.00551553 -0.00830893 -0.00494993 0.000628974 0.0039838 0.011497 0.0284513 -0.00837236 -0.00773434 -0.00827797 -0.00758936 -0.00785396 0.0021128 0.00358246 0.0139168 0.0073714 0.0139857 0.0139064 0.0194453 0.00853698 0.00746126 0.0106716 0.0092551 0.0116304 -0.00807666 -0.00428622 -0.000453136 0.00572435 0.00150049 0.00776894 0.000973463 0.00217475 -0.00470343 0.014827 0.00413556 0.00589566 0.00339323 -0.000912367 0.00374865 0.00809461 0.0105051 0.000545707 0.00375221 0.00436697 0.00493966 0.00697465 0.00944558 0.0150903 0.00288511 0.00310139 0.00224223 0.00672277 -0.00607403 0.00316388 0.00512389 0.00147718 -0.00666322 -0.00347819 -0.00157057 0.000494161 0.0128959 -0.00820738 -0.00600104 -0.00558635 -0.0087238 -0.0051479 -0.0070317 -0.00644355 0.000134655 0.000212995 0.00109974 5.98456e-05 0.00219595
internal_weight=0 172070 137055 315397 4671 586 16736 35015 8527 8397 5600 8209 5595 2614 3217 612 453 4988 938 575 4050 3925 120319 2230 1876 1008 317 396 118089 30981 310726 31218 30806 581 2797 34059 355 33704 33221 483 2061 1760 1202 1095 765 27837 928 462 1536 501 1035 1261 1864 3144 301 3081 920 516 2378 330 616 404 558 2919 2495 2225 1056 813 437 376 1169 1044 293 1963 788 520 277 1768 725 515 751 259 26909 6606 5255 4085 305 2873 2323 424 1653 1246 954 455
internal_count=487467 172070 137055 315397 4671 586 16736 35015 8527 8397 5600 8209 5595 2614 3217 612 453 4988 938 575 4050 3925 120319 2230 1876 1008 317 396 118089 30981 310726 31218 30806 581 2797 34059 355 33704 33221 483 2061 1760 1202 1095 765 27837 928 462 1536 501 1035 1261 1864 3144 301 3081 920 516 2378 330 616 404 558 2919 2495 2225 1056 813 437 376 1169 1044 293 1963 788 520 277 1768 725 515 751 259 26909 6606 5255 4085 305 2873 2323 424 1653 1246 954 455
is_linear=0
shrinkage=0.0951581


Tree=39
num_leaves=95
num_cat=0
split_feature=4 2 4 3 2 3 2 2 2 2 2 2 4 2 2 2 2 2 2 2 2 3 2 2 2 2 2 2 2 2 2 2 2 2 2 2 2 2 2 2 2 2 2 2 2 2 2 2 2 2 2 2 2 4 2 2 2 2 2 2 2 2 2 2 2 2 2 2 2 2 4 2 2 2 2 2 2 2 2 2 2 2 2 2 2 2 2 2 2 2 2 2 2 2
split_gain=379.028 1279.02 252.439 16.7155 16.6817 11.5009 13.9546 13.4088 7.25806 38.1721 9.28354 10.1695 5.10239 4.69828 9.57158 4.56674 4.02508 4.99624 4.48863 4.59119 3.6352 3.53805 5.03734 13.0689 3.00844 3.00748 2.70783 2.88272 2.65498 2.24275 2.17307 2.72923 1.73616 4.75449 1.57469 1.56888 3.06133 2.64552 1.496 1.43634 4.2747 1.20009 5.97238 1.18848 3.24097 1.84386 1.10796 3.06609 1.02037 0.959323 0.917741 0.909065 0.825529 0.794963 0.744712 0.919204 1.45641 1.7051 0.795902 0.719763 1.12241 1.58275 0.695471 0.680991 0.758182 0.663039 0.64061 5.27577 0.921473 0.629755 0.604858 0.536382 0.53627 0.529197 0.513027 0.504196 0.45174 0.450466 1.13659 1.12986 0.405208 0.341878 0.334165 0.459798 0.333058 0.296943 0.293108 0.283297 0.256126 0.236506 0.600298 0.235566 0.23329 1.56601
threshold=0.15000000223517421 0.10458041727542879 0.25000000745058065 0.15000000223517421 0.19101010262966159 0.15000000223517421 0.15220635384321216 0.15678746998310092 0.10074627026915552 0.10594117641448976 0.10504237189888956 0.10259784013032915 0.25000000745058065 0.16090353578329089 0.17089758068323138 0.18897569924592975 0.20240999013185504 0.20071429014205935 0.24515175819396975 0.24171940237283709 0.15803226083517077 0.15000000223517421 0.1583974361419678 0.16013698279857638 0.16259328275918963 0.1067231632769108 0.19548846781253817 0.1981649845838547 0.10388386249542238 0.19699231535196307 0.12516666948795321 0.11630280315876008 0.10388386249542238 0.10421099141240121 0.10594117641448976 0.10259784013032915 0.10074627026915552 0.10317540168762208 0.15460605919361117 0.17394282668828967 0.17517123371362689 0.168457105755806 0.1643650829792023 0.1633739769458771 0.16587346047163012 0.16928205639123919 0.10559467971324922 0.10533428192138673 0.19012194871902469 0.25920708477497106 0.12782331556081775 0.20439612865448001 0.19101010262966159 0.35000000894069677 0.23642505705356601 0.21946247667074206 0.22547236829996112 0.22410600632429126 0.20745369791984561 0.18346994370222094 0.18758561462163928 0.18843366950750354 0.23357842862606051 0.22039676457643512 0.22214052081108096 0.1072077937424183 0.14379280805587771 0.1483045965433121 0.14415185153484347 0.15886382013559344 0.35000000894069677 0.1643650829792023 0.14586748182773593 0.10347852483391763 0.14620192348957065 0.21824584156274798 0.18346994370222094 0.15298574417829516 0.15529115498065951 0.14895787835121158 0.14741302281618121 0.19238026440143588 0.14790198951959613 0.14670995622873309 0.14670995622873309 0.15563492476940158 0.11441558599472047 0.10347852483391763 0.1779797971248627 0.11156633123755456 0.11203448474407197 0.1139211878180504 0.15339080244302752 0.15392307937145236
decision_type=2 2 2 2 2 2 2 2 2 2 2 2 2 2 2 2 2 2 2 2 2 2 2 2 2 2 2 2 2 2 2 2 2 2 2 2 2 2 2 2 2 2 2 2 2 2 2 2 2 2 2 2 2 2 2 2 2 2 2 2 2 2 2 2 2 2 2 2 2 2 2 2 2 2 2 2 2 2 2 2 2 2 2 2 2 2 2 2 2 2 2 2 2 2
left_child=8 3 21 12 5 24 80 38 -1 10 11 -10 32 20 43 39 17 26 19 51 -9 25 -23 -24 30 34 81 29 87 -28 31 -4 35 -34 -3 36 -2 -37 -8 -16 -41 42 -25 -15 71 -46 47 -12 -17 70 -32 -18 -43 54 55 58 57 63 -53 88 -61 -62 -58 -57 -65 -11 -27 68 -68 -22 -20 -45 -70 -39 -74 -55 -26 79 -79 84 -7 -6 83 -76 -52 -40 89 -13 -42 -67 -91 -92 -69 -94
right_child=1 2 4 -5 16 6 7 13 9 65 46 28 -14 14 15 48 18 -19 49 -21 69 22 23 41 76 66 27 -29 -30 -31 50 -33 33 -35 -36 37 -38 73 85 40 59 52 -44 44 45 -47 -48 -49 -50 -51 77 53 -54 75 -56 56 62 -59 -60 60 61 -63 -64 64 -66 86 67 92 72 -71 -72 -73 74 -75 82 -77 -78 78 -80 -81 -82 -83 -84 -85 -86 -87 -88 -89 -90 90 91 -93 93 -95
leaf_value=-0.00019265546974527782 0.00033417551894234095 0 0.00038794701762405085 -0.00011776405577114769 0.00016744202433204299 0.00041577218694919318 0.00048443708322246792 0.00019265548409922307 0.00033101038877325899 -0.00050326744261835522 7.5136816221232184e-05 -0.00037273107864797751 0.00072212253656639446 0.0003311137503566715 -0.00047306701575746811 0.00019265548409922307 0.00019265548409922307 -0.00028117936743027089 -0.00028117936743027089 8.5350415237406065e-05 -9.1434332937609901e-05 0 0.001171063313946633 0 -0.00059794412470386496 0 0.00016932694531335914 0.00096195642460731136 -0.00048779218021442169 0.00019224440261974513 0.00038794701762405085 -0.00056620603105078801 -1.82659180490837e-07 4.1384674203220137e-05 0 3.6916294021579162e-05 -0.000206334692881079 0.000197091870256776 0.00019265548409922307 0.00019265548409922307 0.00019265548409922307 0 0.00019265548409922307 0.00019265548409922307 0.00019265548409922307 0.00019265548409922307 7.5136816221232184e-05 -0.0009759935561847985 0.00015379928169501745 5.8618012664935039e-05 0.00038794701762405085 0.00019265548409922307 0 -0.0026022651195539552 -1.5793263806021731e-06 0.00019265548409922307 0.00019265548409922307 0.00019265548409922307 0.00019265548409922307 -0.00043587644931303304 0.00019265548409922307 -0.0028823085122575329 0.00013652824451200102 -0.0012577449146584036 6.0538668118091493e-05 -0.00046520627835828956 8.2136611078854565e-05 0 0 0.0016257859560720126 0.00068514088930140887 0.00019265548409922307 0 0.0005387957008330394 0 0.0020340749843253225 0.0026793139740929886 -0.0015616711221217974 0.00040795033960123789 0.00038794701762405085 -0.00014268611418122269 -0.00028117936743027089 0 0 0.00038794701762405085 0.00019265548409922307 -0.00046520627835828956 -0.00013874793143641502 0.00019265548409922307 -0.00046520627835828956 -0.00056535773803889622 -0.00046520627835828956 0 0
leaf_weight=279508 32976 1372 206 476 170 511 176 196 442 2937 647 904 608 286 207 151 162 738 575 136 147 3067 135 236 1047 86512 160 691 2069 157 152 400 121 234 858 224 117 131 109 161 199 639 156 106 362 122 750 638 117 1653 886 125 272 205 270 120 410 120 1044 356 158 132 153 126 127 10443 269 7515 2604 219 150 158 470 128 415 219 161 125 577 237 289 698 295 1277 147 125 10697 593 302 958 3375 1436 427 13800
leaf_count=279508 32976 1372 206 476 170 511 176 196 442 2937 647 904 608 286 207 151 162 738 575 136 147 3067 135 236 1047 86512 160 691 2069 157 152 400 121 234 858 224 117 131 109 161 199 639 156 106 362 122 750 638 117 1653 886 125 272 205 270 120 410 120 1044 356 158 132 153 126 127 10443 269 7515 2604 219 150 158 470 128 415 219 161 125 577 237 289 698 295 1277 147 125 10697 593 302 958 3375 1436 427 13800
internal_value=0 -0.00263901 -0.0067858 0.0135923 0.0041643 0.00711202 0.0103494 0.0127606 -0.00819131 -0.00691738 -2.04731e-05 -0.0026781 0.0138363 0.0107887 0.0123736 0.00814954 0.00110239 -0.00198034 0.00254265 0.00485995 0.00284458 -0.00830893 -0.00569259 -0.00104555 0.00333947 -0.0084107 0.000628974 0.0039838 -0.00436564 0.011497 0.00508904 6.28084e-05 0.0139912 0.0073714 -0.00494993 0.0140612 0.0139826 0.0194453 0.0290116 0.00612403 0.00728963 -0.00396553 0.000436948 0.0196574 0.0216523 0.0170262 0.00521382 0.00351751 0.0195997 -0.000592239 0.00652308 0.00410467 -0.0058599 0.00371961 0.00436697 0.00493966 0.00697465 0.0107511 0.00310139 0.00525153 0.00315229 0.00754702 0.00366773 0.00757693 0.00477671 -0.00831382 -0.00847864 -0.00807466 -0.0053917 -0.00275595 -0.00347819 0.0301334 -0.00568016 0.0128959 -0.00668857 -8.97741e-05 -0.000614434 0.00597392 0.00403947 0.00704319 -0.00107053 -0.00326695 -0.00601982 -0.00653509 0.00568369 0.0339966 -0.008462 -0.00741814 0.00795833 -0.00820689 -0.00771789 -0.00815104 -0.00873238 -0.00850584
internal_weight=0 172070 137055 35015 16736 8527 4589 3789 315397 35889 6043 4008 34539 3379 2817 1783 8209 2614 5595 3217 562 120319 4505 1438 3938 115814 1876 1008 3566 317 2730 606 33931 355 2230 33576 33093 483 410 1515 1308 1303 392 1034 748 484 2035 1285 268 2378 2124 3081 911 2919 2495 2225 1056 493 1169 1147 646 290 563 373 253 29846 113584 27072 5330 366 725 264 5061 259 2457 424 1208 1972 702 1270 800 868 1987 1692 1033 234 26909 1497 501 16212 5769 4811 21742 14227
internal_count=487467 172070 137055 35015 16736 8527 4589 3789 315397 35889 6043 4008 34539 3379 2817 1783 8209 2614 5595 3217 562 120319 4505 1438 3938 115814 1876 1008 3566 317 2730 606 33931 355 2230 33576 33093 483 410 1515 1308 1303 392 1034 748 484 2035 1285 268 2378 2124 3081 911 2919 2495 2225 1056 493 1169 1147 646 290 563 373 253 29846 113584 27072 5330 366 725 264 5061 259 2457 424 1208 1972 702 1270 800 868 1987 1692 1033 234 26909 1497 501 16212 5769 4811 21742 14227
is_linear=0
shrinkage=0.0951581


Tree=40
num_leaves=95
num_cat=0
split_feature=3 2 0 2 2 2 2 0 2 2 2 2 2 2 2 2 2 2 2 2 2 2 2 2 2 0 0 2 2 2 2 2 2 2 2 2 2 2 0 2 2 2 0 2 2 2 2 2 2 2 0 0 2 2 2 2 2 2 2 0 0 0 2 2 0 2 2 2 2 0 2 2 0 2 2 0 2 2 2 2 2 2 2 0 2 2 2 2 0 2 0 0 2 0
split_gain=120.422 61.4309 88.6967 30.8732 17.6881 16.2804 39.7488 13.9406 18.7909 4.79789 12.6357 3.83481 4.12374 3.64014 3.60658 3.3884 7.58514 3.73636 2.81956 2.79913 5.66856 4.80212 4.9782 4.66801 4.25148 4.22874 4.10139 7.66294 2.21671 1.62306 1.46979 1.32048 4.60318 1.15576 2.31306 1.5565 2.03525 1.67373 1.31597 1.08233 1.06007 3.42235 4.15955 1.04171 0.82405 0.797484 0.75022 0.732714 1.11681 0.884598 0.683951 0.592159 2.35143 0.944546 0.579369 1.82884 0.723661 0.578784 2.22113 2.91318 4.39516 1.37581 4.52475 0.845795 0.687229 0.558729 1.64999 0.529455 0.494001 0.450586 0.531133 0.441545 0.709675 0.414051 0.393564 0.362532 0.956867 0.361419 0.334334 0.628345 0.317361 0.300033 0.696035 1.90753 0.342709 0.739657 0.27921 0.276155 0.352181 0.631224 0.274072 0.663326 0.764607 0.444395
threshold=0.15000000223517421 0.1067231632769108 1.5000000000000002 0.15460605919361117 0.17089758068323138 0.10458041727542879 0.10594117641448976 2.5000000000000004 0.16505814343690875 0.10074627026915552 0.10317540168762208 0.14379280805587771 0.1483045965433121 0.10458041727542879 0.15629401057958606 0.10504237189888956 0.10533428192138673 0.10559467971324922 0.16928205639123919 0.19101010262966159 0.18897569924592975 0.20240999013185504 0.24515175819396975 0.20071429014205935 0.24171940237283709 1.5000000000000002 2.5000000000000004 0.17660956084728244 0.15529115498065951 0.10259784013032915 0.17394282668828967 0.1633739769458771 0.16370223462581637 0.1613835692405701 0.16090353578329089 0.16013698279857638 0.15886382013559344 0.15803226083517077 1.5000000000000002 0.10421099141240121 0.19548846781253817 0.1981649845838547 1.5000000000000002 0.25920708477497106 0.20439612865448001 0.14415185153484347 0.14013888686895373 0.15339080244302752 0.15392307937145236 0.19238026440143588 1.5000000000000002 1.5000000000000002 0.14586748182773593 0.14451952278614047 0.18843366950750354 0.18758561462163928 0.18346994370222094 0.21946247667074206 0.22547236829996112 2.5000000000000004 1.5000000000000002 2.5000000000000004 0.23357842862606051 0.23357842862606051 1.5000000000000002 0.10347852483391763 0.10388386249542238 0.10559467971324922 0.14926454424858096 1.5000000000000002 0.15298574417829516 0.17660956084728244 1.5000000000000002 0.14790198951959613 0.14503520727157596 2.5000000000000004 0.17089758068323138 0.15188746154308322 0.15954913944005969 0.15886382013559344 0.19238026440143588 0.15563492476940158 0.15629401057958606 1.5000000000000002 0.15724790096282962 0.15803226083517077 0.18189270049333575 0.21392118930816653 1.5000000000000002 0.21824584156274798 2.5000000000000004 3.5000000000000004 0.32517604529857641 1.5000000000000002
decision_type=2 2 2 2 2 2 2 2 2 2 2 2 2 2 2 2 2 2 2 2 2 2 2 2 2 2 2 2 2 2 2 2 2 2 2 2 2 2 2 2 2 2 2 2 2 2 2 2 2 2 2 2 2 2 2 2 2 2 2 2 2 2 2 2 2 2 2 2 2 2 2 2 2 2 2 2 2 2 2 2 2 2 2 2 2 2 2 2 2 2 2 2 2 2
left_child=1 2 9 46 7 65 15 14 -9 -1 29 -3 45 39 28 -7 -17 -18 31 20 26 23 24 40 44 -22 30 -28 -5 -11 -6 33 -33 34 35 36 37 38 -16 -12 80 42 -42 -24 -23 -13 -2 -14 50 75 -49 53 -53 -47 55 56 71 87 59 60 -59 63 -63 64 -60 -4 -67 -15 -48 70 77 -32 -73 74 -55 78 -77 -70 79 81 -21 -50 83 -83 -84 -86 -29 -46 -89 -90 93 -92 -93 -45
right_child=3 11 5 4 19 6 -8 8 -10 10 13 12 47 67 18 16 17 -19 -20 21 25 22 43 -25 -26 -27 27 86 -30 -31 54 32 -34 -35 -36 -37 -38 -39 -40 -41 41 -43 -44 90 57 51 68 48 49 -51 -52 52 -54 73 -56 -57 -58 58 61 -61 -62 62 -64 -65 -66 66 -68 -69 69 -71 -72 72 -74 -75 -76 76 -78 -79 -80 -81 -82 82 84 -85 85 -87 -88 88 89 -91 91 92 -94 -95
leaf_value=-0.00017432274343786937 0 0 3.3403410035070586e-05 0.00017432275642591897 0 0.00019076599968731889 0.00020206079348816536 0.00025486053801964959 0.00017432275642591897 0.00029951207278818942 -0.0002121490632867227 -2.073333584432523e-05 0 0 3.3232681458401694e-05 6.7986940387366186e-05 0.00029068783026365945 6.7986940387366186e-05 0 0.00015150856130347455 0.00017432275642591897 0.00017432275642591897 -0.00025442287620162978 -0.00025442287620162978 7.7228632840885625e-05 0.00027133692399811571 0.00017432275642591897 -0.0044711834395578824 0.00017432275642591897 3.3403410035070586e-05 -0.00029552622670472693 0.00017432275642591897 0.00017432275642591897 -0.00015631603425475486 3.7300143310795467e-05 0 0.00094306081763882959 -8.2733616560015644e-05 0.00017432275642591897 3.7446587698372335e-05 0.00017395079267439398 0 -5.5408216906775993e-06 -0.0014919587104004386 0.00017432275642591897 0 0 0.0047255755243726869 0 0 0 0 0 0 -0.00038901070999949422 0.00017432275642591897 -5.3598468917042739e-05 0.00031152393329743545 -0.00029452706220919612 0.0027916577691676232 0.00017432275642591897 -0.00012348774092409427 0.00080306407088525777 -0.0017423056131875298 0.00017432275642591897 -0.00012554494344907283 2.668617002552755e-05 0 0 0 -2.5839956831235799e-05 0.00017432275642591897 0.00017432275642591897 -0.00027878911296932957 0 0 0.00034986296160367119 0.00043833897621507777 0 0 -0.00025442287620162978 0 0 0.0063787647176518159 0 0 0.0041512770799698156 0.00017432275642591897 0.0013068610672768816 -0.00052697864962354625 -0.00042821000242275069 0.00095113326770053009 -0.0010507085897320618 0.00029069700541044051
leaf_weight=313058 1148 115033 178 108 255 150 431 133 208 522 1612 291 8360 2806 140 157 158 171 183 152 177 162 723 738 138 114 138 140 246 637 194 120 614 275 113 109 200 239 157 783 156 765 182 139 651 673 1448 226 1315 3053 218 991 926 335 144 168 332 120 133 217 226 162 111 388 160 128 206 3111 395 943 153 188 266 215 2219 421 199 116 9069 213 733 228 931 106 181 574 134 176 436 113 582 195 362 364
leaf_count=313058 1148 115033 178 108 255 150 431 133 208 522 1612 291 8360 2806 140 157 158 171 183 152 177 162 723 738 138 114 138 140 246 637 194 120 614 275 113 109 200 239 157 783 156 765 182 139 651 673 1448 226 1315 3053 218 991 926 335 144 168 332 120 133 217 226 162 111 388 160 128 206 3111 395 943 153 188 266 215 2219 421 199 116 9069 213 733 228 931 106 181 574 134 176 436 113 582 195 362 364
internal_value=0 -0.00652853 -0.00579884 0.00149269 0.00372766 0.0166994 0.0233927 0.0103854 0.0284358 -0.00590898 -0.00379889 -0.00815088 -0.00720681 -0.00509678 0.0079273 0.0385121 0.0423708 0.0341586 0.0064619 0.00192954 0.00490593 0.00112113 0.00272565 -0.00215031 0.00517662 0.0172985 0.00306507 0.0115021 0.0168274 0.00550915 0.000818099 0.00751299 0.0107085 0.0056107 0.00717162 0.00546173 0.00703342 0.00397675 0.00874685 -0.00196674 0.000248902 0.00221719 0.0101915 -0.000583424 0.00443863 -0.00488422 -0.00562164 -0.00772975 -0.00736631 -0.00749465 -0.00265757 -0.00514767 -0.00380732 -0.00589416 0.00212117 0.00283485 0.0012623 0.0040688 0.00535068 0.0100905 0.0155113 0.00255351 0.00826097 0.00026549 0.0041246 0.00275066 0.000455845 -0.00636371 -0.00640098 -0.00525235 -0.00335347 0.00311319 0.00473694 -0.00511703 -0.00545464 -0.00715789 -0.00491139 -0.00188082 -0.00726828 -0.00648513 -0.00220423 -0.00680516 -0.00607693 -0.0021083 -0.00686312 -0.00535658 0.00229213 0.00265557 0.00137815 0.000190661 0.00074179 -7.5193e-05 0.00227217 0.00259178
internal_weight=0 469885 324108 17582 13379 1579 1067 2845 341 322529 9471 145777 30744 8312 2504 636 486 329 2150 10534 2250 8284 5558 2726 3193 291 1959 412 354 1159 1547 1967 734 1233 958 845 736 536 297 2395 1988 1103 338 2365 3055 5650 4203 25094 16734 16290 444 5359 1917 3442 1292 1148 980 2893 1517 563 346 954 273 681 293 512 334 5917 3055 1607 664 648 454 2769 2554 13237 620 511 12617 3548 885 3335 2020 334 1686 755 274 1376 725 549 1642 1139 557 503
internal_count=487467 469885 324108 17582 13379 1579 1067 2845 341 322529 9471 145777 30744 8312 2504 636 486 329 2150 10534 2250 8284 5558 2726 3193 291 1959 412 354 1159 1547 1967 734 1233 958 845 736 536 297 2395 1988 1103 338 2365 3055 5650 4203 25094 16734 16290 444 5359 1917 3442 1292 1148 980 2893 1517 563 346 954 273 681 293 512 334 5917 3055 1607 664 648 454 2769 2554 13237 620 511 12617 3548 885 3335 2020 334 1686 755 274 1376 725 549 1642 1139 557 503
is_linear=0
shrinkage=0.0951581


Tree=41
num_leaves=95
num_cat=0
split_feature=4 2 4 0 2 2 4 2 2 2 2 2 2 2 2 0 2 2 2 2 2 0 2 2 0 2 0 2 2 2 2 2 2 0 2 2 2 2 2 2 2 2 2 0 2 2 2 2 2 0 2 2 0 2 2 0 2 0 2 2 4 2 2 0 2 2 2 2 2 2 4 2 2 2 2 2 2 0 2 0 0 2 2 0 2 2 2 2 2 2 0 2 2 2
split_gain=378.198 1292.44 243.318 17.4018 142.609 127.988 14.7073 13.9469 6.21498 9.18103 4.77877 4.11641 4.99624 4.63593 4.54369 3.13086 8.47619 11.8167 3.18075 4.37535 2.83111 4.32827 2.70783 2.88272 3.84231 2.60571 2.33194 1.88807 3.54986 1.81737 18.0476 3.18845 1.74348 1.55955 2.13228 1.76226 4.20759 2.95787 1.54006 4.31523 2.72583 1.58168 4.3666 1.52322 1.49282 5.97972 1.24728 3.03099 2.97978 1.50841 1.14095 1.10237 1.08413 1.04906 1.73774 1.00314 1.00207 0.984404 0.959323 0.884947 0.836305 0.756703 0.753242 1.82123 0.750748 0.749568 0.814961 1.11713 0.682331 0.62998 0.604858 0.555479 0.504196 0.490977 0.488146 0.770361 2.21296 3.4339 1.34496 0.903021 0.768639 0.962115 0.755561 0.598031 0.551675 0.487987 0.868963 0.465457 0.493859 0.463554 0.521939 0.425092 1.75358 0.503818
threshold=0.15000000223517421 0.10458041727542879 0.25000000745058065 1.5000000000000002 0.10594117641448976 0.10458041727542879 0.25000000745058065 0.19101010262966159 0.15460605919361117 0.15629401057958606 0.19012194871902469 0.20240999013185504 0.20071429014205935 0.24515175819396975 0.24171940237283709 2.5000000000000004 0.17660956084728244 0.16505814343690875 0.18897569924592975 0.168457105755806 0.1067231632769108 1.5000000000000002 0.19548846781253817 0.1981649845838547 1.5000000000000002 0.17006493359804156 1.5000000000000002 0.14379280805587771 0.14586748182773593 0.10074627026915552 0.10259784013032915 0.1067231632769108 0.10594117641448976 1.5000000000000002 0.15298574417829516 0.12516666948795321 0.11824583634734155 0.12846482545137408 0.15803226083517077 0.16090353578329089 0.1613835692405701 0.1633739769458771 0.1643650829792023 2.5000000000000004 0.16505814343690875 0.17660956084728244 0.10259784013032915 0.10074627026915552 0.10317540168762208 1.5000000000000002 0.10421099141240121 0.17394282668828967 1.5000000000000002 0.14859127253293994 0.14172885566949847 1.5000000000000002 0.13058389723300937 2.5000000000000004 0.25920708477497106 0.20439612865448001 0.35000000894069677 0.16259328275918963 0.16587346047163012 1.5000000000000002 0.15886382013559344 0.13893597573041919 0.14379280805587771 0.14765568077564242 0.14415185153484347 0.14451952278614047 0.35000000894069677 0.17089758068323138 0.21824584156274798 0.1483045965433121 0.20745369791984561 0.21946247667074206 0.22547236829996112 2.5000000000000004 0.22214052081108096 1.5000000000000002 2.5000000000000004 0.23357842862606051 0.2123106122016907 1.5000000000000002 0.21680790930986407 0.10388386249542238 0.10458041727542879 0.1072077937424183 0.10708020254969598 0.14620192348957065 1.5000000000000002 0.18843366950750354 0.18758561462163928 0.18346994370222094
decision_type=2 2 2 2 2 2 2 2 2 2 2 2 2 2 2 2 2 2 2 2 2 2 2 2 2 2 2 2 2 2 2 2 2 2 2 2 2 2 2 2 2 2 2 2 2 2 2 2 2 2 2 2 2 2 2 2 2 2 2 2 2 2 2 2 2 2 2 2 2 2 2 2 2 2 2 2 2 2 2 2 2 2 2 2 2 2 2 2 2 2 2 2 2 2
left_child=3 6 20 29 5 -5 46 8 33 26 15 12 22 14 59 18 17 -17 19 38 21 -3 -9 24 -24 -19 -10 -22 52 -1 -31 85 -23 34 35 36 -4 -37 55 64 -41 61 -43 73 -45 -46 47 -2 -48 50 -50 71 68 54 -39 -11 -35 65 70 -13 74 -42 -44 -64 -40 -58 -67 -68 -29 -70 -15 -21 -62 89 -61 79 77 78 -77 82 81 83 -76 -78 -81 -32 -87 88 -6 -30 -91 92 93 -53
right_child=1 2 7 4 87 -7 -8 11 9 10 -12 13 -14 58 -16 16 -18 25 -20 51 27 32 23 -25 -26 -27 -28 28 43 30 31 -33 -34 56 -36 37 -38 53 39 40 41 42 62 44 45 -47 48 -49 49 -51 -52 91 -54 -55 -56 -57 57 -59 -60 60 72 -63 63 -65 -66 66 67 -69 69 -71 -72 -73 -74 -75 75 76 80 -79 -80 84 -82 -83 -84 -85 -86 86 -88 -89 -90 90 -92 -93 -94 -95
leaf_value=-0.00015773452432927952 0.00031896423432800934 0 0.00035103072085199149 -0.00011359832656571135 -0.00047460519353829456 0.00026302653188389443 0.00066999495518000609 -0.00023021248154262965 0.00015773453608141063 0.00046753007129127585 0.00024551702087609073 0.00015773453608141063 -0.00023021248154262965 -0.00023021248154262965 6.987970373527032e-05 -0.0039643232436709719 0.00033380651885700117 0.00015773453608141063 0.00015773453608141063 0.00098626189900361395 0 -0.0039193889191015616 0.00015739796768960185 0.00087041848968495684 0.00010851848840508164 0.00015773453608141063 0.00015773453608141063 0 0 0.00027101107635424328 -0.00019196136387309795 -0.00051155937617070784 0.00018283307454837111 -0.00057271113012227141 -2.3381075923214224e-05 0.00035103072085199149 -0.0005123269472408036 0.00035103072085199149 -7.4860843724537025e-05 3.3750732959521507e-05 0.00036913056493918637 0.00015773453608141063 0.00015773453608141063 0 0.00015773453608141063 0 3.022480537506876e-05 -0.00021520127427706451 0.00050771263107494199 2.4146765087180139e-05 3.3883241979052668e-05 0.00015773453608141063 0 0.00035103072085199149 -0.00025226007378705901 0.00015773453608141063 0.00068681598708247242 -5.3226976472655143e-05 6.3973960265713482e-05 0.00015773453608141063 -0.0024661036240614096 -0.00054141866738365984 0.00015773453608141063 0.00015773453608141063 0.00035865062269468858 -0.0023595877172283043 0.00035103072085199149 0.00035103072085199149 0 0 0.00064415458634168416 -0.00042805086264014136 0.0018134833666142911 0 0.0040181120138393454 0.00015773453608141063 0.00028686181320802763 0.0025260089511311284 0.00015773453608141063 0.0013653781108413068 4.7118435480904577e-05 -0.0041555668557078027 0.00015773453608141063 0.00015773453608141063 -0.00047683236846075871 -0.00042118710917574836 -0.0008831198746486001 -0.00042093813798881855 -0.00041554833706421954 0 0 -0.0025710160270501639 0.00015773453608141063 -0.00038929895155438162
leaf_weight=279508 33104 1649 218 291 194 295 956 868 139 159 130 162 738 575 136 179 363 183 125 223 87108 341 152 691 165 213 172 195 550 412 1351 24200 240 351 150 115 283 404 207 107 211 149 212 466 117 345 224 117 249 180 185 716 1181 222 336 142 139 245 1653 125 205 119 183 221 351 155 127 353 634 1134 150 292 219 24036 119 142 118 198 153 519 231 337 174 147 232 1023 4232 3780 111 1497 826 140 162 331
leaf_count=279508 33104 1649 218 291 194 295 956 868 139 159 130 162 738 575 136 179 363 183 125 223 87108 341 152 691 165 213 172 195 550 412 1351 24200 240 351 150 115 283 404 207 107 211 149 212 466 117 345 224 117 249 180 185 716 1181 222 336 142 139 245 1653 125 205 119 183 221 351 155 127 353 634 1134 150 292 219 24036 119 142 118 198 153 519 231 337 174 147 232 1023 4232 3780 111 1497 826 140 162 331
internal_value=0 -0.0026451 -0.00681357 -0.00819131 -0.00242632 0.0414733 0.0136711 0.00393687 0.00663216 0.00857281 0.00760818 0.00113717 -0.00198034 0.00259367 0.00494869 0.00713876 0.0120926 0.0192799 0.00599143 0.00551553 -0.00830893 -0.00494993 0.000628974 0.0039838 0.011497 0.0284513 0.0244474 -0.00837236 -0.00773434 -0.00827797 -0.00758936 -0.00785396 0.0021128 0.00323132 0.00513237 0.00616296 0.00150049 0.00833185 0.00853698 0.00746126 0.0106716 0.0092551 0.0116304 -0.00807666 -0.00428622 -0.000453136 0.0139978 0.0139064 0.0176235 0.0141962 0.0172337 0.00217475 -0.00470343 0.00660765 0.00488649 0.014827 0.000833499 0.00234393 -0.000592239 0.00419733 0.00381741 0.00374865 0.00809461 0.0105051 0.000545707 0.00400795 0.00262246 0.00455966 -0.00607403 -0.00666322 -0.00347819 -0.00157057 -8.97741e-05 -0.00820738 0.00448139 0.00417571 0.005698 0.0107511 0.0172575 0.00224223 0.00270738 0.000916803 0.00672277 0.00520676 0.000494161 -0.00600104 -0.00558635 -0.0087238 -0.0051479 -0.0070317 -0.00644355 0.00360458 0.0041794 0.00275386
internal_weight=0 172070 137055 315397 4671 586 35015 16736 8527 5429 5118 8209 2614 5595 3217 4988 938 575 4050 3925 120319 2230 1876 1008 317 396 311 118089 30981 310726 31218 30806 581 3098 1728 1578 501 1077 2061 1760 1202 1095 765 27837 928 462 34059 33221 838 614 434 1864 3144 962 740 301 1370 1019 2378 3081 2919 330 616 404 558 774 635 480 1963 1768 725 515 424 26909 2495 2370 1326 493 295 1044 833 602 293 265 751 6606 5255 4085 305 2873 2323 1349 1209 1047
internal_count=487467 172070 137055 315397 4671 586 35015 16736 8527 5429 5118 8209 2614 5595 3217 4988 938 575 4050 3925 120319 2230 1876 1008 317 396 311 118089 30981 310726 31218 30806 581 3098 1728 1578 501 1077 2061 1760 1202 1095 765 27837 928 462 34059 33221 838 614 434 1864 3144 962 740 301 1370 1019 2378 3081 2919 330 616 404 558 774 635 480 1963 1768 725 515 424 26909 2495 2370 1326 493 295 1044 833 602 293 265 751 6606 5255 4085 305 2873 2323 1349 1209 1047
is_linear=0
shrinkage=0.0951581


Tree=42
num_leaves=95
num_cat=0
split_feature=4 2 4 3 2 3 2 2 2 2 2 2 2 2 4 2 2 2 2 2 3 2 2 2 2 2 2 2 2 2 2 2 2 2 2 2 2 2 2 2 2 2 2 2 2 2 2 2 2 2 2 2 2 2 2 2 2 2 2 2 2 2 4 4 2 2 2 2 2 2 2 2 2 2 2 2 2 2 2 2 2 2 2 2 2 2 2 2 2 2 2 2 2 2
split_gain=375.187 1283.47 240.838 16.7155 13.1059 8.63261 12.4736 13.735 7.25806 38.1721 9.28354 10.1695 6.31301 9.83977 5.10239 4.17786 5.09514 4.99624 4.46508 4.13854 3.53805 5.03734 13.0689 3.00748 2.82739 2.70783 2.88272 2.65498 2.54021 2.24275 2.02498 2.72923 1.73616 4.75449 1.57469 1.56888 3.06133 2.64552 1.41194 4.31764 1.20009 5.97238 1.18848 3.24097 1.84386 1.10796 3.06609 0.976358 0.881172 0.845472 0.848875 1.75631 1.53644 0.825529 0.75924 0.663996 1.12241 1.58275 0.663039 0.64061 5.27577 0.921473 0.604858 0.557267 0.795902 0.536382 0.53627 0.529197 0.513027 0.492894 0.45174 0.423676 0.56345 0.345105 1.27725 1.13659 0.50762 1.04161 0.341878 0.334165 0.459798 0.327051 0.405208 0.293108 0.283297 0.266532 0.274585 0.259167 0.879776 0.254842 0.236506 0.600298 0.235566 0.23329
threshold=0.15000000223517421 0.10458041727542879 0.25000000745058065 0.15000000223517421 0.19101010262966159 0.15000000223517421 0.15460605919361117 0.15629401057958606 0.10074627026915552 0.10594117641448976 0.10504237189888956 0.10259784013032915 0.16090353578329089 0.17089758068323138 0.25000000745058065 0.20240999013185504 0.24515175819396975 0.20071429014205935 0.24171940237283709 0.18897569924592975 0.15000000223517421 0.1583974361419678 0.16013698279857638 0.1067231632769108 0.16259328275918963 0.19548846781253817 0.1981649845838547 0.10388386249542238 0.15724790096282962 0.19699231535196307 0.12516666948795321 0.11630280315876008 0.10388386249542238 0.10421099141240121 0.10594117641448976 0.10259784013032915 0.10074627026915552 0.10317540168762208 0.17394282668828967 0.17517123371362689 0.168457105755806 0.1643650829792023 0.1633739769458771 0.16587346047163012 0.16928205639123919 0.10559467971324922 0.10533428192138673 0.12782331556081775 0.25920708477497106 0.20439612865448001 0.21946247667074206 0.22547236829996112 0.22410600632429126 0.19101010262966159 0.19012194871902469 0.18346994370222094 0.18758561462163928 0.18843366950750354 0.1072077937424183 0.14379280805587771 0.1483045965433121 0.14415185153484347 0.35000000894069677 0.35000000894069677 0.20745369791984561 0.1643650829792023 0.14586748182773593 0.10347852483391763 0.14620192348957065 0.15886382013559344 0.18346994370222094 0.22039676457643512 0.22214052081108096 0.15298574417829516 0.14895787835121158 0.15529115498065951 0.13893597573041919 0.13481555134058001 0.19238026440143588 0.14790198951959613 0.14670995622873309 0.15220635384321216 0.14741302281618121 0.11441558599472047 0.10347852483391763 0.14551208168268207 0.14246211946010592 0.23642505705356601 0.23357842862606051 0.35424640774726873 0.11156633123755456 0.11203448474407197 0.1139211878180504 0.15339080244302752
decision_type=2 2 2 2 2 2 2 2 2 2 2 2 2 2 2 2 2 2 2 2 2 2 2 2 2 2 2 2 2 2 2 2 2 2 2 2 2 2 2 2 2 2 2 2 2 2 2 2 2 2 2 2 2 2 2 2 2 2 2 2 2 2 2 2 2 2 2 2 2 2 2 2 2 2 2 2 2 2 2 2 2 2 2 2 2 2 2 2 2 2 2 2 2 2
left_child=8 3 20 14 5 24 81 -8 -1 10 11 -10 28 42 32 17 18 25 49 38 23 -22 -23 34 30 78 29 84 -9 -27 31 -4 35 -34 -3 36 -2 -37 -15 -40 41 -24 -14 65 -45 46 -12 -32 62 -17 63 52 71 -42 -21 -41 -57 -58 -11 -25 61 -61 -18 64 -51 -44 -63 -39 -68 -30 -26 -52 -73 74 76 -75 77 -49 -6 80 -70 82 -7 90 -13 86 -78 88 -53 -50 -60 -92 -93 -62
right_child=1 2 4 -5 15 6 7 12 9 58 45 27 13 19 -16 16 48 -19 -20 54 21 22 40 59 70 26 -28 -29 69 -31 47 -33 33 -35 -36 37 -38 67 39 55 53 -43 43 44 -46 -47 -48 73 89 50 51 87 -54 -55 -56 56 57 -59 83 60 93 66 -64 -65 -66 -67 68 -69 79 -71 -72 72 -74 75 -76 -77 85 -79 -80 -81 -82 -83 -84 -85 -86 -87 -88 -89 -90 -91 91 92 -94 -95
leaf_value=-0.00014272480844848369 0.00028861220737793844 0 0.00031762730832816987 -0.00017031329276266367 0.00015899787593841357 0.00034280468771841113 0.00014272481908230355 0.00014272481908230355 0.00024522218027126489 -0.00042944267036303319 3.6488330982518764e-05 -0.00029880832561616003 0.0002793545746614804 -0.00038731836062082692 0.00060623951570611622 0.00014272481908230355 -0.00020830590176968002 -0.00020830590176968002 6.3230084678434975e-05 0.00014272481908230355 0 0.0010674999399049186 0 0 -0.0004898983017278621 0.00014124190554623941 0.00078759112970706814 -0.00038110774881844041 -6.7737228906030977e-05 0.0001424202778954279 0.00031762730832816987 -0.00046357489407515269 -2.8290541926296757e-05 3.0658977428292312e-05 0 2.7348670659722249e-05 -0.00019472313229883158 0.00015021172031098951 0.00014272481908230355 0.00014272481908230355 0 0.00014272481908230355 0.00014272481908230355 0.00014272481908230355 0.00014272481908230355 3.6488330982518764e-05 -0.00079908387515182462 0.00031762730832816987 0.00012484821551158012 0.00014272481908230355 0.00014272481908230355 0.00014272481908230355 0.00014272481908230355 0 9.9212885151300534e-05 -0.00035225400733326337 0.00014272481908230355 -0.0023263630555140414 -0.00038088246925383764 7.6293592758421228e-05 0 0 0.00058285806698161829 -0.0013297024905710531 0.00014272481908230355 0.00014272481908230355 0 0.0004593996674169824 0 0.0013472108987174995 0.0024093458598908142 0.0015546760303463737 2.317998681484806e-05 -0.0014108405842287695 0.00031762730832816987 0.00033400480584355036 0.00031762730832816987 0.0003448040124521451 -0.00020830590176968002 0 0 0.00036322406444628028 -0.00016251178877416461 -0.00038088246925383764 -0.0001027885269131906 0.00031762730832816987 -1.3695413873513906e-05 0.0005598012317189734 4.263473521095408e-05 -0.00095681280819019025 -0.00038088246925383764 -0.00046288036360114197 -0.00038088246925383764 0
leaf_weight=279508 32976 1372 206 476 170 511 212 170 442 2937 647 904 286 207 608 162 575 738 136 151 3067 135 236 86512 1047 160 691 2069 195 157 152 400 121 234 858 224 117 131 161 501 639 156 106 362 122 750 638 302 1246 125 132 457 140 272 117 356 158 132 10443 269 7515 2604 150 219 1044 158 470 128 415 219 161 155 148 125 237 577 155 154 698 295 1277 176 289 10697 593 236 186 322 177 407 958 3375 1436 14227
leaf_count=279508 32976 1372 206 476 170 511 212 170 442 2937 647 904 286 207 608 162 575 738 136 151 3067 135 236 86512 1047 160 691 2069 195 157 152 400 121 234 858 224 117 131 161 501 639 156 106 362 122 750 638 302 1246 125 132 457 140 272 117 356 158 132 10443 269 7515 2604 150 219 1044 158 470 128 415 219 161 155 148 125 237 577 155 154 698 295 1277 176 289 10697 593 236 186 322 177 407 958 3375 1436 14227
internal_value=0 -0.00266722 -0.00682121 0.0135923 0.00387432 0.00648709 0.00929186 0.0118704 -0.00819131 -0.00691738 -2.04731e-05 -0.0026781 0.0104056 0.0122722 0.0138363 0.00116035 0.00262769 -0.00198034 0.00509659 0.00798943 -0.00830893 -0.00569259 -0.00104555 -0.0084107 0.00321865 0.000628974 0.0039838 -0.00436564 0.0014013 0.011497 0.00491476 6.28084e-05 0.0139912 0.0073714 -0.00494993 0.0140612 0.0139826 0.0194453 0.00606122 0.00721688 -0.00396553 0.000436948 0.0196574 0.0216523 0.0170262 0.00521382 0.00351751 0.00629907 -0.000712287 0.00435176 0.0039804 0.00552551 0.0096813 -0.0058599 0.0188896 0.00516857 0.00315229 0.00754702 -0.00831382 -0.00847864 -0.00807466 -0.0053917 -0.00347819 0.00227611 0.00310139 0.0301334 -0.00568016 0.0128959 -0.00668857 -0.0026203 -0.000614434 0.00689076 0.00493063 0.00573265 0.00666856 0.00403947 0.0052231 0.00759595 -0.00326695 -0.00601982 -0.00653509 -0.000253497 -0.00107053 -0.008462 -0.00741814 0.00334785 0.00164643 0.00302595 0.00414253 0.00050083 -0.00820689 -0.00771789 -0.00815104 -0.00873238
internal_weight=0 172070 137055 35015 16736 8527 4589 3613 315397 35889 6043 4008 3401 2817 34539 8209 5595 2614 3217 1783 120319 4505 1438 115814 3938 1876 1008 3566 584 317 2730 606 33931 355 2230 33576 33093 483 1515 1308 1303 392 1034 748 484 2035 1285 2124 2378 3081 2919 1531 575 911 268 1147 646 290 29846 113584 27072 5330 725 1388 1169 264 5061 259 2457 414 1208 435 303 1972 1270 702 1033 456 868 1987 1692 976 800 26909 1497 577 341 956 634 1653 16212 5769 4811 21742
internal_count=487467 172070 137055 35015 16736 8527 4589 3613 315397 35889 6043 4008 3401 2817 34539 8209 5595 2614 3217 1783 120319 4505 1438 115814 3938 1876 1008 3566 584 317 2730 606 33931 355 2230 33576 33093 483 1515 1308 1303 392 1034 748 484 2035 1285 2124 2378 3081 2919 1531 575 911 268 1147 646 290 29846 113584 27072 5330 725 1388 1169 264 5061 259 2457 414 1208 435 303 1972 1270 702 1033 456 868 1987 1692 976 800 26909 1497 577 341 956 634 1653 16212 5769 4811 21742
is_linear=0
shrinkage=0.0951581


Tree=43
num_leaves=23
num_cat=0
split_feature=4 4 0 0 3 3 0 0 3 0 4 0 4 3 0 4 3 4 4 0 0 3
split_gain=375.262 90.5076 110.824 17.4018 5.30855 2.67286 8.99473 2.15409 0.858133 1.44551 2.52084 0.897213 0.415094 0.309807 0.213566 0.187723 0.133635 0.0233162 0.0247185 0.0125768 0.00143715 0.00082929
threshold=0.15000000223517421 0.25000000745058065 1.5000000000000002 1.5000000000000002 0.15000000223517421 0.15000000223517421 2.5000000000000004 1.5000000000000002 0.15000000223517421 2.5000000000000004 0.35000000894069677 2.5000000000000004 0.35000000894069677 0.15000000223517421 3.5000000000000004 0.45000000298023229 0.35000000894069677 0.35000000894069677 0.45000000298023229 2.5000000000000004 3.5000000000000004 0.25000000745058065
decision_type=2 2 2 2 2 2 2 2 2 2 2 2 2 2 2 2 2 2 2 2 2 2
left_child=3 2 4 -1 -2 19 -7 12 11 17 20 -9 13 -3 21 -16 -17 -10 -19 -4 -11 -12
right_child=1 7 5 -5 -6 6 -8 8 9 10 14 -13 -14 -15 15 16 -18 18 -20 -21 -22 -23
leaf_value=-0.00012914338844508187 0 0.00028740250070117564 0 -0.0002334248501130426 0 0 0.00012914339806700969 0.00030222154685285188 0.00012914339806700969 0.00012914339806700969 -1.5023502781003376e-05 -7.8386806743263127e-05 0.0014067360305181264 0.00012914339806700969 0.0018429329038189006 -0.0018379676005964721 0.0023829285822732061 0.0007126449654553769 6.7938824459174392e-05 0 0.00012914339806700969 0.00028167021001390403
leaf_weight=310726 113386 2798 34831 4671 1992 2491 150 1364 4790 2151 243 581 478 3390 227 217 212 531 159 1528 215 336
leaf_count=310726 113386 2798 34831 4671 1992 2491 150 1364 4790 2151 243 581 478 3390 227 217 212 531 159 1528 215 336
internal_value=0 -0.00266666 -0.00340547 -0.00819131 -0.00192316 -0.00779077 -0.0048678 0.00378007 0.00296366 0.00335217 0.00483321 0.00114972 0.00513048 0.00533918 0.00134839 0.00252401 0.00135306 0.00237895 0.00289611 -0.00800308 0.00665222 1.64326e-05
internal_weight=0 172070 154378 315397 115378 39000 2641 17692 11026 9081 3601 1945 6666 6188 1235 656 429 5480 690 36359 2366 579
internal_count=487467 172070 154378 315397 115378 39000 2641 17692 11026 9081 3601 1945 6666 6188 1235 656 429 5480 690 36359 2366 579
is_linear=0
shrinkage=0.0951581


Tree=44
num_leaves=24
num_cat=0
split_feature=4 4 0 0 3 3 0 0 0 3 4 4 3 0 4 4 0 4 3 4 0 0 3
split_gain=371.74 84.2514 110.824 17.4018 5.30855 2.67286 8.99473 2.66938 1.11192 2.52634 2.66945 0.446119 0.23747 0.167007 0.240171 0.128 0.314186 0.0889745 0.102292 0.0247185 0.0125768 0.00143715 0.00082929
threshold=0.15000000223517421 0.25000000745058065 1.5000000000000002 1.5000000000000002 0.15000000223517421 0.15000000223517421 2.5000000000000004 1.5000000000000002 2.5000000000000004 0.15000000223517421 0.35000000894069677 0.35000000894069677 0.15000000223517421 3.5000000000000004 0.45000000298023229 0.59999999403953563 4.5000000000000009 0.35000000894069677 0.15000000223517421 0.45000000298023229 2.5000000000000004 3.5000000000000004 0.25000000745058065
decision_type=2 2 2 2 2 2 2 2 2 2 2 2 2 2 2 2 2 2 2 2 2 2 2
left_child=3 2 4 -1 -2 20 -7 11 17 -10 21 12 -3 22 -15 16 -16 18 -9 -19 -4 -11 -12
right_child=1 7 5 -5 -6 6 -8 8 9 10 13 -13 -14 14 15 -17 -18 19 -20 -21 -22 -23 -24
leaf_value=-0.00011685435041306959 0 0.00026005382800381644 0 -0.00021121258748625025 0 0 0.00011685435911939179 0.0002734627220451269 -7.0927668022540408e-05 0.00011685435911939179 -1.3593894968536089e-05 0.0012728737183379663 0.00011685435911939179 0.0016675629308132061 0.00087734653360434115 0.0071922175589492904 -0.0027032409086784883 0.00064483103251426147 0.00011685435911939179 6.1473895764943624e-05 0 0.00011685435911939179 0.00025486701114307825
leaf_weight=310726 113386 2798 34831 4671 1992 2491 150 1364 581 2151 243 478 3390 227 162 116 151 531 4790 159 1528 215 336
leaf_count=310726 113386 2798 34831 4671 1992 2491 150 1364 581 2151 243 478 3390 227 162 116 151 531 4790 159 1528 215 336
internal_value=0 -0.00269265 -0.00340547 -0.00819131 -0.00192316 -0.00779077 -0.0048678 0.00352728 0.00261844 0.00384091 0.00478036 0.00503056 0.00524692 0.00119429 0.00223389 0.000909434 -9.12081e-05 0.00187146 0.00175657 0.00289611 -0.00800308 0.00665222 1.64326e-05
internal_weight=0 172070 154378 315397 115378 39000 2641 17692 11026 4182 3601 6666 6188 1235 656 429 313 6844 6154 690 36359 2366 579
internal_count=487467 172070 154378 315397 115378 39000 2641 17692 11026 4182 3601 6666 6188 1235 656 429 313 6844 6154 690 36359 2366 579
is_linear=0
shrinkage=0.0951581


Tree=45
num_leaves=95
num_cat=0
split_feature=4 2 4 3 2 2 2 2 2 3 2 2 2 2 4 2 2 2 2 2 3 2 2 2 2 2 2 2 2 2 2 2 2 2 2 2 2 2 2 2 2 2 2 2 2 2 2 4 2 2 2 2 2 2 2 2 2 2 4 2 2 2 2 2 2 2 2 4 2 2 2 2 2 2 2 2 2 2 2 2 2 2 2 2 2 2 2 2 2 2 2 2 2 2
split_gain=370.096 1289.42 225.795 16.7155 13.5172 7.25806 38.1721 9.28354 10.1695 6.45289 10.6489 14.8337 9.47223 9.59169 5.10239 4.13854 3.81961 4.56714 4.46568 4.43922 3.53805 5.03734 13.0689 3.22739 3.00748 2.97178 2.65498 2.23282 5.27109 2.14304 2.72923 1.73616 4.75449 1.57469 1.56888 3.06133 2.64552 1.41194 4.31764 1.27136 3.24097 1.84386 1.20009 5.97238 1.10796 3.06609 1.01732 0.98611 0.929319 0.825529 0.75924 0.663996 1.12241 1.58275 0.663039 0.64061 5.27577 0.921473 0.547432 0.603474 0.536382 0.53627 0.529197 0.513027 0.45174 0.435431 0.43499 0.488968 0.428273 1.15862 1.13659 0.390631 0.362208 1.04161 0.334165 0.459798 0.327051 0.405208 0.322455 1.18095 0.699324 3.81112 0.293108 0.283297 0.26009 0.492894 0.247671 0.285588 0.236506 0.600298 0.235566 0.23329 1.56601 0.37598
threshold=0.15000000223517421 0.10458041727542879 0.25000000745058065 0.15000000223517421 0.19101010262966159 0.10074627026915552 0.10594117641448976 0.10504237189888956 0.10259784013032915 0.15000000223517421 0.15460605919361117 0.15629401057958606 0.16159114986658099 0.17089758068323138 0.25000000745058065 0.18897569924592975 0.20240999013185504 0.20071429014205935 0.24515175819396975 0.24171940237283709 0.15000000223517421 0.1583974361419678 0.16013698279857638 0.15724790096282962 0.1067231632769108 0.16259328275918963 0.10388386249542238 0.19699231535196307 0.1981649845838547 0.12516666948795321 0.11630280315876008 0.10388386249542238 0.10421099141240121 0.10594117641448976 0.10259784013032915 0.10074627026915552 0.10317540168762208 0.17394282668828967 0.17517123371362689 0.1633739769458771 0.16587346047163012 0.16928205639123919 0.168457105755806 0.1643650829792023 0.10559467971324922 0.10533428192138673 0.20439612865448001 0.35000000894069677 0.12782331556081775 0.19101010262966159 0.19012194871902469 0.18346994370222094 0.18758561462163928 0.18843366950750354 0.1072077937424183 0.14379280805587771 0.1483045965433121 0.14415185153484347 0.35000000894069677 0.20745369791984561 0.1643650829792023 0.14586748182773593 0.10347852483391763 0.14620192348957065 0.18346994370222094 0.21824584156274798 0.38397435843944555 0.59999999403953563 0.15298574417829516 0.14895787835121158 0.15529115498065951 0.25646600127220159 0.13893597573041919 0.13481555134058001 0.14790198951959613 0.14670995622873309 0.15220635384321216 0.14741302281618121 0.21946247667074206 0.22039676457643512 0.22410600632429126 0.22547236829996112 0.11441558599472047 0.10347852483391763 0.16090353578329089 0.15886382013559344 0.19238026440143588 0.19344085454940799 0.11156633123755456 0.11203448474407197 0.1139211878180504 0.15339080244302752 0.15392307937145236 0.15629401057958606
decision_type=2 2 2 2 2 2 2 2 2 2 2 2 2 2 2 2 2 2 2 2 2 2 2 2 2 2 2 2 2 2 2 2 2 2 2 2 2 2 2 2 2 2 2 2 2 2 2 2 2 2 2 2 2 2 2 2 2 2 2 2 2 2 2 2 2 2 2 2 2 2 2 2 2 2 2 2 2 2 2 2 2 2 2 2 2 2 2 2 2 2 2 2 2 2
left_child=5 3 20 14 9 -1 7 8 -7 25 76 -12 23 39 31 37 17 27 19 46 24 -22 -23 -13 33 29 83 86 -29 30 -4 34 -33 -3 35 -2 -36 -15 -39 -14 60 -42 43 -24 45 -9 -18 71 -31 -44 -17 -40 -53 -54 -8 -26 57 -57 59 -48 -41 -59 -38 -63 -27 -60 -49 -68 69 72 -70 -20 73 -50 75 -65 77 -11 -61 -80 -81 -82 88 -10 85 -25 -6 -88 -56 -90 -91 -58 -93 -94
right_child=1 2 4 -5 16 6 54 44 26 10 11 12 13 15 -16 50 18 -19 47 -21 21 22 42 84 55 64 -28 28 -30 48 -32 32 -34 -35 36 -37 62 38 51 40 41 -43 49 -45 -46 -47 58 66 68 -51 -52 52 53 -55 82 56 91 61 65 78 -62 63 -64 74 -66 -67 67 -69 70 -71 -72 -73 -74 -75 -76 -77 -78 -79 79 80 81 -83 -84 -85 -86 -87 87 -89 89 90 -92 92 93 -95
leaf_value=-0.00010573471375398476 0.00026114842130515119 0 0.00023530760273291675 -0.00017751528175284244 0.00012045926549776602 0.00024529598094418333 -0.00034626687778777088 7.5327019933896851e-05 -0.0002469656217270413 0.00028677537235121791 0.00010573472163182949 0.00010573472163182949 0.0020650291751301035 -0.00037387056208291737 0.00049645602403807854 0.00010573472163182949 0.00010573472163182949 -0.00021189258669633776 -0.00021189258669633776 3.3804554227446228e-05 0 0.00096591868577636524 0 -8.4700160094537777e-05 0 -0.00049537541357296683 -0.0003214335891039569 0.00010545916000227332 0.00058347064138297082 0.00023530760273291675 -0.0004715568910845019 -2.559846802406726e-05 2.7741527730128817e-05 0 2.4746223427161382e-05 -0.00017619365117444265 0.00013591786008336547 0.00010573472163182949 0.00010573472163182949 0.00010573472163182949 0.00010573472163182949 0.00010573472163182949 0 0.00010573472163182949 7.5327019933896851e-05 -0.00069963590607064342 0.00010573472163182949 0.00057031927249594954 0.00023530760273291675 0 6.6363300175854701e-05 -0.00034214286564095045 0.00010573472163182949 -0.0021283994696158822 -0.00030232757261028424 6.9033640280049277e-05 0 0 -0.002193522425763407 0.00010573472163182949 0.00010573472163182949 0 0.00041568407304738031 0 0.0021252960976764039 0.0014542688762590155 -0.0031250112209866912 0.0017918478864802319 -0.0013286825885301776 0.00023530760273291675 0.00025012664888459296 -0.00021189258669633776 0.00023262148589198913 0.00025721210679029529 0 0 0.0003052516802141608 -0.00017045615397404178 0.00010573472163182949 -2.4344528651939212e-06 0.00010573472163182949 0.00010573472163182949 -0.00030232757261028424 -5.0696518343461493e-05 -1.9452446157582111e-05 0.0011956042078828354 -0.0023343045964347386 -0.00021189258669633776 -0.00030232757261028424 -0.00039542487814369097 -0.00030232757261028424 0 0 0
leaf_weight=279508 32976 1372 206 476 170 442 2937 647 904 511 212 170 150 207 608 151 162 738 488 136 3067 135 236 195 86512 1047 2069 157 691 152 400 121 234 858 224 117 131 161 501 106 362 122 639 156 750 638 125 1139 302 272 117 356 158 132 10443 269 7515 2604 205 1044 158 470 128 415 161 219 124 146 125 237 577 481 577 154 295 1277 176 289 120 253 120 833 10697 593 136 219 304 554 958 3375 1436 427 1594 12206
leaf_count=279508 32976 1372 206 476 170 442 2937 647 904 511 212 170 150 207 608 151 162 738 488 136 3067 135 236 195 86512 1047 2069 157 691 152 400 121 234 858 224 117 131 161 501 106 362 122 639 156 750 638 125 1139 302 272 117 356 158 132 10443 269 7515 2604 205 1044 158 470 128 415 161 219 124 146 125 237 577 481 577 154 295 1277 176 289 120 253 120 833 10697 593 136 219 304 554 958 3375 1436 427 1594 12206
internal_value=0 -0.00270482 -0.00686842 0.0135923 0.00348769 -0.00819131 -0.00691738 -2.04731e-05 -0.0026781 0.00614114 0.00856609 0.0109486 0.00942627 0.0120287 0.0138363 0.00798943 0.000731448 -0.00227156 0.00213446 0.00444584 -0.00830893 -0.00569259 -0.00104555 -0.00026433 -0.0084107 0.00331531 -0.00436564 0.000223183 0.00383774 0.00505418 6.28084e-05 0.0139912 0.0073714 -0.00494993 0.0140612 0.0139826 0.0194453 0.00606122 0.00721688 0.0200489 0.0216523 0.0170262 -0.00396553 0.000436948 0.00521382 0.00351751 0.00370316 -0.000992399 0.00647827 -0.0058599 0.0188896 0.00516857 0.00315229 0.00754702 -0.00831382 -0.00847864 -0.00807466 -0.0053917 0.00329581 0.00383302 0.0301334 -0.00568016 0.0128959 -0.00668857 -0.000614434 0.000134655 0.000614574 -0.0028195 0.00592566 0.00696827 0.00403947 -0.00332906 0.00559157 0.00759595 -0.00601982 -0.00653509 -0.000253497 -0.00107053 0.00349314 0.00447803 0.00358223 0.00476289 -0.008462 -0.00741814 -0.00380633 -0.0026203 -0.00275848 -0.00341593 -0.00820689 -0.00771789 -0.00815104 -0.00873238 -0.00850584 -0.00868145
internal_weight=0 172070 137055 35015 16736 315397 35889 6043 4008 8527 4589 3613 3401 2681 34539 1783 8209 2614 5595 3217 120319 4505 1438 720 115814 3938 3566 1876 848 2730 606 33931 355 2230 33576 33093 483 1515 1308 898 748 484 1303 392 2035 1285 3081 2378 2124 911 268 1147 646 290 29846 113584 27072 5330 2919 2495 264 5061 259 2457 1208 424 1409 270 1972 1270 702 969 1033 456 1987 1692 976 800 2370 1326 1206 953 26909 1497 550 414 1028 858 16212 5769 4811 21742 14227 13800
internal_count=487467 172070 137055 35015 16736 315397 35889 6043 4008 8527 4589 3613 3401 2681 34539 1783 8209 2614 5595 3217 120319 4505 1438 720 115814 3938 3566 1876 848 2730 606 33931 355 2230 33576 33093 483 1515 1308 898 748 484 1303 392 2035 1285 3081 2378 2124 911 268 1147 646 290 29846 113584 27072 5330 2919 2495 264 5061 259 2457 1208 424 1409 270 1972 1270 702 969 1033 456 1987 1692 976 800 2370 1326 1206 953 26909 1497 550 414 1028 858 16212 5769 4811 21742 14227 13800
is_linear=0
shrinkage=0.0951581


Tree=46
num_leaves=24
num_cat=0
split_feature=4 4 0 0 3 0 3 0 0 3 4 4 3 0 3 3 3 0 0 4 0 3 3
split_gain=369.947 81.1431 110.824 17.4018 5.30855 2.87827 2.67286 8.99473 1.33787 2.48701 2.59135 0.423672 0.184524 0.167007 0.135444 0.127621 0.106752 0.237349 0.0282118 0.0223951 0.0125768 0.00082929 0.000203751
threshold=0.15000000223517421 0.25000000745058065 1.5000000000000002 1.5000000000000002 0.15000000223517421 1.5000000000000002 0.15000000223517421 2.5000000000000004 2.5000000000000004 0.15000000223517421 0.35000000894069677 0.35000000894069677 0.15000000223517421 3.5000000000000004 0.15000000223517421 0.25000000745058065 0.35000000894069677 4.5000000000000009 3.5000000000000004 0.35000000894069677 2.5000000000000004 0.25000000745058065 0.25000000745058065
decision_type=2 2 2 2 2 2 2 2 2 2 2 2 2 2 2 2 2 2 2 2 2 2 2
left_child=3 2 4 -1 -2 11 20 -8 14 -10 18 12 -3 21 -7 -15 17 -17 -11 -16 -4 -12 -21
right_child=1 5 6 -5 -6 8 7 -9 9 10 13 -13 -14 15 19 16 -18 -19 -20 22 -22 -23 -24
leaf_value=-9.5673200468082378e-05 0 0.00021291618096503867 0 -0.00016761322474492004 0 0.00022363895816542151 0 9.5673207596285855e-05 -8.6314142709811823e-05 9.5673207596285855e-05 -6.6570817908191771e-05 0.0010564236072051765 9.5673207596285855e-05 0.0015243344949463983 9.5673207596285855e-05 0.00073958942220273254 0.0023591383990840598 -0.0035602170832658535 9.5673207596285855e-05 0.00048982483322709629 0 0.00011822562565410556 0.00088429798524441625
leaf_weight=310726 113386 2798 34831 4671 1992 1364 2491 150 581 2151 243 478 3390 170 4790 167 212 107 215 467 1528 336 223
leaf_count=310726 113386 2798 34831 4671 1992 1364 2491 150 581 2151 243 478 3390 170 4790 167 212 107 215 467 1528 336 223
internal_value=0 -0.00270593 -0.00340547 -0.00819131 -0.00192316 0.00339819 -0.00779077 -0.0048678 0.00245447 0.0037954 0.00472751 0.00495918 0.00517003 0.00119429 0.00163509 0.00223389 0.00144891 0.000208373 0.00657178 0.0014239 -0.00800308 1.64326e-05 0.00193074
internal_weight=0 172070 154378 315397 115378 17692 39000 2641 11026 4182 3601 6666 6188 1235 6844 656 486 274 2366 5480 36359 579 690
internal_count=487467 172070 154378 315397 115378 17692 39000 2641 11026 4182 3601 6666 6188 1235 6844 656 486 274 2366 5480 36359 579 690
is_linear=0
shrinkage=0.0951581


Tree=47
num_leaves=24
num_cat=0
split_feature=4 4 0 0 3 0 3 0 0 3 4 4 0 3 3 0 4 4 0 4 4 0 3
split_gain=367.787 77.4652 110.824 17.4018 5.30855 3.36738 2.67286 8.99473 1.00876 2.14687 1.9406 0.546177 0.388357 0.184524 0.178339 0.167007 0.166462 0.107833 0.251981 0.0589994 0.0259986 0.0125768 0.00082929
threshold=0.15000000223517421 0.25000000745058065 1.5000000000000002 1.5000000000000002 0.15000000223517421 1.5000000000000002 0.15000000223517421 2.5000000000000004 2.5000000000000004 0.15000000223517421 0.35000000894069677 0.35000000894069677 3.5000000000000004 0.15000000223517421 0.15000000223517421 3.5000000000000004 0.45000000298023229 0.59999999403953563 4.5000000000000009 0.45000000298023229 0.35000000894069677 2.5000000000000004 0.25000000745058065
decision_type=2 2 2 2 2 2 2 2 2 2 2 2 2 2 2 2 2 2 2 2 2 2 2
left_child=3 2 4 -1 -2 11 21 -8 14 -10 12 13 -11 -3 -7 22 -17 18 -18 20 -16 -4 -12
right_child=1 5 6 -5 -6 8 7 -9 9 10 15 -13 -14 -15 19 16 17 -19 -20 -21 -22 -23 -24
leaf_value=-8.6569121557402955e-05 0 0.00019265548409922307 0 -0.00015166347061225353 0 0.00020235790231405647 0 8.6569128007299141e-05 -7.810065384884238e-05 8.6569128007299141e-05 -6.0236066102886508e-05 0.00095589635572779024 8.6569128007299141e-05 8.6569128007299141e-05 8.6569128007299141e-05 0.0013784924643998251 0.00066921150625244119 0.0061128199596724529 -0.0023731266760740328 -8.2794440924601457e-05 0.00048133741350791501 0 0.00010697550106379657
leaf_weight=310726 113386 2798 34831 4671 1992 1364 2491 150 581 2151 243 478 215 3390 4790 227 162 116 151 159 531 1528 336
leaf_count=310726 113386 2798 34831 4671 1992 1364 2491 150 581 2151 243 478 215 3390 4790 227 162 116 151 159 531 1528 336
internal_value=0 -0.00272196 -0.00340547 -0.00819131 -0.00192316 0.00324221 -0.00779077 -0.0048678 0.00222145 0.00338582 0.00425185 0.00493063 0.00584784 0.00517003 0.00150996 0.00119429 0.00223389 0.00113125 0.000212811 0.00126761 0.00132159 -0.00800308 1.64326e-05
internal_weight=0 172070 154378 315397 115378 17692 39000 2641 11026 4182 3601 6666 2366 6188 6844 1235 656 429 313 5480 5321 36359 579
internal_count=487467 172070 154378 315397 115378 17692 39000 2641 11026 4182 3601 6666 2366 6188 6844 1235 656 429 313 5480 5321 36359 579
is_linear=0
shrinkage=0.0951581


Tree=48
num_leaves=95
num_cat=0
split_feature=4 2 4 0 2 2 2 4 2 2 2 0 2 2 2 2 2 2 2 2 0 2 0 2 2 2 2 2 2 2 2 0 2 2 2 2 2 2 2 2 2 0 2 2 2 2 0 2 2 2 0 2 2 2 2 2 2 0 4 2 0 2 2 2 2 2 2 2 2 2 2 2 2 2 2 2 2 0 2 2 2 0 4 2 2 2 2 2 0 2 2 2 2 0
split_gain=367.638 1292.3 218.669 17.4018 142.609 127.988 14.8938 14.5088 5.56305 3.61525 10.7375 4.39532 8.47619 11.8167 3.67898 3.03856 4.56714 3.71177 4.80549 2.83111 4.32827 2.60571 2.33194 2.23282 5.27109 1.88807 3.54986 1.85806 3.78769 4.3666 2.45531 2.92303 1.81737 18.0476 3.18845 1.74348 1.6973 4.75449 1.61305 3.03099 2.64552 1.61035 2.13228 1.76226 4.20759 2.95787 1.52322 1.49282 5.97972 1.10237 1.08413 1.05169 1.04906 1.73774 0.987415 1.678 0.970577 1.09799 0.824466 0.753242 1.82123 0.749568 0.814961 1.11713 0.682331 0.6537 1.57561 2.10168 0.62998 0.555479 0.529197 0.504984 0.750748 0.490977 0.487987 0.868963 0.487975 0.666178 0.465457 0.493859 0.463554 0.521939 0.43295 0.502289 1.37727 0.425092 1.75358 0.503818 0.658131 0.401503 0.537256 0.390631 0.38135 0.372952
threshold=0.15000000223517421 0.10458041727542879 0.25000000745058065 1.5000000000000002 0.10594117641448976 0.10458041727542879 0.19101010262966159 0.25000000745058065 0.19012194871902469 0.15460605919361117 0.15629401057958606 2.5000000000000004 0.17660956084728244 0.16505814343690875 0.18897569924592975 0.20240999013185504 0.20071429014205935 0.24515175819396975 0.24171940237283709 0.1067231632769108 1.5000000000000002 0.17006493359804156 1.5000000000000002 0.19699231535196307 0.1981649845838547 0.14379280805587771 0.14586748182773593 0.168457105755806 0.1633739769458771 0.1643650829792023 0.15803226083517077 1.5000000000000002 0.10074627026915552 0.10259784013032915 0.1067231632769108 0.10594117641448976 0.10388386249542238 0.10421099141240121 0.10259784013032915 0.10074627026915552 0.10317540168762208 1.5000000000000002 0.15298574417829516 0.12516666948795321 0.11824583634734155 0.12846482545137408 2.5000000000000004 0.16505814343690875 0.17660956084728244 0.17394282668828967 1.5000000000000002 0.20439612865448001 0.14859127253293994 0.14172885566949847 0.16159114986658099 0.16259328275918963 0.13058389723300937 2.5000000000000004 0.35000000894069677 0.16587346047163012 1.5000000000000002 0.13893597573041919 0.14379280805587771 0.14765568077564242 0.14415185153484347 0.22736185789108279 0.22410600632429126 0.22547236829996112 0.14451952278614047 0.17089758068323138 0.10347852483391763 0.16090353578329089 0.15886382013559344 0.1483045965433121 0.10388386249542238 0.10458041727542879 0.35424640774726873 3.5000000000000004 0.1072077937424183 0.10708020254969598 0.14620192348957065 1.5000000000000002 0.35000000894069677 0.22039676457643512 0.21946247667074206 0.18843366950750354 0.18758561462163928 0.18346994370222094 1.5000000000000002 0.14670995622873309 0.14790198951959613 0.25646600127220159 0.1779797971248627 4.5000000000000009
decision_type=2 2 2 2 2 2 2 2 2 2 2 2 2 2 2 2 2 2 2 2 2 2 2 2 2 2 2 2 2 2 2 2 2 2 2 2 2 2 2 2 2 2 2 2 2 2 2 2 2 2 2 2 2 2 2 2 2 2 2 2 2 2 2 2 2 2 2 2 2 2 2 2 2 2 2 2 2 2 2 2 2 2 2 2 2 2 2 2 2 2 2 2 2 2
left_child=3 7 19 32 5 -5 8 36 9 41 22 14 13 -13 27 16 23 18 51 20 -3 -15 -11 -8 -25 -21 50 28 30 -30 31 -12 -1 -34 74 -22 38 -38 39 -2 -40 42 43 44 -4 -45 73 -48 -49 69 64 -17 53 -47 71 -56 -43 61 91 -31 -61 -58 -63 -64 -27 66 82 -68 -66 -29 -42 72 -32 80 -35 -76 77 -60 79 -6 -28 89 83 84 -53 86 87 88 92 -82 -91 -19 -51 -78
right_child=1 2 6 4 78 -7 15 -9 -10 10 11 12 -14 21 -16 17 -18 58 -20 25 35 -23 -24 24 -26 26 46 49 29 59 54 -33 33 34 -36 -37 37 -39 40 -41 70 56 -44 45 -46 52 47 48 -50 85 -52 65 -54 -55 55 -57 57 -59 76 60 -62 62 63 -65 68 -67 67 -69 -70 -71 -72 -73 -74 -75 75 -77 93 -79 -80 -81 81 -83 -84 -85 -86 -87 -88 -89 -90 90 -92 -93 -94 -95
leaf_value=-7.833136939660092e-05 0.00023629803662762906 0 0.00017432275642591897 -1.5490574402115776e-05 -0.00028293502332107722 0.00045330534883290319 -0.00020907112546843704 0.00041062079305355864 0.00016564766823595092 7.8331375232735989e-05 0.00027676764785109626 -0.003612816775214165 0.00042565277009434354 7.8331375232735989e-05 7.8331375232735989e-05 7.8331375232735989e-05 -0.00020907112546843704 -0.00020907112546843704 1.3245945089193429e-05 0 -0.0035464273601010432 7.8331375232735989e-05 7.8331375232735989e-05 7.8082035521210053e-05 0.00043553474688672701 0 0 0.00082801765773955359 7.8331375232735989e-05 7.8331375232735989e-05 -9.398208709822476e-05 7.8331375232735989e-05 0.00023929591526649659 -0.00011833883801772938 -0.0003404551713844183 0.00016543502859582866 -2.3162566729414899e-05 2.5101696969557333e-05 2.2391420099584598e-05 -0.00015942740006122687 0.00012298417627728598 -0.00052454574192683644 -0.00012551756052613092 0.00017432275642591897 -0.00046527786308409752 0.00017432275642591897 0 7.8331375232735989e-05 0 7.8331375232735989e-05 0 7.8331375232735989e-05 0.00017432275642591897 -0.00037130443342963098 0.00018310191106621153 -0.00048682986049333456 0.00047352559905699328 -7.0668744890672956e-05 -5.450411717270921e-05 7.8331375232735989e-05 7.8331375232735989e-05 -0.0022512045081046136 0.00016994862276991344 0.00016969301702490108 0 7.8331375232735989e-05 7.8331375232735989e-05 7.8331375232735989e-05 0 -0.00035563558628148308 0.00037612837109092019 -3.4943220921323763e-05 0.00017361925873051322 0 -0.00027350475200123319 -0.00061571805928682991 -0.0010164840771055607 0.00075402150946102351 -0.00024317689844966539 -0.00022949790444254801 0 0 -0.0011367613780896776 -1.9544627346697985e-05 7.8331375232735989e-05 -0.0019432068761420025 7.8331375232735989e-05 -0.00032692703679653833 7.8331375232735989e-05 0 0 -0.00020907112546843704 7.8331375232735989e-05 0.0023604694967887239
leaf_weight=279508 33104 1649 218 291 194 295 1028 956 130 139 159 179 363 183 125 162 738 488 136 87108 341 213 172 157 691 195 550 223 149 212 207 142 412 1351 24200 240 121 234 224 117 131 351 150 115 283 404 466 117 345 156 1181 1169 222 336 139 119 139 245 712 183 221 155 127 353 634 790 140 166 1134 292 128 179 351 24036 1023 4232 257 290 3780 111 321 826 281 253 120 140 162 331 388 926 250 481 172 150
leaf_count=279508 33104 1649 218 291 194 295 1028 956 130 139 159 179 363 183 125 162 738 488 136 87108 341 213 172 157 691 195 550 223 149 212 207 142 412 1351 24200 240 121 234 224 117 131 351 150 115 283 404 466 117 345 156 1181 1169 222 336 139 119 139 245 712 183 221 155 127 353 634 790 140 166 1134 292 128 179 351 24036 1023 4232 257 290 3780 111 321 826 281 253 120 140 162 331 388 926 250 481 172 150
internal_value=0 -0.00272307 -0.00689134 -0.00819131 -0.00242632 0.0414733 0.00330005 0.0135923 0.00608534 0.00578292 0.00729264 0.00622305 0.0120926 0.0192799 0.00486363 0.000406874 -0.00227156 0.00165825 0.0037655 -0.00830893 -0.00494993 0.0284513 0.0244474 0.000223183 0.00383774 -0.00837236 -0.00773434 0.00435181 0.00632078 0.0116304 0.00318662 0.0107171 -0.00827797 -0.00758936 -0.00785396 0.0021128 0.0139168 0.0073714 0.0139857 0.0139064 0.0194453 0.0032006 0.00513237 0.00616296 0.00150049 0.00833185 -0.00807666 -0.00428622 -0.000453136 0.00217475 -0.00470343 0.0029928 0.00660765 0.00488649 0.000908542 0.00597504 0.000764041 0.00225055 -0.00119248 0.00809461 0.0105051 0.00400795 0.00262246 0.00455966 -0.00607403 0.00257862 0.00344607 0.00976459 -0.00666322 -0.00157057 0.0128959 -0.000865076 0.000545707 -0.00820738 -0.00600104 -0.00558635 0.000276895 0.00140553 -0.0087238 -0.0051479 -0.0070317 -0.00644355 0.00238547 0.00301149 0.00377236 0.00360458 0.0041794 0.00275386 0.00417313 -0.00538403 -0.00619822 -0.00332906 0.00731092 -0.0025017
internal_weight=0 172070 137055 315397 4671 586 16736 35015 8527 8397 5299 4988 938 575 4050 8209 2614 5595 3217 120319 2230 396 311 1876 848 118089 30981 3925 2061 765 1296 301 310726 31218 30806 581 34059 355 33704 33221 483 3098 1728 1578 501 1077 27837 928 462 1864 3144 3081 962 740 995 258 1370 1019 2378 616 404 774 635 480 1963 2919 2129 306 1768 515 259 737 558 26909 6606 5255 1409 1002 4085 305 2873 2323 1823 1542 1289 1349 1209 1047 716 1497 1176 969 328 407
internal_count=487467 172070 137055 315397 4671 586 16736 35015 8527 8397 5299 4988 938 575 4050 8209 2614 5595 3217 120319 2230 396 311 1876 848 118089 30981 3925 2061 765 1296 301 310726 31218 30806 581 34059 355 33704 33221 483 3098 1728 1578 501 1077 27837 928 462 1864 3144 3081 962 740 995 258 1370 1019 2378 616 404 774 635 480 1963 2919 2129 306 1768 515 259 737 558 26909 6606 5255 1409 1002 4085 305 2873 2323 1823 1542 1289 1349 1209 1047 716 1497 1176 969 328 407
is_linear=0
shrinkage=0.0951581


Tree=49
num_leaves=95
num_cat=0
split_feature=4 2 4 3 2 2 2 2 2 3 2 2 2 2 4 2 3 2 2 2 2 2 2 2 2 2 2 2 2 2 2 2 2 2 2 2 2 2 2 2 2 2 2 2 2 2 2 2 2 2 2 2 2 2 2 2 2 2 2 2 2 2 2 2 4 2 2 2 2 2 2 4 2 4 2 2 2 2 2 2 2 2 2 2 2 2 2 2 2 2 2 2 2 2
split_gain=366.375 1293.79 215.043 16.7155 12.8964 7.25806 38.1721 9.28354 10.1695 6.86579 10.0079 15.2526 9.36683 9.44696 5.10239 4.17917 3.53805 5.03734 13.0689 3.27988 4.56714 3.19211 4.80549 3.00748 2.97179 2.65498 2.35034 2.23282 5.27109 1.73616 4.75449 1.63814 2.72923 1.57469 1.56888 3.06133 2.64552 1.38776 4.3608 1.37168 1.84386 1.20009 5.97238 1.15014 1.10796 3.06609 1.05169 0.974279 0.825529 0.75924 0.70705 1.03195 1.45058 0.663039 0.6537 1.57561 2.10168 0.64061 5.27577 0.921473 0.53627 0.529197 0.513027 0.45174 0.43295 0.502289 1.37727 0.416026 0.931104 0.871751 0.824043 0.3998 0.379397 0.488968 0.334165 0.459798 0.327051 0.405208 0.30695 0.302319 0.340924 0.293108 0.283297 0.248051 0.247671 0.285588 0.236506 0.600298 0.235566 0.23329 1.56601 0.37598 1.00025 0.231301
threshold=0.15000000223517421 0.10458041727542879 0.25000000745058065 0.15000000223517421 0.19101010262966159 0.10074627026915552 0.10594117641448976 0.10504237189888956 0.10259784013032915 0.15000000223517421 0.15460605919361117 0.15629401057958606 0.16259328275918963 0.17089758068323138 0.25000000745058065 0.18897569924592975 0.15000000223517421 0.1583974361419678 0.16013698279857638 0.20240999013185504 0.20071429014205935 0.24515175819396975 0.24171940237283709 0.1067231632769108 0.15724790096282962 0.10388386249542238 0.16259328275918963 0.19699231535196307 0.1981649845838547 0.10388386249542238 0.10421099141240121 0.12516666948795321 0.11630280315876008 0.10594117641448976 0.10259784013032915 0.10074627026915552 0.10317540168762208 0.17394282668828967 0.17517123371362689 0.16587346047163012 0.16928205639123919 0.168457105755806 0.1643650829792023 0.12782331556081775 0.10559467971324922 0.10533428192138673 0.20439612865448001 0.25920708477497106 0.19101010262966159 0.19012194871902469 0.18346994370222094 0.18758561462163928 0.18843366950750354 0.1072077937424183 0.22736185789108279 0.22410600632429126 0.22547236829996112 0.14379280805587771 0.1483045965433121 0.14415185153484347 0.14586748182773593 0.10347852483391763 0.14620192348957065 0.18346994370222094 0.35000000894069677 0.22039676457643512 0.21946247667074206 0.14551208168268207 0.15220635384321216 0.15529115498065951 0.14895787835121158 0.35000000894069677 0.38397435843944555 0.59999999403953563 0.14790198951959613 0.14670995622873309 0.15220635384321216 0.14741302281618121 0.20745369791984561 0.15886382013559344 0.16013698279857638 0.11441558599472047 0.10347852483391763 0.1613835692405701 0.19238026440143588 0.19344085454940799 0.11156633123755456 0.11203448474407197 0.1139211878180504 0.15339080244302752 0.15392307937145236 0.15629401057958606 0.15563492476940158 0.11259920522570611
decision_type=2 2 2 2 2 2 2 2 2 2 2 2 2 2 2 2 2 2 2 2 2 2 2 2 2 2 2 2 2 2 2 2 2 2 2 2 2 2 2 2 2 2 2 2 2 2 2 2 2 2 2 2 2 2 2 2 2 2 2 2 2 2 2 2 2 2 2 2 2 2 2 2 2 2 2 2 2 2 2 2 2 2 2 2 2 2 2 2 2 2 2 2 2 2
left_child=5 3 16 14 9 -1 7 8 -7 26 76 -12 24 39 29 37 23 -18 -19 20 27 22 46 33 -13 82 31 84 -29 34 -31 32 -4 -3 35 -2 -36 -15 -39 -14 -41 42 -20 -33 45 -9 -21 71 -43 -17 -40 -52 -53 -8 55 64 -57 -25 59 -59 -61 -38 -62 -28 65 66 78 -45 70 -70 -69 -23 -49 -74 75 -64 77 -11 -48 -26 -81 86 -10 -82 -6 -86 -55 -88 93 -60 -91 92 -92 -89
right_child=1 2 4 -5 19 6 53 44 25 10 11 12 13 15 -16 49 17 18 41 21 -22 47 -24 57 79 -27 63 28 -30 30 -32 43 -34 -35 36 -37 61 38 50 40 -42 48 -44 67 -46 -47 54 72 -50 -51 51 52 -54 81 -56 56 -58 58 89 60 62 -63 74 -65 -66 -67 -68 68 69 -71 -72 -73 73 -75 -76 -77 -78 -79 -80 80 83 -83 -84 -85 85 -87 87 88 -90 90 91 -93 -94 -95
leaf_value=-7.0877505987838386e-05 0.00021381236706319895 0 0.00015773453608141063 -0.00021703898907210437 0.00011154956837844477 0.00021652497330018906 -0.0002560114672331892 5.5405134162386843e-05 -0.00019486211641796296 0.00022555632328104735 7.0877511268619108e-05 7.0877511268619108e-05 7.0877511268619108e-05 -0.00032179398356398293 0.00037154690314462278 7.0877511268619108e-05 0 0.00087400370965363993 0 7.0877511268619108e-05 -0.00018917631673519731 -0.00018917631673519731 1.1985486269499659e-05 0 -8.5038931303850127e-05 -0.00024747856250947615 -0.00044050406137380733 7.0651898247512787e-05 0.00039409009274533397 -2.0958461146590194e-05 2.2713067459048439e-05 0.00015773453608141063 -0.00042100291084892858 0 2.026069535627742e-05 -0.00014425659336111927 0.00011128123710398053 7.0877511268619108e-05 7.0877511268619108e-05 7.0877511268619108e-05 7.0877511268619108e-05 0 7.0877511268619108e-05 0.00015773453608141063 5.5405134162386843e-05 -0.00055712750549482995 7.0877511268619108e-05 4.5313596412259123e-05 0 2.6943747466062613e-05 -0.00029581728478167364 7.0877511268619108e-05 -0.0017582950235686728 -0.00022003664954079063 7.0877511268619108e-05 7.0877511268619108e-05 7.0877511268619108e-05 6.2464531004660141e-05 0 0 0 0.00034033671413574658 0 0.0018750660717183972 -0.0010285893378724792 -1.7684797961104621e-05 7.0877511268619108e-05 0.00015377663662448376 -0.0012288971060801044 0.0001910567805883587 0.00015773453608141063 0.00024591233645959379 -0.0029613518258416204 0.0016692163106474937 0 0 0.00024227446099875293 -0.00018816592483725472 7.0877511268619108e-05 0.0010479696872281569 -3.1618090800194513e-05 -0.00022003664954079063 -1.4016520946825841e-05 -1.9066392195785408e-06 -0.0021096236558751755 -0.00018917631673519731 -0.00022003664954079063 -0.00019384470345466329 -0.00022003664954079063 0 0 0 0 -0.00030805810793646884
leaf_weight=279508 32976 1372 206 476 170 442 2937 647 904 511 212 170 337 207 608 151 3067 135 236 162 738 575 136 86512 195 2069 1047 157 691 121 234 152 400 858 224 117 131 161 501 362 122 639 156 797 750 638 125 1383 272 117 356 158 132 10443 790 140 166 269 7515 2604 470 128 415 161 281 253 120 236 156 577 206 150 124 146 295 1277 176 289 1044 147 161 10697 593 124 304 554 958 1640 1436 427 1284 12206 310 1735
leaf_count=279508 32976 1372 206 476 170 442 2937 647 904 511 212 170 337 207 608 151 3067 135 236 162 738 575 136 86512 195 2069 1047 157 691 121 234 152 400 858 224 117 131 161 501 362 122 639 156 797 750 638 125 1383 272 117 356 158 132 10443 790 140 166 269 7515 2604 470 128 415 161 281 253 120 236 156 577 206 150 124 146 295 1277 176 289 1044 147 161 10697 593 124 304 554 958 1640 1436 427 1284 12206 310 1735
internal_value=0 -0.00273247 -0.00690314 0.0135923 0.0032034 -0.00819131 -0.00691738 -2.04731e-05 -0.0026781 0.00579519 0.00829652 0.0106062 0.00906254 0.0118253 0.0138363 0.00793606 -0.00830893 -0.00569259 -0.00104555 0.000511201 -0.00227156 0.00181132 0.0037655 -0.0084107 3.58163e-05 -0.00436564 0.00288035 0.000223183 0.00383774 0.0139912 0.0073714 0.00442677 6.28084e-05 -0.00494993 0.0140612 0.0139826 0.0194453 0.00599841 0.00714413 0.0202718 0.0170262 -0.00396553 0.000436948 0.00567185 0.00521382 0.00351751 0.0029928 -0.000832335 -0.0058599 0.0188896 0.0050856 0.00300499 0.00721889 -0.00831382 0.00257862 0.00344607 0.00976459 -0.00847864 -0.00807466 -0.0053917 -0.00568016 0.0128959 -0.00668857 -0.000614434 0.00238547 0.00301149 0.00377236 0.00505708 0.0061954 0.00411529 0.00964498 -0.0037407 0.000443263 -0.0028195 -0.00601982 -0.00653509 -0.000253497 -0.00107053 0.00277578 -0.00298982 -0.00158597 -0.008462 -0.00741814 -0.00350583 -0.00275848 -0.00341593 -0.00820689 -0.00771789 -0.00815104 -0.00873238 -0.00850584 -0.00868145 -0.007307 -0.00858538
internal_weight=0 172070 137055 35015 16736 315397 35889 6043 4008 8527 4589 3613 3401 2604 34539 1783 120319 4505 1438 8209 2614 5595 3217 115814 797 3566 3938 1876 848 33931 355 2730 606 2230 33576 33093 483 1515 1308 821 484 1303 392 2124 2035 1285 3081 2378 911 268 1147 646 290 29846 2919 2129 306 113584 27072 5330 5061 259 2457 1208 1823 1542 1289 1972 1175 733 442 725 1653 270 1987 1692 976 800 1169 627 432 26909 1497 285 1028 858 16212 5769 4811 21742 14227 13800 1594 3375
internal_count=487467 172070 137055 35015 16736 315397 35889 6043 4008 8527 4589 3613 3401 2604 34539 1783 120319 4505 1438 8209 2614 5595 3217 115814 797 3566 3938 1876 848 33931 355 2730 606 2230 33576 33093 483 1515 1308 821 484 1303 392 2124 2035 1285 3081 2378 911 268 1147 646 290 29846 2919 2129 306 113584 27072 5330 5061 259 2457 1208 1823 1542 1289 1972 1175 733 442 725 1653 270 1987 1692 976 800 1169 627 432 26909 1497 285 1028 858 16212 5769 4811 21742 14227 13800 1594 3375
is_linear=0
shrinkage=0.0951581


Tree=50
num_leaves=95
num_cat=0
split_feature=3 2 0 2 2 2 2 0 2 2 2 2 2 2 2 2 2 2 2 2 2 2 2 2 2 2 2 2 2 2 0 2 2 2 0 2 2 2 2 2 2 2 2 2 2 2 2 2 0 0 2 2 2 2 2 2 2 2 2 0 2 2 0 2 2 0 2 2 2 2 2 2 2 2 0 2 2 2 2 0 0 2 0 2 2 2 2 2 0 2 3 0 2 2
split_gain=102.899 61.988 88.7106 25.7933 16.2804 39.7488 13.4444 10.5951 18.7117 16.3136 9.8161 7.2667 4.95556 4.53548 12.7999 4.00562 4.27332 3.93623 4.12374 3.48345 4.46921 3.3884 7.58514 3.73636 3.25612 2.21671 1.95932 4.8089 4.60318 3.85526 3.67091 2.03693 1.62306 1.26742 1.19618 2.94784 1.11372 0.962679 0.890568 1.74812 0.797484 0.75022 0.732714 1.11681 0.884598 0.694868 1.49681 2.28844 0.683951 0.592159 2.35143 0.944546 0.579369 1.82884 0.723661 0.558729 1.64999 0.529455 0.494001 0.450586 0.531133 0.441545 0.709675 0.414051 0.393564 0.362532 0.956867 0.361419 0.350014 0.338484 0.334334 0.628345 0.300033 0.696035 1.90753 0.342709 0.739657 0.271369 0.268408 0.25279 0.614907 0.529777 0.408419 0.241697 0.233994 1.19072 0.217917 0.265808 0.210466 0.202779 0.22067 0.196806 0.315899 0.222815
threshold=0.15000000223517421 0.1067231632769108 1.5000000000000002 0.15460605919361117 0.10458041727542879 0.10594117641448976 0.19101010262966159 2.5000000000000004 0.17660956084728244 0.16505814343690875 0.18897569924592975 0.15629401057958606 0.168457105755806 0.10074627026915552 0.10317540168762208 0.20240999013185504 0.20071429014205935 0.14379280805587771 0.1483045965433121 0.24515175819396975 0.24171940237283709 0.10504237189888956 0.10533428192138673 0.10559467971324922 0.10458041727542879 0.15529115498065951 0.16928205639123919 0.1633739769458771 0.16370223462581637 0.16013698279857638 1.5000000000000002 0.17394282668828967 0.10259784013032915 0.10421099141240121 1.5000000000000002 0.19699231535196307 0.25920708477497106 0.20439612865448001 0.15886382013559344 0.15803226083517077 0.14415185153484347 0.14013888686895373 0.15339080244302752 0.15392307937145236 0.19238026440143588 0.22736185789108279 0.22410600632429126 0.22547236829996112 1.5000000000000002 1.5000000000000002 0.14586748182773593 0.14451952278614047 0.18843366950750354 0.18758561462163928 0.18346994370222094 0.10347852483391763 0.10388386249542238 0.10559467971324922 0.14926454424858096 1.5000000000000002 0.15298574417829516 0.17660956084728244 1.5000000000000002 0.14790198951959613 0.14503520727157596 2.5000000000000004 0.17089758068323138 0.15188746154308322 0.15803226083517077 0.16159114986658099 0.15954913944005969 0.15886382013559344 0.15563492476940158 0.15629401057958606 1.5000000000000002 0.15724790096282962 0.15803226083517077 0.10594117641448976 0.15092624723911288 2.5000000000000004 3.5000000000000004 0.32517604529857641 1.5000000000000002 0.11547008529305459 0.22039676457643512 0.21946247667074206 0.14926454424858096 0.14895787835121158 1.5000000000000002 0.27303031086921697 0.25000000745058065 2.5000000000000004 0.2385164871811867 0.23357842862606051
decision_type=2 2 2 2 2 2 2 2 2 2 2 2 2 2 2 2 2 2 2 2 2 2 2 2 2 2 2 2 2 2 2 2 2 2 2 2 2 2 2 2 2 2 2 2 2 2 2 2 2 2 2 2 2 2 2 2 2 2 2 2 2 2 2 2 2 2 2 2 2 2 2 2 2 2 2 2 2 2 2 2 2 2 2 2 2 2 2 2 2 2 2 2 2 2
left_child=1 2 13 41 55 21 7 10 9 -9 11 25 -11 -1 32 16 34 83 40 20 37 -6 -23 -24 33 -5 27 29 -29 30 68 -28 -15 -16 35 -8 -21 -17 39 -32 -19 -2 86 48 65 46 84 -48 -44 51 -51 -42 53 54 61 -4 -57 -26 -43 60 67 -33 -63 64 -53 70 -67 78 -13 88 71 72 -45 74 -74 -75 -77 -59 -60 82 89 -82 -38 -3 85 -39 87 -20 -31 -81 -91 92 -47 -93
right_child=3 17 4 6 5 -7 15 8 -10 12 -12 26 -14 14 24 19 -18 18 42 36 -22 22 23 -25 57 -27 31 28 -30 69 38 52 -34 -35 -36 -37 79 45 -40 -41 49 58 43 44 -46 91 47 -49 -50 50 -52 63 -54 -55 -56 56 -58 77 59 -61 -62 62 -64 -65 -66 66 -68 -69 -70 -71 -72 -73 73 75 -76 76 -78 -79 -80 80 81 -83 -84 -85 -86 -87 -88 -89 -90 90 -92 93 -94 -95
leaf_value=-6.4132937975600919e-05 0 0 1.8332726307408456e-05 6.4132942753873111e-05 0.00026754298602016732 0.00014969254744584795 -0.00017117465997904362 0.00068476744235362657 -8.0689937113877491e-05 6.4132942753873111e-05 6.4132942753873111e-05 -0.00011189363784964996 6.4132942753873111e-05 0.00019592087065270426 -0.00010574415500964237 6.4132942753873111e-05 -0.00017117465997904362 -1.2959136904614272e-05 0 -0.00017117465997904362 1.0844970302157747e-05 5.0132887483031428e-05 0.0004631848668411092 5.0132887483031428e-05 0 6.4132942753873111e-05 0 6.4132942753873111e-05 6.4132942753873111e-05 -0.00082530513397876149 6.4132942753873111e-05 -0.00036100610909407273 1.8332726307408456e-05 2.0551735367730614e-05 0 6.3928798636674156e-05 -0.0018678257322603364 6.4132942753873111e-05 0.0005766561996537595 0.00079083518699542548 0 0 0.0042758987887583149 0 0 6.4132942753873111e-05 6.4132942753873111e-05 6.4132942753873111e-05 0 0 0 0 -0.00035199319429386489 6.4132942753873111e-05 -3.6334073755030039e-05 -1.2682735601204317e-05 1.1741763009017959e-05 0 -0.00017026041504309696 0 -0.00013662792403512002 6.4132942753873111e-05 6.4132942753873111e-05 -0.00035060490401395811 0 0 0.00042706599058944713 0.00021922008631301544 8.8190844493512203e-06 -1.7252070753190652e-06 0 0 0 0 0.0057717736578979748 0 0 0 0 0.0043800791780918618 0.00066967565421729286 -0.0014260336336020391 4.1001641178761936e-05 0 0.00037851552461206256 6.4132942753873111e-05 0 0 0 -0.0017030420557645563 -0.00024104940871922843 -0.00015170012113293851 -0.0038784111262906034 0.00060388225774674347
leaf_weight=313058 1148 35151 178 108 150 431 437 133 347 115 218 140 231 522 1612 162 738 291 539 723 138 157 158 171 2806 246 438 120 614 108 157 194 637 783 1319 232 139 1376 150 160 673 1448 226 1315 3053 424 136 166 218 991 926 335 144 168 332 128 206 920 278 943 153 188 266 215 2219 421 199 116 129 204 9069 213 228 931 106 181 574 2191 117 126 195 362 364 79882 299 128 7585 236 185 181 275 120 133 111
leaf_count=313058 1148 35151 178 108 150 431 437 133 347 115 218 140 231 522 1612 162 738 291 539 723 138 157 158 171 2806 246 438 120 614 108 157 194 637 783 1319 232 139 1376 150 160 673 1448 226 1315 3053 424 136 166 218 991 926 335 144 168 332 128 206 920 278 943 153 188 266 215 2219 421 199 116 129 204 9069 213 228 931 106 181 574 2191 117 126 195 362 364 79882 299 128 7585 236 185 181 275 120 133 111
internal_value=0 -0.0065336 -0.0058006 0.000881111 0.0166994 0.0233927 0.00292394 0.00677032 0.0166354 0.0288255 0.00486155 0.00380303 0.0397134 -0.00591075 -0.00385917 0.000558265 -0.00242957 -0.00816328 -0.00720681 0.00202369 0.00407394 0.0385121 0.0423708 0.0341586 -0.00516547 0.0168274 0.00255591 0.00461035 0.0107085 0.000980134 0.00535264 0.000220016 0.00550915 -0.00220513 -0.000134028 0.00314349 -0.000744368 0.00331729 0.0104531 0.00759463 -0.00488422 -0.00562164 -0.00772975 -0.00736631 -0.00749465 0.00291757 0.00381988 0.01002 -0.00265757 -0.00514767 -0.00380732 -0.00589416 0.00212117 0.00283485 0.0012623 0.00275066 0.000455845 -0.00636371 -0.00640098 -0.00525235 -0.00335347 0.00311319 0.00473694 -0.00511703 -0.00545464 -0.00715789 -0.00491139 -0.00188082 -0.0035021 -0.00549505 -0.00726828 -0.00648513 -0.00680516 -0.00607693 -0.0021083 -0.00686312 -0.00535658 -0.00550883 -0.00325224 0.000625885 -0.000158738 0.00210133 0.0024026 -0.00841891 0.00278138 0.00326473 -0.00845723 -0.00693733 -0.00756718 -0.00232173 -0.00325541 0.000507186 -0.000461271 0.00284238
internal_weight=0 469885 324108 17582 1579 1067 13379 5095 826 479 4269 4051 346 322529 9471 8284 2726 145777 30744 5558 3193 636 486 329 8312 354 3697 1967 734 1233 736 1730 1159 2395 1988 669 2365 3055 467 317 5650 4203 25094 16734 16290 2893 2105 302 444 5359 1917 3442 1292 1148 980 512 334 5917 3055 1607 664 648 454 2769 2554 13237 620 511 269 497 12617 3548 3335 2020 334 1686 755 3111 395 1642 1139 557 503 115033 1803 1504 8360 775 293 582 456 788 557 231
internal_count=487467 469885 324108 17582 1579 1067 13379 5095 826 479 4269 4051 346 322529 9471 8284 2726 145777 30744 5558 3193 636 486 329 8312 354 3697 1967 734 1233 736 1730 1159 2395 1988 669 2365 3055 467 317 5650 4203 25094 16734 16290 2893 2105 302 444 5359 1917 3442 1292 1148 980 512 334 5917 3055 1607 664 648 454 2769 2554 13237 620 511 269 497 12617 3548 3335 2020 334 1686 755 3111 395 1642 1139 557 503 115033 1803 1504 8360 775 293 582 456 788 557 231
is_linear=0
shrinkage=0.0951581


Tree=51
num_leaves=95
num_cat=0
split_feature=4 2 4 3 2 3 2 2 2 2 2 2 2 2 4 2 3 2 2 2 2 2 2 2 2 2 2 2 2 2 2 2 2 2 2 2 2 2 2 2 2 2 2 2 2 2 4 2 2 2 2 2 2 2 2 2 2 2 2 2 2 2 2 2 2 2 2 2 2 2 4 2 2 2 2 2 2 2 2 2 2 2 2 2 2 2 2 2 2 2 2 2 2 2
split_gain=365.708 1292 214.165 16.6847 12.7897 7.28341 10.1052 15.1878 9.00768 10.9481 7.25806 38.1721 9.28354 10.1695 6.25014 4.17917 3.59325 5.13548 13.0076 3.25261 4.56714 3.24792 4.80549 3.24097 3.00748 2.65498 2.53805 2.23282 5.27109 2.19064 1.84386 1.73616 4.75449 1.57469 1.56888 3.06133 2.64552 1.50991 2.72923 1.38776 4.3608 1.29441 5.77336 1.21565 1.10796 3.06609 1.09004 1.05169 0.825529 0.812511 0.75924 0.70705 1.03195 1.45058 0.663039 0.6537 1.57561 2.10168 0.64061 5.27577 0.921473 0.611075 0.931104 0.871751 0.824043 0.536382 0.53627 0.529197 0.513027 0.45174 0.43295 0.502289 1.37727 0.390631 0.363525 0.334165 0.459798 0.327051 0.405208 0.30695 0.293108 0.283297 0.247671 0.285588 0.236506 0.600298 0.235566 0.23329 1.56601 0.37598 1.00025 0.23246 0.4764 0.231301
threshold=0.15000000223517421 0.10458041727542879 0.25000000745058065 0.15000000223517421 0.19101010262966159 0.15000000223517421 0.15460605919361117 0.15629401057958606 0.1633739769458771 0.17089758068323138 0.10074627026915552 0.10594117641448976 0.10504237189888956 0.10259784013032915 0.25000000745058065 0.18897569924592975 0.15000000223517421 0.1583974361419678 0.16013698279857638 0.20240999013185504 0.20071429014205935 0.24515175819396975 0.24171940237283709 0.16587346047163012 0.1067231632769108 0.10388386249542238 0.15724790096282962 0.19699231535196307 0.1981649845838547 0.16259328275918963 0.16928205639123919 0.10388386249542238 0.10421099141240121 0.10594117641448976 0.10259784013032915 0.10074627026915552 0.10317540168762208 0.12516666948795321 0.11630280315876008 0.17394282668828967 0.17517123371362689 0.168457105755806 0.1643650829792023 0.12782331556081775 0.10559467971324922 0.10533428192138673 0.35000000894069677 0.20439612865448001 0.19101010262966159 0.16159114986658099 0.19012194871902469 0.18346994370222094 0.18758561462163928 0.18843366950750354 0.1072077937424183 0.22736185789108279 0.22410600632429126 0.22547236829996112 0.14379280805587771 0.1483045965433121 0.14415185153484347 0.14551208168268207 0.15220635384321216 0.15529115498065951 0.14895787835121158 0.1643650829792023 0.14586748182773593 0.10347852483391763 0.14620192348957065 0.18346994370222094 0.35000000894069677 0.22039676457643512 0.21946247667074206 0.25646600127220159 0.14216374605894092 0.14790198951959613 0.14670995622873309 0.15220635384321216 0.14741302281618121 0.20745369791984561 0.11441558599472047 0.10347852483391763 0.19238026440143588 0.19344085454940799 0.11156633123755456 0.11203448474407197 0.1139211878180504 0.15339080244302752 0.15392307937145236 0.15629401057958606 0.15563492476940158 0.15886382013559344 0.16013698279857638 0.11259920522570611
decision_type=2 2 2 2 2 2 2 2 2 2 2 2 2 2 2 2 2 2 2 2 2 2 2 2 2 2 2 2 2 2 2 2 2 2 2 2 2 2 2 2 2 2 2 2 2 2 2 2 2 2 2 2 2 2 2 2 2 2 2 2 2 2 2 2 2 2 2 2 2 2 2 2 2 2 2 2 2 2 2 2 2 2 2 2 2 2 2 2 2 2 2 2 2 2
left_child=10 3 16 14 5 29 77 -8 26 23 -1 12 13 -12 31 39 24 -18 -19 20 27 22 47 65 33 81 -9 82 -29 37 -25 34 -33 -3 35 -2 -36 38 -4 -11 -41 42 -20 -39 45 -14 73 -21 -43 91 -17 -42 -53 -54 -13 56 70 -58 -26 60 -60 74 64 -64 -63 -10 -62 -38 -68 -31 71 72 79 -23 -45 76 -70 78 -7 -49 84 -15 -6 -84 -56 -86 93 -61 -89 90 -90 -28 -93 -87
right_child=1 2 4 -5 19 6 7 8 9 15 11 54 44 25 -16 50 17 18 41 21 -22 46 -24 30 58 -27 49 28 -30 69 -32 32 -34 -35 36 -37 67 43 -40 40 51 48 -44 61 -46 -47 -48 55 -50 -51 -52 52 53 -55 80 -57 57 -59 59 87 66 62 63 -65 -66 -67 68 -69 75 -71 -72 -73 -74 -75 -76 -77 -78 -79 -80 -81 -82 -83 83 -85 85 86 -88 88 89 -91 -92 92 -94 -95
leaf_value=-5.8030170165524993e-05 0.00019956915865110554 0 0.00014272481908230355 -0.00019638597366612522 0.00011722337814264763 0.00020409281462965254 5.8030174489105678e-05 5.8030174489105678e-05 5.8030174489105678e-05 -0.00029117268308469137 0.00017727741503561749 -0.00024589436201765828 4.5362337721628072e-05 -0.00016625699813266792 0.00034229397773341964 5.8030174489105678e-05 0 0.00071558082200582262 0 5.8030174489105678e-05 -0.00015488600647593564 -0.00015488600647593564 9.8129836545700355e-06 5.8030174489105678e-05 0 -0.00021386656377204752 -0.00013397669392531896 5.7845456335951468e-05 0.00035658923268507551 -0.0003985865367629315 5.8030174489105678e-05 -8.9016823409036382e-06 1.8596071507593073e-05 0 1.6588219108589854e-05 -0.0001491728672499891 0.00011075433895407725 0.00014272481908230355 -0.00038094107845237089 5.8030174489105678e-05 5.8030174489105678e-05 0 5.8030174489105678e-05 0.00014272481908230355 4.5362337721628072e-05 -0.00050411231682632378 0.00030635041483775664 5.8030174489105678e-05 0 0.0021230661231002291 1.82770636859775e-05 -0.00026421039629447913 5.8030174489105678e-05 -0.0015574840298347688 -0.00019909838249359106 5.8030174489105678e-05 5.8030174489105678e-05 5.8030174489105678e-05 5.7753692314345359e-05 0 0 0.00013914354577355964 -0.0011119576060725572 0.00017287618248578994 0.00014272481908230355 5.8030174489105678e-05 0 0.00031801333455093819 0 0.0016966383678667023 -0.00093681351053409134 -5.2020760307467863e-05 5.8030174489105678e-05 -0.00015488600647593564 -1.1725970203629984e-05 0 0 0.00019835952186199419 -0.00016702019515058556 5.8030174489105678e-05 -0.00019909838249359106 -1.147587072000721e-05 -0.0019088759005899119 -0.00015488600647593564 -0.00019909838249359106 -0.00017539881194027419 -0.00019909838249359106 0 0 0 0 0.00094740768739747351 -2.8609373706569098e-05 -0.00027874388713057063
leaf_weight=279508 32976 1372 206 476 170 511 212 170 106 207 442 2937 647 904 608 151 3067 135 236 162 738 488 136 362 86512 2069 195 157 691 1047 122 121 234 858 224 117 131 152 400 161 501 639 156 601 750 638 1409 125 272 150 117 356 158 132 10443 790 140 166 269 7515 2604 236 156 577 206 158 470 128 415 161 281 253 120 481 196 295 1277 176 289 1044 10697 593 304 554 958 1640 1436 427 1284 12206 310 147 208 1735
leaf_count=279508 32976 1372 206 476 170 511 212 170 106 207 442 2937 647 904 608 151 3067 135 236 162 738 488 136 362 86512 2069 195 157 691 1047 122 121 234 858 224 117 131 152 400 161 501 639 156 601 750 638 1409 125 272 150 117 356 158 132 10443 790 140 166 269 7515 2604 236 156 577 206 158 470 128 415 161 281 253 120 481 196 295 1277 176 289 1044 10697 593 304 554 958 1640 1436 427 1284 12206 310 147 208 1735
internal_value=0 -0.00273745 -0.00690522 0.013576 0.00318065 0.00576171 0.00833799 0.0106589 0.0091185 0.0119897 -0.00819131 -0.00691738 -2.04731e-05 -0.0026781 0.0138198 0.00793606 -0.00830813 -0.00567147 -0.000979376 0.00049961 -0.00227156 0.00179431 0.0037655 0.0216523 -0.0084107 -0.00436564 0.000765638 0.000223183 0.00383774 0.00275953 0.0170262 0.0139912 0.0073714 -0.00494993 0.0140612 0.0139826 0.0194453 0.00425248 6.28084e-05 0.00599841 0.00714413 -0.0038925 0.000679698 0.00544784 0.00521382 0.00351751 -0.000872351 0.0029928 -0.0058599 -0.00176722 0.0188896 0.0050856 0.00300499 0.00721889 -0.00831382 0.00257862 0.00344607 0.00976459 -0.00847864 -0.00807466 -0.0053917 0.00481581 0.0061954 0.00411529 0.00964498 0.0301334 -0.00568016 0.0128959 -0.00668857 -0.000614434 0.00238547 0.00301149 0.00377236 -0.00332906 0.00278191 -0.00601982 -0.00653509 -0.000253497 -0.00107053 0.00277578 -0.008462 -0.00741814 -0.00275848 -0.00341593 -0.00820689 -0.00771789 -0.00815104 -0.00873238 -0.00850584 -0.00868145 -0.007307 -0.0034603 -0.00201038 -0.00858538
internal_weight=0 172070 137055 35015 16736 8527 4589 3613 3401 2531 315397 35889 6043 4008 34539 1783 120319 4505 1438 8209 2614 5595 3217 748 115814 3566 870 1876 848 3938 484 33931 355 2230 33576 33093 483 2730 606 1515 1308 1303 392 2124 2035 1285 2378 3081 911 700 268 1147 646 290 29846 2919 2129 306 113584 27072 5330 1972 1175 733 442 264 5061 259 2457 1208 1823 1542 1289 969 797 1987 1692 976 800 1169 26909 1497 1028 858 16212 5769 4811 21742 14227 13800 1594 550 355 3375
internal_count=487467 172070 137055 35015 16736 8527 4589 3613 3401 2531 315397 35889 6043 4008 34539 1783 120319 4505 1438 8209 2614 5595 3217 748 115814 3566 870 1876 848 3938 484 33931 355 2230 33576 33093 483 2730 606 1515 1308 1303 392 2124 2035 1285 2378 3081 911 700 268 1147 646 290 29846 2919 2129 306 113584 27072 5330 1972 1175 733 442 264 5061 259 2457 1208 1823 1542 1289 969 797 1987 1692 976 800 1169 26909 1497 1028 858 16212 5769 4811 21742 14227 13800 1594 550 355 3375
is_linear=0
shrinkage=0.0951581


Tree=52
num_leaves=95
num_cat=0
split_feature=4 2 4 0 2 2 4 2 2 2 2 0 2 2 2 2 2 2 2 2 0 2 0 2 2 2 2 2 2 2 2 2 2 2 2 2 2 0 2 2 2 0 2 2 2 2 2 0 2 2 0 2 2 2 0 2 2 2 2 2 2 2 2 2 2 2 2 2 2 0 2 4 2 2 2 2 2 0 2 2 4 2 2 2 2 2 2 2 2 2 2 2 0 2
split_gain=365.633 1292.09 213.953 17.4018 142.609 127.988 16.0034 12.8462 5.74891 4.27041 10.9862 4.55917 8.71716 11.8167 3.78734 3.22546 4.56714 3.30421 4.80549 2.82978 4.32827 2.60571 2.33194 2.23282 5.27109 1.9015 3.54267 1.81737 18.0476 3.18845 1.74348 1.6973 4.75449 1.61305 3.03099 2.64552 1.57194 2.92303 1.9722 7.93037 1.79187 1.52047 1.49282 5.97972 1.239 2.73867 2.31126 1.33027 1.3072 1.10237 1.08413 1.05169 0.921396 0.753242 1.82123 0.682331 0.6537 1.57561 2.10168 0.641858 0.62998 0.555479 0.529197 0.488028 0.487987 0.868963 0.465457 0.493859 0.463554 0.521939 0.450731 0.43295 0.502289 1.37727 0.425092 1.75358 0.503818 0.658131 0.401503 0.537256 0.3998 0.38135 0.370215 0.349445 0.385704 0.364962 0.344873 0.342758 0.33842 1.23072 0.719241 1.5832 1.69267 0.573234
threshold=0.15000000223517421 0.10458041727542879 0.25000000745058065 1.5000000000000002 0.10594117641448976 0.10458041727542879 0.25000000745058065 0.19101010262966159 0.19012194871902469 0.15460605919361117 0.15629401057958606 2.5000000000000004 0.17660956084728244 0.16505814343690875 0.18897569924592975 0.20240999013185504 0.20071429014205935 0.24515175819396975 0.24171940237283709 0.1067231632769108 1.5000000000000002 0.17006493359804156 1.5000000000000002 0.19699231535196307 0.1981649845838547 0.14379280805587771 0.14586748182773593 0.10074627026915552 0.10259784013032915 0.1067231632769108 0.10594117641448976 0.10388386249542238 0.10421099141240121 0.10259784013032915 0.10074627026915552 0.10317540168762208 0.15803226083517077 1.5000000000000002 0.1633739769458771 0.1643650829792023 0.168457105755806 2.5000000000000004 0.16505814343690875 0.17660956084728244 0.11630280315876008 0.12516666948795321 0.12782331556081775 2.5000000000000004 0.15298574417829516 0.17394282668828967 1.5000000000000002 0.20439612865448001 0.25920708477497106 0.16587346047163012 1.5000000000000002 0.14415185153484347 0.22736185789108279 0.22410600632429126 0.22547236829996112 0.15092624723911288 0.14451952278614047 0.17089758068323138 0.10347852483391763 0.1483045965433121 0.10388386249542238 0.10458041727542879 0.1072077937424183 0.10708020254969598 0.14620192348957065 1.5000000000000002 0.15886382013559344 0.35000000894069677 0.22039676457643512 0.21946247667074206 0.18843366950750354 0.18758561462163928 0.18346994370222094 1.5000000000000002 0.14670995622873309 0.14790198951959613 0.35000000894069677 0.1779797971248627 0.14503520727157596 0.16090353578329089 0.16159114986658099 0.16259328275918963 0.14586748182773593 0.10594117641448976 0.15339080244302752 0.16013698279857638 0.1583974361419678 0.15954913944005969 1.5000000000000002 0.15392307937145236
decision_type=2 2 2 2 2 2 2 2 2 2 2 2 2 2 2 2 2 2 2 2 2 2 2 2 2 2 2 2 2 2 2 2 2 2 2 2 2 2 2 2 2 2 2 2 2 2 2 2 2 2 2 2 2 2 2 2 2 2 2 2 2 2 2 2 2 2 2 2 2 2 2 2 2 2 2 2 2 2 2 2 2 2 2 2 2 2 2 2 2 2 2 2 2 2
left_child=3 6 19 27 5 -5 31 8 9 44 22 14 13 -13 36 16 23 18 51 20 87 -15 -11 -9 -25 -21 50 -1 -29 64 -22 33 -33 34 -2 -35 37 -12 70 -40 53 63 -43 -44 -4 -46 -47 48 59 61 55 -17 80 -41 -55 -27 57 71 -59 -48 -57 -42 -37 68 -30 -66 67 -6 -28 78 -38 72 73 -53 75 76 77 81 -70 -80 -19 -51 -62 -72 -85 -86 -49 -3 -65 90 93 92 -92 -90
right_child=1 2 7 4 66 -7 -8 15 -10 10 11 12 -14 21 -16 17 -18 52 -20 25 30 -23 -24 24 -26 26 41 28 29 -31 -32 32 -34 35 -36 62 38 -39 39 40 49 42 43 -45 45 46 47 86 -50 74 -52 56 -54 54 -56 60 -58 58 -60 -61 82 -63 -64 88 65 -67 -68 -69 69 -71 83 -73 -74 -75 -76 -77 -78 -79 79 -81 -82 -83 -84 84 85 -87 -88 -89 89 -91 91 -93 -94 -95
leaf_value=-5.250813007694932e-05 0.00018057853892051781 0 0.00012914339806700969 -1.0383848794404766e-05 -0.00022249552446913364 0.00046707944476319623 0.00030972193698753275 -0.00014014735011011963 0.00013947905847397734 5.2508133989103449e-05 0.00021579980219059439 -0.0033036592007560936 0.00042435594019183043 5.2508133989103449e-05 5.2508133989103449e-05 5.2508133989103449e-05 -0.00014014735011011963 -0.00014014735011011963 8.8791988840899179e-06 0 -0.0032137266600308343 5.2508133989103449e-05 5.2508133989103449e-05 5.2340993262380002e-05 0.00032265688279837346 0 0 0.00016040803502460725 -9.4589721386292009e-05 -0.00027190636465250338 0.00013544809071585359 -8.0546152617950888e-06 1.6826504882818134e-05 1.500971588079713e-05 -0.00013497786229424473 0.00010021516772739189 -0.00012122772778097806 5.2508133989103449e-05 5.2508133989103449e-05 5.2508133989103449e-05 0.00073085570261571212 0 5.2508133989103449e-05 0 -0.00034469145346248696 0.00012914339806700969 0.00012914339806700969 -9.2535180199870915e-05 -0.00014250218490596356 5.2508133989103449e-05 0 5.2508133989103449e-05 4.4117920130038519e-05 5.2508133989103449e-05 5.2508133989103449e-05 0 5.2508133989103449e-05 5.2508133989103449e-05 5.2508133989103449e-05 0.00017948400885646175 0 -0.00026346524703710491 0.00028775179340633975 0 -0.00019351543029464009 -0.00045614195219151999 -0.00018015256092242853 -0.00015989892296672736 0 0 0.00012246681664665812 -0.00084766812726305924 -4.7070564176099103e-05 5.2508133989103449e-05 -0.0014092768261417142 5.2508133989103449e-05 -0.00023906863992886589 5.2508133989103449e-05 0 0 0.00020964872200635634 5.2508133989103449e-05 0 -2.588696038146334e-05 0.00013104711790886569 -0.00036065780368333913 -0.0010177602482826366 0 0 0 0 0 0.00045368939433176398 0
leaf_weight=279508 33104 1031 226 291 194 295 956 1028 130 139 159 179 363 183 125 162 738 575 136 87108 341 213 172 157 691 195 550 412 1351 24200 240 121 234 224 117 131 207 142 149 212 223 466 117 345 495 158 1588 143 209 156 1181 1169 1653 183 221 634 790 140 166 160 352 292 128 8629 1023 4232 3780 111 321 826 351 281 253 120 140 162 331 388 926 250 150 172 782 179 139 119 119 618 474 10303 269 979 212 3170
leaf_count=279508 33104 1031 226 291 194 295 956 1028 130 139 159 179 363 183 125 162 738 575 136 87108 341 213 172 157 691 195 550 412 1351 24200 240 121 234 224 117 131 207 142 149 212 223 466 117 345 495 158 1588 143 209 156 1181 1169 1653 183 221 634 790 140 166 160 352 292 128 8629 1023 4232 3780 111 321 826 351 281 253 120 140 162 331 388 926 250 150 172 782 179 139 119 119 618 474 10303 269 979 212 3170
internal_value=0 -0.002738 -0.00690592 -0.00819131 -0.00242632 0.0414733 0.013576 0.00317497 0.00576171 0.00545428 0.0070951 0.0060132 0.0119911 0.0192799 0.00462868 0.000488018 -0.00227156 0.0017773 0.0037655 -0.00830813 -0.00494993 0.0284513 0.0244474 0.000223183 0.00383774 -0.00837155 -0.00773127 -0.00827797 -0.00758936 -0.00785396 0.0021128 0.0139168 0.0073714 0.0139857 0.0139064 0.0194453 0.00410937 0.0107171 0.00356055 0.00492621 0.00364517 -0.00807325 -0.00428622 -0.000453136 0.00264771 0.00211389 0.00345483 0.00266305 0.00351555 0.00217475 -0.00470343 0.0029928 -0.000912367 0.00809461 0.0105051 -0.00607403 0.00257862 0.00344607 0.00976459 0.00436595 -0.00666322 -0.00157057 0.0128959 -0.00820385 -0.00600104 -0.00558635 -0.0087238 -0.0051479 -0.0070317 -0.00644355 -4.78204e-05 0.00238547 0.00301149 0.00377236 0.00360458 0.0041794 0.00275386 0.00417313 -0.00538403 -0.00619822 -0.0037407 0.00731092 -0.00532013 0.000990221 -0.000805689 0.00154908 -0.00370463 -0.00743838 -0.00834395 -0.00807674 -0.00686839 -0.00508379 -0.000613287 -0.0075834
internal_weight=0 172070 137055 315397 4671 586 35015 16736 8527 8397 5299 4988 938 575 4050 8209 2614 5595 3217 120319 2230 396 311 1876 848 118089 30981 310726 31218 30806 581 34059 355 33704 33221 483 3925 301 3624 2629 2480 27837 928 462 3098 2872 2377 2219 1957 1864 3144 3081 2378 616 404 1963 2919 2129 306 1748 1768 515 259 26909 6606 5255 4085 305 2873 2323 995 1823 1542 1289 1349 1209 1047 716 1497 1176 725 328 1134 788 437 258 262 1649 24036 15407 5104 1460 481 3644
internal_count=487467 172070 137055 315397 4671 586 35015 16736 8527 8397 5299 4988 938 575 4050 8209 2614 5595 3217 120319 2230 396 311 1876 848 118089 30981 310726 31218 30806 581 34059 355 33704 33221 483 3925 301 3624 2629 2480 27837 928 462 3098 2872 2377 2219 1957 1864 3144 3081 2378 616 404 1963 2919 2129 306 1748 1768 515 259 26909 6606 5255 4085 305 2873 2323 995 1823 1542 1289 1349 1209 1047 716 1497 1176 725 328 1134 788 437 258 262 1649 24036 15407 5104 1460 481 3644
is_linear=0
shrinkage=0.0951581


Tree=53
num_leaves=26
num_cat=0
split_feature=4 4 0 3 3 0 0 0 0 3 4 4 3 0 3 3 4 0 3 0 4 0 4 0 4
split_gain=373.927 73.8586 110.855 5.2067 2.67286 8.99473 2.3689 1.53243 1.07367 2.18343 1.72086 0.40566 0.484545 0.380298 0.183469 0.11058 0.172732 0.101355 0.0702041 0.138596 0.063101 0.0674415 0.0578704 0.0125768 0.00552469
threshold=0.15000000223517421 0.25000000745058065 1.5000000000000002 0.15000000223517421 0.15000000223517421 2.5000000000000004 1.5000000000000002 1.5000000000000002 2.5000000000000004 0.15000000223517421 0.35000000894069677 0.35000000894069677 0.15000000223517421 3.5000000000000004 0.15000000223517421 0.25000000745058065 0.59999999403953563 3.5000000000000004 0.35000000894069677 4.5000000000000009 0.45000000298023229 3.5000000000000004 0.45000000298023229 2.5000000000000004 0.35000000894069677
decision_type=2 2 2 2 2 2 2 2 2 2 2 2 2 2 2 2 2 2 2 2 2 2 2 2 2
left_child=7 2 3 -2 23 -6 11 -1 14 -10 13 12 -3 -11 -8 17 18 -12 19 20 -17 -22 24 -4 -16
right_child=1 6 4 -5 5 -7 8 -9 9 10 15 -13 -14 -15 22 16 -18 -19 -20 -21 21 -23 -24 -25 -26
leaf_value=-4.7511556769753111e-05 0 0.00011685435911939179 0 0 0 4.7511560309634674e-05 0.00011361387293435606 -0.00010215040635007848 -8.3729709300686786e-05 4.7511560309634674e-05 7.5078765517783483e-05 0.0011617152033270917 4.7511560309634674e-05 4.7511560309634674e-05 4.7511560309634674e-05 -0.00025390720428028566 0.0055071017036332614 0.0010924478356554551 -0.00093448144612130941 -0.0030077497226306165 0.0076532653614511297 0.000432392464893423 -1.9752688040932659e-05 0 0.00029195347047706921
leaf_weight=310726 113386 2798 34831 1992 2491 150 1364 4671 581 2151 243 478 3390 215 4790 143 143 170 146 107 163 120 159 1528 531
leaf_count=310726 113386 2798 34831 1992 2491 150 1364 4671 581 2151 243 478 3390 215 4790 143 143 170 146 107 163 120 159 1528 531
internal_value=0 -0.00273745 -0.00340485 -0.00192233 -0.00779077 -0.0048678 0.00308624 -0.00825225 0.00223008 0.00343133 0.00430471 0.00450238 0.00470869 0.00580762 0.00149605 0.00142544 0.000787194 0.00269576 0.000154157 0.00066057 0.0014296 0.00225286 0.00125025 -0.00800308 0.0013037
internal_weight=0 172070 154378 115378 39000 2641 17692 315397 11026 4182 3601 6666 6188 2366 6844 1235 822 413 679 533 426 283 5480 36359 5321
internal_count=487467 172070 154378 115378 39000 2641 17692 315397 11026 4182 3601 6666 6188 2366 6844 1235 822 413 679 533 426 283 5480 36359 5321
is_linear=0
shrinkage=0.0951581


Tree=54
num_leaves=95
num_cat=0
split_feature=3 2 0 2 2 2 2 0 2 2 2 2 2 2 2 2 2 2 2 2 2 2 2 0 2 2 2 2 2 2 2 0 2 2 2 2 2 2 2 2 2 2 2 2 2 2 2 2 2 2 2 0 0 2 2 2 2 2 2 0 2 0 2 2 0 2 2 0 2 2 2 2 2 2 2 0 2 2 2 0 0 2 2 2 2 0 2 2 0 2 2 2 2 2
split_gain=97.0866 63.0347 131.15 27.51 24.2708 15.9577 13.475 17.041 18.7909 7.58514 5.57579 4.53548 12.7999 4.2736 14.9463 4.03195 4.37143 3.94307 3.73636 3.25612 2.37493 6.18964 3.45779 3.67091 2.32227 2.21671 2.02291 4.07705 4.12654 3.67565 4.12409 1.89855 9.28894 4.95209 1.62306 1.46979 1.38881 1.26742 1.0015 0.964026 5.82971 0.962679 0.890568 1.74812 0.75022 0.732714 1.11681 0.884598 0.694868 1.49681 2.28844 0.683951 0.592159 2.35143 0.944546 0.579369 1.82884 0.723661 0.529455 0.504035 0.494001 0.450586 0.531133 0.441545 0.709675 0.414051 0.393564 0.362532 0.956867 0.361419 0.350014 0.334334 0.628345 0.300033 0.696035 1.90753 0.342709 0.739657 0.287758 0.414897 0.317832 0.287036 0.285065 0.271369 0.268408 0.25684 0.388423 0.36183 0.2471 0.239778 0.233994 1.19072 0.217917 0.265808
threshold=0.15000000223517421 0.1067231632769108 1.5000000000000002 0.10594117641448976 0.15460605919361117 0.10504237189888956 0.17089758068323138 2.5000000000000004 0.16505814343690875 0.10533428192138673 0.15629401057958606 0.10074627026915552 0.10317540168762208 0.10347852483391763 0.10388386249542238 0.14379280805587771 0.1483045965433121 0.10458041727542879 0.10559467971324922 0.10458041727542879 0.1633739769458771 0.16370223462581637 0.16013698279857638 1.5000000000000002 0.16928205639123919 0.15529115498065951 0.19012194871902469 0.20240999013185504 0.20071429014205935 0.24515175819396975 0.24171940237283709 2.5000000000000004 0.17660956084728244 0.18897569924592975 0.10259784013032915 0.17394282668828967 0.14415185153484347 0.10421099141240121 0.25920708477497106 0.19699231535196307 0.1981649845838547 0.20439612865448001 0.15886382013559344 0.15803226083517077 0.14013888686895373 0.15339080244302752 0.15392307937145236 0.19238026440143588 0.22736185789108279 0.22410600632429126 0.22547236829996112 1.5000000000000002 1.5000000000000002 0.14586748182773593 0.14451952278614047 0.18843366950750354 0.18758561462163928 0.18346994370222094 0.10559467971324922 1.5000000000000002 0.14926454424858096 1.5000000000000002 0.15298574417829516 0.17660956084728244 1.5000000000000002 0.14790198951959613 0.14503520727157596 2.5000000000000004 0.17089758068323138 0.15188746154308322 0.15803226083517077 0.15954913944005969 0.15886382013559344 0.15563492476940158 0.15629401057958606 1.5000000000000002 0.15724790096282962 0.15803226083517077 0.35424640774726873 3.5000000000000004 4.5000000000000009 0.16159114986658099 0.32517604529857641 0.10594117641448976 0.15092624723911288 2.5000000000000004 0.30072464048862463 0.27303031086921697 4.5000000000000009 0.11547008529305459 0.22039676457643512 0.21946247667074206 0.14926454424858096 0.14895787835121158
decision_type=2 2 2 2 2 2 2 2 2 2 2 2 2 2 2 2 2 2 2 2 2 2 2 2 2 2 2 2 2 2 2 2 2 2 2 2 2 2 2 2 2 2 2 2 2 2 2 2 2 2 2 2 2 2 2 2 2 2 2 2 2 2 2 2 2 2 2 2 2 2 2 2 2 2 2 2 2 2 2 2 2 2 2 2 2 2 2 2 2 2 2 2 2 2
left_child=1 2 11 5 44 13 7 10 -9 -7 25 -1 34 -4 -15 89 36 -16 -11 37 22 -22 23 70 -23 -6 31 28 39 30 41 33 -33 35 -13 -8 -17 -14 -31 -28 -41 -29 43 -25 -2 92 51 67 49 90 -51 -47 54 -54 -38 56 57 63 -21 -24 -46 62 69 -37 -65 66 -56 71 -69 84 -12 72 73 -48 75 -75 -76 -78 79 82 -81 -61 85 -60 -62 86 87 -40 -80 -3 91 -43 93 -18
right_child=4 15 3 -5 6 9 26 8 -10 18 20 12 19 14 17 16 45 -19 -20 58 21 24 59 42 -26 -27 27 29 -30 38 -32 32 -34 -35 -36 55 52 -39 78 40 -42 48 -44 -45 60 46 47 -49 -50 50 -52 -53 53 -55 65 -57 -58 -59 83 81 61 -63 -64 64 -66 -67 -68 68 -70 -71 -72 -73 -74 74 76 -77 77 -79 88 80 -82 -83 -84 -85 -86 -87 -88 -89 -90 -91 -92 -93 -94 -95
leaf_value=-4.2990447829267681e-05 0 0 1.3581420003401852e-05 0.00012255910926498717 4.2990451032301344e-05 6.3197944971198652e-06 0 0.00076837866292632517 4.2990451032301344e-05 0.00043235349490203359 -0.00013182429964537853 0.00014966502191601016 -8.1067635333858672e-05 3.2469585527126245e-07 7.2536946099070358e-06 6.1628807270365791e-06 0 0.000227709290401583 6.3197944971198652e-06 0 4.2990451032301344e-05 4.2990451032301344e-05 -0.00022057925700979042 4.2990451032301344e-05 0 4.2990451032301344e-05 -1.2558166804421356e-06 4.2990451032301344e-05 -0.00013133230539362029 -0.00013133230539362029 3.5131620104296237e-06 4.2990451032301344e-05 0.00077992251340682265 4.2990451032301344e-05 1.3581420003401852e-05 -0.00034169318114640838 0 1.5225326836147592e-05 -3.6445596090521155e-05 4.2839215097699954e-05 0 4.2990451032301344e-05 0.00045368939433176398 0.00060431530287022349 0 0.0038690124319051915 0 0 4.2990451032301344e-05 4.2990451032301344e-05 4.2990451032301344e-05 0 0 0 0 -0.00031849819463674966 4.2990451032301344e-05 -2.8539254278818927e-05 0 0 -0.0001549755849959475 0 -0.00013346305861073395 4.2990451032301344e-05 4.2990451032301344e-05 -0.00035389132173341292 0 0 0.00039194259904814133 0.00015788354431725768 1.0172409264585739e-05 0 0 0 0 0.0052225427073391822 0 0 -0.00084555797764287403 0.00082294462936705005 5.7571065840955201e-05 -0.00082514096657060505 0.0009695628814308184 0 0 -0.00082121526952564933 -0.0014255461906721497 4.3119373489374348e-05 0.0023228119821822918 0 0.00035827516268507659 4.2990451032301344e-05 0 0
leaf_weight=313058 1148 35151 178 431 108 157 255 133 208 158 140 522 1612 128 206 291 539 150 171 2806 120 614 158 157 183 246 1188 162 738 723 138 138 321 114 637 194 673 783 127 165 765 1376 150 160 1448 226 1315 3053 788 136 166 218 991 926 335 144 168 332 920 185 278 943 153 188 266 215 2219 421 199 116 129 9069 213 228 931 106 181 574 257 182 108 154 148 2191 117 416 111 143 150 79882 299 128 7585 236
leaf_count=313058 1148 35151 178 431 108 157 255 133 208 158 140 522 1612 128 206 291 539 150 171 2806 120 614 158 157 183 246 1188 162 738 723 138 138 321 114 637 194 673 783 127 165 765 1376 150 160 1448 226 1315 3053 788 136 166 218 991 926 335 144 168 332 920 185 278 943 153 188 266 215 2219 421 199 116 129 9069 213 228 931 106 181 574 257 182 108 154 148 2191 117 416 111 143 150 79882 299 128 7585 236
internal_value=0 -0.00651598 -0.00577682 0.0215808 0.00068627 0.0292769 0.0026679 0.00847893 0.0284358 0.0423708 0.00576117 -0.00591075 -0.00385917 0.0196641 0.0243007 -0.00815937 -0.00719133 0.0142737 0.0341586 -0.00516547 0.0039391 0.00760642 0.00121166 0.00535264 0.00457284 0.0168274 0.00109846 0.000436544 -0.00248557 0.00193809 0.00404414 0.00372553 0.00914264 0.00222856 0.00550915 0.000818099 -0.00480001 -0.00220513 -0.000905312 -0.000350443 0.00194409 0.00331729 0.0104531 0.00759463 -0.00562164 -0.00772975 -0.00736631 -0.00749465 0.00291757 0.00381988 0.01002 -0.00265757 -0.00514767 -0.00380732 -0.00589416 0.00212117 0.00283485 0.0012623 -0.00636371 -0.00492065 -0.00640098 -0.00525235 -0.00335347 0.00311319 0.00473694 -0.00511703 -0.00545464 -0.00715789 -0.00491139 -0.00188082 -0.0035021 -0.00726828 -0.00648513 -0.00680516 -0.00607693 -0.0021083 -0.00686312 -0.00535658 0.000394075 0.00111724 0.00426571 -0.00698949 0.000151042 -0.00550883 -0.00325224 -0.00056116 0.00122382 0.00317193 -0.00180029 -0.00841808 0.00278138 0.00326473 -0.00845723 -0.00693733
internal_weight=0 469885 324108 1579 17582 1148 13379 2845 341 486 2504 322529 9471 662 484 145777 30744 356 329 8312 2150 917 1233 736 797 354 10534 8414 2856 5558 3193 2120 459 1661 1159 1547 5650 2395 2365 2118 930 3055 467 317 4203 25094 16734 16290 2893 2105 302 444 5359 1917 3442 1292 1148 980 5917 497 3055 1607 664 648 454 2769 2554 13237 620 511 269 12617 3548 3335 2020 334 1686 755 1642 1235 290 339 945 3111 395 797 381 270 407 115033 1803 1504 8360 775
internal_count=487467 469885 324108 1579 17582 1148 13379 2845 341 486 2504 322529 9471 662 484 145777 30744 356 329 8312 2150 917 1233 736 797 354 10534 8414 2856 5558 3193 2120 459 1661 1159 1547 5650 2395 2365 2118 930 3055 467 317 4203 25094 16734 16290 2893 2105 302 444 5359 1917 3442 1292 1148 980 5917 497 3055 1607 664 648 454 2769 2554 13237 620 511 269 12617 3548 3335 2020 334 1686 755 1642 1235 290 339 945 3111 395 797 381 270 407 115033 1803 1504 8360 775
is_linear=0
shrinkage=0.0951581


Tree=55
num_leaves=95
num_cat=0
split_feature=4 2 4 0 2 2 4 2 2 2 2 0 2 2 2 2 2 2 2 2 0 2 0 2 2 2 2 2 2 2 2 2 0 2 2 2 0 2 2 2 2 2 2 2 0 2 2 2 2 2 0 2 2 0 2 0 2 2 2 2 2 2 2 2 2 2 2 2 2 0 4 2 2 4 2 2 2 2 2 0 2 2 4 2 2 0 2 2 2 2 2 2 2 2
split_gain=362.438 1304.51 208.061 28.6002 227.136 63.11 16.2119 11.6925 10.8879 3.92382 10.9862 4.55917 8.71716 11.8167 3.78734 3.10292 4.68704 3.20662 4.44461 2.82978 4.32827 2.60571 2.33194 2.08103 5.27109 1.9015 3.54267 1.81737 18.0476 3.18845 1.74348 1.57194 2.92303 1.9722 7.93037 1.79187 1.52047 1.49282 5.97972 1.30234 1.274 1.24728 3.03099 2.97978 1.50841 1.14095 1.13644 3.06454 2.106 1.10237 1.08413 1.05169 0.947653 0.756841 0.753242 1.82123 0.682897 0.682331 0.6537 1.57561 2.10168 0.62998 0.555479 0.488028 0.487987 0.868963 0.465457 0.493859 0.463554 0.521939 0.454834 0.467409 0.450731 0.43295 0.502289 1.37727 0.425092 1.75358 0.503818 0.658131 0.401503 0.537256 0.3998 0.38135 0.370215 0.353359 0.349445 0.385704 0.364962 0.342758 0.33842 1.23072 0.719241 1.5832
threshold=0.15000000223517421 0.10458041727542879 0.25000000745058065 1.5000000000000002 0.10594117641448976 0.10458041727542879 0.25000000745058065 0.19012194871902469 0.10388386249542238 0.15460605919361117 0.15629401057958606 2.5000000000000004 0.17660956084728244 0.16505814343690875 0.18897569924592975 0.20240999013185504 0.20071429014205935 0.24515175819396975 0.24171940237283709 0.1067231632769108 1.5000000000000002 0.17006493359804156 1.5000000000000002 0.19699231535196307 0.1981649845838547 0.14379280805587771 0.14586748182773593 0.10074627026915552 0.10259784013032915 0.1067231632769108 0.10594117641448976 0.15803226083517077 1.5000000000000002 0.1633739769458771 0.1643650829792023 0.168457105755806 2.5000000000000004 0.16505814343690875 0.17660956084728244 0.15298574417829516 0.15188746154308322 0.10259784013032915 0.10074627026915552 0.10317540168762208 1.5000000000000002 0.10421099141240121 0.11630280315876008 0.12516666948795321 0.12782331556081775 0.17394282668828967 1.5000000000000002 0.20439612865448001 0.25920708477497106 2.5000000000000004 0.16587346047163012 1.5000000000000002 0.14216374605894092 0.14415185153484347 0.22736185789108279 0.22410600632429126 0.22547236829996112 0.14451952278614047 0.17089758068323138 0.1483045965433121 0.10388386249542238 0.10458041727542879 0.1072077937424183 0.10708020254969598 0.14620192348957065 1.5000000000000002 0.35000000894069677 0.19548846781253817 0.15886382013559344 0.35000000894069677 0.22039676457643512 0.21946247667074206 0.18843366950750354 0.18758561462163928 0.18346994370222094 1.5000000000000002 0.14670995622873309 0.14790198951959613 0.35000000894069677 0.1779797971248627 0.14503520727157596 1.5000000000000002 0.16090353578329089 0.16159114986658099 0.16259328275918963 0.10594117641448976 0.15339080244302752 0.16013698279857638 0.1583974361419678 0.15954913944005969
decision_type=2 2 2 2 2 2 2 2 2 2 2 2 2 2 2 2 2 2 2 2 2 2 2 2 2 2 2 2 2 2 2 2 2 2 2 2 2 2 2 2 2 2 2 2 2 2 2 2 2 2 2 2 2 2 2 2 2 2 2 2 2 2 2 2 2 2 2 2 2 2 2 2 2 2 2 2 2 2 2 2 2 2 2 2 2 2 2 2 2 2 2 2 2 2
left_child=3 6 19 27 5 8 41 9 -5 39 22 14 13 -13 31 16 23 18 51 20 89 -15 -11 70 -25 -21 50 -1 -29 64 -22 32 -12 72 -35 54 63 -38 -39 40 46 42 -2 -43 45 -45 -4 -48 -49 62 57 -17 82 -50 -36 -56 -55 -27 59 73 -61 -59 -37 68 -30 -66 67 -6 -28 80 71 85 -33 74 75 -53 77 78 79 83 -70 -82 -19 -51 -63 -9 -74 -88 -89 -3 -65 92 -92 -94
right_child=1 2 7 4 66 -7 -8 15 -10 10 11 12 -14 21 -16 17 -18 52 -20 25 30 -23 -24 24 -26 26 36 28 29 -31 -32 33 -34 34 35 49 37 38 -40 -41 -42 43 -44 44 -46 -47 47 48 53 76 -52 58 -54 56 55 -57 -58 61 -60 60 -62 84 -64 90 65 -67 -68 -69 69 -71 -72 -73 86 -75 -76 -77 -78 -79 -80 -81 81 -83 -84 -85 -86 -87 87 88 -90 -91 91 -93 93 -95
leaf_value=-3.8899558975040613e-05 0.00016748591912379271 0 0.00010573472163182949 2.9379841822613363e-07 -0.0002032653287483163 0.00039121156261965419 0.0002732206407556301 -1.1363155651874413e-06 0.005426664200781312 3.8899561873280902e-05 0.00018414506795242378 -0.0029813217458843173 0.0003546460903839228 3.8899561873280902e-05 3.8899561873280902e-05 3.8899561873280902e-05 -0.00011883497420813501 -0.00011883497420813501 3.1788562276989931e-06 0 -0.0029085159525431385 3.8899561873280902e-05 3.8899561873280902e-05 3.8762717261182305e-05 0.00026417173619342599 0 0 0.00013542318446282877 -7.3353394087921707e-05 -0.00024151116570560746 0.00011089661865620626 -0.00011518102519169197 3.8899561873280902e-05 3.8899561873280902e-05 3.8899561873280902e-05 0.00065269687229351913 0 3.8899561873280902e-05 0 -0.00012076296902129743 0.00014285964797920318 1.2289038032012258e-05 -0.00013637546433448365 0.00026808412392864646 6.5634468937284046e-06 1.3776513832307122e-05 -0.00032301091099572188 0.00010573472163182949 0.00010573472163182949 3.8899561873280902e-05 0 3.8899561873280902e-05 3.9016216315726576e-05 -0.0035441665221269025 3.8899561873280902e-05 3.8899561873280902e-05 5.5764327752442204e-06 0 3.8899561873280902e-05 3.8899561873280902e-05 3.8899561873280902e-05 0 -0.00024291550692806519 0 -0.00016286552159844653 -0.00040821524683630473 -0.00015328915008016957 -0.0001349628096045872 0 0 0.0030395609841206484 0.00057253748384201563 0.00010000182683865698 -0.00079887827173653967 -8.1205308288794293e-05 3.8899561873280902e-05 -0.0012493861664794644 3.8899561873280902e-05 -0.00021812469343229505 3.8899561873280902e-05 0 0 0.00014023768960352376 3.8899561873280902e-05 0 -0.0011984753660943418 -2.7944715982767136e-05 0.00010776564560414586 -0.00033745793384365431 0 0 0 0 0
leaf_weight=279508 33104 1031 226 176 194 295 956 382 115 139 159 179 363 183 125 162 738 575 136 87108 341 213 172 157 691 195 550 412 1351 24200 240 207 142 149 212 223 466 117 345 228 118 224 117 249 180 185 495 158 1645 156 1181 1169 1653 117 183 221 111 634 790 140 166 352 292 8629 1023 4232 3780 111 321 826 140 129 351 281 253 120 140 162 331 388 926 250 150 172 782 507 179 139 119 618 3644 10303 481 979
leaf_count=279508 33104 1031 226 176 194 295 956 382 115 139 159 179 363 183 125 162 738 575 136 87108 341 213 172 157 691 195 550 412 1351 24200 240 207 142 149 212 223 466 117 345 228 118 224 117 249 180 185 495 158 1645 156 1181 1169 1653 117 183 221 111 634 790 140 166 352 292 8629 1023 4232 3780 111 321 826 140 129 351 281 253 120 140 162 331 388 926 250 150 172 782 507 179 139 119 618 3644 10303 481 979
internal_value=0 -0.00273745 -0.00692536 -0.00816687 -0.000776179 0.0546266 0.0136548 0.00301576 0.0231846 0.00552227 0.0070951 0.0060132 0.0119911 0.0192799 0.00462868 0.000491821 -0.00212927 0.0017773 0.00373592 -0.00830813 -0.00494993 0.0284513 0.0244474 0.000256156 0.00383774 -0.00837155 -0.00773127 -0.00827797 -0.00758936 -0.00785396 0.0021128 0.00410937 0.0107171 0.00356055 0.00492621 0.00364517 -0.00807325 -0.00428622 -0.000453136 0.00283201 0.00338192 0.0139978 0.0139064 0.0176235 0.0141962 0.0172337 0.00296677 0.00238837 0.00402466 0.00217475 -0.00470343 0.0029928 -0.000872351 0.00313468 0.00809461 0.0105051 -0.00200333 -0.00607403 0.00257862 0.00344607 0.00976459 -0.00666322 -0.00157057 -0.00820385 -0.00600104 -0.00558635 -0.0087238 -0.0051479 -0.0070317 -0.00644355 -0.00236663 -0.003066 -4.78204e-05 0.00238547 0.00301149 0.00377236 0.00360458 0.0041794 0.00275386 0.00417313 -0.00538403 -0.00619822 -0.0037407 0.00731092 -0.00532013 -0.00384272 0.000990221 -0.000805689 0.00154908 -0.00743838 -0.00834395 -0.00807674 -0.00686839 -0.00508379
internal_weight=0 172070 137055 315397 4671 586 35015 16736 291 8397 5299 4988 938 575 4050 8339 2744 5595 3217 120319 2230 396 311 2006 848 118089 30981 310726 31218 30806 581 3925 301 3624 2629 2480 27837 928 462 3098 2870 34059 33221 838 614 434 2752 2526 2031 1864 3144 3081 2378 1873 616 404 228 1963 2919 2129 306 1768 515 26909 6606 5255 4085 305 2873 2323 1158 1018 995 1823 1542 1289 1349 1209 1047 716 1497 1176 725 328 1134 889 788 437 258 1649 24036 15407 5104 1460
internal_count=487467 172070 137055 315397 4671 586 35015 16736 291 8397 5299 4988 938 575 4050 8339 2744 5595 3217 120319 2230 396 311 2006 848 118089 30981 310726 31218 30806 581 3925 301 3624 2629 2480 27837 928 462 3098 2870 34059 33221 838 614 434 2752 2526 2031 1864 3144 3081 2378 1873 616 404 228 1963 2919 2129 306 1768 515 26909 6606 5255 4085 305 2873 2323 1158 1018 995 1823 1542 1289 1349 1209 1047 716 1497 1176 725 328 1134 889 788 437 258 1649 24036 15407 5104 1460
is_linear=0
shrinkage=0.0951581


Tree=56
num_leaves=95
num_cat=0
split_feature=4 2 4 3 2 4 3 2 2 2 2 2 2 2 3 2 2 2 2 2 2 2 2 2 2 2 2 2 2 2 2 2 2 2 2 2 2 2 2 2 2 2 2 2 2 4 2 2 2 2 2 2 2 2 2 2 2 2 2 2 2 2 4 2 2 2 4 2 2 2 2 2 2 2 2 2 2 2 2 2 2 2 2 2 2 2 2 2 2 2 2 2 2 2
split_gain=368.235 1294.8 207.435 16.6847 11.9589 6.25014 5.97369 9.19157 15.8015 7.98886 11.0841 4.37983 22.6471 8.7131 3.59325 5.13548 13.0076 3.00748 2.99579 4.68704 3.5342 4.42901 2.84597 2.76846 2.08103 5.27109 1.73616 4.75449 1.69089 2.72923 1.67226 3.86763 1.57469 1.56888 3.06133 2.64552 1.39001 2.92478 1.37168 1.84386 1.29441 5.77336 1.28704 1.12444 1.04301 0.919717 0.825529 0.70705 1.03195 1.45058 0.672059 1.5534 2.10168 0.663039 0.64061 5.27577 0.921473 0.53627 0.529197 0.513027 0.487732 1.19112 0.454834 0.467409 0.390631 0.36421 0.363759 0.502289 1.37727 0.334165 0.459798 0.327051 0.405208 0.30695 0.293108 0.292083 0.264998 0.258426 0.257095 1.75021 0.871751 0.275729 0.635728 0.239388 0.236506 0.600298 0.235566 0.23329 1.56601 0.37598 1.00025 0.231301 0.226959 0.220733
threshold=0.15000000223517421 0.10458041727542879 0.25000000745058065 0.15000000223517421 0.19012194871902469 0.25000000745058065 0.15000000223517421 0.15460605919361117 0.15629401057958606 0.16259328275918963 0.17089758068323138 0.10074627026915552 0.10594117641448976 0.10259784013032915 0.15000000223517421 0.1583974361419678 0.16013698279857638 0.1067231632769108 0.20240999013185504 0.20071429014205935 0.24515175819396975 0.24171940237283709 0.15724790096282962 0.16259328275918963 0.19699231535196307 0.1981649845838547 0.10388386249542238 0.10421099141240121 0.12516666948795321 0.11630280315876008 0.17394282668828967 0.17517123371362689 0.10594117641448976 0.10259784013032915 0.10074627026915552 0.10317540168762208 0.10347852483391763 0.10388386249542238 0.16587346047163012 0.16928205639123919 0.168457105755806 0.1643650829792023 0.18897569924592975 0.12782331556081775 0.20439612865448001 0.35000000894069677 0.19101010262966159 0.18346994370222094 0.18758561462163928 0.18843366950750354 0.22736185789108279 0.22410600632429126 0.22547236829996112 0.1072077937424183 0.14379280805587771 0.1483045965433121 0.14415185153484347 0.14586748182773593 0.10347852483391763 0.14620192348957065 0.10504237189888956 0.10533428192138673 0.35000000894069677 0.19548846781253817 0.25646600127220159 0.15886382013559344 0.35000000894069677 0.22039676457643512 0.21946247667074206 0.14790198951959613 0.14670995622873309 0.15220635384321216 0.14741302281618121 0.20745369791984561 0.11441558599472047 0.10559467971324922 0.16013698279857638 0.19238026440143588 0.14895787835121158 0.15220635384321216 0.15529115498065951 0.14415185153484347 0.14094635099172595 0.17006493359804156 0.11156633123755456 0.11203448474407197 0.1139211878180504 0.15339080244302752 0.15392307937145236 0.15629401057958606 0.15563492476940158 0.11259920522570611 0.1201351322233677 0.1779797971248627
decision_type=2 2 2 2 2 2 2 2 2 2 2 2 2 2 2 2 2 2 2 2 2 2 2 2 2 2 2 2 2 2 2 2 2 2 2 2 2 2 2 2 2 2 2 2 2 2 2 2 2 2 2 2 2 2 2 2 2 2 2 2 2 2 2 2 2 2 2 2 2 2 2 2 2 2 2 2 2 2 2 2 2 2 2 2 2 2 2 2 2 2 2 2 2 2
left_child=11 3 14 5 6 26 23 71 -9 22 38 -1 13 -13 17 -16 -17 32 19 24 21 44 -10 28 62 -26 33 -28 29 -4 -12 -32 -3 34 -2 -35 -15 -38 -11 -40 41 -18 47 -30 -20 64 -42 93 -49 -50 51 66 -53 -14 92 56 -56 -58 -37 -59 -39 -62 63 77 -22 -24 67 68 73 70 -61 72 -8 -46 84 -63 -67 -6 81 -80 -81 82 -45 -25 -55 -86 91 -57 -89 90 -90 -87 -19 -33
right_child=1 2 4 -5 18 -7 7 8 9 10 30 12 53 36 15 16 40 54 20 -21 45 -23 65 83 25 -27 27 -29 43 -31 31 42 -34 35 -36 58 37 60 39 -41 46 -43 -44 78 50 -47 -48 48 49 -51 -52 52 -54 74 55 87 57 59 -60 69 61 75 -64 -65 -66 76 -68 -69 -70 -71 -72 -73 -74 -75 -76 -77 -78 -79 79 80 -82 -83 -84 -85 85 86 -88 88 89 -91 -92 -93 -94 -95
leaf_value=-3.5197951285878224e-05 0.00015154827915073128 0 9.5673207596285855e-05 -0.00023769107061967268 -1.0281859476730188e-06 0.00024722148674702506 0.00015780007018103957 3.5197953908325162e-05 3.5197953908325162e-05 3.5197953908325162e-05 -0.00021980013153682687 0.0001225365730434013 -0.00018392298853521437 -0.00012221980384205172 0 0.00054680981358644397 0 0 3.5197953908325162e-05 -0.00010752686517398104 -0.00010752686517398104 2.8763623443437157e-06 -0.00010422061896269689 -0.00030534608179191315 3.507413116798737e-05 0.00023903365864914484 -2.5084285105130516e-05 1.2465567105013267e-05 9.5673207596285855e-05 -0.00029227381002775972 3.5197953908325162e-05 3.5197953908325162e-05 0 1.1119636659083514e-05 -0.0001233982357824197 7.288275225462949e-05 2.6584112224003225e-07 -0.00014736754982362408 3.5197953908325162e-05 3.5197953908325162e-05 0 3.5197953908325162e-05 3.5197953908325162e-05 9.5673207596285855e-05 3.5197953908325162e-05 0.00016645270046642045 0 -0.00019736836447434408 3.5197953908325162e-05 -0.0011304969666419869 3.5197953908325162e-05 3.5197953908325162e-05 3.5197953908325162e-05 -0.00013870244751714085 5.1671513377905142e-05 0 0 0 0.00024257375104464189 0 -3.1508529703952255e-05 -0.00036937026410804066 0.0027503221699295174 0.00051805591108477654 -0.00010752686517398104 0.00083059539525817748 -0.00072285854217451573 -7.3477966347577711e-05 3.5197953908325162e-05 0 0 0.00012926539690375513 -0.00017504920000477783 3.5197953908325162e-05 -0.00013870244751714085 -3.1508529703952255e-05 -2.5285550216397725e-05 -0.00013110467466084853 9.5673207596285855e-05 -0.00099221367397588382 0.0001504284973076412 9.2741079883563643e-05 0.00026149396262710483 0.00032089864620495837 -0.00013870244751714085 -0.00011725808280423678 -0.00013870244751714085 0 0 0 0 -0.00019884221164136819 0 3.5197953908325162e-05
leaf_weight=279508 32976 1372 206 476 269 608 511 212 170 337 207 442 2937 904 3067 135 236 31011 162 738 488 136 195 518 157 691 121 234 152 400 161 199 858 224 117 131 593 2069 362 122 639 156 151 555 125 1409 272 356 158 132 790 140 166 10443 269 7515 2604 470 128 415 647 638 140 129 481 147 281 253 120 295 1277 176 289 1044 10697 750 285 620 206 156 577 327 151 677 958 1640 1436 427 1284 12206 310 1735 55501 302
leaf_count=279508 32976 1372 206 476 269 608 511 212 170 337 207 442 2937 904 3067 135 236 31011 162 738 488 136 195 518 157 691 121 234 152 400 161 199 858 224 117 131 593 2069 362 122 639 156 151 555 125 1409 272 356 158 132 790 140 166 10443 269 7515 2604 470 128 415 647 638 140 129 481 147 281 253 120 295 1277 176 289 1044 10697 750 285 620 206 156 577 327 151 677 958 1640 1436 427 1284 12206 310 1735 55501 302
internal_value=0 -0.00275515 -0.00692744 0.013576 0.00299871 0.0138198 0.0055336 0.0079114 0.0101908 0.00856538 0.0112223 -0.00822782 -0.00723821 -0.00192584 -0.00830813 -0.00567147 -0.000979376 -0.0084107 0.000446176 -0.00212927 0.00170927 0.0037655 0.000274607 0.00282444 0.000256156 0.00383774 0.0139912 0.0073714 0.00449648 6.28084e-05 0.00676273 0.00789831 -0.00494993 0.0140612 0.0139826 0.0194453 -0.00294088 -0.00228323 0.0202718 0.0170262 -0.0038925 0.000679698 0.00617281 0.00576145 0.00302368 -0.00107243 -0.0058599 0.0050856 0.00300499 0.00721889 0.00261122 0.00349077 0.00976459 -0.00831382 -0.00847864 -0.00807466 -0.0053917 -0.00568016 0.0128959 -0.00668857 -0.00318585 -0.00423185 -0.00236663 -0.003066 -0.00332906 -0.00268628 0.00243767 0.00301149 0.00377236 -0.00601982 -0.00653509 -0.000253497 -0.00107053 0.00277578 -0.008462 -0.00266004 -0.00114542 -0.00384272 0.00515359 0.0062932 0.00411529 0.00411768 0.00517574 -0.00099538 -0.00820689 -0.00771789 -0.00815104 -0.00873238 -0.00850584 -0.00868145 -0.007307 -0.00858538 -0.00860506 0.00776839
internal_weight=0 172070 137055 35015 16736 34539 8397 4472 3496 3284 2487 315397 35889 6043 120319 4505 1438 115814 8339 2744 5595 3217 797 3925 2006 848 33931 355 2730 606 1666 1459 2230 33576 33093 483 5601 4697 821 484 1303 392 1298 2124 3081 2378 911 1147 646 290 2919 2129 306 29846 113584 27072 5330 5061 259 2457 4104 2035 1158 1018 969 627 1823 1542 1289 1987 1692 976 800 1169 26909 1388 432 889 1972 939 733 1033 706 1195 16212 5769 4811 21742 14227 13800 1594 3375 86512 501
internal_count=487467 172070 137055 35015 16736 34539 8397 4472 3496 3284 2487 315397 35889 6043 120319 4505 1438 115814 8339 2744 5595 3217 797 3925 2006 848 33931 355 2730 606 1666 1459 2230 33576 33093 483 5601 4697 821 484 1303 392 1298 2124 3081 2378 911 1147 646 290 2919 2129 306 29846 113584 27072 5330 5061 259 2457 4104 2035 1158 1018 969 627 1823 1542 1289 1987 1692 976 800 1169 26909 1388 432 889 1972 939 733 1033 706 1195 16212 5769 4811 21742 14227 13800 1594 3375 86512 501
is_linear=0
shrinkage=0.0951581


Tree=57
num_leaves=95
num_cat=0
split_feature=3 2 0 2 2 2 0 2 2 2 2 2 2 2 2 2 2 2 2 2 2 2 0 2 2 2 2 2 2 2 0 2 2 2 2 2 2 2 2 2 2 2 2 2 2 2 2 2 2 2 0 2 2 2 2 0 2 0 2 2 0 0 2 2 2 2 0 2 2 2 2 2 2 2 0 2 2 2 2 2 0 2 2 2 2 0 0 2 0 2 2 2 2 2
split_gain=98.6609 60.1041 40.7172 24.3959 13.4245 13.3762 17.041 18.7909 5.57579 4.57302 16.7486 4.53548 12.7999 3.75467 3.78911 3.25612 3.12986 4.59719 3.94307 2.37493 6.18964 3.45779 3.67091 2.32227 2.21671 1.98139 4.17228 4.12654 3.70448 4.09359 1.89855 9.28894 4.95209 1.62306 1.46979 1.36318 1.26742 1.029 0.974213 3.44511 0.964026 5.82971 0.940372 0.890568 1.74812 0.836714 0.75022 0.732714 1.11681 0.884598 0.683951 0.579369 1.82884 0.723661 0.529455 0.504035 0.494001 0.450586 0.531133 0.441545 0.709675 0.41138 1.90756 0.944546 0.414051 0.393564 0.362532 0.956867 0.361419 0.350014 0.334334 0.628345 0.300033 0.696035 1.90753 0.342709 0.739657 0.287036 0.271369 0.268408 0.26083 1.05784 0.254753 1.15664 0.254133 0.253227 0.605927 0.529777 0.341021 0.222878 0.217917 0.265808 0.203369 0.338494
threshold=0.15000000223517421 0.1067231632769108 1.5000000000000002 0.15460605919361117 0.10559467971324922 0.17089758068323138 2.5000000000000004 0.16505814343690875 0.15629401057958606 0.10388386249542238 0.10347852483391763 0.10074627026915552 0.10317540168762208 0.14379280805587771 0.1483045965433121 0.10458041727542879 0.10533428192138673 0.10504237189888956 0.10458041727542879 0.1633739769458771 0.16370223462581637 0.16013698279857638 1.5000000000000002 0.16928205639123919 0.15529115498065951 0.19012194871902469 0.20240999013185504 0.20071429014205935 0.24515175819396975 0.24171940237283709 2.5000000000000004 0.17660956084728244 0.18897569924592975 0.10259784013032915 0.17394282668828967 0.10594117641448976 0.10421099141240121 0.25920708477497106 0.22547236829996112 0.22410600632429126 0.19699231535196307 0.1981649845838547 0.20439612865448001 0.15886382013559344 0.15803226083517077 0.14415185153484347 0.14013888686895373 0.15339080244302752 0.15392307937145236 0.19238026440143588 1.5000000000000002 0.18843366950750354 0.18758561462163928 0.18346994370222094 0.10559467971324922 1.5000000000000002 0.14926454424858096 1.5000000000000002 0.15298574417829516 0.17660956084728244 1.5000000000000002 1.5000000000000002 0.14551208168268207 0.14451952278614047 0.14790198951959613 0.14503520727157596 2.5000000000000004 0.17089758068323138 0.15188746154308322 0.15803226083517077 0.15954913944005969 0.15886382013559344 0.15563492476940158 0.15629401057958606 1.5000000000000002 0.15724790096282962 0.15803226083517077 0.16159114986658099 0.10594117641448976 0.15092624723911288 2.5000000000000004 0.14013888686895373 0.22039676457643512 0.21946247667074206 0.11547008529305459 3.5000000000000004 2.5000000000000004 0.32517604529857641 1.5000000000000002 0.27303031086921697 0.14926454424858096 0.14895787835121158 0.12516666948795321 0.12565835565328601
decision_type=2 2 2 2 2 2 2 2 2 2 2 2 2 2 2 2 2 2 2 2 2 2 2 2 2 2 2 2 2 2 2 2 2 2 2 2 2 2 2 2 2 2 2 2 2 2 2 2 2 2 2 2 2 2 2 2 2 2 2 2 2 2 2 2 2 2 2 2 2 2 2 2 2 2 2 2 2 2 2 2 2 2 2 2 2 2 2 2 2 2 2 2 2 2
left_child=1 2 11 46 9 6 8 -8 24 10 -4 -1 33 80 45 36 17 18 -11 21 -21 22 69 -22 -5 30 27 40 29 38 32 -32 34 -13 -7 -6 -14 -30 39 42 -27 -42 -28 44 -24 -15 -2 90 50 66 -49 52 53 59 -17 -23 -48 58 68 -36 -61 63 -63 -47 65 -65 70 -68 79 -10 71 72 -50 74 -74 -75 -77 -57 -56 -58 84 -82 83 -44 -3 86 88 -87 -39 -88 91 -16 -86 -94
right_child=3 13 4 5 35 25 7 -9 19 16 -12 12 15 14 47 54 -18 -19 -20 20 23 55 43 -25 -26 26 28 -29 37 -31 31 -33 -34 -35 51 -37 -38 85 -40 -41 41 -43 82 -45 -46 61 56 48 49 -51 -52 -53 -54 -55 78 77 57 -59 -60 60 -62 62 -64 64 -66 -67 67 -69 -70 -71 -72 -73 73 75 -76 76 -78 -79 -80 -81 81 -83 -84 -85 92 87 89 -89 -90 -91 -92 -93 93 -95
leaf_value=-3.1848581510087557e-05 0 0 1.0061513285901058e-05 3.184858388298774e-05 -2.8510238234859682e-05 0 0.00098136422206794821 3.184858388298774e-05 -0.00014015241398996719 4.7526822889125412e-06 2.4054418910994944e-07 0.00011087622693839615 -6.6398522229003473e-05 -1.9837475639586189e-05 0 0 0.00038913318639529265 -2.8510238234859682e-05 0.00018283717927852105 3.184858388298774e-05 3.184858388298774e-05 -0.00020743800471808584 3.184858388298774e-05 0 3.184858388298774e-05 -9.3034573791152573e-07 3.184858388298774e-05 -9.729481418402194e-05 -9.729481418402194e-05 2.6026532008149217e-06 3.184858388298774e-05 0.0006686097633758504 3.184858388298774e-05 1.0061513285901058e-05 -0.0003162292890458244 0.00010034390836498399 1.1279367562871593e-05 -0.0017178832791358962 3.184858388298774e-05 3.184858388298774e-05 3.1736543877976729e-05 0 3.184858388298774e-05 0.00035848380181059577 0.00049477643676127888 0 0 0.0035008446031492436 0 0 0 -0.00028819051513302669 3.184858388298774e-05 -2.1869448835869648e-05 0 0 -0.00013363257121777963 0 -0.00012157204380917622 3.184858388298774e-05 3.184858388298774e-05 0 0 0 -0.00033910227785187869 0 0 0.00029036254431762793 0.00011696474877998975 1.5500242300892902e-05 0 0 0 0 0.0047255755243726869 0 0 -0.00074662212916012645 0 0 0 0.00023661004046760797 0.00036491806389755591 3.184858388298774e-05 0 0.00043359319366388589 0.0040333234222763156 -0.0011738517751473552 4.5535558726928951e-05 -0.00078464832591775436 0 0 0 0
leaf_weight=313058 1148 35085 178 108 171 255 133 208 140 206 128 522 1612 291 539 2806 158 157 150 120 614 158 157 183 246 1188 162 738 723 138 138 321 114 637 194 431 783 139 954 136 165 765 1376 150 160 673 1448 226 1315 3053 218 144 168 332 920 185 278 943 153 188 266 902 1015 335 215 2219 421 199 116 129 9069 213 228 931 106 181 574 154 2191 117 695 121 299 128 37258 195 126 362 364 456 7585 236 503 41371
leaf_count=313058 1148 35085 178 108 171 255 133 208 140 206 128 522 1612 291 539 2806 158 157 150 120 614 158 157 183 246 1188 162 738 723 138 138 321 114 637 194 431 783 139 954 136 165 765 1376 150 160 673 1448 226 1315 3053 218 144 168 332 920 185 278 943 153 188 266 902 1015 335 215 2219 421 199 116 129 9069 213 228 931 106 181 574 154 2191 117 695 121 299 128 37258 195 126 362 364 456 7585 236 503 41371
internal_value=0 -0.0065579 -0.00583612 0.000702507 0.00940733 0.00268923 0.00847893 0.0284358 0.00576117 0.0162947 0.0259352 -0.00591075 -0.00385917 -0.00816263 -0.00722848 -0.00516547 0.0118983 0.00829155 0.0142737 0.0039391 0.00760642 0.00121166 0.00535264 0.00457284 0.0168274 0.00112556 0.000470473 -0.00248557 0.00198945 0.00410375 0.00372553 0.00914264 0.00222856 0.00550915 0.000818099 -0.00177039 -0.00220513 -0.000865076 0.00337959 0.00452465 -0.000350443 0.00194409 0.00351092 0.0104531 0.00759463 -0.00500212 -0.00562164 -0.00772975 -0.00736631 -0.00749465 -0.00265757 0.00212117 0.00283485 0.0012623 -0.00636371 -0.00492065 -0.00640098 -0.00525235 -0.00335347 0.00311319 0.00473694 -0.00527196 -0.00415479 -0.00589416 -0.00511703 -0.00545464 -0.00715789 -0.00491139 -0.00188082 -0.0035021 -0.00726828 -0.00648513 -0.00680516 -0.00607693 -0.0021083 -0.00686312 -0.00535658 -0.00698949 -0.00550883 -0.00325224 -0.00841229 -0.00671704 0.00288693 0.00339127 -0.00842441 0.000452028 -0.000394667 0.00210133 0.00202424 -0.00248523 -0.00845723 -0.00693733 -0.00851892 -0.00837502
internal_weight=0 469885 324108 17582 1579 13379 2845 341 2504 977 306 322529 9471 145777 30744 8312 671 513 356 2150 917 1233 736 797 354 10534 8414 2856 5558 3193 2120 459 1661 1159 1547 602 2395 2365 3055 2101 2118 930 1965 467 317 5650 4203 25094 16734 16290 444 1292 1148 980 5917 497 3055 1607 664 648 454 5359 1917 3442 2769 2554 13237 620 511 269 12617 3548 3335 2020 334 1686 755 339 3111 395 115033 816 1803 1504 114217 1642 1085 557 503 582 8360 775 79132 41874
internal_count=487467 469885 324108 17582 1579 13379 2845 341 2504 977 306 322529 9471 145777 30744 8312 671 513 356 2150 917 1233 736 797 354 10534 8414 2856 5558 3193 2120 459 1661 1159 1547 602 2395 2365 3055 2101 2118 930 1965 467 317 5650 4203 25094 16734 16290 444 1292 1148 980 5917 497 3055 1607 664 648 454 5359 1917 3442 2769 2554 13237 620 511 269 12617 3548 3335 2020 334 1686 755 339 3111 395 115033 816 1803 1504 114217 1642 1085 557 503 582 8360 775 79132 41874
is_linear=0
shrinkage=0.0951581


Tree=58
num_leaves=95
num_cat=0
split_feature=4 2 4 4 2 0 2 2 2 0 2 2 2 2 2 2 2 2 2 2 0 2 0 2 2 2 2 2 2 2 2 2 2 2 2 2 2 0 2 2 2 0 2 2 2 2 2 2 2 2 0 2 2 2 0 2 2 2 2 2 0 2 2 2 2 2 2 2 0 4 2 2 2 2 2 0 0 2 2 2 2 0 2 2 2 2 2 2 2 2 0 2 0 0
split_gain=368.383 1294.63 207.852 16.0034 11.1184 5.82872 65.1084 4.27041 10.9862 4.55917 8.71716 11.8167 3.78734 3.23948 4.68704 3.13646 9.49717 3.12244 4.41343 2.82978 4.32827 2.60571 2.33194 2.08103 5.27109 1.9015 3.54267 1.81737 18.0476 3.18845 1.74348 1.6973 4.75449 1.61305 3.03099 2.64552 1.57194 2.92303 1.9722 7.93037 1.79187 1.52047 1.49282 5.97972 1.239 2.73867 2.31126 1.27981 1.28401 1.10237 1.08413 1.03436 1.03216 0.753242 1.82123 0.690672 1.53134 2.10168 0.682331 0.62998 0.559033 0.599933 0.555479 0.529197 0.488028 0.487987 0.868963 0.463554 0.521939 0.454834 0.467409 0.450731 0.425092 1.75358 0.503818 0.658131 0.424865 0.401503 0.537256 0.38135 0.370215 0.353359 0.349445 0.385704 0.364962 0.342758 0.33842 1.23072 0.719241 1.5832 1.69267 0.573234 1.03682 0.337966
threshold=0.15000000223517421 0.10458041727542879 0.25000000745058065 0.25000000745058065 0.19012194871902469 1.5000000000000002 0.10559467971324922 0.15460605919361117 0.15629401057958606 2.5000000000000004 0.17660956084728244 0.16505814343690875 0.18897569924592975 0.20240999013185504 0.20071429014205935 0.10388386249542238 0.10458041727542879 0.24515175819396975 0.24171940237283709 0.1067231632769108 1.5000000000000002 0.17006493359804156 1.5000000000000002 0.19699231535196307 0.1981649845838547 0.14379280805587771 0.14586748182773593 0.10074627026915552 0.10259784013032915 0.1067231632769108 0.10594117641448976 0.10388386249542238 0.10421099141240121 0.10259784013032915 0.10074627026915552 0.10317540168762208 0.15803226083517077 1.5000000000000002 0.1633739769458771 0.1643650829792023 0.168457105755806 2.5000000000000004 0.16505814343690875 0.17660956084728244 0.11630280315876008 0.12516666948795321 0.12782331556081775 0.15298574417829516 0.15188746154308322 0.17394282668828967 1.5000000000000002 0.20439612865448001 0.26417112350463873 0.16587346047163012 1.5000000000000002 0.22736185789108279 0.22410600632429126 0.22547236829996112 0.14415185153484347 0.14451952278614047 2.5000000000000004 0.14122316241264346 0.17089758068323138 0.10347852483391763 0.1483045965433121 0.10388386249542238 0.10458041727542879 0.14620192348957065 1.5000000000000002 0.35000000894069677 0.19548846781253817 0.15886382013559344 0.18843366950750354 0.18758561462163928 0.18346994370222094 1.5000000000000002 2.5000000000000004 0.14670995622873309 0.14790198951959613 0.1779797971248627 0.14503520727157596 1.5000000000000002 0.16090353578329089 0.16159114986658099 0.16259328275918963 0.10594117641448976 0.15339080244302752 0.16013698279857638 0.1583974361419678 0.15954913944005969 1.5000000000000002 0.15392307937145236 1.5000000000000002 1.5000000000000002
decision_type=2 2 2 2 2 2 2 2 2 2 2 2 2 2 2 2 2 2 2 2 2 2 2 2 2 2 2 2 2 2 2 2 2 2 2 2 2 2 2 2 2 2 2 2 2 2 2 2 2 2 2 2 2 2 2 2 2 2 2 2 2 2 2 2 2 2 2 2 2 2 2 2 2 2 2 2 2 2 2 2 2 2 2 2 2 2 2 2 2 2 2 2 2 2
left_child=5 3 19 31 7 27 15 44 22 12 11 -11 36 14 23 -7 -17 18 51 20 85 -13 -9 69 -25 -21 50 -1 -29 65 -22 33 -33 34 -2 -35 37 -10 71 -40 53 64 -43 -44 -4 -46 -47 48 60 62 58 -15 76 -41 -55 56 -53 -58 -27 -60 -48 -62 -42 -37 67 -30 -67 -28 77 70 81 -38 73 74 75 79 -19 -69 -79 -51 -61 -6 93 -84 -85 -3 -66 88 91 90 -90 92 -88 -73
right_child=1 2 4 -5 13 6 -8 8 9 10 -12 21 -14 17 -16 16 -18 52 -20 25 30 -23 -24 24 -26 26 41 28 29 -31 -32 32 -34 35 -36 63 38 -39 39 40 49 42 43 -45 45 46 47 -49 -50 72 -52 55 -54 54 -56 -57 57 -59 59 80 61 -63 -64 -65 86 66 -68 68 -70 -71 -72 82 -74 -75 -76 -77 -78 78 -80 -81 -82 -83 83 84 -86 -87 87 -89 89 -91 -92 -93 -94 -95
leaf_value=-2.8817931361012404e-05 0.00014015788468735725 0 8.6569128007299141e-05 0.00022672701269465902 -8.4181581552414845e-07 2.176544637904272e-07 -0.00010610002774240266 2.8817933508111251e-05 0.0001523076869026351 -0.0027119393546121552 0.00026273219952681641 2.8817933508111251e-05 2.8817933508111251e-05 2.8817933508111251e-05 -8.8036425611280549e-05 0.0049238441648418695 0.00035210401606991081 -8.8036425611280549e-05 2.3549896962891616e-06 0 -0.0026290341533270994 2.8817933508111251e-05 2.8817933508111251e-05 2.8716555015850364e-05 0.00021628767252133415 0 0 0.00010032545708406945 -6.0080165751244931e-05 -0.00020102766465664957 9.0795373817258317e-05 -1.6378955996604841e-05 1.0206044502155049e-05 9.1040789106794277e-06 -0.00012220666535226298 7.2265725317730329e-05 -9.5778157477531764e-05 2.8817933508111251e-05 2.8817933508111251e-05 2.8817933508111251e-05 0.00058420746492765649 0 2.8817933508111251e-05 0 -0.00026446159284468975 8.6569128007299141e-05 8.6569128007299141e-05 -0.00011000348046273765 0.00010583460682329797 2.8817933508111251e-05 0 2.8817933508111251e-05 3.8703514984642467e-05 2.8817933508111251e-05 2.8817933508111251e-05 2.8817933508111251e-05 2.8817933508111251e-05 2.8817933508111251e-05 0 0 -0.0035367534853423216 0.00021409533764421085 -0.00019888437109086268 0.00022580925296788212 0 -0.0001270259789461817 -0.00033422169569759962 0 0 0.002488695298440364 0.00046884723059102993 8.0492998091024991e-05 -0.00099549737720123913 2.8817933508111251e-05 -0.00017650611315615054 2.8817933508111251e-05 -0.00024418461342107256 0 0 2.8817933508111251e-05 0 -0.0010842443705911698 -2.2879425582289864e-05 8.3196384412466236e-05 -0.00027628993221084046 0 -0.0015281202528467696 0 0 0 0.00028119895265071171 0 0 -0.0013970358444742848
leaf_weight=279508 33104 1031 226 956 382 176 4180 139 159 179 363 183 125 162 738 115 200 488 136 87108 341 213 172 157 691 195 550 412 1351 24200 240 121 234 224 117 131 207 142 149 212 223 466 117 345 495 158 1645 228 118 156 1181 1823 1511 183 221 790 140 166 634 352 106 122 292 128 8629 1023 4232 321 826 140 129 191 140 162 331 388 379 926 250 172 782 507 179 139 119 618 245 10303 269 979 212 3170 229 160
leaf_count=279508 33104 1031 226 956 382 176 4180 139 159 179 363 183 125 162 738 115 200 488 136 87108 341 213 172 157 691 195 550 412 1351 24200 240 121 234 224 117 131 207 142 149 212 223 466 117 345 495 158 1645 228 118 156 1181 1823 1511 183 221 790 140 166 634 352 106 122 292 128 8629 1023 4232 321 826 140 129 191 140 162 331 388 379 926 250 172 782 507 179 139 119 618 245 10303 269 979 212 3170 229 160
internal_value=0 -0.00275404 -0.00692605 0.013576 0.00301008 -0.00822782 -0.00489134 0.00545428 0.0070951 0.0060132 0.0119911 0.0192799 0.00462868 0.000548877 -0.00212927 0.0278885 0.0222036 0.00186234 0.00379508 -0.00830813 -0.00494993 0.0284513 0.0244474 0.000256156 0.00383774 -0.00837155 -0.00773127 -0.00827797 -0.00758936 -0.00785396 0.0021128 0.0139168 0.0073714 0.0139857 0.0139064 0.0194453 0.00410937 0.0107171 0.00356055 0.00492621 0.00364517 -0.00807325 -0.00428622 -0.000453136 0.00264771 0.00211389 0.00345483 0.00266305 0.00343639 0.00217475 -0.00470343 0.00305457 -0.000752303 0.00809461 0.0105051 0.00264382 0.00353546 0.00976459 -0.00607403 -0.00666322 0.00282985 -0.00158597 -0.00157057 0.0128959 -0.00820385 -0.00600104 -0.00558635 -0.0070317 -0.00644355 -0.00236663 -0.003066 -4.78204e-05 0.00360458 0.0041794 0.00275386 0.00417313 -0.0033695 -0.00538403 -0.00619822 0.00731092 -0.00532013 -0.00384272 0.000990221 -0.000805689 0.00154908 -0.00743838 -0.00834395 -0.00807674 -0.00686839 -0.00508379 -0.000613287 -0.0075834 -0.00449692 0.00322616
internal_weight=0 172070 137055 35015 16736 315397 4671 8397 5299 4988 938 575 4050 8339 2744 491 315 5595 3217 120319 2230 396 311 2006 848 118089 30981 310726 31218 30806 581 34059 355 33704 33221 483 3925 301 3624 2629 2480 27837 928 462 3098 2872 2377 2219 1991 1864 3144 3081 2378 616 404 2919 2129 306 1963 1768 1873 228 515 259 26909 6606 5255 2873 2323 1158 1018 995 1349 1209 1047 716 867 1497 1176 328 1134 889 788 437 258 1649 24036 15407 5104 1460 481 3644 474 351
internal_count=487467 172070 137055 35015 16736 315397 4671 8397 5299 4988 938 575 4050 8339 2744 491 315 5595 3217 120319 2230 396 311 2006 848 118089 30981 310726 31218 30806 581 34059 355 33704 33221 483 3925 301 3624 2629 2480 27837 928 462 3098 2872 2377 2219 1991 1864 3144 3081 2378 616 404 2919 2129 306 1963 1768 1873 228 515 259 26909 6606 5255 2873 2323 1158 1018 995 1349 1209 1047 716 867 1497 1176 328 1134 889 788 437 258 1649 24036 15407 5104 1460 481 3644 474 351
is_linear=0
shrinkage=0.0951581


Tree=59
num_leaves=95
num_cat=0
split_feature=4 2 4 4 2 0 2 2 2 0 2 2 2 2 2 2 2 2 2 2 0 2 0 2 2 2 2 2 2 2 2 2 0 2 2 2 2 2 2 2 2 0 2 2 2 2 2 2 2 2 0 2 4 2 0 2 2 2 2 2 0 2 2 2 0 2 2 2 2 2 0 2 2 2 0 2 2 2 2 2 2 2 2 2 2 0 2 0 2 2 0 2 0 2
split_gain=367.416 1295.77 205.147 16.0034 10.7628 5.82872 65.1084 3.93251 11.2148 5.0158 8.87103 11.3941 3.90835 3.13646 9.49717 2.99372 4.78785 3.40326 4.41343 2.82978 4.32827 2.60571 2.33194 1.97224 5.27109 1.9015 3.54267 1.81737 18.0476 3.18845 1.74348 1.70138 2.92303 2.89465 7.93037 1.79187 1.6973 4.75449 1.61305 3.03099 2.64552 1.52047 1.49282 5.97972 1.239 2.73867 2.31126 1.27981 1.28401 1.10237 1.08413 1.03436 1.02017 0.753242 1.82123 0.690672 1.53134 2.10168 0.682331 0.62998 0.559033 0.599933 0.555479 0.538733 1.88833 0.529197 0.488028 0.487987 0.868963 0.463554 0.521939 0.425092 1.75358 0.503818 0.658131 0.401503 0.537256 0.390631 0.38135 0.370215 0.342758 0.33842 1.23072 0.719241 1.5832 1.69267 0.573234 1.03682 0.333021 0.447798 0.565376 0.442568 0.496492 0.323064
threshold=0.15000000223517421 0.10458041727542879 0.25000000745058065 0.25000000745058065 0.19012194871902469 1.5000000000000002 0.10559467971324922 0.15460605919361117 0.15629401057958606 2.5000000000000004 0.17660956084728244 0.16505814343690875 0.18897569924592975 0.10388386249542238 0.10458041727542879 0.20240999013185504 0.20071429014205935 0.24515175819396975 0.24171940237283709 0.1067231632769108 1.5000000000000002 0.17006493359804156 1.5000000000000002 0.19699231535196307 0.1981649845838547 0.14379280805587771 0.14586748182773593 0.10074627026915552 0.10259784013032915 0.1067231632769108 0.10594117641448976 0.15803226083517077 1.5000000000000002 0.1633739769458771 0.1643650829792023 0.168457105755806 0.10388386249542238 0.10421099141240121 0.10259784013032915 0.10074627026915552 0.10317540168762208 2.5000000000000004 0.16505814343690875 0.17660956084728244 0.11630280315876008 0.12516666948795321 0.12782331556081775 0.15298574417829516 0.15188746154308322 0.17394282668828967 1.5000000000000002 0.20439612865448001 0.35000000894069677 0.16587346047163012 1.5000000000000002 0.22736185789108279 0.22410600632429126 0.22547236829996112 0.14415185153484347 0.14451952278614047 2.5000000000000004 0.14122316241264346 0.17089758068323138 0.19238026440143588 1.5000000000000002 0.10347852483391763 0.1483045965433121 0.10388386249542238 0.10458041727542879 0.14620192348957065 1.5000000000000002 0.18843366950750354 0.18758561462163928 0.18346994370222094 1.5000000000000002 0.14670995622873309 0.14790198951959613 0.25646600127220159 0.1779797971248627 0.14503520727157596 0.10594117641448976 0.15339080244302752 0.16013698279857638 0.1583974361419678 0.15954913944005969 1.5000000000000002 0.15392307937145236 1.5000000000000002 0.13759057968854907 0.14859127253293994 1.5000000000000002 0.133558563888073 1.5000000000000002 0.11504717171192171
decision_type=2 2 2 2 2 2 2 2 2 2 2 2 2 2 2 2 2 2 2 2 2 2 2 2 2 2 2 2 2 2 2 2 2 2 2 2 2 2 2 2 2 2 2 2 2 2 2 2 2 2 2 2 2 2 2 2 2 2 2 2 2 2 2 2 2 2 2 2 2 2 2 2 2 2 2 2 2 2 2 2 2 2 2 2 2 2 2 2 2 2 2 2 2 2
left_child=5 3 19 36 7 27 13 44 22 12 11 -11 31 -7 -15 16 23 18 51 20 80 -13 -9 63 -25 -21 50 -1 -29 67 -22 32 -10 -33 -35 53 38 -38 39 -2 -40 66 -43 -44 -4 -46 -47 48 60 62 58 -17 77 -36 -55 56 -53 -58 -27 -60 88 -62 -37 64 -6 -42 69 -30 -69 -28 75 72 73 74 78 -71 -77 -19 -51 -61 -3 -68 83 86 85 -85 87 -83 91 -90 -91 92 -48 -31
right_child=1 2 4 -5 15 6 -8 8 9 10 -12 21 -14 14 -16 17 -18 52 -20 25 30 -23 -24 24 -26 26 41 28 29 93 -32 33 -34 34 35 49 37 -39 40 -41 65 42 43 -45 45 46 47 -49 -50 71 -52 55 -54 54 -56 -57 57 -59 59 79 61 -63 -64 -65 -66 -67 81 68 -70 70 -72 -73 -74 -75 -76 76 -78 -79 -80 -81 -82 82 -84 84 -86 -87 -88 -89 89 90 -92 -93 -94 -95
leaf_value=-2.6075672088095338e-05 0.00012682072824328773 0 7.8331375232735989e-05 0.00020515210347602636 -7.6171023135769884e-07 1.9694288098698395e-07 -9.6003751875532086e-05 2.6075674030880071e-05 0.00013781437849985965 -0.0024538763885508905 0.00023773110554055728 2.6075674030880071e-05 2.6075674030880071e-05 0.0044553005643216161 0.0003185984708243827 2.6075674030880071e-05 -7.9659047600949418e-05 -7.9659047600949418e-05 2.1308933775277695e-06 0 -0.002378860287775821 2.6075674030880071e-05 2.6075674030880071e-05 2.5983942522193839e-05 0.00019570615096244564 0 0 9.0778678324972937e-05 -5.4363052000580899e-05 -0.00016079135842427043 8.2155459568410971e-05 -2.0702263169901659e-05 2.6075674030880071e-05 2.6075674030880071e-05 2.6075674030880071e-05 0.00052861539907339441 -1.4820365846614656e-05 9.2348568126137634e-06 8.23775216080335e-06 -0.00011057771263264333 6.5389057007154714e-05 0 2.6075674030880071e-05 0 -0.00023929593309543389 7.8331375232735989e-05 7.8331375232735989e-05 -9.9535759495083593e-05 9.5763587903831436e-05 2.6075674030880071e-05 0 2.6075674030880071e-05 0.00015053727441034491 2.6075674030880071e-05 2.6075674030880071e-05 2.6075674030880071e-05 2.6075674030880071e-05 2.6075674030880071e-05 0 0 -0.0032002027829445201 0.00019372243448234939 -0.00017995891443577545 -0.00011846036887429735 0.0025480537470373172 0.00020432167601087221 0 -0.0001149384295553973 -0.00030241779788289899 0 0 -0.00090076774933184908 2.6075674030880071e-05 -0.0001597101287579175 2.6075674030880071e-05 0 0 -7.9659047600949418e-05 2.6075674030880071e-05 0 0 -0.0013827072500533033 0 0 0 0.00025444059772992327 0 0 7.5678263189421486e-05 7.8331375232735989e-05 7.4450551457304822e-05 7.8331340897098804e-05 -0.0021825803359485679 -0.00020866095729375932
leaf_weight=279508 33104 1031 226 956 182 176 4180 139 159 179 363 183 125 115 200 162 738 488 136 87108 341 213 172 157 691 195 550 412 1351 16255 240 995 142 149 212 223 121 234 224 117 131 466 117 345 495 158 179 228 118 156 1181 1823 1409 183 221 790 140 166 634 352 106 122 292 858 118 128 8629 1023 4232 321 826 140 162 331 388 926 250 481 172 782 618 245 10303 269 979 212 3170 229 807 153 226 141 139 7945
leaf_count=279508 33104 1031 226 956 182 176 4180 139 159 179 363 183 125 115 200 162 738 488 136 87108 341 213 172 157 691 195 550 412 1351 16255 240 995 142 149 212 223 121 234 224 117 131 466 117 345 495 158 179 228 118 156 1181 1823 1409 183 221 790 140 166 634 352 106 122 292 858 118 128 8629 1023 4232 321 826 140 162 331 388 926 250 481 172 782 618 245 10303 269 979 212 3170 229 807 153 226 141 139 7945
internal_value=0 -0.00276123 -0.00693508 0.013576 0.00293616 -0.00822782 -0.00489134 0.00534095 0.00691553 0.00582242 0.0120926 0.0194453 0.00437022 0.0278885 0.0222036 0.000514643 -0.00205991 0.0017773 0.00379508 -0.00830813 -0.00494993 0.0284513 0.0244474 0.00035103 0.00383774 -0.00837155 -0.00773127 -0.00827797 -0.00758936 -0.00785396 0.0021128 0.00384269 0.0107171 0.00327171 0.00492621 0.00364517 0.0139168 0.0073714 0.0139857 0.0139064 0.0194453 -0.00807325 -0.00428622 -0.000453136 0.00264771 0.00211389 0.00345483 0.00266305 0.00343639 0.00217475 -0.00470343 0.00305457 -0.000952383 0.00809461 0.0105051 0.00264382 0.00353546 0.00976459 -0.00607403 -0.00666322 0.00282985 -0.00158597 -0.00157057 -0.00220228 0.00126877 0.0128959 -0.00820385 -0.00600104 -0.00558635 -0.0070317 -0.00644355 0.00360458 0.0041794 0.00275386 0.00417313 -0.00538403 -0.00619822 -0.00332906 0.00731092 -0.00532013 -0.00743838 -0.00834395 -0.00807674 -0.00686839 -0.00508379 -0.000613287 -0.0075834 -0.00449692 0.00344189 0.00259959 0.00529772 0.00561826 0.00365072 -0.00835976
internal_weight=0 172070 137055 35015 16736 315397 4671 8397 5299 4988 938 575 4050 491 315 8339 2744 5595 3217 120319 2230 396 311 2006 848 118089 30981 310726 31218 30806 581 3925 301 3624 2629 2480 34059 355 33704 33221 483 27837 928 462 3098 2872 2377 2219 1991 1864 3144 3081 2378 616 404 2919 2129 306 1963 1768 1873 228 515 1158 300 259 26909 6606 5255 2873 2323 1349 1209 1047 716 1497 1176 969 328 1134 1649 24036 15407 5104 1460 481 3644 474 1645 1186 379 459 318 24200
internal_count=487467 172070 137055 35015 16736 315397 4671 8397 5299 4988 938 575 4050 491 315 8339 2744 5595 3217 120319 2230 396 311 2006 848 118089 30981 310726 31218 30806 581 3925 301 3624 2629 2480 34059 355 33704 33221 483 27837 928 462 3098 2872 2377 2219 1991 1864 3144 3081 2378 616 404 2919 2129 306 1963 1768 1873 228 515 1158 300 259 26909 6606 5255 2873 2323 1349 1209 1047 716 1497 1176 969 328 1134 1649 24036 15407 5104 1460 481 3644 474 1645 1186 379 459 318 24200
is_linear=0
shrinkage=0.0951581


Tree=60
num_leaves=95
num_cat=0
split_feature=3 2 0 2 2 2 0 2 2 2 2 2 2 2 2 2 2 2 2 2 2 2 0 2 2 2 2 2 2 2 0 2 2 2 2 2 2 2 2 2 2 2 2 2 2 2 2 2 2 2 0 2 2 2 2 0 2 0 2 2 0 0 2 2 2 2 0 2 2 2 2 2 2 2 2 2 2 2 0 2 2 2 2 2 0 2 0 2 2 2 2 0 2 2
split_gain=99.3164 60.5096 40.7172 24.5632 13.4245 13.3993 17.4631 18.2084 5.57579 4.57302 16.7486 4.53548 12.7999 3.54691 3.90589 3.25612 3.12986 4.59719 3.94307 2.37493 6.18964 3.45779 3.67091 2.32227 2.21671 1.9403 4.26861 4.12654 3.52668 4.09359 1.89855 9.28894 4.95209 1.62306 1.46979 1.36318 1.26742 1.11372 0.974213 3.44511 0.964026 5.82971 0.940372 0.890568 1.74812 0.836714 0.75022 0.651098 1.14668 0.808453 0.683951 0.579369 1.82884 0.723661 0.529455 0.504035 0.494001 0.450586 0.531133 0.441545 0.709675 0.41138 1.90756 0.944546 0.414051 0.393564 0.388503 0.956867 0.361419 0.350014 0.287036 0.271369 0.268408 0.254753 1.15664 0.250856 0.361081 0.635536 1.90753 0.439068 0.649013 0.288098 0.247599 0.271716 0.279449 0.228423 0.264191 0.880137 0.217917 0.265808 0.203511 0.317442 0.415288 0.313496
threshold=0.15000000223517421 0.1067231632769108 1.5000000000000002 0.15460605919361117 0.10559467971324922 0.17089758068323138 2.5000000000000004 0.16505814343690875 0.15629401057958606 0.10388386249542238 0.10347852483391763 0.10074627026915552 0.10317540168762208 0.14379280805587771 0.1483045965433121 0.10458041727542879 0.10533428192138673 0.10504237189888956 0.10458041727542879 0.1633739769458771 0.16370223462581637 0.16013698279857638 1.5000000000000002 0.16928205639123919 0.15529115498065951 0.19012194871902469 0.20240999013185504 0.20071429014205935 0.24515175819396975 0.24171940237283709 2.5000000000000004 0.17660956084728244 0.18897569924592975 0.10259784013032915 0.17394282668828967 0.10594117641448976 0.10421099141240121 0.25920708477497106 0.22547236829996112 0.22410600632429126 0.19699231535196307 0.1981649845838547 0.20439612865448001 0.15886382013559344 0.15803226083517077 0.14415185153484347 0.14013888686895373 0.15339080244302752 0.15392307937145236 0.19238026440143588 1.5000000000000002 0.18843366950750354 0.18758561462163928 0.18346994370222094 0.10559467971324922 1.5000000000000002 0.14926454424858096 1.5000000000000002 0.15298574417829516 0.17660956084728244 1.5000000000000002 1.5000000000000002 0.14551208168268207 0.14451952278614047 0.14790198951959613 0.14503520727157596 2.5000000000000004 0.17089758068323138 0.15188746154308322 0.15803226083517077 0.16159114986658099 0.10594117641448976 0.15092624723911288 0.22039676457643512 0.21946247667074206 0.15954913944005969 0.15563492476940158 0.15629401057958606 1.5000000000000002 0.15724790096282962 0.15803226083517077 0.1583974361419678 0.16013698279857638 0.1643650829792023 1.5000000000000002 0.11547008529305459 2.5000000000000004 0.14013888686895373 0.14926454424858096 0.14895787835121158 0.38397435843944555 3.5000000000000004 0.33771552145481115 0.32517604529857641
decision_type=2 2 2 2 2 2 2 2 2 2 2 2 2 2 2 2 2 2 2 2 2 2 2 2 2 2 2 2 2 2 2 2 2 2 2 2 2 2 2 2 2 2 2 2 2 2 2 2 2 2 2 2 2 2 2 2 2 2 2 2 2 2 2 2 2 2 2 2 2 2 2 2 2 2 2 2 2 2 2 2 2 2 2 2 2 2 2 2 2 2 2 2 2 2
left_child=1 2 11 46 9 6 8 -8 24 10 -4 -1 33 85 45 36 17 18 -11 21 -21 22 69 -22 -5 30 27 40 29 38 32 -32 34 -13 -7 -6 -14 -30 39 42 -27 -42 -28 44 -24 -15 -2 88 50 66 -49 52 53 59 -17 -23 -48 58 68 -36 -61 63 -63 -47 65 -65 75 -68 72 -10 -57 -56 -58 74 -44 76 -50 78 -78 -79 -81 -82 -77 84 -84 -3 -87 -88 89 -16 91 92 -39 -93
right_child=3 13 4 5 35 25 7 -9 19 16 -12 12 15 14 47 54 -18 -19 -20 20 23 55 43 -25 -26 26 28 -29 37 -31 31 -33 -34 -35 51 -37 -38 90 -40 -41 41 -43 73 -45 -46 61 56 48 49 -51 -52 -53 -54 -55 71 70 57 -59 -60 60 -62 62 -64 64 -66 -67 67 -69 -70 -71 -72 -73 -74 -75 -76 82 77 79 -80 80 81 -83 83 -85 -86 86 87 -89 -90 -91 -92 93 -94 -95
leaf_value=-2.3594360966720044e-05 0 0 7.4538634087638663e-06 2.3594362724630969e-05 -6.5654490340301447e-06 0 0.0013795486316997075 2.3594362724630969e-05 -0.00015442323940384177 2.4504671107583685e-06 1.7820217281946484e-07 8.2140352787264716e-05 -4.9189967868166566e-05 -5.6756939164639643e-05 0 0 0.0002882812492302876 -8.9620025291403329e-05 0.00010161597588807742 2.3594362724630969e-05 2.3594362724630969e-05 -0.0001936454217760969 2.3594362724630969e-05 0 2.3594362724630969e-05 -6.892273414866708e-07 2.3594362724630969e-05 -7.2078844871652236e-05 -7.2078844871652236e-05 1.9281216361796853e-06 2.3594362724630969e-05 0.00055736300445710294 2.3594362724630969e-05 7.4538634087638663e-06 -0.00029136108504539295 7.4337703047309568e-05 8.3560854875241413e-06 -0.00040043324265902054 2.3594362724630969e-05 2.3594362724630969e-05 2.3511360211002057e-05 0 2.3594362724630969e-05 0.00032437116834671488 0.00039672402070464367 0 0 0.0034446997035008698 0 0 0 -0.00026076685648834959 2.3594362724630969e-05 -1.6588771895171287e-05 0 0 -0.00013660796787129918 0 -9.0064126849327019e-05 2.3594362724630969e-05 2.3594362724630969e-05 0 0 0 -0.00032227310483403954 0 0 0.00021510906787718315 8.6650907897511855e-05 2.2892546066458517e-05 -0.00067557499425633142 0 0 0.00032496958756684109 2.3594362724630969e-05 0 0 0 0.0042758987887583149 0 0 0 0 0 0 0 0 0.00017528761192923294 0 0 -0.0016311502804544345 0.00037432550216534029 2.0695723133402341e-05 0.0010324962971598236
leaf_weight=313058 1148 35151 178 108 171 255 133 208 140 206 128 522 1612 291 539 2806 158 157 150 120 614 158 157 183 246 1188 162 738 723 138 138 321 114 637 194 431 783 885 954 136 165 765 1376 150 160 673 1448 226 1315 3053 218 144 168 332 920 185 278 943 153 188 266 902 1015 335 215 2219 421 199 116 129 154 2191 117 299 128 1065 228 931 106 181 314 473 996 6390 618 79132 629 121 7585 236 270 195 113 179
leaf_count=313058 1148 35151 178 108 171 255 133 208 140 206 128 522 1612 291 539 2806 158 157 150 120 614 158 157 183 246 1188 162 738 723 138 138 321 114 637 194 431 783 885 954 136 165 765 1376 150 160 673 1448 226 1315 3053 218 144 168 332 920 185 278 943 153 188 266 902 1015 335 215 2219 421 199 116 129 154 2191 117 299 128 1065 228 931 106 181 314 473 996 6390 618 79132 629 121 7585 236 270 195 113 179
internal_value=0 -0.00656033 -0.00583612 0.000724156 0.00940733 0.00271768 0.00851238 0.0287149 0.00576117 0.0162947 0.0259352 -0.00591075 -0.00385917 -0.00817046 -0.00726252 -0.00516547 0.0118983 0.00829155 0.0142737 0.0039391 0.00760642 0.00121166 0.00535264 0.00457284 0.0168274 0.00115266 0.000504401 -0.00248557 0.00204081 0.00410375 0.00372553 0.00914264 0.00222856 0.00550915 0.000818099 -0.00177039 -0.00220513 -0.000744368 0.00337959 0.00452465 -0.000350443 0.00194409 0.00351092 0.0104531 0.00759463 -0.00500212 -0.00562164 -0.00777146 -0.00742886 -0.00755891 -0.00265757 0.00212117 0.00283485 0.0012623 -0.00636371 -0.00492065 -0.00640098 -0.00525235 -0.00335347 0.00311319 0.00473694 -0.00527196 -0.00415479 -0.00589416 -0.00511703 -0.00545464 -0.00723696 -0.00491139 -0.00188082 -0.0035021 -0.00698949 -0.00550883 -0.00325224 0.00288693 0.00339127 -0.00735124 -0.00667287 -0.0059362 -0.0021083 -0.00660946 -0.00519044 -0.00637209 -0.00761664 -0.00743527 -0.00633208 -0.00841312 -0.00850207 -0.00672451 -0.00845723 -0.00693733 0.000625885 0.00109584 0.000209765 0.00346029
internal_weight=0 469885 324108 17582 1579 13379 2845 341 2504 977 306 322529 9471 145777 30744 8312 671 513 356 2150 917 1233 736 797 354 10534 8414 2856 5558 3193 2120 459 1661 1159 1547 602 2395 2365 3055 2101 2118 930 1965 467 317 5650 4203 25094 16734 16290 444 1292 1148 980 5917 497 3055 1607 664 648 454 5359 1917 3442 2769 2554 13237 620 511 269 339 3111 395 1803 1504 12617 3548 2233 334 1899 968 787 9069 8004 1614 115033 79882 750 8360 775 1642 1372 998 374
internal_count=487467 469885 324108 17582 1579 13379 2845 341 2504 977 306 322529 9471 145777 30744 8312 671 513 356 2150 917 1233 736 797 354 10534 8414 2856 5558 3193 2120 459 1661 1159 1547 602 2395 2365 3055 2101 2118 930 1965 467 317 5650 4203 25094 16734 16290 444 1292 1148 980 5917 497 3055 1607 664 648 454 5359 1917 3442 2769 2554 13237 620 511 269 339 3111 395 1803 1504 12617 3548 2233 334 1899 968 787 9069 8004 1614 115033 79882 750 8360 775 1642 1372 998 374
is_linear=0
shrinkage=0.0951581


Tree=61
num_leaves=95
num_cat=0
split_feature=4 2 4 3 2 3 2 2 2 2 4 2 2 2 3 2 2 2 2 2 2 2 2 2 2 2 2 2 2 2 2 2 2 2 2 2 2 2 2 2 2 2 2 2 2 2 2 2 2 2 2 2 2 2 2 2 2 2 2 2 2 2 4 2 2 2 2 2 2 2 2 2 2 2 2 4 2 2 2 2 2 2 2 2 2 2 2 2 2 2 2 2 2 2
split_gain=367.714 1295.42 205.977 16.6847 10.5602 7.09695 9.23954 15.7673 7.81556 11.0841 6.25014 4.37983 22.6471 8.7131 3.59325 5.13548 13.0076 3.26714 4.68704 3.06773 4.41343 3.00748 2.78408 2.17203 2.08103 5.27109 1.73616 4.75449 1.67226 3.86763 1.57469 1.56888 3.06133 2.64552 1.39001 2.92478 1.37168 1.84386 1.29441 5.77336 1.28704 1.24619 2.72923 1.36617 1.06396 1.03436 0.825529 0.70705 1.03195 1.45058 0.690672 1.53134 2.10168 0.663039 0.64061 5.27577 0.921473 0.53627 0.529197 0.513027 0.487732 1.19112 0.454834 0.467409 0.397315 0.363042 1.91969 0.761904 0.478463 0.534885 0.375171 0.334165 0.459798 0.327051 0.405208 0.300588 0.502289 1.37727 0.30695 0.293108 0.292083 0.279243 0.258426 0.239388 0.236506 0.600298 0.235566 0.23329 1.56601 0.37598 1.00025 0.231301 0.230617 0.226959
threshold=0.15000000223517421 0.10458041727542879 0.25000000745058065 0.15000000223517421 0.19012194871902469 0.15000000223517421 0.15460605919361117 0.15629401057958606 0.16259328275918963 0.17089758068323138 0.25000000745058065 0.10074627026915552 0.10594117641448976 0.10259784013032915 0.15000000223517421 0.1583974361419678 0.16013698279857638 0.20240999013185504 0.20071429014205935 0.24515175819396975 0.24171940237283709 0.1067231632769108 0.15724790096282962 0.16259328275918963 0.19699231535196307 0.1981649845838547 0.10388386249542238 0.10421099141240121 0.17394282668828967 0.17517123371362689 0.10594117641448976 0.10259784013032915 0.10074627026915552 0.10317540168762208 0.10347852483391763 0.10388386249542238 0.16587346047163012 0.16928205639123919 0.168457105755806 0.1643650829792023 0.18897569924592975 0.12516666948795321 0.11630280315876008 0.12782331556081775 0.26417112350463873 0.20439612865448001 0.19101010262966159 0.18346994370222094 0.18758561462163928 0.18843366950750354 0.22736185789108279 0.22410600632429126 0.22547236829996112 0.1072077937424183 0.14379280805587771 0.1483045965433121 0.14415185153484347 0.14586748182773593 0.10347852483391763 0.14620192348957065 0.10504237189888956 0.10533428192138673 0.35000000894069677 0.19548846781253817 0.15886382013559344 0.15298574417829516 0.14895787835121158 0.15529115498065951 0.14216374605894092 0.13851648569107058 0.14451952278614047 0.14790198951959613 0.14670995622873309 0.15220635384321216 0.14741302281618121 0.35000000894069677 0.22039676457643512 0.21946247667074206 0.20745369791984561 0.11441558599472047 0.10559467971324922 0.13533937186002734 0.19238026440143588 0.17006493359804156 0.11156633123755456 0.11203448474407197 0.1139211878180504 0.15339080244302752 0.15392307937145236 0.15629401057958606 0.15563492476940158 0.11259920522570611 0.16013698279857638 0.1201351322233677
decision_type=2 2 2 2 2 2 2 2 2 2 2 2 2 2 2 2 2 2 2 2 2 2 2 2 2 2 2 2 2 2 2 2 2 2 2 2 2 2 2 2 2 2 2 2 2 2 2 2 2 2 2 2 2 2 2 2 2 2 2 2 2 2 2 2 2 2 2 2 2 2 2 2 2 2 2 2 2 2 2 2 2 2 2 2 2 2 2 2 2 2 2 2 2 2
left_child=11 3 14 10 5 23 73 -8 22 36 26 -1 13 -13 21 -16 -17 18 24 20 45 30 -9 41 62 -26 31 -28 -11 -30 -3 32 -2 -33 -15 -36 -10 -38 39 -18 47 42 -4 -43 -21 -19 -40 -31 -49 -50 51 75 -53 -14 93 56 -56 -58 -35 -59 -37 -62 63 82 -24 66 68 -67 69 81 -70 72 -61 74 -7 76 77 78 -47 84 -63 -45 -6 -25 -55 -86 91 -57 -89 90 -90 -87 -66 -23
right_child=1 2 4 -5 17 6 7 8 9 28 -12 12 53 34 15 16 38 19 -20 44 -22 54 64 83 25 -27 27 -29 29 40 -32 33 -34 58 35 60 37 -39 46 -41 -42 43 -44 65 -46 50 -48 48 49 -51 -52 52 -54 79 55 87 57 59 -60 71 61 80 -64 -65 92 67 -68 -69 70 -71 -72 -73 -74 -75 -76 -77 -78 -79 -80 -81 -82 -83 -84 -85 85 86 -88 88 89 -91 -92 -93 -94 -95
leaf_value=-2.1349166669496592e-05 0.00011699790441434774 0 7.0877511268619108e-05 -0.00025616963391177484 -6.2364178488872518e-07 0.00012709250034358087 2.1349168260126533e-05 2.1349168260126533e-05 2.1349168260126533e-05 -0.00016283436806659385 0.00018787541568296686 7.4324033798587113e-05 -0.00016381178733210745 -8.8700223195101481e-05 0 0.00035897252109361085 0 2.1349168260126533e-05 -6.5219959747169962e-05 -6.5219959747169962e-05 1.7446452662104564e-06 0 -8.6872514192898388e-05 -0.00024802872249512109 2.1274064107065329e-05 0.00017708312766072411 -8.7292648236825573e-06 7.5609363622666818e-06 2.1349168260126533e-05 2.1349168260126533e-05 0 6.7445680122401061e-06 -0.00010787166781782338 6.3847582643584042e-05 1.612447946247011e-07 -9.9320284930601633e-05 2.1349168260126533e-05 2.1349168260126533e-05 0 2.1349168260126533e-05 2.1349168260126533e-05 7.0877511268619108e-05 -0.00021652498943255919 7.0877511268619108e-05 8.3202804772670671e-05 2.1349168260126533e-05 0 -0.00014293386230545996 2.1349168260126533e-05 -0.00079023833610917377 2.1349168260126533e-05 2.1349168260126533e-05 2.1349168260126533e-05 -0.00010627197827487983 5.4043129046222592e-05 0 0 0 0.00018955963914401991 0 -8.1091954962008518e-05 -0.00027364029820221814 0.0020094734708135976 0.00043557067202860847 0.00074221456840535311 -0.00087785716341635413 7.0877511268619108e-05 0.00012470022562579983 -5.7198549608803208e-05 0.0001586081436994736 6.8476864296847592e-05 0 0 7.8405373104891592e-05 -0.00016894053134527002 -0.00066457212041534685 -0.00013735790471523546 2.1349168260126533e-05 2.1349168260126533e-05 -0.00010627197827487983 -5.9406934515113248e-06 -9.7283763565264114e-05 -0.00010712232101118617 0.0001946397000837422 -0.00010627197827487983 -8.6868218324652732e-05 -0.00010627197827487983 0 0 0 0 -0.0001454907600530648 -1.8732275371788478e-05 0
leaf_weight=279508 32976 1372 206 476 269 511 212 170 337 207 608 442 2937 904 3067 135 236 162 738 867 136 31011 195 518 157 691 121 234 161 501 858 224 117 131 593 2069 362 122 639 156 151 152 400 321 1511 125 272 356 158 132 790 140 166 10443 269 7515 2604 470 128 415 647 638 140 129 147 125 237 577 134 156 298 295 1277 176 289 281 253 120 1044 10697 750 124 620 677 958 1640 1436 427 1284 12206 310 1735 285 55501
leaf_count=279508 32976 1372 206 476 269 511 212 170 337 207 608 442 2937 904 3067 135 236 162 738 867 136 31011 195 518 157 691 121 234 161 501 858 224 117 131 593 2069 362 122 639 156 151 152 400 321 1511 125 272 356 158 132 790 140 166 10443 269 7515 2604 470 128 415 647 638 140 129 147 125 237 577 134 156 298 295 1277 176 289 281 253 120 1044 10697 750 124 620 677 958 1640 1436 427 1284 12206 310 1735 285 55501
internal_value=0 -0.00275902 -0.0069323 0.013576 0.0029589 0.00534095 0.00793268 0.0102181 0.00859436 0.0112223 0.0138198 -0.00822782 -0.00723821 -0.00192584 -0.00830813 -0.00567147 -0.000979376 0.000560288 -0.00212927 0.00187935 0.00379508 -0.0084107 0.000394002 0.00238804 0.000256156 0.00383774 0.0139912 0.0073714 0.00676273 0.00789831 -0.00494993 0.0140612 0.0139826 0.0194453 -0.00294088 -0.00228323 0.0202718 0.0170262 -0.0038925 0.000679698 0.00617281 0.00386906 6.28084e-05 0.00495503 -0.000712287 0.00305457 -0.0058599 0.0050856 0.00300499 0.00721889 0.00264382 0.00353546 0.00976459 -0.00831382 -0.00847864 -0.00807466 -0.0053917 -0.00568016 0.0128959 -0.00668857 -0.00318585 -0.00423185 -0.00236663 -0.003066 -0.00253452 0.00428501 0.00524493 0.00254839 0.00347285 0.00520915 0.00105731 -0.00601982 -0.00653509 -0.000253497 -0.00107053 0.00248987 0.00301149 0.00377236 0.00277578 -0.008462 -0.00266004 0.00352833 -0.00384272 -0.00099538 -0.00820689 -0.00771789 -0.00815104 -0.00873238 -0.00850584 -0.00868145 -0.007307 -0.00858538 -0.00092515 -0.00860506
internal_weight=0 172070 137055 35015 16736 8397 4472 3496 3284 2487 34539 315397 35889 6043 120319 4505 1438 8339 2744 5595 3217 115814 797 3925 2006 848 33931 355 1666 1459 2230 33576 33093 483 5601 4697 821 484 1303 392 1298 2730 606 2124 2378 3081 911 1147 646 290 2919 2129 306 29846 113584 27072 5330 5061 259 2457 4104 2035 1158 1018 627 1972 1270 702 1033 601 432 1987 1692 976 800 1823 1542 1289 1169 26909 1388 445 889 1195 16212 5769 4811 21742 14227 13800 1594 3375 432 86512
internal_count=487467 172070 137055 35015 16736 8397 4472 3496 3284 2487 34539 315397 35889 6043 120319 4505 1438 8339 2744 5595 3217 115814 797 3925 2006 848 33931 355 1666 1459 2230 33576 33093 483 5601 4697 821 484 1303 392 1298 2730 606 2124 2378 3081 911 1147 646 290 2919 2129 306 29846 113584 27072 5330 5061 259 2457 4104 2035 1158 1018 627 1972 1270 702 1033 601 432 1987 1692 976 800 1823 1542 1289 1169 26909 1388 445 889 1195 16212 5769 4811 21742 14227 13800 1594 3375 432 86512
is_linear=0
shrinkage=0.0951581


Tree=62
num_leaves=95
num_cat=0
split_feature=4 2 4 3 2 3 2 2 2 2 4 2 2 2 3 2 2 2 2 2 2 2 2 2 2 2 2 2 2 2 2 2 2 2 2 2 2 2 2 2 2 2 2 2 2 2 2 2 2 2 2 2 2 2 2 2 2 2 2 2 2 2 2 2 2 2 2 2 2 2 2 2 2 2 4 2 2 2 2 2 2 2 2 2 2 2 2 2 2 2 2 2 2 2
split_gain=367.639 1295.51 205.769 16.6847 10.6107 7.09695 9.23954 15.7673 7.81556 11.0841 6.25014 4.37983 22.6471 8.7131 3.59325 5.13548 13.0076 3.32391 4.63704 3.06773 4.41343 3.00748 2.78408 2.17203 2.13652 5.27109 1.73616 4.75449 1.67226 3.86763 1.57469 1.56888 3.06133 2.64552 1.39001 2.92478 1.37168 1.84386 1.29441 5.77336 1.28704 1.24619 2.72923 1.36617 1.06396 1.03436 0.825529 0.70705 1.03195 1.45058 0.690672 1.53134 2.10168 0.663039 0.64061 5.27577 0.921473 0.53627 0.529197 0.513027 0.487732 1.19112 0.425061 0.397315 0.363042 1.91969 0.761904 0.478463 0.534885 0.375171 0.334165 0.459798 0.327051 0.405208 0.300588 0.502289 1.37727 0.30695 0.293108 0.292083 0.279243 0.270167 0.239388 0.236506 0.600298 0.235566 0.23329 1.56601 0.37598 1.00025 0.231301 0.230617 0.226959 0.220733
threshold=0.15000000223517421 0.10458041727542879 0.25000000745058065 0.15000000223517421 0.19012194871902469 0.15000000223517421 0.15460605919361117 0.15629401057958606 0.16259328275918963 0.17089758068323138 0.25000000745058065 0.10074627026915552 0.10594117641448976 0.10259784013032915 0.15000000223517421 0.1583974361419678 0.16013698279857638 0.20240999013185504 0.20071429014205935 0.24515175819396975 0.24171940237283709 0.1067231632769108 0.15724790096282962 0.16259328275918963 0.19699231535196307 0.1981649845838547 0.10388386249542238 0.10421099141240121 0.17394282668828967 0.17517123371362689 0.10594117641448976 0.10259784013032915 0.10074627026915552 0.10317540168762208 0.10347852483391763 0.10388386249542238 0.16587346047163012 0.16928205639123919 0.168457105755806 0.1643650829792023 0.18897569924592975 0.12516666948795321 0.11630280315876008 0.12782331556081775 0.26417112350463873 0.20439612865448001 0.19101010262966159 0.18346994370222094 0.18758561462163928 0.18843366950750354 0.22736185789108279 0.22410600632429126 0.22547236829996112 0.1072077937424183 0.14379280805587771 0.1483045965433121 0.14415185153484347 0.14586748182773593 0.10347852483391763 0.14620192348957065 0.10504237189888956 0.10533428192138673 0.19238026440143588 0.15886382013559344 0.15298574417829516 0.14895787835121158 0.15529115498065951 0.14216374605894092 0.13851648569107058 0.14451952278614047 0.14790198951959613 0.14670995622873309 0.15220635384321216 0.14741302281618121 0.35000000894069677 0.22039676457643512 0.21946247667074206 0.20745369791984561 0.11441558599472047 0.10559467971324922 0.13533937186002734 0.19548846781253817 0.17006493359804156 0.11156633123755456 0.11203448474407197 0.1139211878180504 0.15339080244302752 0.15392307937145236 0.15629401057958606 0.15563492476940158 0.11259920522570611 0.16013698279857638 0.1201351322233677 0.1779797971248627
decision_type=2 2 2 2 2 2 2 2 2 2 2 2 2 2 2 2 2 2 2 2 2 2 2 2 2 2 2 2 2 2 2 2 2 2 2 2 2 2 2 2 2 2 2 2 2 2 2 2 2 2 2 2 2 2 2 2 2 2 2 2 2 2 2 2 2 2 2 2 2 2 2 2 2 2 2 2 2 2 2 2 2 2 2 2 2 2 2 2 2 2 2 2 2 2
left_child=11 3 14 10 5 23 72 -8 22 36 26 -1 13 -13 21 -16 -17 18 24 20 45 30 -9 41 62 -26 31 -28 -11 -30 -3 32 -2 -33 -15 -36 -10 -38 39 -18 47 42 -4 -43 -21 -19 -40 93 -49 -50 51 74 -53 -14 92 56 -56 -58 -35 -59 -37 -62 -6 -24 65 67 -66 68 80 -69 71 -61 73 -7 75 76 77 -47 83 -63 -45 -64 -25 -55 -85 90 -57 -88 89 -89 -86 -65 -23 -31
right_child=1 2 4 -5 17 6 7 8 9 28 -12 12 53 34 15 16 38 19 -20 44 -22 54 63 82 25 -27 27 -29 29 40 -32 33 -34 58 35 60 37 -39 46 -41 -42 43 -44 64 -46 50 -48 48 49 -51 -52 52 -54 78 55 86 57 59 -60 70 61 79 81 91 66 -67 -68 69 -70 -71 -72 -73 -74 -75 -76 -77 -78 -79 -80 -81 -82 -83 -84 84 85 -87 87 88 -90 -91 -92 -93 -94 -95
leaf_value=-1.931762077069245e-05 0.00010586460743085404 0 6.4132942753873111e-05 -0.00023179302112739413 9.6867512590165429e-05 0.00011499862090375055 1.9317622209961043e-05 1.9317622209961043e-05 1.9317622209961043e-05 -0.00014733936080232199 0.00016999755018472451 6.7251500786710505e-05 -0.00014822377071852601 -8.0259679475311321e-05 0 0.00032481338203677165 0 1.9317622209961043e-05 -5.901375302277231e-05 -5.901375302277231e-05 1.5786281569581767e-06 0 -7.8605891768728398e-05 -0.00022442678328264416 1.9249664824570021e-05 0.00016023223566499534 -7.8986046659983761e-06 6.8414521081200288e-06 1.9317622209961043e-05 1.9317622209961043e-05 0 6.1027678100772402e-06 -9.7606806067247496e-05 5.7771968701545885e-05 1.4590104813097744e-07 -8.9869156432594339e-05 1.9317622209961043e-05 1.9317622209961043e-05 0 1.9317622209961043e-05 1.9317622209961043e-05 6.4132942753873111e-05 -0.0001959208852499486 6.4132942753873111e-05 7.5285384883563505e-05 1.9317622209961043e-05 0 -0.00012933254913656165 1.9317622209961043e-05 -0.00071504076630923396 1.9317622209961043e-05 1.9317622209961043e-05 1.9317622209961043e-05 -9.6159339923961834e-05 4.8900488170724733e-05 0 0 0 0.00017152150616003015 0 -7.337539950673578e-05 -0.00024760121039302447 -9.6928765670615158e-05 0.00067158684855947275 -0.00079432195346260852 6.4132942753873111e-05 0.00011283399047612096 -5.1755644943052192e-05 0.00014351529586902815 6.1960736759937872e-05 0 0 7.0944467644680728e-05 -0.00015286447325319773 -0.00060133270753380639 -0.00012428718901412862 1.9317622209961043e-05 1.9317622209961043e-05 -9.6159339923961834e-05 -5.3753884162231031e-06 -8.8026426548283891e-05 -0.00090192969806082929 0.00017611815820948887 -9.6159339923961834e-05 -7.8602004687097475e-05 -9.6159339923961834e-05 0 0 0 0 -0.00013164613738112077 -1.6949747847600893e-05 0 1.9317622209961043e-05
leaf_weight=279508 32976 1372 206 476 300 511 212 170 337 207 608 442 2937 904 3067 135 236 162 738 867 136 31011 195 518 157 691 121 234 161 199 858 224 117 131 593 2069 362 122 639 156 151 152 400 321 1511 125 272 356 158 132 790 140 166 10443 269 7515 2604 470 128 415 647 638 698 147 125 237 577 134 156 298 295 1277 176 289 281 253 120 1044 10697 750 124 160 677 958 1640 1436 427 1284 12206 310 1735 285 55501 302
leaf_count=279508 32976 1372 206 476 300 511 212 170 337 207 608 442 2937 904 3067 135 236 162 738 867 136 31011 195 518 157 691 121 234 161 199 858 224 117 131 593 2069 362 122 639 156 151 152 400 321 1511 125 272 356 158 132 790 140 166 10443 269 7515 2604 470 128 415 647 638 698 147 125 237 577 134 156 298 295 1277 176 289 281 253 120 1044 10697 750 124 160 677 958 1640 1436 427 1284 12206 310 1735 285 55501 302
internal_value=0 -0.00275957 -0.00693299 0.013576 0.00295322 0.00534095 0.00793268 0.0102181 0.00859436 0.0112223 0.0138198 -0.00822782 -0.00723821 -0.00192584 -0.00830813 -0.00567147 -0.000979376 0.000548877 -0.00216395 0.00187935 0.00379508 -0.0084107 0.000394002 0.00238804 0.000208719 0.00383774 0.0139912 0.0073714 0.00676273 0.00789831 -0.00494993 0.0140612 0.0139826 0.0194453 -0.00294088 -0.00228323 0.0202718 0.0170262 -0.0038925 0.000679698 0.00617281 0.00386906 6.28084e-05 0.00495503 -0.000712287 0.00305457 -0.0058599 0.0050856 0.00300499 0.00721889 0.00264382 0.00353546 0.00976459 -0.00831382 -0.00847864 -0.00807466 -0.0053917 -0.00568016 0.0128959 -0.00668857 -0.00318585 -0.00423185 -0.0024488 -0.00253452 0.00428501 0.00524493 0.00254839 0.00347285 0.00520915 0.00105731 -0.00601982 -0.00653509 -0.000253497 -0.00107053 0.00248987 0.00301149 0.00377236 0.00277578 -0.008462 -0.00266004 0.00352833 -0.00352684 -0.00099538 -0.00820689 -0.00771789 -0.00815104 -0.00873238 -0.00850584 -0.00868145 -0.007307 -0.00858538 -0.00092515 -0.00860506 0.00776839
internal_weight=0 172070 137055 35015 16736 8397 4472 3496 3284 2487 34539 315397 35889 6043 120319 4505 1438 8339 2744 5595 3217 115814 797 3925 2006 848 33931 355 1666 1459 2230 33576 33093 483 5601 4697 821 484 1303 392 1298 2730 606 2124 2378 3081 911 1147 646 290 2919 2129 306 29846 113584 27072 5330 5061 259 2457 4104 2035 1158 627 1972 1270 702 1033 601 432 1987 1692 976 800 1823 1542 1289 1169 26909 1388 445 858 1195 16212 5769 4811 21742 14227 13800 1594 3375 432 86512 501
internal_count=487467 172070 137055 35015 16736 8397 4472 3496 3284 2487 34539 315397 35889 6043 120319 4505 1438 8339 2744 5595 3217 115814 797 3925 2006 848 33931 355 1666 1459 2230 33576 33093 483 5601 4697 821 484 1303 392 1298 2730 606 2124 2378 3081 911 1147 646 290 2919 2129 306 29846 113584 27072 5330 5061 259 2457 4104 2035 1158 627 1972 1270 702 1033 601 432 1987 1692 976 800 1823 1542 1289 1169 26909 1388 445 858 1195 16212 5769 4811 21742 14227 13800 1594 3375 432 86512 501
is_linear=0
shrinkage=0.0951581


Tree=63
num_leaves=95
num_cat=0
split_feature=4 2 4 4 2 0 2 2 2 0 2 2 2 2 2 2 2 2 2 2 0 2 0 2 2 2 2 2 2 2 2 2 0 2 2 2 2 2 2 2 2 0 2 2 2 2 2 2 2 2 0 2 2 2 0 2 2 2 2 2 0 2 2 2 2 2 2 2 0 2 2 2 0 2 0 2 2 4 2 2 2 2 2 2 2 0 2 0 2 2 0 2 0 2
split_gain=367.416 1295.77 205.147 16.0034 10.7628 5.82872 65.1084 3.93251 11.2148 5.0158 8.87103 11.3941 3.90835 3.24055 4.63704 3.23332 4.41343 3.13646 9.49717 2.82978 4.32827 2.60571 2.33194 2.13652 5.27109 1.9015 3.54267 1.81737 18.0476 3.18845 1.74348 1.70138 2.92303 2.89465 7.93037 1.79187 1.6973 4.75449 1.61305 3.03099 2.64552 1.52047 1.49282 5.97972 1.239 2.73867 2.31126 1.27981 1.28401 1.10237 1.08413 1.03436 0.974279 0.753242 1.82123 0.690672 1.53134 2.10168 0.682331 0.62998 0.559033 0.599933 0.555479 0.529197 0.488028 0.487987 0.868963 0.463554 0.521939 0.425092 1.75358 0.503818 0.658131 0.425061 1.51477 0.401503 0.537256 0.3998 0.38135 0.370215 0.342758 0.33842 1.23072 0.719241 1.5832 1.69267 0.573234 1.03682 0.333021 0.447798 0.565376 0.442568 0.496492 0.323064
threshold=0.15000000223517421 0.10458041727542879 0.25000000745058065 0.25000000745058065 0.19012194871902469 1.5000000000000002 0.10559467971324922 0.15460605919361117 0.15629401057958606 2.5000000000000004 0.17660956084728244 0.16505814343690875 0.18897569924592975 0.20240999013185504 0.20071429014205935 0.24515175819396975 0.24171940237283709 0.10388386249542238 0.10458041727542879 0.1067231632769108 1.5000000000000002 0.17006493359804156 1.5000000000000002 0.19699231535196307 0.1981649845838547 0.14379280805587771 0.14586748182773593 0.10074627026915552 0.10259784013032915 0.1067231632769108 0.10594117641448976 0.15803226083517077 1.5000000000000002 0.1633739769458771 0.1643650829792023 0.168457105755806 0.10388386249542238 0.10421099141240121 0.10259784013032915 0.10074627026915552 0.10317540168762208 2.5000000000000004 0.16505814343690875 0.17660956084728244 0.11630280315876008 0.12516666948795321 0.12782331556081775 0.15298574417829516 0.15188746154308322 0.17394282668828967 1.5000000000000002 0.20439612865448001 0.25920708477497106 0.16587346047163012 1.5000000000000002 0.22736185789108279 0.22410600632429126 0.22547236829996112 0.14415185153484347 0.14451952278614047 2.5000000000000004 0.14122316241264346 0.17089758068323138 0.10347852483391763 0.1483045965433121 0.10388386249542238 0.10458041727542879 0.14620192348957065 1.5000000000000002 0.18843366950750354 0.18758561462163928 0.18346994370222094 1.5000000000000002 0.19238026440143588 1.5000000000000002 0.14670995622873309 0.14790198951959613 0.35000000894069677 0.1779797971248627 0.14503520727157596 0.10594117641448976 0.15339080244302752 0.16013698279857638 0.1583974361419678 0.15954913944005969 1.5000000000000002 0.15392307937145236 1.5000000000000002 0.13759057968854907 0.14859127253293994 1.5000000000000002 0.133558563888073 1.5000000000000002 0.11504717171192171
decision_type=2 2 2 2 2 2 2 2 2 2 2 2 2 2 2 2 2 2 2 2 2 2 2 2 2 2 2 2 2 2 2 2 2 2 2 2 2 2 2 2 2 2 2 2 2 2 2 2 2 2 2 2 2 2 2 2 2 2 2 2 2 2 2 2 2 2 2 2 2 2 2 2 2 2 2 2 2 2 2 2 2 2 2 2 2 2 2 2 2 2 2 2 2 2
left_child=5 3 19 36 7 27 17 44 22 12 11 -11 31 14 23 16 51 -7 -19 20 80 -13 -9 73 -25 -21 50 -1 -29 65 -22 32 -10 -33 -35 53 38 -38 39 -2 -40 64 -43 -44 -4 -46 -47 48 60 62 58 -15 77 -36 -55 56 -53 -58 -27 -60 88 -62 -37 -42 67 -30 -67 -28 75 70 71 72 78 74 -6 -69 -77 -17 -51 -61 -3 -66 83 86 85 -85 87 -83 91 -90 -91 92 -48 -31
right_child=1 2 4 -5 13 6 -8 8 9 10 -12 21 -14 15 -16 52 -18 18 -20 25 30 -23 -24 24 -26 26 41 28 29 93 -32 33 -34 34 35 49 37 -39 40 -41 63 42 43 -45 45 46 47 -49 -50 69 -52 55 -54 54 -56 -57 57 -59 59 79 61 -63 -64 -65 81 66 -68 68 -70 -71 -72 -73 -74 -75 -76 76 -78 -79 -80 -81 -82 82 -84 84 -86 -87 -88 -89 89 90 -92 -93 -94 -95
leaf_value=-1.7479392897029754e-05 9.5790733710905714e-05 0 5.8030174489105678e-05 0.00015382090820001141 -9.782024594222711e-06 1.3201738322956874e-07 -7.1122388141315896e-05 1.7479394199339278e-05 0.00010209692358512418 -0.0022429735031835865 0.00015935909086254053 1.7479394199339278e-05 1.7479394199339278e-05 1.7479394199339278e-05 -5.3398117069274555e-05 -5.3398117069274555e-05 1.4284089185362563e-06 0.0040491124012732652 0.00031044930228939395 0 -0.0021439644188211569 1.7479394199339278e-05 1.7479394199339278e-05 1.7417903508864787e-05 0.00014498484234699708 0 0 6.0851976499571176e-05 -4.453837194664737e-05 -0.00011911894254348428 6.7263869295847528e-05 -1.5336842235937907e-05 1.7479394199339278e-05 1.7479394199339278e-05 1.7479394199339278e-05 0.00047219839943574046 -7.146988541403187e-06 6.1904326005554704e-06 5.5220400885770009e-06 -8.8318728943162508e-05 5.2274498570820121e-05 0 1.7479394199339278e-05 0 -0.00017727742824381635 5.8030174489105678e-05 5.8030174489105678e-05 -9.5705642080165491e-05 6.4193527689153062e-05 1.7479394199339278e-05 0 1.7479394199339278e-05 2.9526663918408496e-05 1.7479394199339278e-05 1.7479394199339278e-05 1.7479394199339278e-05 1.7479394199339278e-05 1.7479394199339278e-05 0 0 -0.0029085249389674411 0.00012985865459342713 -0.00013331882881603138 0.00015519984743721349 0 -8.1317379259931031e-05 -0.00022403995241514427 0 0 -0.00064699885353759962 1.7479394199339278e-05 -0.00011702551093466346 1.7479394199339278e-05 -8.7705209574836829e-05 0.0021052160252928802 0 0 0.00013304527326779905 1.7479394199339278e-05 0 0 -0.0012425611405146619 0 0 0 0.00013429421654205485 0 0 4.2636092979125379e-05 5.8030174489105678e-05 5.4518642487303494e-05 7.8224556614638863e-05 -0.0019979270908440819 -0.00016954220201699605
leaf_weight=279508 33104 1031 226 956 182 176 4180 139 159 179 363 183 125 162 738 575 136 115 200 87108 341 213 172 157 691 195 550 412 1351 16255 240 995 142 149 212 223 121 234 224 117 131 466 117 345 495 158 179 228 118 156 1181 1823 1653 183 221 790 140 166 634 352 106 122 292 128 8629 1023 4232 321 826 140 162 331 388 858 118 926 250 150 172 782 618 245 10303 269 979 212 3170 229 807 153 226 141 139 7945
leaf_count=279508 33104 1031 226 956 182 176 4180 139 159 179 363 183 125 162 738 575 136 115 200 87108 341 213 172 157 691 195 550 412 1351 16255 240 995 142 149 212 223 121 234 224 117 131 466 117 345 495 158 179 228 118 156 1181 1823 1653 183 221 790 140 166 634 352 106 122 292 128 8629 1023 4232 321 826 140 162 331 388 858 118 926 250 150 172 782 618 245 10303 269 979 212 3170 229 807 153 226 141 139 7945
internal_value=0 -0.00276123 -0.00693508 0.013576 0.00293616 -0.00822782 -0.00489134 0.00534095 0.00691553 0.00582242 0.0120926 0.0194453 0.00437022 0.000514643 -0.00216395 0.00182833 0.00379508 0.0278885 0.0222036 -0.00830813 -0.00494993 0.0284513 0.0244474 0.000208719 0.00383774 -0.00837155 -0.00773127 -0.00827797 -0.00758936 -0.00785396 0.0021128 0.00384269 0.0107171 0.00327171 0.00492621 0.00364517 0.0139168 0.0073714 0.0139857 0.0139064 0.0194453 -0.00807325 -0.00428622 -0.000453136 0.00264771 0.00211389 0.00345483 0.00266305 0.00343639 0.00217475 -0.00470343 0.00305457 -0.000832335 0.00809461 0.0105051 0.00264382 0.00353546 0.00976459 -0.00607403 -0.00666322 0.00282985 -0.00158597 -0.00157057 0.0128959 -0.00820385 -0.00600104 -0.00558635 -0.0070317 -0.00644355 0.00360458 0.0041794 0.00275386 0.00417313 -0.0024488 0.000634385 -0.00538403 -0.00619822 -0.0037407 0.00731092 -0.00532013 -0.00743838 -0.00834395 -0.00807674 -0.00686839 -0.00508379 -0.000613287 -0.0075834 -0.00449692 0.00344189 0.00259959 0.00529772 0.00561826 0.00365072 -0.00835976
internal_weight=0 172070 137055 35015 16736 315397 4671 8397 5299 4988 938 575 4050 8339 2744 5595 3217 491 315 120319 2230 396 311 2006 848 118089 30981 310726 31218 30806 581 3925 301 3624 2629 2480 34059 355 33704 33221 483 27837 928 462 3098 2872 2377 2219 1991 1864 3144 3081 2378 616 404 2919 2129 306 1963 1768 1873 228 515 259 26909 6606 5255 2873 2323 1349 1209 1047 716 1158 300 1497 1176 725 328 1134 1649 24036 15407 5104 1460 481 3644 474 1645 1186 379 459 318 24200
internal_count=487467 172070 137055 35015 16736 315397 4671 8397 5299 4988 938 575 4050 8339 2744 5595 3217 491 315 120319 2230 396 311 2006 848 118089 30981 310726 31218 30806 581 3925 301 3624 2629 2480 34059 355 33704 33221 483 27837 928 462 3098 2872 2377 2219 1991 1864 3144 3081 2378 616 404 2919 2129 306 1963 1768 1873 228 515 259 26909 6606 5255 2873 2323 1349 1209 1047 716 1158 300 1497 1176 725 328 1134 1649 24036 15407 5104 1460 481 3644 474 1645 1186 379 459 318 24200
is_linear=0
shrinkage=0.0951581


Tree=64
num_leaves=95
num_cat=0
split_feature=3 2 0 2 2 0 2 2 2 2 2 2 2 2 2 2 2 2 2 2 2 2 2 0 2 2 2 2 2 2 2 0 2 2 2 2 2 2 2 2 2 2 2 2 2 2 2 2 2 2 0 2 2 2 2 0 2 0 2 2 0 0 2 2 2 2 0 2 2 2 2 2 2 2 2 0 2 2 2 2 2 0 2 2 2 2 2 0 0 0 2 0 2 0
split_gain=97.7648 61.9642 76.8413 24.2708 13.6306 17.4631 18.2084 12.9246 12.2529 5.57579 4.57302 16.7486 4.53548 12.7999 3.54691 3.90589 3.25612 3.12986 4.59719 3.94307 2.37493 6.18964 3.45779 3.67091 2.32227 2.21671 2.03685 4.52188 3.90521 3.64473 4.09359 1.89855 9.28894 4.95209 1.62306 1.46979 1.26742 1.16203 5.82971 1.05687 0.974213 3.44511 0.940372 0.890568 1.74812 0.836714 0.75022 0.651098 1.14668 0.808453 0.683951 0.579369 1.82884 0.723661 0.529455 0.504035 0.494001 0.450586 0.531133 0.441545 0.709675 0.41138 1.90756 0.944546 0.414051 0.393564 0.388503 0.956867 0.361419 0.350014 0.287036 0.271369 0.268408 0.263207 0.283592 0.36165 0.254753 1.15664 0.250856 0.361081 0.635536 1.90753 0.439068 0.649013 0.288098 0.247599 0.271716 0.279449 0.235744 0.562784 0.529777 0.341021 0.228423 0.264191
threshold=0.15000000223517421 0.1067231632769108 1.5000000000000002 0.15460605919361117 0.17089758068323138 2.5000000000000004 0.16505814343690875 0.10594117641448976 0.10559467971324922 0.15629401057958606 0.10388386249542238 0.10347852483391763 0.10074627026915552 0.10317540168762208 0.14379280805587771 0.1483045965433121 0.10458041727542879 0.10533428192138673 0.10504237189888956 0.10458041727542879 0.1633739769458771 0.16370223462581637 0.16013698279857638 1.5000000000000002 0.16928205639123919 0.15529115498065951 0.19012194871902469 0.20240999013185504 0.20071429014205935 0.24515175819396975 0.24171940237283709 2.5000000000000004 0.17660956084728244 0.18897569924592975 0.10259784013032915 0.17394282668828967 0.10421099141240121 0.19699231535196307 0.1981649845838547 0.25920708477497106 0.22547236829996112 0.22410600632429126 0.20439612865448001 0.15886382013559344 0.15803226083517077 0.14415185153484347 0.14013888686895373 0.15339080244302752 0.15392307937145236 0.19238026440143588 1.5000000000000002 0.18843366950750354 0.18758561462163928 0.18346994370222094 0.10559467971324922 1.5000000000000002 0.14926454424858096 1.5000000000000002 0.15298574417829516 0.17660956084728244 1.5000000000000002 1.5000000000000002 0.14551208168268207 0.14451952278614047 0.14790198951959613 0.14503520727157596 2.5000000000000004 0.17089758068323138 0.15188746154308322 0.15803226083517077 0.16159114986658099 0.10594117641448976 0.15092624723911288 0.19101010262966159 0.19238026440143588 2.5000000000000004 0.22039676457643512 0.21946247667074206 0.15954913944005969 0.15563492476940158 0.15629401057958606 1.5000000000000002 0.15724790096282962 0.15803226083517077 0.1583974361419678 0.16013698279857638 0.1643650829792023 1.5000000000000002 3.5000000000000004 2.5000000000000004 0.32517604529857641 1.5000000000000002 0.11547008529305459 2.5000000000000004
decision_type=2 2 2 2 2 2 2 2 2 2 2 2 2 2 2 2 2 2 2 2 2 2 2 2 2 2 2 2 2 2 2 2 2 2 2 2 2 2 2 2 2 2 2 2 2 2 2 2 2 2 2 2 2 2 2 2 2 2 2 2 2 2 2 2 2 2 2 2 2 2 2 2 2 2 2 2 2 2 2 2 2 2 2 2 2 2 2 2 2 2 2 2 2 2
left_child=1 2 12 46 5 9 -7 8 10 25 11 -4 -1 34 92 45 36 18 19 -12 22 -22 23 69 -23 -5 31 28 37 30 40 33 -33 35 -14 -6 -15 73 -39 -31 41 42 -29 44 -25 -16 -2 -17 50 66 -49 52 53 59 -18 -24 -48 58 68 -37 -61 63 -63 -47 65 -65 78 -68 72 -11 -57 -56 -58 -28 -75 -76 77 -44 79 -50 81 -81 -82 -84 -85 -80 87 -87 89 91 -90 -41 -3 -94
right_child=3 14 7 4 26 6 -8 -9 -10 20 17 -13 13 16 15 47 54 -19 -20 -21 21 24 55 43 -26 -27 27 29 -30 39 -32 32 -34 -35 -36 51 -38 38 -40 88 -42 -43 76 -45 -46 61 56 48 49 -51 -52 -53 -54 -55 71 70 57 -59 -60 60 -62 62 -64 64 -66 -67 67 -69 -70 -71 -72 -73 -74 74 75 -77 -78 -79 85 80 82 -83 83 84 -86 86 -88 -89 90 -91 -92 -93 93 -95
leaf_value=-1.581608727469432e-05 0 0 4.9965733071962088e-06 1.5816088453080268e-05 0 0.0014651059254712894 1.5816088453080268e-05 6.0863168045017127e-05 1.9039938022457245e-06 -0.00015331374125477444 2.577118465767365e-07 1.1945486134611193e-07 5.5061418713142738e-05 -4.0300185591725606e-05 -5.3345285770762704e-05 0 0 0.00028090753999880289 -9.5934899011680523e-05 8.0407537206047107e-05 1.5816088453080268e-05 1.5816088453080268e-05 -0.00017036363579337415 1.5816088453080268e-05 0 1.5816088453080268e-05 -8.8511858287547859e-06 1.5816088453080268e-05 -4.8316854300787565e-05 -4.8316854300787565e-05 1.2924842557524891e-06 1.5816088453080268e-05 0.00048529132556932351 1.5816088453080268e-05 4.9965733071962088e-06 -0.00026916880083433447 5.601362865133515e-06 1.5760449099194273e-05 0 -0.0015522072533358466 1.5816088453080268e-05 1.5816088453080268e-05 1.5816088453080268e-05 0.00022843686816461113 0.00028112558037962236 0 0 0.0032351484064648121 0 0 0 -0.0002359527807895663 1.5816088453080268e-05 -1.1305496190822831e-05 0 0 -9.8508306007156991e-05 0 -8.6598476087680265e-05 1.5816088453080268e-05 1.5816088453080268e-05 0 0 0 -0.00030807557404498575 0 0 0.00014419478433523079 5.8084994277730266e-05 2.1465661031401805e-05 -0.00061128856892823111 0 0 0.00010728830107828307 -7.935934944953151e-05 0.0020453342490948084 0.00033639245244690695 1.5816088453080268e-05 0 0 0 0.0038690124319051915 0 0 0 0 0 0 0.00032081426863004512 -0.00074785098225780286 -0.0010654963234822301 6.5313060137165107e-05 0 0
leaf_weight=313058 1148 35151 178 108 255 133 208 431 171 140 206 128 522 1612 291 8360 2806 158 157 150 120 614 158 157 183 246 130 162 738 723 138 138 321 114 637 194 783 165 765 139 954 136 1376 150 160 673 1448 226 1315 3053 218 144 168 332 920 185 278 943 153 188 266 902 1015 335 215 2219 421 199 116 129 154 2191 117 152 739 167 299 128 1065 228 931 106 181 314 473 996 6390 618 195 582 362 364 79132 750
leaf_count=313058 1148 35151 178 108 255 133 208 431 171 140 206 128 522 1612 291 8360 2806 158 157 150 120 614 158 157 183 246 130 162 738 723 138 138 321 114 637 194 783 165 765 139 954 136 1376 150 160 673 1448 226 1315 3053 218 144 168 332 920 185 278 943 153 188 266 902 1015 335 215 2219 421 199 116 129 154 2191 117 152 739 167 299 128 1065 228 931 106 181 314 473 996 6390 618 195 582 362 364 79132 750
internal_value=0 -0.00654109 -0.00580823 0.00068627 0.0026679 0.00851238 0.0287149 0.0151325 0.0204076 0.00576117 0.0162947 0.0259352 -0.00591075 -0.00385917 -0.00817046 -0.00726252 -0.00516547 0.0118983 0.00829155 0.0142737 0.0039391 0.00760642 0.00121166 0.00535264 0.00457284 0.0168274 0.00108943 0.000425235 -0.00265217 0.00200657 0.00410375 0.00372553 0.00914264 0.00222856 0.00550915 0.000818099 -0.00220513 -0.000575084 0.00194409 -0.00082484 0.00337959 0.00452465 0.00351092 0.0104531 0.00759463 -0.00500212 -0.00562164 -0.00777146 -0.00742886 -0.00755891 -0.00265757 0.00212117 0.00283485 0.0012623 -0.00636371 -0.00492065 -0.00640098 -0.00525235 -0.00335347 0.00311319 0.00473694 -0.00527196 -0.00415479 -0.00589416 -0.00511703 -0.00545464 -0.00723696 -0.00491139 -0.00188082 -0.0035021 -0.00698949 -0.00550883 -0.00325224 -0.00254716 -0.00205067 -0.0026888 0.00288693 0.00339127 -0.00735124 -0.00667287 -0.0059362 -0.0021083 -0.00660946 -0.00519044 -0.00637209 -0.00761664 -0.00743527 -0.00633208 0.00050998 -0.000306964 0.00210133 0.00202424 -0.00841312 -0.00850207
internal_weight=0 469885 324108 17582 13379 2845 341 1579 1148 2504 977 306 322529 9471 145777 30744 8312 671 513 356 2150 917 1233 736 797 354 10534 8414 2856 5558 3193 2120 459 1661 1159 1547 2395 2118 930 2365 3055 2101 1965 467 317 5650 4203 25094 16734 16290 444 1292 1148 980 5917 497 3055 1607 664 648 454 5359 1917 3442 2769 2554 13237 620 511 269 339 3111 395 1188 1058 906 1803 1504 12617 3548 2233 334 1899 968 787 9069 8004 1614 1642 1085 557 503 115033 79882
internal_count=487467 469885 324108 17582 13379 2845 341 1579 1148 2504 977 306 322529 9471 145777 30744 8312 671 513 356 2150 917 1233 736 797 354 10534 8414 2856 5558 3193 2120 459 1661 1159 1547 2395 2118 930 2365 3055 2101 1965 467 317 5650 4203 25094 16734 16290 444 1292 1148 980 5917 497 3055 1607 664 648 454 5359 1917 3442 2769 2554 13237 620 511 269 339 3111 395 1188 1058 906 1803 1504 12617 3548 2233 334 1899 968 787 9069 8004 1614 1642 1085 557 503 115033 79882
is_linear=0
shrinkage=0.0951581


Tree=65
num_leaves=95
num_cat=0
split_feature=4 2 4 3 2 3 2 2 2 2 2 2 2 2 4 3 2 2 2 2 2 2 2 2 2 2 2 2 2 2 2 2 2 2 2 2 2 2 2 2 2 2 2 2 2 2 2 2 2 2 2 2 2 2 2 2 2 2 2 2 2 2 2 2 2 2 4 2 4 2 2 2 2 2 2 2 2 2 2 2 4 2 2 2 2 2 2 2 2 2 2 2 2 2
split_gain=364.091 1295.15 204.472 16.6847 11.2763 7.31651 9.43268 15.6311 7.49392 9.96949 6.5786 34.4962 6.91285 8.42623 6.25014 4.10931 6.06138 12.4624 3.41275 4.43971 3.24792 4.42901 3.00792 3.00748 2.97114 3.24097 2.36578 5.27109 2.17203 1.84386 1.73616 4.75449 1.67226 3.86763 1.57469 1.56888 3.06133 2.64552 1.56418 2.71305 1.28704 1.24619 2.72923 1.36617 1.04301 0.953751 5.76861 1.28022 1.61432 0.947653 0.70705 1.03195 1.45058 0.672059 1.5534 2.10168 0.663039 0.64061 5.27577 0.921473 0.536382 0.53627 0.529197 0.513027 0.442825 1.47151 0.408017 0.534989 0.3998 0.363042 1.91969 0.761904 0.478463 0.534885 0.375171 0.334165 0.459798 0.327051 0.405208 0.293108 0.289725 0.486425 1.3983 0.279243 0.263932 0.444946 0.239388 0.236506 0.600298 0.235566 0.23329 1.56601 0.37598 1.00025
threshold=0.15000000223517421 0.10458041727542879 0.25000000745058065 0.15000000223517421 0.19012194871902469 0.15000000223517421 0.15460605919361117 0.15629401057958606 0.16159114986658099 0.17089758068323138 0.10074627026915552 0.10594117641448976 0.10559467971324922 0.10259784013032915 0.25000000745058065 0.15000000223517421 0.1583974361419678 0.16013698279857638 0.20240999013185504 0.20071429014205935 0.24515175819396975 0.24171940237283709 0.15724790096282962 0.1067231632769108 0.1633739769458771 0.16587346047163012 0.19699231535196307 0.1981649845838547 0.16259328275918963 0.16928205639123919 0.10388386249542238 0.10421099141240121 0.17394282668828967 0.17517123371362689 0.10594117641448976 0.10259784013032915 0.10074627026915552 0.10317540168762208 0.10347852483391763 0.10388386249542238 0.18897569924592975 0.12516666948795321 0.11630280315876008 0.12782331556081775 0.20439612865448001 0.1643650829792023 0.168457105755806 0.18346994370222094 0.19510195404291156 0.25920708477497106 0.18346994370222094 0.18758561462163928 0.18843366950750354 0.22736185789108279 0.22410600632429126 0.22547236829996112 0.1072077937424183 0.14379280805587771 0.1483045965433121 0.14415185153484347 0.1643650829792023 0.14586748182773593 0.10347852483391763 0.14620192348957065 0.10504237189888956 0.10533428192138673 0.35000000894069677 0.19548846781253817 0.35000000894069677 0.15298574417829516 0.14895787835121158 0.15529115498065951 0.14216374605894092 0.13851648569107058 0.14451952278614047 0.14790198951959613 0.14670995622873309 0.15220635384321216 0.14741302281618121 0.11441558599472047 0.35000000894069677 0.22039676457643512 0.21946247667074206 0.13533937186002734 0.15886382013559344 0.16090353578329089 0.17006493359804156 0.11156633123755456 0.11203448474407197 0.1139211878180504 0.15339080244302752 0.15392307937145236 0.15629401057958606 0.15563492476940158
decision_type=2 2 2 2 2 2 2 2 2 2 2 2 2 2 2 2 2 2 2 2 2 2 2 2 2 2 2 2 2 2 2 2 2 2 2 2 2 2 2 2 2 2 2 2 2 2 2 2 2 2 2 2 2 2 2 2 2 2 2 2 2 2 2 2 2 2 2 2 2 2 2 2 2 2 2 2 2 2 2 2 2 2 2 2 2 2 2 2 2 2 2 2 2 2
left_child=10 3 15 14 5 28 77 -8 22 24 -1 12 13 -12 30 23 -17 -18 19 26 21 44 -9 34 -10 60 66 -28 41 -27 35 -32 -11 -34 -3 36 -2 -37 -15 -40 50 42 -4 -43 -20 -19 -47 -48 -49 68 -35 -52 -53 54 80 -56 -13 -25 59 -59 -26 -61 -39 -63 -41 -66 67 -6 -22 70 72 -71 73 83 -74 76 -65 78 -7 87 81 82 -46 -45 -24 -86 -30 -58 -89 -90 -60 -92 93 -93
right_child=1 2 4 -5 18 6 7 8 9 32 11 56 -14 38 -16 16 17 45 20 -21 49 -23 84 57 25 29 27 -29 86 -31 31 -33 33 40 -36 37 -38 62 39 64 -42 43 -44 69 53 46 47 48 -50 -51 51 52 -54 -55 55 -57 79 58 90 61 -62 63 -64 75 65 -67 -68 -69 -70 71 -72 -73 74 -75 -76 -77 -78 -79 -80 -81 -82 -83 -84 -85 85 -87 -88 88 89 -91 91 92 -94 -95
leaf_value=-1.4311058636554334e-05 8.8180499199602011e-05 0 5.2508133989103449e-05 -0.00022437334387764477 -7.1807665423556655e-05 9.8533531418192708e-05 1.4311059702806872e-05 1.4311059702806872e-05 0.0027751778756604701 -0.00012063246385821283 4.982187933904526e-05 -0.00012556981963529607 1.7228133908422266e-06 -6.4549246768628746e-05 0.00014068863318871075 0 0.00025437420742392561 0 1.4311059702806872e-05 -4.3719114786293527e-05 -4.3719114786293527e-05 1.1694939241085987e-06 -7.1709112019171067e-05 0 1.4311059702806872e-05 1.4311059702806872e-05 1.426071488350302e-05 0.00013118836183707844 -0.0002016113349026156 1.4311059702806872e-05 -2.6320061295740788e-06 5.0683478799347644e-06 1.4311059702806872e-05 1.4311059702806872e-05 0 4.5211089404867496e-06 -8.5154026861391466e-05 5.1135045832441857e-05 1.0808776503625648e-07 -6.9744484218089211e-05 1.4311059702806872e-05 5.2508133989103449e-05 -0.00016040804697594051 5.2508133989103449e-05 1.4311059702806872e-05 1.4311059702806872e-05 0 0.00030947235649023282 0 5.7366227140218898e-05 -0.00010481377755643927 1.4311059702806872e-05 -0.00056297886346827974 1.4311059702806872e-05 1.4311059702806872e-05 1.4311059702806872e-05 -8.0241130381789356e-05 4.9323446615667831e-05 0 0 1.4311059702806872e-05 0 0.00014426621520651566 0 -8.6805917367737418e-05 -0.00020272073871733463 0.0016095520167118502 0.00049584604981494306 0.00012498267884763941 -0.00070962862844723708 5.2508133989103449e-05 9.238157545932438e-05 -5.5634429361206971e-05 0.00011750155320172012 5.2007502342227479e-05 0 0 5.2557737231413956e-05 -0.00014196551456351571 -8.0241130381789356e-05 -0.00054727937081858625 -0.00014613402626362105 1.4311059702806872e-05 -8.3707169153591704e-05 0.00060709672087045871 -1.3877417639777487e-05 0.00013047348423579191 -8.0241130381789356e-05 -0.00010778381162524493 -8.0241130381789356e-05 0 0 0 0
leaf_weight=279508 32976 1372 206 476 889 511 212 170 150 207 442 2937 750 904 608 3067 135 236 162 738 575 136 195 86512 106 362 157 691 518 122 121 234 161 501 858 224 117 131 593 2069 151 152 400 321 1169 156 497 181 233 1653 356 158 132 790 140 166 10443 269 7515 2604 158 470 128 415 647 638 140 129 150 125 237 577 134 156 298 295 1277 176 289 10697 281 253 120 124 219 136 677 958 3375 1436 427 1284 12206 310
leaf_count=279508 32976 1372 206 476 889 511 212 170 150 207 442 2937 750 904 608 3067 135 236 162 738 575 136 195 86512 106 362 157 691 518 122 121 234 161 501 858 224 117 131 593 2069 151 152 400 321 1169 156 497 181 233 1653 356 158 132 790 140 166 10443 269 7515 2604 158 470 128 415 647 638 140 129 150 125 237 577 134 156 298 295 1277 176 289 10697 281 253 120 124 219 136 677 958 3375 1436 427 1284 12206 310
internal_value=0 -0.00275736 -0.00693022 0.013576 0.00292479 0.00538628 0.00801779 0.0103269 0.00871027 0.0111191 -0.00819915 -0.00698632 -0.000429891 -0.0016414 0.0138198 -0.00830102 -0.00548136 -0.000383811 0.000446176 -0.00230266 0.00179431 0.0037655 0.000132162 -0.0084107 0.0192012 0.0216523 1.89724e-05 0.00383774 0.00238804 0.0170262 0.0139912 0.0073714 0.00676273 0.00789831 -0.00494993 0.0140612 0.0139826 0.0194453 -0.00278746 -0.0019697 0.00617281 0.00386906 6.28084e-05 0.00495503 0.00302368 -0.00323523 -0.00202445 -0.00491981 -0.00101134 -0.000872351 0.0050856 0.00300499 0.00721889 0.00261122 0.00349077 0.00976459 -0.00831382 -0.00847864 -0.00807466 -0.0053917 0.0301334 -0.00568016 0.0128959 -0.00668857 -0.00301873 -0.00440616 -0.0027775 -0.0034399 -0.0037407 0.00428501 0.00524493 0.00254839 0.00347285 0.00520915 0.00105731 -0.00601982 -0.00653509 -0.000253497 -0.00107053 -0.008462 0.00243767 0.00294978 0.00369854 0.00352833 -0.00328728 -0.00174233 -0.00099538 -0.00820689 -0.00771789 -0.00815104 -0.00873238 -0.00850584 -0.00868145 -0.007307
internal_weight=0 172070 137055 35015 16736 8397 4472 3496 3284 2564 315397 35889 6043 5293 34539 120319 4505 1438 8339 2744 5595 3217 720 115814 898 748 2006 848 3925 484 33931 355 1666 1459 2230 33576 33093 483 4851 3947 1298 2730 606 2124 3081 1303 1067 911 414 2378 1147 646 290 2919 2129 306 29846 113584 27072 5330 264 5061 259 2457 3354 1285 1158 1018 725 1972 1270 702 1033 601 432 1987 1692 976 800 26909 1823 1542 1289 445 550 355 1195 16212 5769 4811 21742 14227 13800 1594
internal_count=487467 172070 137055 35015 16736 8397 4472 3496 3284 2564 315397 35889 6043 5293 34539 120319 4505 1438 8339 2744 5595 3217 720 115814 898 748 2006 848 3925 484 33931 355 1666 1459 2230 33576 33093 483 4851 3947 1298 2730 606 2124 3081 1303 1067 911 414 2378 1147 646 290 2919 2129 306 29846 113584 27072 5330 264 5061 259 2457 3354 1285 1158 1018 725 1972 1270 702 1033 601 432 1987 1692 976 800 26909 1823 1542 1289 445 550 355 1195 16212 5769 4811 21742 14227 13800 1594
is_linear=0
shrinkage=0.0951581


Tree=66
num_leaves=95
num_cat=0
split_feature=4 2 4 4 0 2 2 2 2 2 2 2 0 2 2 2 2 2 2 2 2 2 2 0 0 2 2 2 2 2 2 2 2 0 2 2 2 2 2 2 0 2 2 2 2 2 2 0 2 0 2 2 2 2 2 2 2 0 2 2 2 2 2 2 2 2 2 2 2 2 2 2 0 2 2 2 2 0 4 2 2 2 4 2 2 2 2 2 2 2 0 2 0 0
split_gain=361.727 1292.28 202.617 15.5348 14.3941 119.628 46.2391 15.8879 10.9679 5.44362 4.04549 11.2148 5.0158 8.87103 11.3941 3.90835 3.41275 4.43971 3.24792 4.42901 2.60571 2.36578 5.27109 2.33194 2.2899 4.2874 2.32226 1.9015 3.54267 1.81737 18.0476 3.18845 1.70138 2.92303 2.89465 7.93037 1.79187 1.61305 3.03099 2.64552 1.52047 1.49282 5.97972 1.24005 1.21352 1.34321 1.10237 1.08413 1.04301 1.02853 1.24949 3.25841 4.04498 0.960805 0.947653 0.807194 0.753242 1.82123 0.682331 0.672059 1.5534 2.10168 0.62998 0.555479 0.533069 0.529197 0.488028 0.487987 0.868963 0.465457 0.493859 0.463554 0.521939 0.432144 0.425092 1.75358 0.503818 0.658131 0.408017 0.534989 0.401503 0.537256 0.3998 0.38135 0.370215 0.342758 0.33842 1.23072 0.719241 1.5832 1.69267 0.573234 1.03682 0.326901
threshold=0.15000000223517421 0.10388386249542238 0.25000000745058065 0.25000000745058065 1.5000000000000002 0.10594117641448976 0.10533428192138673 0.10504237189888956 0.19012194871902469 0.1067231632769108 0.15460605919361117 0.15629401057958606 2.5000000000000004 0.17660956084728244 0.16505814343690875 0.18897569924592975 0.20240999013185504 0.20071429014205935 0.24515175819396975 0.24171940237283709 0.17006493359804156 0.19699231535196307 0.1981649845838547 1.5000000000000002 1.5000000000000002 0.10458041727542879 0.10594117641448976 0.14379280805587771 0.14586748182773593 0.10074627026915552 0.10259784013032915 0.1067231632769108 0.15803226083517077 1.5000000000000002 0.1633739769458771 0.1643650829792023 0.168457105755806 0.10259784013032915 0.10074627026915552 0.10317540168762208 2.5000000000000004 0.16505814343690875 0.17660956084728244 0.10388386249542238 0.15298574417829516 0.15188746154308322 0.17394282668828967 1.5000000000000002 0.20439612865448001 1.5000000000000002 0.11630280315876008 0.12516666948795321 0.12867965549230578 0.13058389723300937 0.25920708477497106 0.14859127253293994 0.16587346047163012 1.5000000000000002 0.14415185153484347 0.22736185789108279 0.22410600632429126 0.22547236829996112 0.14451952278614047 0.17089758068323138 0.14415185153484347 0.10347852483391763 0.1483045965433121 0.10388386249542238 0.10458041727542879 0.1072077937424183 0.10708020254969598 0.14620192348957065 1.5000000000000002 0.10481997579336168 0.18843366950750354 0.18758561462163928 0.18346994370222094 1.5000000000000002 0.35000000894069677 0.19548846781253817 0.14670995622873309 0.14790198951959613 0.35000000894069677 0.1779797971248627 0.14503520727157596 0.10594117641448976 0.15339080244302752 0.16013698279857638 0.1583974361419678 0.15954913944005969 1.5000000000000002 0.15392307937145236 1.5000000000000002 2.5000000000000004
decision_type=2 2 2 2 2 2 2 2 2 2 2 2 2 2 2 2 2 2 2 2 2 2 2 2 2 2 2 2 2 2 2 2 2 2 2 2 2 2 2 2 2 2 2 2 2 2 2 2 2 2 2 2 2 2 2 2 2 2 2 2 2 2 2 2 2 2 2 2 2 2 2 2 2 2 2 2 2 2 2 2 2 2 2 2 2 2 2 2 2 2 2 2 2 2
left_child=4 3 9 37 29 6 7 43 10 24 44 23 15 14 -14 32 17 21 19 48 -16 78 -23 -12 25 -3 73 -11 47 -1 -31 67 33 -13 -34 -36 56 38 -2 -39 66 -42 -43 -6 45 49 63 58 -18 50 -4 -52 -53 -51 82 64 -37 -58 -29 60 -50 -62 -60 -38 -54 -41 71 -32 -69 70 -7 -30 80 -26 75 76 77 83 79 -10 -73 -82 -20 -48 -64 -27 -68 88 91 90 -90 92 -88 -55
right_child=1 2 8 -5 5 69 -8 -9 16 27 11 12 13 -15 20 -17 18 -19 54 -21 -22 22 -24 -25 26 85 -28 28 40 30 31 -33 34 -35 35 36 46 39 -40 65 41 42 -44 -45 -46 -47 74 -49 59 53 51 52 55 93 -56 -57 57 -59 62 -61 61 -63 84 -65 -66 -67 86 68 -70 -71 -72 72 -74 -75 -76 -77 -78 -79 -80 -81 81 -83 -84 -85 -86 -87 87 -89 89 -91 -92 -93 -94 -95
leaf_value=-1.294924564728314e-05 7.9789411421953626e-05 4.5860535820537031e-06 4.7511560309634674e-05 0.00012730097173159095 9.7802339887961146e-08 -0.00012119384814369796 0.00027346743341558495 -7.8545632170176288e-05 -6.4974585217090084e-05 0 1.2949246612075227e-05 8.3590721293688125e-05 -0.0020383272854456861 0.00011805787683034933 1.2949246612075227e-05 1.2949246612075227e-05 1.2949246612075227e-05 -3.9558887377028218e-05 -3.9558887377028218e-05 1.0582071173706904e-06 1.2949246612075227e-05 1.2903692509555442e-05 0.00011870472804533637 1.2949246612075227e-05 -2.4910581809930594e-07 0 5.5071545292513314e-05 0 0 4.5080924518239216e-05 -3.6475582375675441e-05 -0.00011362083558159584 -1.255686909900918e-05 1.2949246612075227e-05 1.2949246612075227e-05 1.2949246612075227e-05 0.00042439806034652827 4.0908888542297082e-06 -7.7050932407404042e-05 4.6269132597784512e-05 0 1.2949246612075227e-05 0 7.9392861462409858e-05 -8.3359224435085126e-05 4.7556443402207979e-05 1.2949246612075227e-05 0 1.2949246612075227e-05 -0.00019846362607916287 -0.00014514392378959105 4.7511560309634674e-05 4.7511560309634674e-05 7.8745758204343743e-05 5.1907366601038016e-05 4.7511560309634674e-05 1.2949246612075227e-05 1.2949246612075227e-05 0 1.2949246612075227e-05 1.2949246612075227e-05 1.2949246612075227e-05 0 -0.00010915330914423119 -0.00040607864550544671 0.00013053811788187888 0 -6.3107732392085256e-05 -0.00018343022065078678 -7.2605537767516729e-05 -3.697687513361856e-05 0 0 -0.0019308198805203681 -0.00050940687075784496 1.2949246612075227e-05 -9.4839898799047116e-05 1.2949246612075227e-05 0.0014563901228973181 0.00044866228735086365 0 0 0.00011308956598917824 1.2949246612075227e-05 0 0 -0.0011160808516225409 0 0 0 7.5571656323856779e-05 0 0 -4.2974984355417007e-05
leaf_weight=279508 33104 264 195 942 176 194 137 107 889 87108 139 159 179 363 183 125 162 738 575 136 213 157 691 172 146 1031 240 195 550 412 1351 24200 995 142 149 212 223 224 117 131 466 117 345 166 228 118 156 1181 1823 351 320 145 463 681 1653 153 183 221 634 790 140 166 352 292 247 128 8629 1023 4232 3780 111 321 826 286 140 162 331 388 140 129 926 250 150 172 782 618 245 10303 269 979 212 3170 229 211
leaf_count=279508 33104 264 195 942 176 194 137 107 889 87108 139 159 179 363 183 125 162 738 575 136 213 157 691 172 146 1031 240 195 550 412 1351 24200 995 142 149 212 223 224 117 131 466 117 345 166 228 118 156 1181 1823 351 320 145 463 681 1653 153 183 221 634 790 140 166 352 292 247 128 8629 1023 4232 3780 111 321 826 286 140 162 331 388 140 129 926 250 150 172 782 618 245 10303 269 979 212 3170 229 211
internal_value=0 -0.00277505 -0.00691569 0.0136489 -0.00819915 -0.00295599 0.0372513 0.0224861 0.00289167 -0.00827699 0.00531622 0.00691553 0.00582242 0.0120926 0.0194453 0.00437022 0.000446176 -0.00230266 0.00179431 0.0037655 0.0284513 1.89724e-05 0.00383774 0.0244474 -0.00395725 -0.00563587 0.000821303 -0.00837155 -0.00773127 -0.00827797 -0.00758936 -0.00785396 0.00384269 0.0107171 0.00327171 0.00492621 0.00364517 0.0139857 0.0139064 0.0194453 -0.00807325 -0.00428622 -0.000453136 0.0324984 0.00259299 0.00312134 0.00217475 -0.00470343 0.00302368 0.00269718 0.0043549 0.00331047 0.00596626 0.000666028 -0.000872351 0.00349538 0.00809461 0.0105051 -0.00607403 0.00261122 0.00349077 0.00976459 -0.00666322 -0.00157057 0.00214441 0.0128959 -0.00820385 -0.00600104 -0.00558635 -0.0087238 -0.0051479 -0.0070317 -0.00644355 -0.00334816 0.00360458 0.0041794 0.00275386 0.00417313 -0.0027775 -0.0034399 -0.00538403 -0.00619822 -0.0037407 0.00731092 -0.00532013 -0.00743838 -0.00834395 -0.00807674 -0.00686839 -0.00508379 -0.000613287 -0.0075834 -0.00449692 0.00232561
internal_weight=0 172070 137424 34646 315397 4671 586 449 16750 120674 8411 5299 4988 938 575 4050 8339 2744 5595 3217 396 2006 848 311 2585 1913 672 118089 30981 310726 31218 30806 3925 301 3624 2629 2480 33704 33221 483 27837 928 462 342 3112 2884 1864 3144 3081 2766 1523 1328 1008 1243 2378 863 616 404 1963 2919 2129 306 1768 515 710 259 26909 6606 5255 4085 305 2873 2323 432 1349 1209 1047 716 1158 1018 1497 1176 725 328 1134 1649 24036 15407 5104 1460 481 3644 474 892
internal_count=487467 172070 137424 34646 315397 4671 586 449 16750 120674 8411 5299 4988 938 575 4050 8339 2744 5595 3217 396 2006 848 311 2585 1913 672 118089 30981 310726 31218 30806 3925 301 3624 2629 2480 33704 33221 483 27837 928 462 342 3112 2884 1864 3144 3081 2766 1523 1328 1008 1243 2378 863 616 404 1963 2919 2129 306 1768 515 710 259 26909 6606 5255 4085 305 2873 2323 432 1349 1209 1047 716 1158 1018 1497 1176 725 328 1134 1649 24036 15407 5104 1460 481 3644 474 892
is_linear=0
shrinkage=0.0951581


Tree=67
num_leaves=95
num_cat=0
split_feature=4 2 4 3 2 3 2 2 2 2 4 2 2 2 2 3 2 2 2 2 2 2 2 2 2 2 2 2 2 2 2 2 2 2 2 2 2 2 2 2 2 2 2 2 2 2 2 2 2 2 2 2 2 2 2 2 2 2 2 2 2 2 2 2 2 4 2 2 2 2 2 2 2 2 2 2 2 2 2 4 2 2 2 2 2 2 2 2 2 2 2 2 2 2
split_gain=367.883 1289.33 209.686 16.825 11.989 7.95549 9.95941 15.2851 8.59556 11.2915 5.79225 5.44362 4.48444 22.5342 8.7131 3.77095 5.13548 13.0076 3.31111 4.51485 3.30903 3.24792 4.42901 3.24097 2.48509 2.29593 5.27109 1.84386 1.8057 1.7671 2.118 1.57469 1.56888 3.06133 2.64552 1.39001 2.92478 1.38776 4.3608 1.38312 2.37361 1.36617 1.29441 5.77336 1.04301 0.947653 0.825529 0.81338 0.777316 0.70705 1.03195 1.45058 0.672059 1.5534 2.10168 0.64061 5.27577 0.921473 0.536382 0.53627 0.529197 0.513027 0.487732 1.19112 0.45174 0.3998 0.363042 1.91969 0.761904 0.478463 0.534885 0.375171 0.352555 0.334165 0.459798 0.327051 0.405208 0.293108 0.292083 0.289725 0.486425 1.3983 0.279243 0.263932 0.444946 0.261682 0.270167 0.236506 0.600298 0.235566 0.23329 1.56601 0.37598 1.00025
threshold=0.15000000223517421 0.10388386249542238 0.25000000745058065 0.15000000223517421 0.19101010262966159 0.15000000223517421 0.15460605919361117 0.15629401057958606 0.1633739769458771 0.17089758068323138 0.25000000745058065 0.1067231632769108 0.10074627026915552 0.10594117641448976 0.10259784013032915 0.15000000223517421 0.1583974361419678 0.16013698279857638 0.20240999013185504 0.20071429014205935 0.18897569924592975 0.24515175819396975 0.24171940237283709 0.16587346047163012 0.15724790096282962 0.19699231535196307 0.1981649845838547 0.16928205639123919 0.16259328275918963 0.10458041727542879 0.10421099141240121 0.10594117641448976 0.10259784013032915 0.10074627026915552 0.10317540168762208 0.10347852483391763 0.10388386249542238 0.17394282668828967 0.17517123371362689 0.12516666948795321 0.11630280315876008 0.12782331556081775 0.168457105755806 0.1643650829792023 0.20439612865448001 0.25920708477497106 0.19101010262966159 0.1072077937424183 0.16159114986658099 0.18346994370222094 0.18758561462163928 0.18843366950750354 0.22736185789108279 0.22410600632429126 0.22547236829996112 0.14379280805587771 0.1483045965433121 0.14415185153484347 0.1643650829792023 0.14586748182773593 0.10347852483391763 0.14620192348957065 0.10504237189888956 0.10533428192138673 0.18346994370222094 0.35000000894069677 0.15298574417829516 0.14895787835121158 0.15529115498065951 0.14216374605894092 0.13851648569107058 0.14451952278614047 0.19012194871902469 0.14790198951959613 0.14670995622873309 0.15220635384321216 0.14741302281618121 0.11441558599472047 0.10559467971324922 0.35000000894069677 0.22039676457643512 0.21946247667074206 0.13533937186002734 0.15886382013559344 0.16090353578329089 0.19238026440143588 0.19548846781253817 0.11156633123755456 0.11203448474407197 0.1139211878180504 0.15339080244302752 0.15392307937145236 0.15629401057958606 0.15563492476940158
decision_type=2 2 2 2 2 2 2 2 2 2 2 2 2 2 2 2 2 2 2 2 2 2 2 2 2 2 2 2 2 2 2 2 2 2 2 2 2 2 2 2 2 2 2 2 2 2 2 2 2 2 2 2 2 2 2 2 2 2 2 2 2 2 2 2 2 2 2 2 2 2 2 2 2 2 2 2 2 2 2 2 2 2 2 2 2 2 2 2 2 2 2 2 2 2
left_child=12 3 11 10 5 28 75 -8 24 23 32 29 -1 14 -14 55 -17 -18 19 25 37 22 44 58 -9 85 -27 -25 39 30 -3 -31 33 -2 -34 -16 -37 -11 -39 40 -4 -41 43 -19 -20 65 -44 -15 83 -40 -51 -52 53 79 -55 -13 57 -57 -10 -59 -36 -61 -38 -64 -30 -23 67 69 -68 70 82 -71 -22 74 -63 76 -7 87 -65 80 81 -46 -43 -26 -85 -6 -87 -49 -89 -90 -58 -92 93 -93
right_child=1 2 4 -5 18 6 7 8 9 20 -12 15 13 47 35 16 17 42 21 -21 72 45 -24 27 48 26 -28 -29 64 31 -32 -33 34 -35 60 36 62 38 49 41 -42 66 46 -45 52 -47 -48 77 -50 50 51 -53 -54 54 -56 56 90 59 -60 61 -62 73 63 78 -66 -67 68 -69 -70 71 -72 -73 -74 -75 -76 -77 -78 -79 -80 -81 -82 -83 -84 84 -86 86 -88 88 89 -91 91 92 -94 -95
leaf_value=-1.1717020179442417e-05 7.2196803520596059e-05 -2.8179495506742223e-06 4.2990451032301344e-05 -0.0002151361224641151 0.00011009488895126806 8.4636159603488622e-05 1.1717021052428841e-05 1.1717021052428841e-05 1.1717021052428841e-05 -9.8766488854441542e-05 0.00011518725455290005 0 4.079110989750426e-05 -0.00010280889401414137 -5.4935917100886534e-05 0 0.00022297718960581178 0 1.1717021052428841e-05 -3.5794539257208477e-05 1.1717021052428841e-05 -3.5794539257208477e-05 9.5751015047390892e-07 1.1717021052428841e-05 -6.3690522300919523e-05 1.1675801791241288e-05 0.00010740901298711704 1.1717021052428841e-05 -0.00018123149791744058 0 4.1496534878227593e-06 0 3.7016076891650292e-06 -6.9718912935426379e-05 4.1866250367044827e-05 8.8495656138670818e-08 -5.7102521186014251e-05 1.1717021052428841e-05 1.1717021052428841e-05 4.2990451032301344e-05 -0.00013133230539362292 4.2990451032301344e-05 0 1.1717021052428841e-05 1.1717021052428841e-05 4.6967960798060205e-05 0 -6.5696533553653085e-05 0.0026648058405485111 -8.5815115282627741e-05 1.1717021052428841e-05 -0.00046093268648960642 1.1717021052428841e-05 1.1717021052428841e-05 1.1717021052428841e-05 4.4629921700238087e-05 0 0 1.1717021052428841e-05 0 0.00011811636006219785 0 -7.1071379925368317e-05 -0.00016597535141637336 0.0014293286220483428 0.00010232817902080468 -0.00063416941988590422 4.2990451032301344e-05 7.5636388009807802e-05 -4.6250946009341324e-05 0.00011040974734177616 3.9565271957745133e-05 5.0070136582968222e-06 0 0 4.3031063135563463e-05 -0.00013297745679241536 -6.5696533553653085e-05 -2.4463764565342267e-05 -0.00049643353738425039 -0.00013346041716810471 1.1717021052428841e-05 -8.0262864191250297e-05 0.00055052144483088642 -1.1361981433610962e-05 -5.8791727864027568e-05 -0.0010179049068348483 -6.5696533553653085e-05 -8.6715368534593222e-05 -6.5696533553653085e-05 0 0 0 0
leaf_weight=279508 32976 121 220 476 170 511 212 170 106 207 594 86512 442 2937 904 3067 135 236 162 738 151 575 136 362 195 157 691 122 1047 1372 234 858 224 117 131 593 2069 161 501 152 400 321 639 156 1169 1653 272 10443 150 356 158 132 790 140 166 269 7515 2604 158 470 128 415 647 638 161 150 125 237 577 134 156 298 117 295 1277 176 289 10697 750 281 253 120 124 219 136 698 160 958 3375 1436 427 1284 12206 310
leaf_count=279508 32976 121 220 476 170 511 212 170 106 207 594 86512 442 2937 904 3067 135 236 162 738 151 575 136 362 195 157 691 122 1047 1372 234 858 224 117 131 593 2069 161 501 152 400 321 639 156 1169 1653 272 10443 150 356 158 132 790 140 166 269 7515 2604 158 470 128 415 647 638 161 150 125 237 577 134 156 298 117 295 1277 176 289 10697 750 281 253 120 124 219 136 698 160 958 3375 1436 427 1284 12206 310
internal_value=0 -0.00275625 -0.00689215 0.0136489 0.00308482 0.00558069 0.00827579 0.0105798 0.00903456 0.0118393 0.0138964 -0.00827699 -0.00822631 -0.00722495 -0.00192584 -0.00837155 -0.00567147 -0.000979376 0.000488018 -0.00230797 0.00772259 0.00179431 0.0037655 0.0216523 0.000875015 0.000172459 0.00383774 0.0170262 0.00245119 -0.00395725 0.00227843 -0.00494993 0.0140612 0.0139826 0.0194453 -0.00294088 -0.00228323 0.00599841 0.00714413 0.00380077 -0.000153483 0.00495503 -0.0038925 0.000679698 0.00302368 -0.000872351 -0.0058599 -0.00829788 -0.00163128 0.0050856 0.00300499 0.00721889 0.00261122 0.00349077 0.00976459 -0.00847864 -0.00807466 -0.0053917 0.0301334 -0.00568016 0.0128959 -0.00668857 -0.00318585 -0.00423185 -0.000614434 -0.0037407 0.00428501 0.00524493 0.00254839 0.00347285 0.00520915 0.00105731 0.0174693 -0.00601982 -0.00653509 -0.000253497 -0.00107053 -0.008462 -0.00266004 0.00243767 0.00294978 0.00369854 0.00352833 -0.00328728 -0.00174233 -0.00285104 -0.00352684 -0.00820689 -0.00771789 -0.00815104 -0.00873238 -0.00850584 -0.00868145 -0.007307
internal_weight=0 172070 137424 34646 16750 8541 4589 3613 3401 2531 34170 120674 315397 35889 6043 118089 4505 1438 8209 2614 1783 5595 3217 748 870 1876 848 484 3952 2585 355 2230 33576 33093 483 5601 4697 1515 1308 2744 620 2124 1303 392 3081 2378 911 29846 700 1147 646 290 2919 2129 306 113584 27072 5330 264 5061 259 2457 4104 2035 1208 725 1972 1270 702 1033 601 432 268 1987 1692 976 800 26909 1388 1823 1542 1289 445 550 355 1028 858 16212 5769 4811 21742 14227 13800 1594
internal_count=487467 172070 137424 34646 16750 8541 4589 3613 3401 2531 34170 120674 315397 35889 6043 118089 4505 1438 8209 2614 1783 5595 3217 748 870 1876 848 484 3952 2585 355 2230 33576 33093 483 5601 4697 1515 1308 2744 620 2124 1303 392 3081 2378 911 29846 700 1147 646 290 2919 2129 306 113584 27072 5330 264 5061 259 2457 4104 2035 1208 725 1972 1270 702 1033 601 432 268 1987 1692 976 800 26909 1388 1823 1542 1289 445 550 355 1028 858 16212 5769 4811 21742 14227 13800 1594
is_linear=0
shrinkage=0.0951581


Tree=68
num_leaves=95
num_cat=0
split_feature=4 2 4 4 0 2 2 2 2 2 2 2 0 2 2 2 2 2 2 2 2 2 2 2 0 2 2 0 2 2 2 2 2 2 2 2 2 2 2 2 0 2 2 2 2 0 2 0 2 0 2 2 2 2 2 2 2 0 0 2 2 2 2 2 2 2 2 2 2 2 2 2 0 2 2 2 2 2 0 2 2 4 2 2 2 2 2 2 2 2 2 0 2 0
split_gain=364.819 1289.5 209.267 15.5348 12.4789 59.0261 11.8843 5.44362 4.95265 10.7207 5.05764 7.3022 5.29544 15.6066 9.57338 3.56312 3.31111 4.51485 3.24792 4.42901 3.13646 9.49717 2.47061 17.6826 2.33194 2.29593 5.27109 2.2899 4.2874 2.32226 2.04233 1.9015 3.54267 1.84656 1.81737 18.0476 3.18845 1.61305 3.03099 2.64552 1.52047 1.49282 5.97972 1.19141 1.3611 1.1263 1.10237 1.08413 1.04301 0.960023 1.29378 3.14772 4.14951 0.960805 0.947653 0.864982 0.705157 1.82123 0.682771 0.682331 0.672059 1.5534 2.10168 0.62998 0.557358 1.33609 0.555479 0.529197 0.488028 0.487987 0.868963 0.463554 0.521939 0.456021 0.432144 0.425092 1.75358 0.503818 0.658131 0.401503 0.537256 0.3998 0.38135 0.370215 0.364164 0.34766 0.342758 0.33842 1.23072 0.719241 1.5832 1.69267 0.573234 1.03682
threshold=0.15000000223517421 0.10388386249542238 0.25000000745058065 0.25000000745058065 1.5000000000000002 0.10559467971324922 0.19101010262966159 0.1067231632769108 0.15460605919361117 0.15629401057958606 0.1633739769458771 0.16370223462581637 2.5000000000000004 0.17660956084728244 0.18897569924592975 0.17006493359804156 0.20240999013185504 0.20071429014205935 0.24515175819396975 0.24171940237283709 0.10388386249542238 0.10458041727542879 0.1139211878180504 0.11240384355187417 1.5000000000000002 0.19699231535196307 0.1981649845838547 1.5000000000000002 0.10458041727542879 0.10594117641448976 0.15803226083517077 0.14379280805587771 0.14586748182773593 0.168457105755806 0.10074627026915552 0.10259784013032915 0.1067231632769108 0.10259784013032915 0.10074627026915552 0.10317540168762208 2.5000000000000004 0.16505814343690875 0.17660956084728244 0.15298574417829516 0.15188746154308322 1.5000000000000002 0.17394282668828967 1.5000000000000002 0.20439612865448001 1.5000000000000002 0.11630280315876008 0.12516666948795321 0.12867965549230578 0.13058389723300937 0.25920708477497106 0.14859127253293994 0.16587346047163012 1.5000000000000002 1.5000000000000002 0.14415185153484347 0.22736185789108279 0.22410600632429126 0.22547236829996112 0.14451952278614047 0.1072077937424183 0.1067231632769108 0.17089758068323138 0.10347852483391763 0.1483045965433121 0.10388386249542238 0.10458041727542879 0.14620192348957065 1.5000000000000002 0.14415185153484347 0.10481997579336168 0.18843366950750354 0.18758561462163928 0.18346994370222094 1.5000000000000002 0.14670995622873309 0.14790198951959613 0.35000000894069677 0.1779797971248627 0.14503520727157596 0.16159114986658099 0.16259328275918963 0.10594117641448976 0.15339080244302752 0.16013698279857638 0.1583974361419678 0.15954913944005969 1.5000000000000002 0.15392307937145236 1.5000000000000002
decision_type=2 2 2 2 2 2 2 2 2 2 2 2 2 2 2 2 2 2 2 2 2 2 2 2 2 2 2 2 2 2 2 2 2 2 2 2 2 2 2 2 2 2 2 2 2 2 2 2 2 2 2 2 2 2 2 2 2 2 2 2 2 2 2 2 2 2 2 2 2 2 2 2 2 2 2 2 2 2 2 2 2 2 2 2 2 2 2 2 2 2 2 2 2 2
left_child=4 3 7 37 34 20 8 27 43 24 30 -12 14 15 33 -14 17 25 19 48 -6 -22 23 64 -10 -8 -27 28 -3 74 45 -9 47 56 -1 -36 69 38 -2 -39 68 -42 -43 44 49 -11 66 59 -18 50 -4 -52 -53 -51 81 73 58 -58 -13 -33 61 -50 -63 -61 65 -7 -35 -41 71 -37 -71 -34 79 -54 -29 76 77 78 82 -73 -81 -20 -48 -65 -32 -86 -30 -70 89 92 91 -91 93 -89
right_child=1 2 6 -5 5 22 16 31 9 10 11 12 13 -15 -16 -17 18 -19 54 -21 21 -23 -24 -25 -26 26 -28 29 86 -31 84 32 40 46 35 36 -38 39 -40 67 41 42 -44 -45 -46 -47 75 -49 60 53 51 52 55 -55 -56 -57 57 -59 -60 63 -62 62 -64 83 -66 -67 -68 -69 87 70 -72 72 -74 -75 -76 -77 -78 -79 -80 80 -82 -83 -84 -85 85 -87 -88 88 -90 90 -92 -93 -94 -95
leaf_value=-1.0602050932153565e-05 6.5326693676515484e-05 3.7547803925324018e-06 3.8899561873280902e-05 0.00010422625554979903 8.0074578629223744e-08 -2.2135839483234362e-05 -5.3197219400313793e-05 0 1.0602051722069987e-05 6.8438973879300308e-05 1.0602051722069987e-05 1.0602051722069987e-05 1.0602051722069987e-05 0.00012406935787871202 1.0602051722069987e-05 1.0602051722069987e-05 1.0602051722069987e-05 -3.2388399310236639e-05 -3.2388399310236639e-05 8.663953144980105e-07 0.003668297725909053 0.00026323869232606117 -5.9444976976635539e-05 1.5448311485897488e-07 1.0602051722069987e-05 1.0564754806999262e-05 9.71881765860273e-05 -6.2027447981677754e-07 0 4.9831042292475394e-05 -1.0280796994844546e-05 0 0 0.00038289818268205851 3.6909505837599545e-05 -3.3013056744635233e-05 -9.3025796143001579e-05 3.3493697757919896e-06 -6.3084594423811193e-05 3.7882337994813501e-05 0 1.0602051722069987e-05 0 -7.952167367900028e-05 3.893630940640964e-05 1.0602051722069987e-05 1.0602051722069987e-05 0 1.0602051722069987e-05 -0.00016708087552979608 -0.00011883497420813766 3.8899561873280902e-05 3.8899561873280902e-05 3.5824639247620036e-05 4.2498579411347621e-05 3.8899561873280902e-05 1.0602051722069987e-05 1.0602051722069987e-05 -0.0014403886342522871 0 1.0602051722069987e-05 1.0602051722069987e-05 1.0602051722069987e-05 0 -5.9444976976635539e-05 1.6234132677128995e-05 -8.9368058532655775e-05 0.00010687663297679183 0 -5.1668754401451845e-05 -0.00015018145417942935 0 0 -0.00037120193334077943 -0.0017470867507769837 -0.0004170712129548826 1.0602051722069987e-05 -7.7649112917912977e-05 1.0602051722069987e-05 0 0 9.259082506971381e-05 1.0602051722069987e-05 0 4.2176564072164849e-05 -0.00016398585493624358 0 -0.0010098767307803594 0 0 0 4.7162318716896618e-05 0 0
leaf_weight=279508 33104 264 195 942 176 284 1028 87108 139 159 109 134 201 384 234 213 162 738 575 136 115 200 2482 229 172 157 691 146 1031 240 785 195 550 223 412 1351 24200 224 117 131 466 117 345 228 118 193 156 1181 1823 351 320 145 463 892 1653 153 183 221 130 634 790 140 166 352 1069 116 292 128 8629 1023 4232 321 826 247 286 140 162 331 388 926 250 150 172 782 169 139 618 245 10303 269 979 212 3170 229
leaf_count=279508 33104 264 195 942 176 284 1028 87108 139 159 109 134 201 384 234 213 162 738 575 136 115 200 2482 229 172 157 691 146 1031 240 785 195 550 223 412 1351 24200 224 117 131 466 117 345 228 118 193 156 1181 1823 351 320 145 463 892 1653 153 183 221 130 634 790 140 166 352 1069 116 292 128 8629 1023 4232 321 826 247 286 140 162 331 388 926 250 150 172 782 169 139 618 245 10303 269 979 212 3170 229
internal_value=0 -0.00275736 -0.00689353 0.0136489 -0.00820458 -0.00332269 0.00307346 -0.00827699 0.00555841 0.00729329 0.00625091 0.00812717 0.00738516 0.0142141 0.005415 0.0270304 0.000488018 -0.00230797 0.00179431 0.0037655 0.0278885 0.0222036 -0.00698889 -0.00419189 0.0244474 0.000172459 0.00383774 -0.00395725 -0.00563587 0.000821303 0.0014817 -0.00837155 -0.00773127 0.00371312 -0.00827797 -0.00758936 -0.00785396 0.0139857 0.0139064 0.0194453 -0.00807325 -0.00428622 -0.000453136 0.00253184 0.00305535 0.00778566 0.00217475 -0.00470343 0.00302368 0.00262837 0.00422994 0.00316716 0.00577745 0.000666028 -0.000872351 0.00327485 0.00800581 0.0105051 0.00418119 -0.00607403 0.00261122 0.00349077 0.00976459 -0.00666322 -0.00802593 -0.0049958 -0.00157057 0.0128959 -0.00820385 -0.00600104 -0.00558635 -0.0070317 -0.00644355 0.00187635 -0.00334816 0.00360458 0.0041794 0.00275386 0.00417313 -0.00538403 -0.00619822 -0.0037407 0.00731092 -0.00532013 -0.000548489 0.00222447 -0.00743838 -0.00834395 -0.00807674 -0.00686839 -0.00508379 -0.000613287 -0.0075834 -0.00449692
internal_weight=0 172070 137424 34646 315397 4671 16750 120674 8541 5429 5118 3673 3564 798 2766 414 8209 2614 5595 3217 491 315 4180 1698 311 1876 848 2585 1913 672 1445 118089 30981 2532 310726 31218 30806 33704 33221 483 27837 928 462 3112 2884 352 1864 3144 3081 2766 1523 1328 1008 1243 2378 863 668 404 264 1963 2919 2129 306 1768 1469 400 515 259 26909 6606 5255 2873 2323 710 432 1349 1209 1047 716 1497 1176 725 328 1134 1093 308 1649 24036 15407 5104 1460 481 3644 474
internal_count=487467 172070 137424 34646 315397 4671 16750 120674 8541 5429 5118 3673 3564 798 2766 414 8209 2614 5595 3217 491 315 4180 1698 311 1876 848 2585 1913 672 1445 118089 30981 2532 310726 31218 30806 33704 33221 483 27837 928 462 3112 2884 352 1864 3144 3081 2766 1523 1328 1008 1243 2378 863 668 404 264 1963 2919 2129 306 1768 1469 400 515 259 26909 6606 5255 2873 2323 710 432 1349 1209 1047 716 1497 1176 725 328 1134 1093 308 1649 24036 15407 5104 1460 481 3644 474
is_linear=0
shrinkage=0.0951581


Tree=69
num_leaves=95
num_cat=0
split_feature=4 2 4 3 2 3 2 2 2 2 2 2 2 4 2 3 2 2 2 2 2 2 2 2 2 2 2 2 2 2 2 2 2 2 2 2 2 2 2 2 2 2 2 2 2 2 2 2 2 2 2 2 2 2 2 2 2 2 2 2 2 2 2 2 2 2 2 2 2 2 4 2 2 2 2 2 2 2 2 2 2 2 2 4 2 2 2 2 2 2 2 2 2 2
split_gain=364.819 1289.5 209.267 16.825 11.8843 8.08759 9.95941 15.2851 8.59556 11.2915 6.12777 20.9399 8.7131 5.79225 5.44362 3.77095 5.13548 13.0076 3.31111 4.51485 3.30903 3.24792 4.42901 3.24097 2.48509 2.29593 5.27109 1.84386 1.7671 2.118 1.74941 1.57469 1.56888 3.06133 2.64552 1.39001 2.92478 1.38776 4.3608 1.33502 2.37361 1.39448 1.29441 5.77336 1.12109 1.12212 1.28828 1.04301 0.947653 0.825529 0.777316 0.70705 1.03195 1.45058 0.672059 1.5534 2.10168 0.64061 5.27577 0.921473 0.536382 0.53627 0.529197 0.52002 0.513027 0.487732 1.19112 0.45174 0.431379 0.415267 0.3998 0.352555 0.334165 0.459798 0.327051 0.405208 0.323812 1.9949 0.761904 0.40826 0.375171 0.352326 0.292083 0.289725 0.486425 1.3983 0.279243 0.263932 0.444946 0.261682 0.270167 0.23329 1.56601 0.37598
threshold=0.15000000223517421 0.10388386249542238 0.25000000745058065 0.15000000223517421 0.19101010262966159 0.15000000223517421 0.15460605919361117 0.15629401057958606 0.1633739769458771 0.17089758068323138 0.10074627026915552 0.10594117641448976 0.10259784013032915 0.25000000745058065 0.1067231632769108 0.15000000223517421 0.1583974361419678 0.16013698279857638 0.20240999013185504 0.20071429014205935 0.18897569924592975 0.24515175819396975 0.24171940237283709 0.16587346047163012 0.15724790096282962 0.19699231535196307 0.1981649845838547 0.16928205639123919 0.10458041727542879 0.10421099141240121 0.16259328275918963 0.10594117641448976 0.10259784013032915 0.10074627026915552 0.10317540168762208 0.10347852483391763 0.10388386249542238 0.17394282668828967 0.17517123371362689 0.12516666948795321 0.11630280315876008 0.12782331556081775 0.168457105755806 0.1643650829792023 0.11441558599472047 0.11293309181928636 0.11339743807911874 0.20439612865448001 0.25920708477497106 0.19101010262966159 0.16159114986658099 0.18346994370222094 0.18758561462163928 0.18843366950750354 0.22736185789108279 0.22410600632429126 0.22547236829996112 0.14379280805587771 0.1483045965433121 0.14415185153484347 0.1643650829792023 0.14586748182773593 0.10347852483391763 0.1072077937424183 0.14620192348957065 0.10504237189888956 0.10533428192138673 0.18346994370222094 0.11156633123755456 0.11203448474407197 0.35000000894069677 0.19012194871902469 0.14790198951959613 0.14670995622873309 0.15220635384321216 0.14741302281618121 0.15298574417829516 0.14895787835121158 0.15529115498065951 0.14216374605894092 0.14451952278614047 0.13851648569107058 0.10559467971324922 0.35000000894069677 0.22039676457643512 0.21946247667074206 0.13533937186002734 0.15886382013559344 0.16090353578329089 0.19238026440143588 0.19548846781253817 0.15339080244302752 0.15392307937145236 0.15629401057958606
decision_type=2 2 2 2 2 2 2 2 2 2 2 2 2 2 2 2 2 2 2 2 2 2 2 2 2 2 2 2 2 2 2 2 2 2 2 2 2 2 2 2 2 2 2 2 2 2 2 2 2 2 2 2 2 2 2 2 2 2 2 2 2 2 2 2 2 2 2 2 2 2 2 2 2 2 2 2 2 2 2 2 2 2 2 2 2 2 2 2 2 2 2 2 2 2
left_child=10 3 14 13 5 30 74 -8 24 23 -1 12 -12 32 28 57 -17 -18 19 25 37 22 47 60 -9 89 -27 -25 29 -3 39 -30 33 -2 -34 -14 -37 -11 -39 40 -4 -41 43 -19 45 63 -47 -20 70 -44 87 -40 -53 -54 55 83 -57 -16 59 -59 -10 -61 -36 -13 -63 -38 -67 -32 -65 -70 -23 -22 73 -66 75 -7 77 79 -78 81 -81 86 -68 84 85 -49 -43 -26 -89 -6 -91 -60 -93 -94
right_child=1 2 4 -5 18 6 7 8 9 20 11 44 35 -15 15 16 17 42 21 -21 71 48 -24 27 50 26 -28 -29 31 -31 67 -33 34 -35 62 36 65 38 51 41 -42 76 49 -45 -46 46 -48 54 -50 -51 -52 52 53 -55 -56 56 -58 58 91 61 -62 64 -64 68 72 66 82 -69 69 -71 -72 -73 -74 -75 -76 -77 78 -79 -80 80 -82 -83 -84 -85 -86 -87 -88 88 -90 90 -92 92 93 -95
leaf_value=-9.5931800275617357e-06 5.9110330355387016e-05 -2.907096583159839e-06 3.5197953908325162e-05 -0.00020458215149397129 0.00010468061545679416 7.2880736443086005e-05 9.5931807423092091e-06 9.5931807423092091e-06 9.5931807423092091e-06 -8.0863964878477194e-05 3.339726780170594e-05 -8.4173639168309461e-05 -4.6566860833451621e-05 9.4308284263717456e-05 0 0 0.00019727123027102098 0 9.5931807423092091e-06 -2.9306381130971693e-05 9.5931807423092091e-06 -2.9306381130971693e-05 7.8395079218262617e-07 9.5931807423092091e-06 -5.6651552927041525e-05 9.5594329304005214e-06 8.7939935443308656e-05 9.5931807423092091e-06 0 3.397482666329462e-06 -0.0001483812743821219 0 3.0306501490777923e-06 -5.7081584982581335e-05 3.4277527110067282e-05 7.2454834760921092e-08 -4.6752054479363839e-05 9.5931807423092091e-06 9.5931807423092091e-06 3.5197953908325162e-05 -0.00010752686517398368 3.5197953908325162e-05 0 9.5931807423092091e-06 -5.3788306575823133e-05 -6.9611542816249138e-05 -5.3788306575823133e-05 9.5931807423092091e-06 3.8454495815734621e-05 0 0.0024268325901604373 -7.0260171731767663e-05 9.5931807423092091e-06 -0.00037738351341585688 9.5931807423092091e-06 9.5931807423092091e-06 9.5931807423092091e-06 4.038302364573064e-05 0 0 9.5931807423092091e-06 0 9.6706456840026534e-05 -5.3788306575823133e-05 0 -8.9357654112806446e-05 -0.00013589047401904136 0.0012923075710562398 -5.3788306575823133e-05 -3.895204344861574e-05 8.3780059111057738e-05 3.5216848279679031e-06 0 0 3.5231204616431541e-05 -0.00012402518410890712 -0.00056625593939319419 3.5197953908325162e-05 6.1926451922108069e-05 -4.5258798584133601e-05 3.239131208889117e-05 9.6494362589816626e-05 -2.0029435302924882e-05 -0.00045020274170561275 -0.00012176944991306052 9.5931807423092091e-06 -7.6326811394159097e-05 0.00049911317726386898 -9.3024960009642117e-06 -4.8135073670060611e-05 -0.00091598087553942519 0 0 0
leaf_weight=279508 32976 121 220 476 170 511 212 170 106 207 442 2937 904 594 86512 3067 135 236 162 738 151 575 136 362 195 157 691 122 1372 234 1047 858 224 117 131 593 2069 161 501 152 400 321 639 156 10697 913 1989 1169 1653 272 150 356 158 132 790 140 166 269 7515 2604 158 470 128 10443 415 647 638 161 958 1909 150 117 295 1277 176 289 125 237 577 134 298 156 750 281 253 120 124 219 136 698 160 427 1594 12206
leaf_count=279508 32976 121 220 476 170 511 212 170 106 207 442 2937 904 594 86512 3067 135 236 162 738 151 575 136 362 195 157 691 122 1372 234 1047 858 224 117 131 593 2069 161 501 152 400 321 639 156 10697 913 1989 1169 1653 272 150 356 158 132 790 140 166 269 7515 2604 158 470 128 10443 415 647 638 161 958 1909 150 117 295 1277 176 289 125 237 577 134 298 156 750 281 253 120 124 219 136 698 160 427 1594 12206
internal_value=0 -0.00275736 -0.00689353 0.0136489 0.00307346 0.00555841 0.00827579 0.0105798 0.00903456 0.0118393 -0.00820458 -0.00703405 -0.00192584 0.0138964 -0.00827699 -0.00837155 -0.00567147 -0.000979376 0.000488018 -0.00230797 0.00772259 0.00179431 0.0037655 0.0216523 0.000875015 0.000172459 0.00383774 0.0170262 -0.00395725 0.00227843 0.00240303 -0.00494993 0.0140612 0.0139826 0.0194453 -0.00294088 -0.00228323 0.00599841 0.00714413 0.00373142 -0.000153483 0.00486543 -0.0038925 0.000679698 -0.00806832 -0.00763243 -0.00590885 0.00302368 -0.000872351 -0.0058599 -0.00163128 0.0050856 0.00300499 0.00721889 0.00261122 0.00349077 0.00976459 -0.00847864 -0.00807466 -0.0053917 0.0301334 -0.00568016 0.0128959 -0.00794029 -0.00668857 -0.00318585 -0.00423185 -0.000614434 -0.00819318 -0.00715926 -0.0037407 0.0174693 -0.00601982 -0.00653509 -0.000253497 -0.00107053 0.0041885 0.00509508 0.00254839 0.00328862 0.00105731 0.00489249 -0.00266004 0.00243767 0.00294978 0.00369854 0.00352833 -0.00328728 -0.00174233 -0.00285104 -0.00352684 -0.00873238 -0.00850584 -0.00868145
internal_weight=0 172070 137424 34646 16750 8541 4589 3613 3401 2531 315397 35889 6043 34170 120674 118089 4505 1438 8209 2614 1783 5595 3217 748 870 1876 848 484 2585 355 3952 2230 33576 33093 483 5601 4697 1515 1308 2744 620 2124 1303 392 29846 19149 2902 3081 2378 911 700 1147 646 290 2919 2129 306 113584 27072 5330 264 5061 259 16247 2457 4104 2035 1208 13310 2867 725 268 1987 1692 976 800 1972 1270 702 1033 432 601 1388 1823 1542 1289 445 550 355 1028 858 21742 14227 13800
internal_count=487467 172070 137424 34646 16750 8541 4589 3613 3401 2531 315397 35889 6043 34170 120674 118089 4505 1438 8209 2614 1783 5595 3217 748 870 1876 848 484 2585 355 3952 2230 33576 33093 483 5601 4697 1515 1308 2744 620 2124 1303 392 29846 19149 2902 3081 2378 911 700 1147 646 290 2919 2129 306 113584 27072 5330 264 5061 259 16247 2457 4104 2035 1208 13310 2867 725 268 1987 1692 976 800 1972 1270 702 1033 432 601 1388 1823 1542 1289 445 550 355 1028 858 21742 14227 13800
is_linear=0
shrinkage=0.0951581


Tree=70
num_leaves=95
num_cat=0
split_feature=4 2 4 4 0 2 2 2 2 2 2 2 0 2 2 2 2 2 2 2 2 2 2 2 0 2 2 0 2 2 2 2 2 2 2 2 2 2 2 2 0 2 2 0 2 2 2 2 0 2 2 2 4 2 0 0 2 2 2 2 2 2 2 2 2 2 2 2 2 0 2 2 2 2 0 2 2 0 2 2 2 2 0 2 2 0 2 2 2 2 2 2 2 2
split_gain=363.56 1290.98 205.721 15.5348 12.4789 59.0261 11.532 5.7454 10.7207 5.44362 5.05764 7.3022 5.29544 15.6066 9.57338 3.56312 3.17526 4.51485 3.5342 4.42901 3.13646 9.49717 2.47061 17.6826 2.33194 2.29593 5.27109 2.2899 4.2874 2.32226 2.04233 1.9015 3.54267 1.84656 1.81737 18.0476 3.18845 1.61305 3.03099 2.64552 1.52047 1.49282 5.97972 1.1263 1.10237 1.09028 2.35832 2.55011 1.08413 1.06237 1.46868 1.04301 0.919717 0.705157 1.82123 0.682771 0.682331 0.672059 1.5534 2.10168 0.62998 0.557358 1.33609 0.555479 0.529197 0.488028 0.487987 0.868963 0.463554 0.521939 0.432144 0.425092 1.75358 0.503818 0.658131 0.401503 0.537256 0.393446 0.626975 1.23545 0.599933 0.442568 0.496492 0.390631 0.388714 0.565376 0.38135 0.370215 0.364164 0.34766 0.342758 0.33842 1.23072 0.719241
threshold=0.15000000223517421 0.10388386249542238 0.25000000745058065 0.25000000745058065 1.5000000000000002 0.10559467971324922 0.19101010262966159 0.15460605919361117 0.15629401057958606 0.1067231632769108 0.1633739769458771 0.16370223462581637 2.5000000000000004 0.17660956084728244 0.18897569924592975 0.17006493359804156 0.20240999013185504 0.20071429014205935 0.24515175819396975 0.24171940237283709 0.10388386249542238 0.10458041727542879 0.1139211878180504 0.11240384355187417 1.5000000000000002 0.19699231535196307 0.1981649845838547 1.5000000000000002 0.10458041727542879 0.10594117641448976 0.15803226083517077 0.14379280805587771 0.14586748182773593 0.168457105755806 0.10074627026915552 0.10259784013032915 0.1067231632769108 0.10259784013032915 0.10074627026915552 0.10317540168762208 2.5000000000000004 0.16505814343690875 0.17660956084728244 1.5000000000000002 0.17394282668828967 0.11630280315876008 0.12516666948795321 0.12782331556081775 1.5000000000000002 0.15298574417829516 0.15188746154308322 0.20439612865448001 0.35000000894069677 0.16587346047163012 1.5000000000000002 1.5000000000000002 0.14415185153484347 0.22736185789108279 0.22410600632429126 0.22547236829996112 0.14451952278614047 0.1072077937424183 0.1067231632769108 0.17089758068323138 0.10347852483391763 0.1483045965433121 0.10388386249542238 0.10458041727542879 0.14620192348957065 1.5000000000000002 0.10481997579336168 0.18843366950750354 0.18758561462163928 0.18346994370222094 1.5000000000000002 0.14670995622873309 0.14790198951959613 2.5000000000000004 0.13759057968854907 0.14094635099172595 0.14122316241264346 0.133558563888073 1.5000000000000002 0.25646600127220159 0.14859127253293994 1.5000000000000002 0.1779797971248627 0.14503520727157596 0.16159114986658099 0.16259328275918963 0.10594117641448976 0.15339080244302752 0.16013698279857638 0.1583974361419678
decision_type=2 2 2 2 2 2 2 2 2 2 2 2 2 2 2 2 2 2 2 2 2 2 2 2 2 2 2 2 2 2 2 2 2 2 2 2 2 2 2 2 2 2 2 2 2 2 2 2 2 2 2 2 2 2 2 2 2 2 2 2 2 2 2 2 2 2 2 2 2 2 2 2 2 2 2 2 2 2 2 2 2 2 2 2 2 2 2 2 2 2 2 2 2 2
left_child=4 3 9 37 34 20 7 45 24 27 30 -12 14 15 33 -14 17 25 19 51 -6 -22 23 61 -9 -8 -27 28 -3 70 43 -11 48 53 -1 -36 66 38 -2 -39 65 -42 -43 -10 63 -4 -47 -48 56 50 77 -18 83 55 -55 -13 -33 58 -53 -60 -58 62 -7 -35 -41 68 -37 -68 -34 75 -29 72 73 74 86 -70 -77 78 81 -80 -79 82 -49 -20 -81 -86 -46 -62 -32 -90 -30 -67 93 -93
right_child=1 2 6 -5 5 22 16 8 10 31 11 12 13 -15 -16 -17 18 -19 52 -21 21 -23 -24 -25 -26 26 -28 29 90 -31 88 32 40 44 35 36 -38 39 -40 64 41 42 -44 -45 71 46 47 49 -50 -51 -52 57 -54 54 -56 -57 60 -59 59 -61 87 -63 -64 -65 -66 91 67 -69 69 -71 -72 -73 -74 -75 -76 76 -78 80 79 84 -82 -83 -84 -85 85 -87 -88 -89 89 -91 -92 92 -94 -95
leaf_value=-8.6803113501472868e-06 5.3485504287492516e-05 3.074184708900491e-06 3.184858388298774e-05 8.5334088170485527e-05 6.5560171157528578e-08 -1.8123472518759349e-05 -4.3554632052977925e-05 8.6803119968833779e-06 5.6033649107956198e-05 0 8.6803119968833779e-06 8.6803119968833779e-06 8.6803119968833779e-06 0.00012638283338945244 8.6803119968833779e-06 8.6803119968833779e-06 8.6803119968833779e-06 -2.6517641911447062e-05 -2.6517641911447062e-05 7.093515330473613e-07 0.0033236783611337879 0.00025112047925354768 -4.8669914119604736e-05 6.7638841731650798e-06 8.6803119968833779e-06 8.6497755622558961e-06 7.9571739252954032e-05 -8.8454830318507908e-07 0 4.508921554253332e-05 -8.4172882599814153e-06 0 0 0.00034554945464857292 3.0219247624892003e-05 -2.9878492021331414e-05 -7.6163836533526351e-05 2.7422592729183845e-06 -5.1649810447125818e-05 3.1015743139777505e-05 0 8.6803119968833779e-06 0 8.6803119968833779e-06 8.6803119968833779e-06 -9.7294814184024583e-05 3.184858388298774e-05 3.184858388298774e-05 0 -7.5307077288748077e-05 3.1878670517260722e-05 8.6803119968833779e-06 0.00010916951449059088 8.6803119968833779e-06 8.6803119968833779e-06 -0.001289204326124675 0 8.6803119968833779e-06 8.6803119968833779e-06 8.6803119968833779e-06 0 -4.8669914119604736e-05 2.2699126272224092e-05 -7.3169104523830282e-05 8.7504055227699321e-05 0 -4.2303218325309184e-05 -0.0001229593962185049 0 0 -0.00158083731451836 -0.0003414724195158067 8.6803119968833779e-06 -6.3574348067519819e-05 8.6803119968833779e-06 0 0 -0.0026094075811047067 -2.1078988899136458e-05 2.9309016735178608e-05 8.7312143460996182e-05 8.2744745747770888e-05 -0.0018430757366052391 -2.6517641911447062e-05 3.184858388298774e-05 2.5991619737423888e-05 8.6803119968833779e-06 0 3.2270320026655839e-05 -0.00013426159589083073 0 0 0 0
leaf_weight=279508 33104 264 240 942 176 284 1028 139 159 87108 109 134 201 384 234 213 162 738 488 136 115 200 2482 229 172 157 691 146 1031 240 785 195 550 223 412 1351 24200 224 117 131 466 117 345 193 156 495 158 179 1181 228 118 1823 1409 183 221 130 634 790 140 166 352 1069 116 292 128 8629 1023 4232 321 826 286 140 162 331 388 926 250 106 214 593 122 141 139 481 153 226 172 782 169 139 618 3644 10303 1460
leaf_count=279508 33104 264 240 942 176 284 1028 139 159 87108 109 134 201 384 234 213 162 738 488 136 115 200 2482 229 172 157 691 146 1031 240 785 195 550 223 412 1351 24200 224 117 131 466 117 345 193 156 495 158 179 1181 228 118 1823 1409 183 221 130 634 790 140 166 352 1069 116 292 128 8629 1023 4232 321 826 286 140 162 331 388 926 250 106 214 593 122 141 139 481 153 226 172 782 169 139 618 3644 10303 1460
internal_value=0 -0.00276676 -0.00690531 0.0136489 -0.00820458 -0.00332269 0.00297688 0.00542471 0.00729329 -0.00827699 0.00625091 0.00812717 0.00738516 0.0142141 0.005415 0.0270304 0.000430058 -0.00230797 0.00170927 0.0037655 0.0278885 0.0222036 -0.00698889 -0.00419189 0.0244474 0.000172459 0.00383774 -0.00395725 -0.00563587 0.000821303 0.0014817 -0.00837155 -0.00773127 0.00371312 -0.00827797 -0.00758936 -0.00785396 0.0139857 0.0139064 0.0194453 -0.00807325 -0.00428622 -0.000453136 0.00778566 0.00217475 0.00216491 0.00165002 0.00289437 -0.00470343 0.00206269 0.00276728 0.00302368 -0.00107243 0.00800581 0.0105051 0.00418119 -0.00607403 0.00261122 0.00349077 0.00976459 -0.00666322 -0.00802593 -0.0049958 -0.00157057 0.0128959 -0.00820385 -0.00600104 -0.00558635 -0.0070317 -0.00644355 -0.00334816 0.00360458 0.0041794 0.00275386 0.00417313 -0.00538403 -0.00619822 0.00211857 0.00263203 0.00147631 -0.00158597 0.00561826 0.00365072 -0.00332906 0.0029174 0.00529772 0.00731092 -0.00532013 -0.000548489 0.00222447 -0.00743838 -0.00834395 -0.00807674 -0.00686839
internal_weight=0 172070 137424 34646 315397 4671 16750 8541 5429 120674 5118 3673 3564 798 2766 414 8209 2614 5595 3217 491 315 4180 1698 311 1876 848 2585 1913 672 1445 118089 30981 2532 310726 31218 30806 33704 33221 483 27837 928 462 352 1864 3112 2872 2377 3144 2219 1991 3081 2378 668 404 264 1963 2919 2129 306 1768 1469 400 515 259 26909 6606 5255 2873 2323 432 1349 1209 1047 716 1497 1176 1873 1645 1186 228 459 318 969 972 379 328 1134 1093 308 1649 24036 15407 5104
internal_count=487467 172070 137424 34646 315397 4671 16750 8541 5429 120674 5118 3673 3564 798 2766 414 8209 2614 5595 3217 491 315 4180 1698 311 1876 848 2585 1913 672 1445 118089 30981 2532 310726 31218 30806 33704 33221 483 27837 928 462 352 1864 3112 2872 2377 3144 2219 1991 3081 2378 668 404 264 1963 2919 2129 306 1768 1469 400 515 259 26909 6606 5255 2873 2323 432 1349 1209 1047 716 1497 1176 1873 1645 1186 228 459 318 969 972 379 328 1134 1093 308 1649 24036 15407 5104
is_linear=0
shrinkage=0.0951581


Tree=71
num_leaves=95
num_cat=0
split_feature=3 2 0 2 2 2 2 0 2 2 2 2 2 2 2 2 2 2 2 2 2 2 2 2 2 2 2 2 2 2 2 0 2 2 2 2 0 2 2 2 2 2 2 2 2 2 2 2 0 2 2 2 2 2 2 2 0 2 2 2 2 0 2 0 2 2 0 0 2 2 2 2 0 2 2 2 2 2 2 0 2 0 2 0 2 2 2 0 2 2 2 2 2 0
split_gain=102.725 57.7153 34.8575 25.6219 13.644 13.0919 16.7486 10.844 18.9688 15.7238 8.17106 7.18828 4.95556 4.53548 12.7999 4.22031 4.92833 3.97607 4.22521 3.66017 4.10883 3.25612 3.17471 3.90589 3.16576 7.2545 2.21671 2.091 4.58272 4.60318 3.45779 3.67091 2.03693 1.62306 1.36318 1.26742 1.12828 3.04536 1.029 0.954296 0.890568 1.74812 0.836714 0.75022 0.713962 1.47506 2.28844 0.690025 0.752799 3.19459 8.6924 1.1622 0.893393 0.651098 1.14668 0.808453 0.683951 0.579369 1.82884 0.723661 0.529455 0.504035 0.494001 0.450586 0.531133 0.441545 0.709675 0.41138 1.90756 0.944546 0.414051 0.393564 0.388503 0.956867 0.361419 0.350014 0.287036 0.271369 0.268408 0.261878 0.881445 0.253227 0.529777 0.286114 0.250856 0.361081 0.635536 1.90753 0.439068 0.649013 0.288098 0.247599 0.271716 0.279449
threshold=0.15000000223517421 0.1067231632769108 1.5000000000000002 0.15460605919361117 0.19101010262966159 0.10388386249542238 0.10347852483391763 2.5000000000000004 0.17660956084728244 0.16505814343690875 0.18897569924592975 0.15629401057958606 0.168457105755806 0.10074627026915552 0.10317540168762208 0.10559467971324922 0.10458041727542879 0.20240999013185504 0.20071429014205935 0.24515175819396975 0.24171940237283709 0.10458041727542879 0.14379280805587771 0.1483045965433121 0.10504237189888956 0.10533428192138673 0.15529115498065951 0.16928205639123919 0.1633739769458771 0.16370223462581637 0.16013698279857638 1.5000000000000002 0.17394282668828967 0.10259784013032915 0.10594117641448976 0.10421099141240121 1.5000000000000002 0.19699231535196307 0.25920708477497106 0.20439612865448001 0.15886382013559344 0.15803226083517077 0.14415185153484347 0.14013888686895373 0.22736185789108279 0.22410600632429126 0.22547236829996112 0.11504717171192171 1.5000000000000002 0.11259920522570611 0.1136809289455414 0.11293309181928636 0.1072077937424183 0.15339080244302752 0.15392307937145236 0.19238026440143588 1.5000000000000002 0.18843366950750354 0.18758561462163928 0.18346994370222094 0.10559467971324922 1.5000000000000002 0.14926454424858096 1.5000000000000002 0.15298574417829516 0.17660956084728244 1.5000000000000002 1.5000000000000002 0.14551208168268207 0.14451952278614047 0.14790198951959613 0.14503520727157596 2.5000000000000004 0.17089758068323138 0.15188746154308322 0.15803226083517077 0.16159114986658099 0.10594117641448976 0.15092624723911288 2.5000000000000004 0.14013888686895373 3.5000000000000004 0.32517604529857641 2.5000000000000004 0.15954913944005969 0.15563492476940158 0.15629401057958606 1.5000000000000002 0.15724790096282962 0.15803226083517077 0.1583974361419678 0.16013698279857638 0.1643650829792023 1.5000000000000002
decision_type=2 2 2 2 2 2 2 2 2 2 2 2 2 2 2 2 2 2 2 2 2 2 2 2 2 2 2 2 2 2 2 2 2 2 2 2 2 2 2 2 2 2 2 2 2 2 2 2 2 2 2 2 2 2 2 2 2 2 2 2 2 2 2 2 2 2 2 2 2 2 2 2 2 2 2 2 2 2 2 2 2 2 2 2 2 2 2 2 2 2 2 2 2 2
left_child=1 2 13 43 7 6 -4 10 9 -9 11 26 -11 -1 33 16 -7 18 36 20 39 35 47 42 -18 -26 -5 28 30 -30 31 75 -29 -15 -17 -16 37 -6 -21 -19 41 -33 -24 -2 45 -41 -47 48 -3 52 51 -51 -50 -25 56 72 -55 58 59 65 -23 -32 -45 64 74 -34 -67 69 -69 -44 71 -71 84 -74 78 -13 -63 -62 -64 -49 -81 83 -83 -40 85 -56 87 -87 -88 -90 -91 -86 93 -93
right_child=3 22 5 4 17 15 -8 8 -10 12 -12 27 -14 14 21 34 24 19 -20 38 -22 60 23 53 25 -27 -28 32 29 -31 61 40 57 -35 -36 -37 -38 -39 81 44 -42 -43 67 62 -46 46 -48 79 49 50 -52 -53 -54 54 55 -57 -58 -59 -60 -61 77 76 63 -65 -66 66 -68 68 -70 70 -72 -73 73 -75 -76 -77 -78 -79 -80 80 -82 82 -84 -85 91 86 88 -89 89 90 -92 92 -94 -95
leaf_value=-7.8543095114462862e-06 0 0 2.4813111213779371e-06 7.8543100966431738e-06 -3.9410056506264366e-05 -8.0037637715851413e-07 5.9321590565947752e-08 0.00088393969676910339 -0.00037619384198707997 7.8543100966431738e-06 7.8543100966431738e-06 -0.00016191326001054591 7.8543100966431738e-06 2.7343641774430615e-05 -2.7035311822869003e-05 -1.6398877510553988e-05 3.2775155686106196e-05 7.8543100966431738e-06 -2.3994273786352487e-05 -2.3994273786352487e-05 6.4185099683797791e-07 0 -4.1895135478822901e-05 0 -0.00010475069540013282 0.00022722433437675157 7.8543100966431738e-06 0 7.8543100966431738e-06 7.8543100966431738e-06 -0.00067140296384844581 7.8543100966431738e-06 -0.00025001196177512944 2.4813111213779371e-06 4.0798611963772915e-05 2.7816511672298686e-06 0 7.8266794507728131e-06 3.9050374628689948e-05 7.8543100966431738e-06 0.00014250345245852888 0.00017849927701339517 0 0 7.8543100966431738e-06 7.8543100966431738e-06 7.8543100966431738e-06 0 0 0.00095154943800814982 0 6.1202458820464001e-06 0 0.0031295999274774168 0 0 0 -0.00024294876310628573 7.8543100966431738e-06 -3.2004095092042476e-05 0 0 -6.2422764302917836e-05 0 -6.8140999737091121e-05 7.8543100966431738e-06 7.8543100966431738e-06 0 0 0 -0.00021938033237991369 0 0 0.00011435648450069849 2.8845157155770083e-05 2.358363905854816e-05 -0.00055311951697333396 0 0 0 7.9003348585593037e-05 0.00025732684593791672 -0.00099706507967681234 -0.00070964626205531579 0 0 0 0.0035008446031492436 0 0 0 0 0 0
leaf_weight=313058 1148 27759 178 108 437 206 128 133 347 115 218 140 231 522 1612 171 150 162 738 723 138 2806 291 8360 157 158 246 438 120 614 158 157 194 637 431 783 1319 232 503 1803 150 160 673 1448 788 136 166 81083 273 140 1172 341 3513 226 1315 3053 218 144 168 332 920 185 278 943 153 188 266 902 1015 335 215 2219 421 199 116 129 154 2191 117 631 121 195 362 582 1065 228 931 106 181 314 473 996 6390 618
leaf_count=313058 1148 27759 178 108 437 206 128 133 347 115 218 140 231 522 1612 171 150 162 738 723 138 2806 291 8360 157 158 246 438 120 614 158 157 194 637 431 783 1319 232 503 1803 150 160 673 1448 788 136 166 81083 273 140 1172 341 3513 226 1315 3053 218 144 168 332 920 185 278 943 153 188 266 902 1015 335 215 2219 421 199 116 129 154 2191 117 631 121 195 362 582 1065 228 931 106 181 314 473 996 6390 618
internal_value=0 -0.00654899 -0.0058417 0.000859462 0.0028955 0.0082623 0.0259352 0.00677032 0.0167506 0.0290242 0.00483926 0.0038735 0.0397134 -0.00591075 -0.00385917 0.00401413 0.00920381 0.000512317 -0.00246448 0.00197233 0.00407394 -0.00516547 -0.00812151 -0.00726252 0.0146318 0.00921372 0.0168274 0.00263313 0.00475548 0.0107085 0.00121166 0.00535264 0.000220016 0.00550915 -0.00177039 -0.00220513 -0.000181894 0.00300125 -0.000865076 0.00334844 0.0104531 0.00759463 -0.00500212 -0.00562164 0.00295046 0.00386509 0.01002 -0.00835108 -0.00798516 -0.00696147 -0.00347129 0.00730007 -0.00848531 -0.00777146 -0.00742886 -0.00755891 -0.00265757 0.00212117 0.00283485 0.0012623 -0.00636371 -0.00492065 -0.00640098 -0.00525235 -0.00335347 0.00311319 0.00473694 -0.00527196 -0.00415479 -0.00589416 -0.00511703 -0.00545464 -0.00723696 -0.00491139 -0.00188082 -0.0035021 -0.00698949 -0.00550883 -0.00325224 -0.00849952 -0.00673193 0.000452028 0.00210133 -0.000394667 -0.00735124 -0.00667287 -0.0059362 -0.0021083 -0.00660946 -0.00519044 -0.00637209 -0.00761664 -0.00743527 -0.00633208
internal_weight=0 469885 324108 17582 13379 1579 306 5095 826 479 4269 4051 346 322529 9471 1273 671 8284 2726 5558 3193 8312 145777 30744 465 315 354 3697 1967 734 1233 736 1730 1159 602 2395 1988 669 2365 3055 467 317 5650 4203 2893 2105 302 115033 33198 5439 1653 481 3786 25094 16734 16290 444 1292 1148 980 5917 497 3055 1607 664 648 454 5359 1917 3442 2769 2554 13237 620 511 269 339 3111 395 81835 752 1642 557 1085 12617 3548 2233 334 1899 968 787 9069 8004 1614
internal_count=487467 469885 324108 17582 13379 1579 306 5095 826 479 4269 4051 346 322529 9471 1273 671 8284 2726 5558 3193 8312 145777 30744 465 315 354 3697 1967 734 1233 736 1730 1159 602 2395 1988 669 2365 3055 467 317 5650 4203 2893 2105 302 115033 33198 5439 1653 481 3786 25094 16734 16290 444 1292 1148 980 5917 497 3055 1607 664 648 454 5359 1917 3442 2769 2554 13237 620 511 269 339 3111 395 81835 752 1642 557 1085 12617 3548 2233 334 1899 968 787 9069 8004 1614
is_linear=0
shrinkage=0.0951581


Tree=72
num_leaves=95
num_cat=0
split_feature=4 2 4 4 0 2 2 2 2 2 2 2 0 2 2 2 2 2 2 2 2 2 2 2 0 2 2 0 2 2 2 2 2 2 2 2 2 2 2 2 0 2 2 2 2 0 2 0 2 0 2 2 2 2 4 2 2 0 0 2 2 2 2 2 2 2 2 2 2 2 2 2 0 2 2 2 2 2 0 2 2 2 2 2 2 2 2 2 2 2 2 0 2 0
split_gain=364.448 1289.93 208.221 15.5348 12.4789 59.0261 12.1576 5.44362 4.95265 10.7207 5.05764 7.3022 5.29544 15.6066 9.57338 3.56312 3.17526 4.51485 3.5342 4.42901 3.13646 9.49717 2.47061 17.6826 2.33194 2.29593 5.27109 2.2899 4.2874 2.32226 2.04233 1.9015 3.54267 1.84656 1.81737 18.0476 3.18845 1.61305 3.03099 2.64552 1.52047 1.49282 5.97972 1.19141 1.3611 1.1263 1.10237 1.08413 1.04301 0.960023 1.29378 3.14772 4.14951 0.960805 0.919717 0.864982 0.705157 1.82123 0.682771 0.682331 0.672059 1.5534 2.10168 0.62998 0.557358 1.33609 0.555479 0.529197 0.488028 0.487987 0.868963 0.463554 0.521939 0.456021 0.432144 0.425092 1.75358 0.503818 0.658131 0.401503 0.537256 0.390631 0.38135 0.370215 0.364164 0.34766 0.342758 0.33842 1.23072 0.719241 1.5832 1.69267 0.573234 1.03682
threshold=0.15000000223517421 0.10388386249542238 0.25000000745058065 0.25000000745058065 1.5000000000000002 0.10559467971324922 0.19101010262966159 0.1067231632769108 0.15460605919361117 0.15629401057958606 0.1633739769458771 0.16370223462581637 2.5000000000000004 0.17660956084728244 0.18897569924592975 0.17006493359804156 0.20240999013185504 0.20071429014205935 0.24515175819396975 0.24171940237283709 0.10388386249542238 0.10458041727542879 0.1139211878180504 0.11240384355187417 1.5000000000000002 0.19699231535196307 0.1981649845838547 1.5000000000000002 0.10458041727542879 0.10594117641448976 0.15803226083517077 0.14379280805587771 0.14586748182773593 0.168457105755806 0.10074627026915552 0.10259784013032915 0.1067231632769108 0.10259784013032915 0.10074627026915552 0.10317540168762208 2.5000000000000004 0.16505814343690875 0.17660956084728244 0.15298574417829516 0.15188746154308322 1.5000000000000002 0.17394282668828967 1.5000000000000002 0.20439612865448001 1.5000000000000002 0.11630280315876008 0.12516666948795321 0.12867965549230578 0.13058389723300937 0.35000000894069677 0.14859127253293994 0.16587346047163012 1.5000000000000002 1.5000000000000002 0.14415185153484347 0.22736185789108279 0.22410600632429126 0.22547236829996112 0.14451952278614047 0.1072077937424183 0.1067231632769108 0.17089758068323138 0.10347852483391763 0.1483045965433121 0.10388386249542238 0.10458041727542879 0.14620192348957065 1.5000000000000002 0.14415185153484347 0.10481997579336168 0.18843366950750354 0.18758561462163928 0.18346994370222094 1.5000000000000002 0.14670995622873309 0.14790198951959613 0.25646600127220159 0.1779797971248627 0.14503520727157596 0.16159114986658099 0.16259328275918963 0.10594117641448976 0.15339080244302752 0.16013698279857638 0.1583974361419678 0.15954913944005969 1.5000000000000002 0.15392307937145236 1.5000000000000002
decision_type=2 2 2 2 2 2 2 2 2 2 2 2 2 2 2 2 2 2 2 2 2 2 2 2 2 2 2 2 2 2 2 2 2 2 2 2 2 2 2 2 2 2 2 2 2 2 2 2 2 2 2 2 2 2 2 2 2 2 2 2 2 2 2 2 2 2 2 2 2 2 2 2 2 2 2 2 2 2 2 2 2 2 2 2 2 2 2 2 2 2 2 2 2 2
left_child=4 3 7 37 34 20 8 27 43 24 30 -12 14 15 33 -14 17 25 19 48 -6 -22 23 64 -10 -8 -27 28 -3 74 45 -9 47 56 -1 -36 69 38 -2 -39 68 -42 -43 44 49 -11 66 59 -18 50 -4 -52 -53 -51 81 73 58 -58 -13 -33 61 -50 -63 -61 65 -7 -35 -41 71 -37 -71 -34 79 -54 -29 76 77 78 82 -73 -81 -20 -48 -65 -32 -86 -30 -70 89 92 91 -91 93 -89
right_child=1 2 6 -5 5 22 16 31 9 10 11 12 13 -15 -16 -17 18 -19 54 -21 21 -23 -24 -25 -26 26 -28 29 86 -31 84 32 40 46 35 36 -38 39 -40 67 41 42 -44 -45 -46 -47 75 -49 60 53 51 52 55 -55 -56 -57 57 -59 -60 63 -62 62 -64 83 -66 -67 -68 -69 87 70 -72 72 -74 -75 -76 -77 -78 -79 -80 80 -82 -83 -84 -85 85 -87 -88 88 -90 90 -92 -93 -94 -95
leaf_value=-7.1069084291028354e-06 4.9143327000674064e-05 2.5169545583088294e-06 2.8817933508111251e-05 7.7961260508793229e-05 5.3676661379750254e-08 -1.4838391667369104e-05 -3.56598708476686e-05 0 7.1069089586133461e-06 5.0701594147567715e-05 7.1069089586133461e-06 7.1069089586133461e-06 7.1069089586133461e-06 0.00010347453998803803 7.1069089586133461e-06 7.1069089586133461e-06 7.1069089586133461e-06 -2.171102454950583e-05 -2.171102454950583e-05 5.8077368265124779e-07 0.0030074796426235 0.00020560210097730807 -4.4038578107502991e-05 5.5378549806201633e-06 7.1069089586133461e-06 7.0819075921988388e-06 7.1999844619195398e-05 -7.2421409074874193e-07 0 3.6916294021579162e-05 -7.6163151958668887e-06 0 0 0.00031192022780311576 2.4741673080984719e-05 -2.4462683218348365e-05 -6.891623140953257e-05 2.2451942972260918e-06 -4.933688188897356e-05 3.0636972902865044e-05 0 7.1069089586133461e-06 0 -6.1656832429801949e-05 2.6100307128255155e-05 7.1069089586133461e-06 7.1069089586133461e-06 0 7.1069089586133461e-06 -0.00013169133916833984 -8.8036425611283178e-05 2.8817933508111251e-05 2.8817933508111251e-05 2.6544349670786594e-05 9.2631878107253253e-05 2.8817933508111251e-05 7.1069089586133461e-06 7.1069089586133461e-06 -0.0011665261063138457 0 7.1069089586133461e-06 7.1069089586133461e-06 7.1069089586133461e-06 0 -4.4038578107502991e-05 2.0539120797599982e-05 -6.6206472374497532e-05 8.1749965170152059e-05 0 -3.5705096312759144e-05 -0.0001112588150682348 0 0 -0.00033340014933351888 -0.0014204399809064953 -0.0002858600166941893 7.1069089586133461e-06 -5.4479286081221773e-05 7.1069089586133461e-06 0 0 -2.171102454950583e-05 7.1069089586133461e-06 0 2.9199538046348451e-05 -0.00012148551901994411 0 -0.00090729462379819539 0 0 0 1.0342133154008653e-05 0 0
leaf_weight=279508 33104 264 195 942 176 284 1028 87108 139 159 109 134 201 384 234 213 162 738 488 136 115 200 2482 229 172 157 691 146 1031 240 785 195 550 223 412 1351 24200 224 117 131 466 117 345 228 118 193 156 1181 1823 351 320 145 463 892 1409 153 183 221 130 634 790 140 166 352 1069 116 292 128 8629 1023 4232 321 826 247 286 140 162 331 388 926 250 481 172 782 169 139 618 245 10303 269 979 212 3170 229
leaf_count=279508 33104 264 195 942 176 284 1028 87108 139 159 109 134 201 384 234 213 162 738 488 136 115 200 2482 229 172 157 691 146 1031 240 785 195 550 223 412 1351 24200 224 117 131 466 117 345 228 118 193 156 1181 1823 351 320 145 463 892 1409 153 183 221 130 634 790 140 166 352 1069 116 292 128 8629 1023 4232 321 826 247 286 140 162 331 388 926 250 481 172 782 169 139 618 245 10303 269 979 212 3170 229
internal_value=0 -0.00276012 -0.006897 0.0136489 -0.00820458 -0.00332269 0.00304506 -0.00827699 0.00555841 0.00729329 0.00625091 0.00812717 0.00738516 0.0142141 0.005415 0.0270304 0.000430058 -0.00230797 0.00170927 0.0037655 0.0278885 0.0222036 -0.00698889 -0.00419189 0.0244474 0.000172459 0.00383774 -0.00395725 -0.00563587 0.000821303 0.0014817 -0.00837155 -0.00773127 0.00371312 -0.00827797 -0.00758936 -0.00785396 0.0139857 0.0139064 0.0194453 -0.00807325 -0.00428622 -0.000453136 0.00253184 0.00305535 0.00778566 0.00217475 -0.00470343 0.00302368 0.00262837 0.00422994 0.00316716 0.00577745 0.000666028 -0.00107243 0.00327485 0.00800581 0.0105051 0.00418119 -0.00607403 0.00261122 0.00349077 0.00976459 -0.00666322 -0.00802593 -0.0049958 -0.00157057 0.0128959 -0.00820385 -0.00600104 -0.00558635 -0.0070317 -0.00644355 0.00187635 -0.00334816 0.00360458 0.0041794 0.00275386 0.00417313 -0.00538403 -0.00619822 -0.00332906 0.00731092 -0.00532013 -0.000548489 0.00222447 -0.00743838 -0.00834395 -0.00807674 -0.00686839 -0.00508379 -0.000613287 -0.0075834 -0.00449692
internal_weight=0 172070 137424 34646 315397 4671 16750 120674 8541 5429 5118 3673 3564 798 2766 414 8209 2614 5595 3217 491 315 4180 1698 311 1876 848 2585 1913 672 1445 118089 30981 2532 310726 31218 30806 33704 33221 483 27837 928 462 3112 2884 352 1864 3144 3081 2766 1523 1328 1008 1243 2378 863 668 404 264 1963 2919 2129 306 1768 1469 400 515 259 26909 6606 5255 2873 2323 710 432 1349 1209 1047 716 1497 1176 969 328 1134 1093 308 1649 24036 15407 5104 1460 481 3644 474
internal_count=487467 172070 137424 34646 315397 4671 16750 120674 8541 5429 5118 3673 3564 798 2766 414 8209 2614 5595 3217 491 315 4180 1698 311 1876 848 2585 1913 672 1445 118089 30981 2532 310726 31218 30806 33704 33221 483 27837 928 462 3112 2884 352 1864 3144 3081 2766 1523 1328 1008 1243 2378 863 668 404 264 1963 2919 2129 306 1768 1469 400 515 259 26909 6606 5255 2873 2323 710 432 1349 1209 1047 716 1497 1176 969 328 1134 1093 308 1649 24036 15407 5104 1460 481 3644 474
is_linear=0
shrinkage=0.0951581


Tree=73
num_leaves=95
num_cat=0
split_feature=4 2 4 4 0 2 2 2 2 2 2 2 0 2 2 2 2 2 2 2 2 2 2 2 0 2 2 0 2 2 2 2 2 2 2 2 2 2 2 2 0 2 2 0 2 2 2 2 0 2 2 2 4 2 0 0 2 2 2 2 2 2 2 2 2 2 2 2 2 0 2 2 2 2 0 2 2 0 2 2 2 2 0 2 2 0 2 2 2 2 2 2 2 2
split_gain=363.56 1290.98 205.721 15.5348 12.4789 59.0261 11.532 5.7454 10.7207 5.44362 5.05764 7.3022 5.29544 15.6066 9.57338 3.56312 3.17526 4.51485 3.5342 4.42901 3.13646 9.49717 2.47061 17.6826 2.33194 2.29593 5.27109 2.2899 4.2874 2.32226 2.04233 1.9015 3.54267 1.84656 1.81737 18.0476 3.18845 1.61305 3.03099 2.64552 1.52047 1.49282 5.97972 1.1263 1.10237 1.09028 2.35832 2.55011 1.08413 1.06237 1.46868 1.04301 0.919717 0.705157 1.82123 0.682771 0.682331 0.672059 1.5534 2.10168 0.62998 0.557358 1.33609 0.555479 0.529197 0.488028 0.487987 0.868963 0.463554 0.521939 0.432144 0.425092 1.75358 0.503818 0.658131 0.401503 0.537256 0.393446 0.626975 1.23545 0.599933 0.442568 0.496492 0.390631 0.388714 0.565376 0.38135 0.370215 0.364164 0.34766 0.342758 0.33842 1.23072 0.719241
threshold=0.15000000223517421 0.10388386249542238 0.25000000745058065 0.25000000745058065 1.5000000000000002 0.10559467971324922 0.19101010262966159 0.15460605919361117 0.15629401057958606 0.1067231632769108 0.1633739769458771 0.16370223462581637 2.5000000000000004 0.17660956084728244 0.18897569924592975 0.17006493359804156 0.20240999013185504 0.20071429014205935 0.24515175819396975 0.24171940237283709 0.10388386249542238 0.10458041727542879 0.1139211878180504 0.11240384355187417 1.5000000000000002 0.19699231535196307 0.1981649845838547 1.5000000000000002 0.10458041727542879 0.10594117641448976 0.15803226083517077 0.14379280805587771 0.14586748182773593 0.168457105755806 0.10074627026915552 0.10259784013032915 0.1067231632769108 0.10259784013032915 0.10074627026915552 0.10317540168762208 2.5000000000000004 0.16505814343690875 0.17660956084728244 1.5000000000000002 0.17394282668828967 0.11630280315876008 0.12516666948795321 0.12782331556081775 1.5000000000000002 0.15298574417829516 0.15188746154308322 0.20439612865448001 0.35000000894069677 0.16587346047163012 1.5000000000000002 1.5000000000000002 0.14415185153484347 0.22736185789108279 0.22410600632429126 0.22547236829996112 0.14451952278614047 0.1072077937424183 0.1067231632769108 0.17089758068323138 0.10347852483391763 0.1483045965433121 0.10388386249542238 0.10458041727542879 0.14620192348957065 1.5000000000000002 0.10481997579336168 0.18843366950750354 0.18758561462163928 0.18346994370222094 1.5000000000000002 0.14670995622873309 0.14790198951959613 2.5000000000000004 0.13759057968854907 0.14094635099172595 0.14122316241264346 0.133558563888073 1.5000000000000002 0.25646600127220159 0.14859127253293994 1.5000000000000002 0.1779797971248627 0.14503520727157596 0.16159114986658099 0.16259328275918963 0.10594117641448976 0.15339080244302752 0.16013698279857638 0.1583974361419678
decision_type=2 2 2 2 2 2 2 2 2 2 2 2 2 2 2 2 2 2 2 2 2 2 2 2 2 2 2 2 2 2 2 2 2 2 2 2 2 2 2 2 2 2 2 2 2 2 2 2 2 2 2 2 2 2 2 2 2 2 2 2 2 2 2 2 2 2 2 2 2 2 2 2 2 2 2 2 2 2 2 2 2 2 2 2 2 2 2 2 2 2 2 2 2 2
left_child=4 3 9 37 34 20 7 45 24 27 30 -12 14 15 33 -14 17 25 19 51 -6 -22 23 61 -9 -8 -27 28 -3 70 43 -11 48 53 -1 -36 66 38 -2 -39 65 -42 -43 -10 63 -4 -47 -48 56 50 77 -18 83 55 -55 -13 -33 58 -53 -60 -58 62 -7 -35 -41 68 -37 -68 -34 75 -29 72 73 74 86 -70 -77 78 81 -80 -79 82 -49 -20 -81 -86 -46 -62 -32 -90 -30 -67 93 -93
right_child=1 2 6 -5 5 22 16 8 10 31 11 12 13 -15 -16 -17 18 -19 52 -21 21 -23 -24 -25 -26 26 -28 29 90 -31 88 32 40 44 35 36 -38 39 -40 64 41 42 -44 -45 71 46 47 49 -50 -51 -52 57 -54 54 -56 -57 60 -59 59 -61 87 -63 -64 -65 -66 91 67 -69 69 -71 -72 -73 -74 -75 -76 76 -78 80 79 84 -82 -83 -84 -85 85 -87 -88 -89 89 -91 -92 92 -94 -95
leaf_value=-6.4306286053593912e-06 4.446694192357215e-05 2.2774459728192413e-06 2.6075674030880071e-05 7.0542615954460143e-05 4.8568892867036697e-08 -1.3426398674698558e-05 -3.2266545689176536e-05 6.4306290844830281e-06 4.5876927346852059e-05 0 6.4306290844830281e-06 6.4306290844830281e-06 6.4306290844830281e-06 9.3628100518170426e-05 6.4306290844830281e-06 6.4306290844830281e-06 6.4306290844830281e-06 -1.9645044946404965e-05 -1.9645044946404965e-05 5.2550836895645781e-07 0.0027212936275769761 0.00018603739798481791 -3.9847951179133436e-05 5.0108832843379709e-06 6.4306290844830281e-06 6.4080068003158302e-06 6.5148477007754998e-05 -6.5529926195467608e-07 0 3.3403410035070586e-05 -6.8915611977519255e-06 0 0 0.00028223849505179706 2.2387302755654332e-05 -2.2134861035154178e-05 -6.2358294537875631e-05 2.0315458988054625e-06 -4.4642078498615049e-05 2.7721617113286942e-05 0 6.4306290844830281e-06 0 6.4306290844830281e-06 6.4306290844830281e-06 -7.9659047600952061e-05 2.6075674030880071e-05 2.6075674030880071e-05 0 -5.5789686091252845e-05 2.361665178354076e-05 6.4306290844830281e-06 8.3817205620004815e-05 6.4306290844830281e-06 6.4306290844830281e-06 -0.0010555217114437017 0 6.4306290844830281e-06 6.4306290844830281e-06 6.4306290844830281e-06 0 -3.9847951179133436e-05 1.8584657315847159e-05 -5.9906390993858918e-05 7.3970794721027727e-05 0 -3.2307467585441294e-05 -0.00010067163885865559 0 0 -0.0012852736269976851 -0.00025865812382701829 6.4306290844830281e-06 -4.9295141335836028e-05 6.4306290844830281e-06 0 0 -0.0023485698465034615 -2.1815412077841068e-05 2.3994117132158798e-05 6.8959969507308651e-05 7.234500429562344e-05 -0.0016702180814890063 -1.9645044946404965e-05 2.6075674030880071e-05 2.0992397292667774e-05 6.4306290844830281e-06 0 2.6420965810561346e-05 -0.00010992518920708869 0 0 0 0
leaf_weight=279508 33104 264 240 942 176 284 1028 139 159 87108 109 134 201 384 234 213 162 738 488 136 115 200 2482 229 172 157 691 146 1031 240 785 195 550 223 412 1351 24200 224 117 131 466 117 345 193 156 495 158 179 1181 228 118 1823 1409 183 221 130 634 790 140 166 352 1069 116 292 128 8629 1023 4232 321 826 286 140 162 331 388 926 250 106 214 593 122 141 139 481 153 226 172 782 169 139 618 3644 10303 1460
leaf_count=279508 33104 264 240 942 176 284 1028 139 159 87108 109 134 201 384 234 213 162 738 488 136 115 200 2482 229 172 157 691 146 1031 240 785 195 550 223 412 1351 24200 224 117 131 466 117 345 193 156 495 158 179 1181 228 118 1823 1409 183 221 130 634 790 140 166 352 1069 116 292 128 8629 1023 4232 321 826 286 140 162 331 388 926 250 106 214 593 122 141 139 481 153 226 172 782 169 139 618 3644 10303 1460
internal_value=0 -0.00276676 -0.00690531 0.0136489 -0.00820458 -0.00332269 0.00297688 0.00542471 0.00729329 -0.00827699 0.00625091 0.00812717 0.00738516 0.0142141 0.005415 0.0270304 0.000430058 -0.00230797 0.00170927 0.0037655 0.0278885 0.0222036 -0.00698889 -0.00419189 0.0244474 0.000172459 0.00383774 -0.00395725 -0.00563587 0.000821303 0.0014817 -0.00837155 -0.00773127 0.00371312 -0.00827797 -0.00758936 -0.00785396 0.0139857 0.0139064 0.0194453 -0.00807325 -0.00428622 -0.000453136 0.00778566 0.00217475 0.00216491 0.00165002 0.00289437 -0.00470343 0.00206269 0.00276728 0.00302368 -0.00107243 0.00800581 0.0105051 0.00418119 -0.00607403 0.00261122 0.00349077 0.00976459 -0.00666322 -0.00802593 -0.0049958 -0.00157057 0.0128959 -0.00820385 -0.00600104 -0.00558635 -0.0070317 -0.00644355 -0.00334816 0.00360458 0.0041794 0.00275386 0.00417313 -0.00538403 -0.00619822 0.00211857 0.00263203 0.00147631 -0.00158597 0.00561826 0.00365072 -0.00332906 0.0029174 0.00529772 0.00731092 -0.00532013 -0.000548489 0.00222447 -0.00743838 -0.00834395 -0.00807674 -0.00686839
internal_weight=0 172070 137424 34646 315397 4671 16750 8541 5429 120674 5118 3673 3564 798 2766 414 8209 2614 5595 3217 491 315 4180 1698 311 1876 848 2585 1913 672 1445 118089 30981 2532 310726 31218 30806 33704 33221 483 27837 928 462 352 1864 3112 2872 2377 3144 2219 1991 3081 2378 668 404 264 1963 2919 2129 306 1768 1469 400 515 259 26909 6606 5255 2873 2323 432 1349 1209 1047 716 1497 1176 1873 1645 1186 228 459 318 969 972 379 328 1134 1093 308 1649 24036 15407 5104
internal_count=487467 172070 137424 34646 315397 4671 16750 8541 5429 120674 5118 3673 3564 798 2766 414 8209 2614 5595 3217 491 315 4180 1698 311 1876 848 2585 1913 672 1445 118089 30981 2532 310726 31218 30806 33704 33221 483 27837 928 462 352 1864 3112 2872 2377 3144 2219 1991 3081 2378 668 404 264 1963 2919 2129 306 1768 1469 400 515 259 26909 6606 5255 2873 2323 432 1349 1209 1047 716 1497 1176 1873 1645 1186 228 459 318 969 972 379 328 1134 1093 308 1649 24036 15407 5104
is_linear=0
shrinkage=0.0951581


Tree=74
num_leaves=95
num_cat=0
split_feature=4 2 4 4 2 0 2 2 2 2 2 2 0 2 2 2 2 2 2 2 2 2 2 2 0 2 2 0 2 2 2 2 2 2 2 2 2 2 2 2 0 2 2 2 0 2 2 2 2 0 2 0 2 2 2 2 0 0 2 2 2 2 2 2 2 2 2 2 2 2 2 0 2 2 2 2 2 0 2 2 4 2 2 2 2 2 2 2 2 2 0 2 0 2
split_gain=366.504 1289.85 208.43 15.5348 11.6764 7.95757 37.556 5.44362 5.21037 10.7207 5.05764 7.3022 5.29544 15.6066 9.57338 4.61927 4.80523 3.56312 3.31111 4.51485 3.24792 4.42901 2.47061 17.6826 2.33194 2.29593 5.27109 2.2899 4.2874 2.32226 2.04233 1.9015 3.54267 1.84656 1.81737 18.0476 3.18845 1.61305 3.03099 2.64552 1.52047 1.49282 5.97972 1.14781 1.42609 1.60903 1.54961 2.63319 4.69781 1.1263 1.10237 1.08413 1.04301 0.947653 0.906025 0.705157 1.82123 0.682771 0.682331 0.672059 1.5534 2.10168 0.62998 0.557358 1.33609 0.555479 0.529197 0.488028 0.487987 0.868963 0.463554 0.521939 0.456021 0.432144 0.425092 1.75358 0.503818 0.658131 0.401503 0.537256 0.3998 0.38135 0.370215 0.364164 0.34766 0.342758 0.33842 1.23072 0.719241 1.5832 1.69267 0.573234 1.03682 0.323064
threshold=0.15000000223517421 0.10388386249542238 0.25000000745058065 0.25000000745058065 0.19101010262966159 1.5000000000000002 0.10421099141240121 0.1067231632769108 0.15460605919361117 0.15629401057958606 0.1633739769458771 0.16370223462581637 2.5000000000000004 0.17660956084728244 0.18897569924592975 0.10559467971324922 0.10504237189888956 0.17006493359804156 0.20240999013185504 0.20071429014205935 0.24515175819396975 0.24171940237283709 0.1139211878180504 0.11240384355187417 1.5000000000000002 0.19699231535196307 0.1981649845838547 1.5000000000000002 0.10458041727542879 0.10594117641448976 0.15803226083517077 0.14379280805587771 0.14586748182773593 0.168457105755806 0.10074627026915552 0.10259784013032915 0.1067231632769108 0.10259784013032915 0.10074627026915552 0.10317540168762208 2.5000000000000004 0.16505814343690875 0.17660956084728244 0.15298574417829516 1.5000000000000002 0.14859127253293994 0.11630280315876008 0.12516666948795321 0.12867965549230578 1.5000000000000002 0.17394282668828967 1.5000000000000002 0.20439612865448001 0.25920708477497106 0.13058389723300937 0.16587346047163012 1.5000000000000002 1.5000000000000002 0.14415185153484347 0.22736185789108279 0.22410600632429126 0.22547236829996112 0.14451952278614047 0.1072077937424183 0.1067231632769108 0.17089758068323138 0.10347852483391763 0.1483045965433121 0.10388386249542238 0.10458041727542879 0.14620192348957065 1.5000000000000002 0.14415185153484347 0.10481997579336168 0.18843366950750354 0.18758561462163928 0.18346994370222094 1.5000000000000002 0.14670995622873309 0.14790198951959613 0.35000000894069677 0.1779797971248627 0.14503520727157596 0.16159114986658099 0.16259328275918963 0.10594117641448976 0.15339080244302752 0.16013698279857638 0.1583974361419678 0.15954913944005969 1.5000000000000002 0.15392307937145236 1.5000000000000002 0.11504717171192171
decision_type=2 2 2 2 2 2 2 2 2 2 2 2 2 2 2 2 2 2 2 2 2 2 2 2 2 2 2 2 2 2 2 2 2 2 2 2 2 2 2 2 2 2 2 2 2 2 2 2 2 2 2 2 2 2 2 2 2 2 2 2 2 2 2 2 2 2 2 2 2 2 2 2 2 2 2 2 2 2 2 2 2 2 2 2 2 2 2 2 2 2 2 2 2 2
left_child=5 3 7 37 8 34 -7 27 43 24 30 -12 14 17 33 16 -8 -14 19 25 21 52 23 63 -10 -6 -27 28 -3 73 49 -9 51 55 -1 -36 68 38 -2 -39 67 -42 -43 44 45 46 -4 -48 -49 -11 65 58 -20 80 -46 57 -57 -13 -33 60 -54 -62 -60 64 -17 -35 -41 70 -37 -70 -34 78 -50 -29 75 76 77 81 -72 -80 -22 -52 -64 -32 -85 -30 -69 88 91 90 -90 92 -88 -38
right_child=1 2 4 -5 18 6 15 31 9 10 11 12 13 -15 -16 22 -18 -19 20 -21 53 -23 -24 -25 -26 26 -28 29 85 -31 83 32 40 50 35 36 93 39 -40 66 41 42 -44 -45 54 -47 47 48 72 -51 74 -53 59 -55 -56 56 -58 -59 62 -61 61 -63 82 -65 -66 -67 -68 86 69 -71 71 -73 -74 -75 -76 -77 -78 -79 79 -81 -82 -83 -84 84 -86 -87 87 -89 89 -91 -92 -93 -94 -95
leaf_value=-5.8187022771705488e-06 4.0235552713134196e-05 2.0607285665882001e-06 2.3594362724630969e-05 6.3829915437773086e-05 -2.9196122867613198e-05 4.3947169844373794e-08 -7.6113317300373296e-06 0 5.81870271069971e-06 4.1511366618226306e-05 5.81870271069971e-06 5.81870271069971e-06 5.81870271069971e-06 8.4718629410231641e-05 5.81870271069971e-06 -1.2148768236679419e-05 0.00016833443473800638 5.81870271069971e-06 5.81870271069971e-06 -1.7775660013939181e-05 -1.7775660013939181e-05 4.7550199689439636e-07 -3.6056096300349925e-05 4.5340572075516546e-06 5.81870271069971e-06 5.798233119863596e-06 5.8949072444223859e-05 -5.9294223656148403e-07 0 3.022480537506876e-05 -6.2357734049817579e-06 0 0 0.00025538121926284123 2.0256969810924791e-05 -2.0028549962094642e-05 -4.475371223222686e-05 1.8382278736640197e-06 -4.0394023626407844e-05 2.5083681008962696e-05 0 5.81870271069971e-06 0 -5.0480846185281381e-05 -0.0001115796402857208 2.3594362724630969e-05 -7.2078844871654879e-05 2.3594362724630969e-05 2.3594362724630969e-05 5.81870271069971e-06 5.81870271069971e-06 0 5.81870271069971e-06 3.3663520251200843e-05 6.2397870601856807e-05 5.81870271069971e-06 5.81870271069971e-06 -0.0009550802826433205 0 5.81870271069971e-06 5.81870271069971e-06 5.81870271069971e-06 0 -3.6056096300349925e-05 1.6816176843744394e-05 -5.4205813316999706e-05 6.6931875264679893e-05 0 -2.9233150714436383e-05 -9.1091918103495463e-05 0 0 -0.00030395766263065861 -0.0011629694450036236 -0.0002340447110981826 5.81870271069971e-06 -4.4604309896740419e-05 5.81870271069971e-06 0 0 5.0912038092826267e-05 5.81870271069971e-06 0 2.3906797198463453e-05 -9.9464918285698114e-05 0 -0.00082095820137392448 0 0 0 9.3579955284460585e-06 0 0 -9.4999811776224735e-05
leaf_weight=279508 33104 264 195 942 1028 217 125 87108 139 159 109 134 201 384 234 284 149 213 162 738 575 136 2482 229 172 157 691 146 1031 240 785 195 550 223 412 1351 16255 224 117 131 466 117 345 228 351 222 320 145 463 193 156 1181 1823 1653 941 183 221 130 634 790 140 166 352 1069 116 292 128 8629 1023 4232 321 826 247 286 140 162 331 388 926 250 150 172 782 169 139 618 245 10303 269 979 212 3170 229 7945
leaf_count=279508 33104 264 195 942 1028 217 125 87108 139 159 109 134 201 384 234 284 149 213 162 738 575 136 2482 229 172 157 691 146 1031 240 785 195 550 223 412 1351 16255 224 117 131 466 117 345 228 351 222 320 145 463 193 156 1181 1823 1653 941 183 221 130 634 790 140 166 352 1069 116 292 128 8629 1023 4232 321 826 247 286 140 162 331 388 926 250 150 172 782 169 139 618 245 10303 269 979 212 3170 229 7945
internal_value=0 -0.00275957 -0.0068963 0.0136489 0.00305074 -0.00821937 -0.00432093 -0.00827699 0.00551384 0.00729329 0.00625091 0.00812717 0.00738516 0.0142141 0.005415 -0.00620429 0.00576505 0.0270304 0.000488018 -0.00230797 0.00179431 0.0037655 -0.00698889 -0.00419189 0.0244474 0.000172459 0.00383774 -0.00395725 -0.00563587 0.000821303 0.0014817 -0.00837155 -0.00773127 0.00371312 -0.00827797 -0.00758936 -0.00785396 0.0139857 0.0139064 0.0194453 -0.00807325 -0.00428622 -0.000453136 0.00240953 0.00292337 0.00482963 0.00361184 0.00230809 0.00506397 0.00778566 0.00217475 -0.00470343 0.00302368 -0.000872351 0.000574482 0.00800581 0.0105051 0.00418119 -0.00607403 0.00261122 0.00349077 0.00976459 -0.00666322 -0.00802593 -0.0049958 -0.00157057 0.0128959 -0.00820385 -0.00600104 -0.00558635 -0.0070317 -0.00644355 0.00187635 -0.00334816 0.00360458 0.0041794 0.00275386 0.00417313 -0.00538403 -0.00619822 -0.0037407 0.00731092 -0.00532013 -0.000548489 0.00222447 -0.00743838 -0.00834395 -0.00807674 -0.00686839 -0.00508379 -0.000613287 -0.0075834 -0.00449692 -0.00835976
internal_weight=0 172070 137424 34646 16750 315397 4671 120674 8541 5429 5118 3673 3564 798 2766 4454 274 414 8209 2614 5595 3217 4180 1698 311 1876 848 2585 1913 672 1445 118089 30981 2532 310726 31218 30806 33704 33221 483 27837 928 462 3112 2884 1592 1370 1175 855 352 1864 3144 3081 2378 1292 668 404 264 1963 2919 2129 306 1768 1469 400 515 259 26909 6606 5255 2873 2323 710 432 1349 1209 1047 716 1497 1176 725 328 1134 1093 308 1649 24036 15407 5104 1460 481 3644 474 24200
internal_count=487467 172070 137424 34646 16750 315397 4671 120674 8541 5429 5118 3673 3564 798 2766 4454 274 414 8209 2614 5595 3217 4180 1698 311 1876 848 2585 1913 672 1445 118089 30981 2532 310726 31218 30806 33704 33221 483 27837 928 462 3112 2884 1592 1370 1175 855 352 1864 3144 3081 2378 1292 668 404 264 1963 2919 2129 306 1768 1469 400 515 259 26909 6606 5255 2873 2323 710 432 1349 1209 1047 716 1497 1176 725 328 1134 1093 308 1649 24036 15407 5104 1460 481 3644 474 24200
is_linear=0
shrinkage=0.0951581


Tree=75
num_leaves=95
num_cat=0
split_feature=4 2 4 4 2 0 2 2 2 2 0 2 2 2 2 2 2 2 2 2 2 2 2 2 2 0 0 2 2 2 2 2 2 2 2 0 2 2 2 2 2 2 0 2 2 2 2 2 2 0 2 2 2 4 2 0 2 2 2 2 2 2 2 2 2 2 2 2 2 0 2 2 2 2 0 4 2 2 2 2 2 2 0 2 2 2 2 2 2 2 2 2 0 2
split_gain=362.728 1294.29 197.904 15.5348 10.3175 7.95757 37.556 5.44362 5.14132 11.2148 5.0158 8.87103 11.3941 4.61927 4.80523 3.90835 3.27255 4.43971 3.5342 4.42901 2.60571 2.47061 17.6826 2.36578 5.27109 2.33194 2.2899 4.2874 2.32226 1.9015 3.54267 1.81737 18.0476 3.18845 1.70138 2.92303 2.89465 7.93037 1.79187 1.61305 3.03099 2.64552 1.52047 1.49282 5.97972 1.13399 2.25486 2.62051 1.10237 1.08413 1.04301 1.00396 1.52373 0.919717 0.753242 1.82123 0.682331 0.672059 1.5534 2.10168 0.62998 0.557358 1.33609 0.555479 0.529197 0.488028 0.487987 0.868963 0.463554 0.521939 0.432144 0.425092 1.75358 0.503818 0.658131 0.408017 0.534989 0.401503 0.537256 0.390631 0.38135 0.371022 0.763797 0.377659 1.08325 0.373376 0.370215 0.342758 0.33842 1.23072 0.719241 1.5832 1.69267 0.573234
threshold=0.15000000223517421 0.10388386249542238 0.25000000745058065 0.25000000745058065 0.19012194871902469 1.5000000000000002 0.10421099141240121 0.1067231632769108 0.15460605919361117 0.15629401057958606 2.5000000000000004 0.17660956084728244 0.16505814343690875 0.10559467971324922 0.10504237189888956 0.18897569924592975 0.20240999013185504 0.20071429014205935 0.24515175819396975 0.24171940237283709 0.17006493359804156 0.1139211878180504 0.11240384355187417 0.19699231535196307 0.1981649845838547 1.5000000000000002 1.5000000000000002 0.10458041727542879 0.10594117641448976 0.14379280805587771 0.14586748182773593 0.10074627026915552 0.10259784013032915 0.1067231632769108 0.15803226083517077 1.5000000000000002 0.1633739769458771 0.1643650829792023 0.168457105755806 0.10259784013032915 0.10074627026915552 0.10317540168762208 2.5000000000000004 0.16505814343690875 0.17660956084728244 0.11630280315876008 0.12516666948795321 0.12782331556081775 0.17394282668828967 1.5000000000000002 0.20439612865448001 0.15298574417829516 0.15188746154308322 0.35000000894069677 0.16587346047163012 1.5000000000000002 0.14415185153484347 0.22736185789108279 0.22410600632429126 0.22547236829996112 0.14451952278614047 0.1072077937424183 0.1067231632769108 0.17089758068323138 0.10347852483391763 0.1483045965433121 0.10388386249542238 0.10458041727542879 0.14620192348957065 1.5000000000000002 0.10481997579336168 0.18843366950750354 0.18758561462163928 0.18346994370222094 1.5000000000000002 0.35000000894069677 0.19548846781253817 0.14670995622873309 0.14790198951959613 0.25646600127220159 0.1779797971248627 0.14859127253293994 1.5000000000000002 0.13759057968854907 0.14094635099172595 0.14295635372400287 0.14503520727157596 0.10594117641448976 0.15339080244302752 0.16013698279857638 0.1583974361419678 0.15954913944005969 1.5000000000000002 0.15392307937145236
decision_type=2 2 2 2 2 2 2 2 2 2 2 2 2 2 2 2 2 2 2 2 2 2 2 2 2 2 2 2 2 2 2 2 2 2 2 2 2 2 2 2 2 2 2 2 2 2 2 2 2 2 2 2 2 2 2 2 2 2 2 2 2 2 2 2 2 2 2 2 2 2 2 2 2 2 2 2 2 2 2 2 2 2 2 2 2 2 2 2 2 2 2 2 2 2
left_child=5 3 7 39 8 31 -7 26 45 25 15 12 -12 14 -8 34 17 23 19 50 -14 22 61 75 -25 -10 27 -3 70 -9 49 -1 -33 66 35 -11 -36 -38 54 40 -2 -41 65 -44 -45 -4 -47 -48 63 56 -18 52 81 79 -39 -56 -31 58 -52 -60 -58 62 -15 -40 -43 68 -34 -68 -32 77 -28 72 73 74 80 76 -6 -70 -79 -20 -50 83 -83 -49 -85 -86 -62 -29 -67 90 93 92 -92 -90
right_child=1 2 4 -5 16 6 13 29 9 10 11 -13 20 21 -16 -17 18 -19 53 -21 -22 -23 -24 24 -26 -27 28 87 -30 30 42 32 33 -35 36 -37 37 38 48 41 -42 64 43 44 -46 46 47 51 71 -51 57 -53 -54 -55 55 -57 60 -59 59 -61 86 -63 -64 -65 -66 88 67 -69 69 -71 -72 -73 -74 -75 -76 -77 -78 78 -80 -81 -82 82 -84 84 85 -87 -88 -89 89 -91 91 -93 -94 -95
leaf_value=-5.2650056888893175e-06 3.6406814413140622e-05 1.864633574553058e-06 2.1349168260126533e-05 5.7755982673272437e-05 -2.6417875613709111e-05 3.9765241151314018e-08 -6.8870519490056986e-06 0 5.2650060811634425e-06 3.7561224305295022e-05 -0.0018611309492145231 7.6656966545585544e-05 5.2650060811634425e-06 -1.0992714669398052e-05 0.00015231605164073834 5.2650060811634425e-06 5.2650060811634425e-06 -1.6084162178971015e-05 -1.6084162178971015e-05 4.3025413562627652e-07 5.2650060811634425e-06 -3.2625067085026831e-05 4.1026049889463486e-06 5.2464843374726892e-06 5.3339591370964898e-05 5.2650060811634425e-06 -5.3651898653212475e-07 0 2.7348670659722249e-05 0 0 1.8329355277830725e-05 -1.8122671425270326e-05 -5.2165720680773e-05 -5.6423891252646154e-06 5.2650060811634425e-06 5.2650060811634425e-06 5.2650060811634425e-06 0.00023107963050967629 1.6633056223354309e-06 -3.6550205537168205e-05 2.2696765862834456e-05 0 5.2650060811634425e-06 0 -6.5219959747172605e-05 2.1349168260126533e-05 2.1349168260126533e-05 5.2650060811634425e-06 0 5.2650060811634425e-06 -4.567718533877024e-05 1.9124141870286954e-05 7.2637964269422301e-05 5.2650060811634425e-06 5.2650060811634425e-06 0 5.2650060811634425e-06 5.2650060811634425e-06 5.2650060811634425e-06 0 -3.2625067085026831e-05 1.5215981593533961e-05 -4.90476917172088e-05 6.0562765931363751e-05 0 -2.6451379961395017e-05 -8.2423785267110404e-05 0 0 -0.001052303495226447 -0.00021177346368469202 5.2650060811634425e-06 -4.035984901250447e-05 5.2650060811634425e-06 0.001311524299060183 0.00061219221882153501 0 0 -1.6084162178971015e-05 5.2650060811634425e-06 2.1349168260126533e-05 1.3057138771159974e-05 -6.9969402616310686e-05 0.0033655403148851689 1.5773220687459592e-05 0 0 0 0 0 0 8.4675065584967976e-06 0
leaf_weight=279508 33104 264 240 942 889 217 125 87108 139 159 179 363 183 284 149 125 162 738 488 136 213 2482 229 157 691 172 146 1031 240 195 550 412 1351 24200 995 142 149 212 223 224 117 131 466 117 345 495 158 540 156 1181 1823 228 118 1409 183 221 634 790 140 166 352 1069 116 292 128 8629 1023 4232 321 826 286 140 162 331 388 140 129 926 250 481 172 153 279 238 145 518 782 618 474 10303 269 979 212 3170
leaf_count=279508 33104 264 240 942 889 217 125 87108 139 159 179 363 183 284 149 125 162 738 488 136 213 2482 229 157 691 172 146 1031 240 195 550 412 1351 24200 995 142 149 212 223 224 117 131 466 117 345 495 158 540 156 1181 1823 228 118 1409 183 221 634 790 140 166 352 1069 116 292 128 8629 1023 4232 321 826 286 140 162 331 388 140 129 926 250 481 172 153 279 238 145 518 782 618 474 10303 269 979 212 3170
internal_value=0 -0.00278777 -0.00693162 0.0136489 0.002761 -0.00821937 -0.00432093 -0.00827699 0.00511258 0.00691553 0.00582242 0.0120926 0.0194453 -0.00620429 0.00576505 0.00437022 0.00038912 -0.00230266 0.00170927 0.0037655 0.0284513 -0.00698889 -0.00419189 1.89724e-05 0.00383774 0.0244474 -0.00395725 -0.00563587 0.000821303 -0.00837155 -0.00773127 -0.00827797 -0.00758936 -0.00785396 0.00384269 0.0107171 0.00327171 0.00492621 0.00364517 0.0139857 0.0139064 0.0194453 -0.00807325 -0.00428622 -0.000453136 0.00204259 0.00151749 0.00273424 0.00217475 -0.00470343 0.00302368 0.00189115 0.0025761 -0.00107243 0.00809461 0.0105051 -0.00607403 0.00261122 0.00349077 0.00976459 -0.00666322 -0.00802593 -0.0049958 -0.00157057 0.0128959 -0.00820385 -0.00600104 -0.00558635 -0.0070317 -0.00644355 -0.00334816 0.00360458 0.0041794 0.00275386 0.00417313 -0.0027775 -0.0034399 -0.00538403 -0.00619822 -0.00332906 0.00731092 0.00191535 0.00436141 0.00118204 -1.05637e-05 0.00196631 -0.00532013 -0.00743838 -0.00834395 -0.00807674 -0.00686839 -0.00508379 -0.000613287 -0.0075834
internal_weight=0 172070 137424 34646 16750 315397 4671 120674 8411 5299 4988 938 575 4454 274 4050 8339 2744 5595 3217 396 4180 1698 2006 848 311 2585 1913 672 118089 30981 310726 31218 30806 3925 301 3624 2629 2480 33704 33221 483 27837 928 462 3112 2872 2377 1864 3144 3081 2219 1991 2378 616 404 1963 2919 2129 306 1768 1469 400 515 259 26909 6606 5255 2873 2323 432 1349 1209 1047 716 1158 1018 1497 1176 969 328 1873 432 1441 901 663 1134 1649 24036 15407 5104 1460 481 3644
internal_count=487467 172070 137424 34646 16750 315397 4671 120674 8411 5299 4988 938 575 4454 274 4050 8339 2744 5595 3217 396 4180 1698 2006 848 311 2585 1913 672 118089 30981 310726 31218 30806 3925 301 3624 2629 2480 33704 33221 483 27837 928 462 3112 2872 2377 1864 3144 3081 2219 1991 2378 616 404 1963 2919 2129 306 1768 1469 400 515 259 26909 6606 5255 2873 2323 432 1349 1209 1047 716 1158 1018 1497 1176 969 328 1873 432 1441 901 663 1134 1649 24036 15407 5104 1460 481 3644
is_linear=0
shrinkage=0.0951581


Tree=76
num_leaves=95
num_cat=0
split_feature=4 2 4 3 2 3 2 2 2 2 4 2 2 2 2 3 2 2 2 2 2 2 2 2 2 2 2 2 2 2 2 2 2 2 2 2 2 2 2 2 2 2 2 2 2 2 4 2 2 2 2 2 2 2 2 2 2 2 2 2 2 2 2 2 2 2 2 2 2 2 2 2 2 2 2 2 2 2 2 4 2 2 2 2 2 2 2 2 2 2 2 2 2 2
split_gain=365.54 1290.98 205.721 16.825 11.532 8.90299 9.95941 15.2851 8.59556 11.2915 5.79225 5.44362 4.98156 16.2717 7.51748 3.77095 5.13548 13.0076 3.30903 3.24097 3.17526 4.51485 3.5342 4.42901 2.95465 2.48509 2.29593 5.27109 2.29274 1.93629 1.84386 1.7671 2.118 1.57469 1.56888 3.06133 2.64552 1.43042 1.38776 4.3608 1.29441 5.77336 1.06433 2.37361 1.57043 1.04301 0.919717 0.825529 0.806269 1.55533 0.777316 0.70705 1.03195 1.45058 0.672059 1.5534 2.10168 0.64061 5.27577 0.921473 0.567632 1.48188 0.536382 0.53627 0.529197 0.523787 1.50774 0.795576 0.521886 0.513027 0.45174 0.426062 0.390631 0.352555 0.334165 0.459798 0.327051 0.405208 0.292083 0.289725 0.486425 1.3983 0.264578 0.263932 0.444946 0.261682 0.270167 0.249022 1.28828 0.415267 0.243724 0.23329 1.56601 0.37598
threshold=0.15000000223517421 0.10388386249542238 0.25000000745058065 0.15000000223517421 0.19101010262966159 0.15000000223517421 0.15460605919361117 0.15629401057958606 0.1633739769458771 0.17089758068323138 0.25000000745058065 0.1067231632769108 0.10074627026915552 0.10458041727542879 0.10259784013032915 0.15000000223517421 0.1583974361419678 0.16013698279857638 0.18897569924592975 0.16587346047163012 0.20240999013185504 0.20071429014205935 0.24515175819396975 0.24171940237283709 0.1072077937424183 0.15724790096282962 0.19699231535196307 0.1981649845838547 0.10347852483391763 0.10388386249542238 0.16928205639123919 0.10458041727542879 0.10421099141240121 0.10594117641448976 0.10259784013032915 0.10074627026915552 0.10317540168762208 0.16259328275918963 0.17394282668828967 0.17517123371362689 0.168457105755806 0.1643650829792023 0.12516666948795321 0.11630280315876008 0.12782331556081775 0.20439612865448001 0.35000000894069677 0.19101010262966159 0.11441558599472047 0.11156633123755456 0.16159114986658099 0.18346994370222094 0.18758561462163928 0.18843366950750354 0.22736185789108279 0.22410600632429126 0.22547236829996112 0.14379280805587771 0.1483045965433121 0.14415185153484347 0.10594117641448976 0.10533428192138673 0.1643650829792023 0.14586748182773593 0.10347852483391763 0.14741302281618121 0.15220635384321216 0.14895787835121158 0.15529115498065951 0.14620192348957065 0.18346994370222094 0.13195744901895526 0.25646600127220159 0.19012194871902469 0.14790198951959613 0.14670995622873309 0.15220635384321216 0.14741302281618121 0.10559467971324922 0.35000000894069677 0.22039676457643512 0.21946247667074206 0.35424640774726873 0.15886382013559344 0.16090353578329089 0.19238026440143588 0.19548846781253817 0.11293309181928636 0.11339743807911874 0.11203448474407197 0.33771552145481115 0.15339080244302752 0.15392307937145236 0.15629401057958606
decision_type=2 2 2 2 2 2 2 2 2 2 2 2 2 2 2 2 2 2 2 2 2 2 2 2 2 2 2 2 2 2 2 2 2 2 2 2 2 2 2 2 2 2 2 2 2 2 2 2 2 2 2 2 2 2 2 2 2 2 2 2 2 2 2 2 2 2 2 2 2 2 2 2 2 2 2 2 2 2 2 2 2 2 2 2 2 2 2 2 2 2 2 2 2 2
left_child=12 3 11 10 5 37 76 -8 25 19 34 31 -1 14 -14 57 -17 -18 38 62 21 26 23 45 60 -9 85 -28 -16 -30 -21 32 -3 -33 35 -2 -36 42 -11 -40 41 -19 43 -4 -44 -22 72 -42 49 -26 83 -41 -53 -54 55 79 -57 -13 59 -59 61 -15 -10 -61 -38 71 67 -67 -68 -65 -39 -46 -24 -20 75 -71 77 -7 -63 80 81 -47 90 -27 -85 -6 -87 89 -89 -51 -48 -60 -93 -94
right_child=1 2 4 -5 20 6 7 8 9 18 -12 15 13 24 28 16 17 40 73 30 22 -23 46 -25 48 50 27 -29 29 -31 -32 33 -34 -35 36 -37 64 70 39 51 47 -43 44 -45 65 54 82 -49 -50 87 -52 52 53 -55 -56 56 -58 58 91 63 -62 78 -64 69 -66 66 68 -69 -70 74 -72 -73 -74 -75 -76 -77 -78 -79 -80 -81 -82 -83 -84 84 -86 86 -88 88 -90 -91 -92 92 93 -95
leaf_value=-4.7639978097521335e-06 3.2942411532479668e-05 -1.1801237164683728e-06 1.9317622209961043e-05 -0.00021893596045541975 0.0001143700391444526 5.3414583176175754e-05 4.7639981646973166e-06 4.7639981646973166e-06 4.7639981646973166e-06 -4.4380407110908521e-05 5.2260033742445989e-05 0 1.6585168859745781e-05 -0.00016256297313201523 -2.8655307979066765e-05 0 0.00015883324861480145 0 4.7639981646973166e-06 4.7639981646973166e-06 4.7639981646973166e-06 -1.4553624045271647e-05 -1.4553624045271647e-05 3.8931197435787502e-07 -2.9520528052621447e-05 -5.0193055340641255e-05 4.74723891473868e-06 4.8263897796080848e-05 3.5981256800312355e-08 -2.3934317196830835e-05 4.7639981646973166e-06 0 1.6871986071943844e-06 0 1.5050286381399876e-06 -3.307215783118654e-05 2.0536985000257345e-05 -8.946310778833084e-05 4.7639981646973166e-06 4.7639981646973166e-06 0 4.7639981646973166e-06 1.9317622209961043e-05 -5.9013753022774953e-05 1.9317622209961043e-05 4.7639981646973166e-06 6.5725874411608413e-05 0 -2.9520528052621447e-05 -2.9520528052621447e-05 0.002293332123165705 -3.6519282914209658e-05 4.7639981646973166e-06 -0.00019162150561136931 4.7639981646973166e-06 4.7639981646973166e-06 4.7639981646973166e-06 4.0526913317896204e-05 0 0 -4.7201730397321852e-05 -7.4580495385331274e-05 4.7639981646973166e-06 0 5.4799728869881911e-05 1.427227115183538e-05 -0.00048487982809717364 1.9317622209961043e-05 3.3986969985545094e-05 0 0.0011661651396943327 5.2388336056467719e-06 -1.4553624045271647e-05 2.2851366693554356e-06 0 0 1.7304325079020481e-05 -0.00012356618088949205 -9.946668950188072e-06 -0.00041127862304218507 -0.00011409841561123815 4.7639981646973166e-06 -0.00066902368369442522 0.00045268616527521457 -5.1054701595583729e-06 -2.390400105883748e-05 -0.00087331135242180158 -3.4025335303769288e-05 -2.9520528052621447e-05 -3.6942834668682775e-05 0.0018467448380909937 0 0 0
leaf_weight=279508 32976 121 220 476 170 511 212 170 106 207 594 86512 442 1578 904 3067 135 236 151 362 162 738 488 136 10443 195 157 691 593 1138 122 1372 234 858 224 117 131 1047 161 501 639 156 152 400 176 1169 895 272 10697 958 150 356 158 132 790 140 166 269 7515 2604 2937 638 158 470 128 112 156 206 577 415 161 745 481 117 295 1277 176 289 750 281 253 120 407 219 136 698 160 913 1989 1909 107 427 1594 12206
leaf_count=279508 32976 121 220 476 170 511 212 170 106 207 594 86512 442 1578 904 3067 135 236 151 362 162 738 488 136 10443 195 157 691 593 1138 122 1372 234 858 224 117 131 1047 161 501 639 156 152 400 176 1169 895 272 10697 958 150 356 158 132 790 140 166 269 7515 2604 2937 638 158 470 128 112 156 206 577 415 161 745 481 117 295 1277 176 289 750 281 253 120 407 219 136 698 160 913 1989 1909 107 427 1594 12206
internal_value=0 -0.00276676 -0.00690531 0.0136489 0.00297688 0.00542471 0.00827579 0.0105798 0.00903456 0.0118393 0.0138964 -0.00827699 -0.00821937 -0.00716397 -0.000547385 -0.00837155 -0.00567147 -0.000979376 0.00772259 0.0216523 0.000430058 -0.00230797 0.00170927 0.0037655 -0.00778445 0.000875015 0.000172459 0.00383774 -0.00247375 -0.000445283 0.0170262 -0.00395725 0.00227843 -0.00494993 0.0140612 0.0139826 0.0194453 0.00211409 0.00599841 0.00714413 -0.0038925 0.000679698 0.00331527 -0.000153483 0.00432781 0.00302368 -0.00107243 -0.0058599 -0.00820738 -0.00778428 -0.00163128 0.0050856 0.00300499 0.00721889 0.00261122 0.00349077 0.00976459 -0.00847864 -0.00807466 -0.0053917 -0.0058565 -0.00492795 0.0301334 -0.00568016 0.0128959 0.00360944 0.00506121 0.0105332 0.00268727 -0.00668857 -0.000614434 0.00195275 -0.00332906 0.0174693 -0.00601982 -0.00653509 -0.000253497 -0.00107053 -0.00266004 0.00243767 0.00294978 0.00369854 0.000479503 -0.00328728 -0.00174233 -0.00285104 -0.00352684 -0.00653027 -0.00590885 -0.00715926 0.00131056 -0.00873238 -0.00850584 -0.00868145
internal_weight=0 172070 137424 34646 16750 8541 4589 3613 3401 2531 34170 120674 315397 35889 3077 118089 4505 1438 1783 748 8209 2614 5595 3217 32812 870 1876 848 2635 1731 484 2585 355 2230 33576 33093 483 3952 1515 1308 1303 392 2744 620 2124 3081 2378 911 26909 16212 700 1147 646 290 2919 2129 306 113584 27072 5330 5903 2966 264 5061 259 1972 1051 318 733 2457 1208 921 969 268 1987 1692 976 800 1388 1823 1542 1289 1409 550 355 1028 858 5769 2902 2867 1002 21742 14227 13800
internal_count=487467 172070 137424 34646 16750 8541 4589 3613 3401 2531 34170 120674 315397 35889 3077 118089 4505 1438 1783 748 8209 2614 5595 3217 32812 870 1876 848 2635 1731 484 2585 355 2230 33576 33093 483 3952 1515 1308 1303 392 2744 620 2124 3081 2378 911 26909 16212 700 1147 646 290 2919 2129 306 113584 27072 5330 5903 2966 264 5061 259 1972 1051 318 733 2457 1208 921 969 268 1987 1692 976 800 1388 1823 1542 1289 1409 550 355 1028 858 5769 2902 2867 1002 21742 14227 13800
is_linear=0
shrinkage=0.0951581


Tree=77
num_leaves=95
num_cat=0
split_feature=4 2 4 4 0 2 2 2 2 2 2 2 0 2 2 2 2 2 2 2 2 2 2 2 0 2 2 0 2 2 2 2 2 2 2 2 2 2 2 2 0 2 2 2 2 2 0 0 2 0 2 2 2 2 0 0 2 2 2 2 2 2 2 2 2 2 2 2 2 0 2 2 2 2 0 2 2 0 2 2 2 4 2 2 2 2 2 2 0 4 2 2 0 2
split_gain=361.935 1292.89 205.173 15.5348 12.4789 59.0261 11.1726 6.16384 10.7207 5.47746 5.05764 7.3022 5.29544 15.6066 9.57338 3.56312 3.2022 4.51485 3.47598 4.42901 3.13646 9.49717 2.47061 17.6826 2.33194 2.29593 5.27109 2.2899 4.2874 2.32226 2.04233 1.84656 1.81737 18.0476 3.18845 1.67961 3.66591 1.61305 3.03099 2.64552 1.56749 1.49282 5.97972 1.15617 2.20401 2.65607 1.13169 1.1263 1.10237 1.08413 1.04301 0.989657 0.844839 0.705157 1.82123 0.682771 0.682331 0.672059 1.5534 2.10168 0.62998 0.557358 1.33609 0.555479 0.539372 0.529197 0.487987 0.868963 0.463554 0.521939 0.432144 0.425092 1.75358 0.503818 0.658131 0.414242 0.407433 0.65235 0.426593 0.401503 0.537256 0.3998 0.38135 0.370215 0.364164 0.34766 0.342758 0.323064 0.290709 0.289725 0.486425 1.3983 0.280499 0.427872
threshold=0.15000000223517421 0.10388386249542238 0.25000000745058065 0.25000000745058065 1.5000000000000002 0.10559467971324922 0.19101010262966159 0.15460605919361117 0.15629401057958606 0.1067231632769108 0.1633739769458771 0.16370223462581637 2.5000000000000004 0.17660956084728244 0.18897569924592975 0.17006493359804156 0.20240999013185504 0.20071429014205935 0.24515175819396975 0.24171940237283709 0.10388386249542238 0.10458041727542879 0.1139211878180504 0.11240384355187417 1.5000000000000002 0.19699231535196307 0.1981649845838547 1.5000000000000002 0.10458041727542879 0.10594117641448976 0.15803226083517077 0.168457105755806 0.10074627026915552 0.10259784013032915 0.1067231632769108 0.14379280805587771 0.14586748182773593 0.10259784013032915 0.10074627026915552 0.10317540168762208 2.5000000000000004 0.16505814343690875 0.17660956084728244 0.11630280315876008 0.12516666948795321 0.12782331556081775 2.5000000000000004 1.5000000000000002 0.17394282668828967 1.5000000000000002 0.20439612865448001 0.15298574417829516 0.25920708477497106 0.16587346047163012 1.5000000000000002 1.5000000000000002 0.14415185153484347 0.22736185789108279 0.22410600632429126 0.22547236829996112 0.14451952278614047 0.1072077937424183 0.1067231632769108 0.17089758068323138 0.1483045965433121 0.10347852483391763 0.10388386249542238 0.10458041727542879 0.14620192348957065 1.5000000000000002 0.10481997579336168 0.18843366950750354 0.18758561462163928 0.18346994370222094 1.5000000000000002 0.14586748182773593 0.14895787835121158 1.5000000000000002 0.13759057968854907 0.14670995622873309 0.14790198951959613 0.35000000894069677 0.1779797971248627 0.14503520727157596 0.16159114986658099 0.16259328275918963 0.10594117641448976 0.11504717171192171 1.5000000000000002 0.35000000894069677 0.22039676457643512 0.21946247667074206 3.5000000000000004 0.32517604529857641
decision_type=2 2 2 2 2 2 2 2 2 2 2 2 2 2 2 2 2 2 2 2 2 2 2 2 2 2 2 2 2 2 2 2 2 2 2 2 2 2 2 2 2 2 2 2 2 2 2 2 2 2 2 2 2 2 2 2 2 2 2 2 2 2 2 2 2 2 2 2 2 2 2 2 2 2 2 2 2 2 2 2 2 2 2 2 2 2 2 2 2 2 2 2 2 2
left_child=4 3 9 37 32 20 7 43 24 27 30 -12 14 15 31 -14 17 25 19 50 -6 -22 23 61 -9 -8 -27 28 -3 70 47 53 -1 -34 66 -11 49 38 -2 -39 64 -42 -43 -4 -45 -46 51 -10 63 56 -18 76 81 55 -55 -13 -37 58 89 -60 -58 62 -7 -33 68 -41 -35 -68 -38 79 -29 72 73 74 82 -48 78 -78 -47 -70 -81 -20 -50 -62 -32 -86 -30 -36 -28 90 91 -52 -54 -94
right_child=1 2 6 -5 5 22 16 8 10 35 11 12 13 -15 -16 -17 18 -19 52 -21 21 -23 -24 -25 -26 26 88 29 86 -31 84 48 33 34 87 36 40 39 -40 65 41 42 -44 44 45 46 75 -49 71 -51 57 -53 92 54 -56 -57 60 -59 59 -61 83 -63 -64 -65 -66 -67 67 -69 69 -71 -72 -73 -74 -75 -76 -77 77 -79 -80 80 -82 -83 -84 -85 85 -87 -88 -89 -90 -91 -92 -93 93 -95
leaf_value=-4.3106648828914145e-06 2.9807674608947261e-05 1.5266480122245916e-06 1.7479394199339278e-05 4.7287068808294467e-05 3.2557349169432093e-08 -9.0001629424676294e-06 -2.1629342002216436e-05 4.3106652040626691e-06 3.0752834875929626e-05 0 4.3106652040626691e-06 4.3106652040626691e-06 4.3106652040626691e-06 7.7875574471784781e-05 4.3106652040626691e-06 4.3106652040626691e-06 4.3106652040626691e-06 -1.3168728995287176e-05 -1.3168728995287176e-05 3.5226579090952999e-07 0.0024646101047471284 0.0001449188846718039 -2.6711411021299192e-05 6.949994818870932e-06 4.3106652040626691e-06 4.2955007322981424e-06 -0.0050590134828787615 -6.4601546011083289e-07 0 2.4746223427161382e-05 -4.6196433764931057e-06 0.00020863720153763965 1.5006955887802356e-05 -1.6401576555220695e-05 -3.2721927192503982e-05 0 0 1.3618129892711948e-06 -2.9925074497834051e-05 1.8582724756896678e-05 0 4.3106652040626691e-06 0 -5.3398117069277191e-05 1.7479394199339278e-05 1.7479394199339278e-05 -0.00026429669321781981 4.3106652040626691e-06 4.3106652040626691e-06 0 4.3106652040626691e-06 -4.2977278181251843e-05 -0.00010398743374019574 4.3106652040626691e-06 4.3106652040626691e-06 -0.00085618453780569306 0 4.3106652040626691e-06 4.3106652040626691e-06 4.3106652040626691e-06 0 -2.6711411021299192e-05 1.8259684320130671e-05 -4.0157252387861202e-05 0 4.9585091401141132e-05 -2.1656773314457467e-05 -6.7483557978996629e-05 0 0 -0.00095216830573080589 -0.00017338716935488282 4.3106652040626691e-06 -3.30441777459313e-05 4.3106652040626691e-06 -0.0010607631193338862 1.7479394199339278e-05 0.00016234075872853673 4.7403162119316124e-06 0 0 3.2900907393668104e-05 4.3106652040626691e-06 0 1.8934655922632915e-05 -8.0949969428637002e-05 0 -7.8186703931741293e-05 4.3671197521364454e-05 -0.00037214213528874142 -0.00010324102844089222 4.3106652040626691e-06 0.00019967976277610223 -0.00086542926079603551
leaf_weight=279508 33104 264 240 942 176 284 1028 139 159 87108 109 134 201 384 234 213 162 738 575 136 115 200 2482 229 172 157 177 146 1031 240 785 223 412 1351 16255 195 550 224 117 131 466 117 345 495 158 459 143 193 156 1181 1169 209 1094 183 221 130 634 790 140 166 352 1069 116 292 24036 128 1023 4232 321 826 286 140 162 331 388 119 214 247 828 926 250 150 172 782 169 139 618 7945 514 281 253 120 197 362
leaf_count=279508 33104 264 240 942 176 284 1028 139 159 87108 109 134 201 384 234 213 162 738 575 136 115 200 2482 229 172 157 177 146 1031 240 785 223 412 1351 16255 195 550 224 117 131 466 117 345 495 158 459 143 193 156 1181 1169 209 1094 183 221 130 634 790 140 166 352 1069 116 292 24036 128 1023 4232 321 826 286 140 162 331 388 119 214 247 828 926 250 150 172 782 169 139 618 7945 514 281 253 120 197 362
internal_value=0 -0.00277893 -0.00692054 0.0136489 -0.00820458 -0.00332269 0.00294848 0.00535786 0.00729329 -0.0082904 0.00625091 0.00812717 0.00738516 0.0142141 0.005415 0.0270304 0.00044165 -0.00230797 0.00172628 0.0037655 0.0278885 0.0222036 -0.00698889 -0.00419189 0.0244474 0.000172459 0.00383774 -0.00395725 -0.00563587 0.000821303 0.0014817 0.00371312 -0.00827797 -0.00758936 -0.00785396 -0.00838525 -0.00778349 0.0139857 0.0139064 0.0194453 -0.00813136 -0.00428622 -0.000453136 0.00198144 0.00145122 0.00265418 0.00180539 0.00778566 0.00217475 -0.00470343 0.00302368 0.00259168 -0.00103242 0.00800581 0.0105051 0.00418119 -0.00607403 0.00261122 0.00349077 0.00976459 -0.00666322 -0.00802593 -0.0049958 -0.00157057 -0.00826396 0.0128959 -0.00600104 -0.00558635 -0.0070317 -0.00644355 -0.00334816 0.00360458 0.0041794 0.00275386 0.00417313 -0.00406783 0.00333162 0.00575902 0.00246213 -0.00538403 -0.00619822 -0.0037407 0.00731092 -0.00532013 -0.000548489 0.00222447 -0.00743838 -0.00835976 0.000261648 0.00243767 0.00294978 0.00369854 0.000155428 0.00188954
internal_weight=0 172070 137424 34646 315397 4671 16750 8541 5429 120674 5118 3673 3564 798 2766 414 8209 2614 5595 3217 491 315 4180 1698 311 1876 848 2585 1913 672 1445 2532 310726 31218 30806 118089 30981 33704 33221 483 27837 928 462 3112 2872 2377 2219 352 1864 3144 3081 1957 2378 668 404 264 1963 2919 2129 306 1768 1469 400 515 26909 259 6606 5255 2873 2323 432 1349 1209 1047 716 262 1748 461 1287 1497 1176 725 328 1134 1093 308 1649 24200 691 1823 1542 1289 1653 559
internal_count=487467 172070 137424 34646 315397 4671 16750 8541 5429 120674 5118 3673 3564 798 2766 414 8209 2614 5595 3217 491 315 4180 1698 311 1876 848 2585 1913 672 1445 2532 310726 31218 30806 118089 30981 33704 33221 483 27837 928 462 3112 2872 2377 2219 352 1864 3144 3081 1957 2378 668 404 264 1963 2919 2129 306 1768 1469 400 515 26909 259 6606 5255 2873 2323 432 1349 1209 1047 716 262 1748 461 1287 1497 1176 725 328 1134 1093 308 1649 24200 691 1823 1542 1289 1653 559
is_linear=0
shrinkage=0.0951581


Tree=78
num_leaves=25
num_cat=0
split_feature=4 4 0 0 3 0 3 0 0 3 4 3 4 0 4 3 0 0 3 4 3 0 3 3
split_gain=363.91 69.6516 114.198 7.95757 5.2067 2.12229 1.7994 9.48823 1.25158 2.26117 1.84402 0.622531 0.682654 0.380298 0.113571 0.129298 0.113127 0.162851 0.0447902 0.0228478 0.0103558 0.00833134 0.00164682 0.00130872
threshold=0.15000000223517421 0.25000000745058065 1.5000000000000002 1.5000000000000002 0.15000000223517421 1.5000000000000002 0.15000000223517421 2.5000000000000004 2.5000000000000004 0.15000000223517421 0.35000000894069677 0.15000000223517421 0.35000000894069677 3.5000000000000004 0.59999999403953563 0.35000000894069677 4.5000000000000009 3.5000000000000004 0.25000000745058065 0.35000000894069677 0.25000000745058065 2.5000000000000004 0.25000000745058065 0.15000000223517421
decision_type=2 2 2 2 2 2 2 2 2 2 2 2 2 2 2 2 2 2 2 2 2 2 2 2
left_child=3 2 4 -1 -2 11 21 -8 19 -10 13 -3 -13 -11 15 16 17 20 -19 23 -12 -4 -21 -7
right_child=1 5 6 -5 -6 8 7 -9 9 10 14 12 -14 -15 -16 -17 -18 18 -20 22 -22 -23 -24 -25
leaf_value=-3.900470250963741e-06 0 1.5816088453080268e-05 0 -2.3387133513030829e-05 0 1.6268611375266284e-05 0 3.9004705415727247e-06 -0.00023914672500190893 3.9004705415727247e-06 0.00034222881264545313 3.9004705415727247e-06 0.0011085613670743873 3.9004705415727247e-06 0.0054971052213983818 -0.0005954654230997475 -0.0007830766663040503 0.00083866779672299766 4.0470381206877612e-05 4.71285157137361e-05 0.0011337202620824713 0 0.00066216662042565633 3.9004705415727247e-06
leaf_weight=310726 113386 2798 34831 4671 1992 1364 2491 150 581 2151 243 3390 478 215 143 146 137 140 167 467 259 1528 223 4790
leaf_count=310726 113386 2798 34831 4671 1992 1364 2491 150 581 2151 243 3390 478 215 143 146 137 140 167 467 259 1528 223 4790
internal_value=0 -0.00277893 -0.00342704 -0.00821937 -0.00192233 0.00287647 -0.0078786 -0.00548033 0.0020661 0.00336307 0.00425185 0.00421687 0.004999 0.00580762 0.00127134 0.000941122 0.0013479 0.00177613 0.00350256 0.00127359 0.000720318 -0.00805281 0.00179283 0.00121537
internal_weight=0 172070 154378 315397 115378 17692 39000 2641 11026 4182 3601 6666 3868 2366 1235 1092 946 809 307 6844 502 36359 690 6154
internal_count=487467 172070 154378 315397 115378 17692 39000 2641 11026 4182 3601 6666 3868 2366 1235 1092 946 809 307 6844 502 36359 690 6154
is_linear=0
shrinkage=0.0951581


Tree=79
num_leaves=95
num_cat=0
split_feature=4 2 4 4 2 0 2 2 2 2 2 2 0 2 2 2 2 2 2 2 0 2 2 2 2 2 0 2 2 2 2 2 2 2 2 2 2 2 2 0 2 2 0 2 2 2 2 0 2 0 2 2 0 2 0 0 2 2 2 2 2 2 2 2 2 2 2 0 2 2 2 2 0 2 2 2 2 0 0 0 2 2 2 2 2 2 2 2 2 2 2 2 0 4
split_gain=360.883 1296.46 196.757 15.5348 12.7659 7.95757 37.556 6.59698 10.7207 5.47746 5.05764 7.3022 5.29544 15.6066 9.57338 4.61927 4.80523 3.56312 2.47061 17.6826 2.33194 2.32693 4.51485 3.53526 2.29593 5.27109 2.2899 4.2874 2.32226 2.04233 1.84656 1.81737 18.0476 3.18845 1.67961 3.66591 1.61305 3.03099 2.64552 1.56749 1.49282 5.97972 1.41021 1.56903 1.20139 3.35068 3.97511 1.1263 1.10237 1.08413 1.04906 0.867315 0.737604 0.705157 1.82123 0.682771 0.682331 0.680447 0.62998 0.557358 1.33609 0.556811 3.18921 0.555479 0.539372 0.529197 0.489667 0.64627 0.603874 0.487987 0.868963 0.463554 0.521939 0.432144 0.425092 1.75358 0.503818 0.658131 0.417554 0.699627 0.401503 0.537256 0.38135 0.371605 0.474078 0.370215 0.364164 0.363145 0.34766 0.344752 0.342758 0.323064 0.290709 0.289725
threshold=0.15000000223517421 0.10388386249542238 0.25000000745058065 0.25000000745058065 0.19101010262966159 1.5000000000000002 0.10421099141240121 0.15460605919361117 0.15629401057958606 0.1067231632769108 0.1633739769458771 0.16370223462581637 2.5000000000000004 0.17660956084728244 0.18897569924592975 0.10559467971324922 0.10504237189888956 0.17006493359804156 0.1139211878180504 0.11240384355187417 1.5000000000000002 0.20240999013185504 0.20071429014205935 0.23357842862606051 0.19699231535196307 0.1981649845838547 1.5000000000000002 0.10458041727542879 0.10594117641448976 0.15803226083517077 0.168457105755806 0.10074627026915552 0.10259784013032915 0.1067231632769108 0.14379280805587771 0.14586748182773593 0.10259784013032915 0.10074627026915552 0.10317540168762208 2.5000000000000004 0.16505814343690875 0.17660956084728244 1.5000000000000002 0.15298574417829516 0.11630280315876008 0.12516666948795321 0.12846482545137408 1.5000000000000002 0.17394282668828967 1.5000000000000002 0.14859127253293994 0.20439612865448001 3.5000000000000004 0.16587346047163012 1.5000000000000002 1.5000000000000002 0.14415185153484347 0.13504385948181155 0.14451952278614047 0.1072077937424183 0.1067231632769108 0.22410600632429126 0.22547236829996112 0.17089758068323138 0.1483045965433121 0.10347852483391763 0.13058389723300937 2.5000000000000004 0.13893597573041919 0.10388386249542238 0.10458041727542879 0.14620192348957065 1.5000000000000002 0.10481997579336168 0.18843366950750354 0.18758561462163928 0.18346994370222094 1.5000000000000002 2.5000000000000004 1.5000000000000002 0.14670995622873309 0.14790198951959613 0.1779797971248627 0.14379280805587771 0.14765568077564242 0.14503520727157596 0.16159114986658099 0.14586748182773593 0.16259328275918963 0.32517604529857641 0.10594117641448976 0.11504717171192171 1.5000000000000002 0.35000000894069677
decision_type=2 2 2 2 2 2 2 2 2 2 2 2 2 2 2 2 2 2 2 2 2 2 2 2 2 2 2 2 2 2 2 2 2 2 2 2 2 2 2 2 2 2 2 2 2 2 2 2 2 2 2 2 2 2 2 2 2 2 2 2 2 2 2 2 2 2 2 2 2 2 2 2 2 2 2 2 2 2 2 2 2 2 2 2 2 2 2 2 2 2 2 2 2 2
left_child=5 3 9 36 7 31 -7 42 20 26 29 -12 14 17 30 16 -8 -14 19 59 -9 22 24 51 -6 -26 27 -3 73 47 53 -1 -33 69 -11 49 37 -2 -38 64 -41 -42 43 44 -4 -46 -47 -10 63 56 57 -23 -25 55 -55 -13 -36 -48 -58 60 -17 93 -63 -32 71 -40 -44 68 -68 -34 -71 -37 80 -28 75 76 77 82 79 -64 -73 -82 -50 -70 -85 -60 -31 -69 -88 -54 -29 -35 -27 -53
right_child=1 2 4 -5 21 6 15 8 10 34 11 12 13 -15 -16 18 -18 -19 -20 -21 -22 23 -24 52 25 92 28 90 -30 86 48 32 33 91 35 39 38 -39 65 40 41 -43 66 -45 45 46 50 -49 74 -51 -52 61 89 54 -56 -57 58 -59 85 -61 -62 62 78 -65 -66 -67 67 87 83 70 -72 72 -74 -75 -76 -77 -78 -79 -80 -81 81 -83 -84 84 -86 -87 88 -89 -90 -91 -92 -93 -94 -95
leaf_value=-3.5293089562667469e-06 2.6971233260105411e-05 1.3813751050346481e-06 1.4311059702806872e-05 4.1282292962917565e-05 -1.9942296476558605e-05 2.2549341828187708e-06 -2.3272405815861058e-06 3.5293092192240274e-06 2.6321425132152952e-05 0 3.5293092192240274e-06 3.5293092192240274e-06 3.5293092192240274e-06 9.3221828942829682e-05 3.5293092192240274e-06 -5.918249708751839e-06 0.0001333541554969744 3.5293092192240274e-06 -2.1944129269258948e-05 8.5141215231652982e-06 3.5293092192240274e-06 3.5293092192240274e-06 -1.2286779233866805e-05 -1.2286779233866805e-05 3.5155877696133957e-06 -0.0045779785897053478 -5.8454186356048371e-07 0 2.2391420099584598e-05 -4.5512082639665321e-06 0.00018841252285401374 1.3950083940763005e-05 -1.4469672581406462e-05 -2.9237009842688372e-05 0 0 1.2322254678420435e-06 -2.7077461599933907e-05 1.6814428183408501e-05 0 3.5293092192240274e-06 0 -8.560691948191905e-05 -3.9258803847909022e-05 -4.9821883051063603e-05 1.4311059702806872e-05 1.4311059702806872e-05 3.5293092192240274e-06 3.5293092192240274e-06 0 1.4311059702806872e-05 3.5293092192240274e-06 0.00017682753403769344 3.5293092192240274e-06 3.5293092192240274e-06 -0.00077625974345212209 0 2.7842080303857905e-06 0 -2.1944129269258948e-05 1.8747602586001014e-05 3.5293092192240274e-06 -0.00043299316162676954 -3.6707126319526195e-05 0 4.4866668867970593e-05 0.00065741594938886034 -0.00021638997969605444 -0.0022299525826460567 -1.9224794860504321e-05 -6.0690790278237649e-05 0 0 -0.00086156178949417593 -0.00015725913901035833 3.5293092192240274e-06 -3.0270918266368271e-05 3.5293092192240274e-06 -0.00023487783176437012 3.5293092192240274e-06 0 0 3.5293092192240274e-06 1.1774584360138133e-05 7.347349827237566e-06 0 1.5593392356107966e-05 -0.00096019408949814418 -7.4751953795636347e-05 -0.00070856058731573707 0 -7.0375445317440139e-05 3.5030870341807517e-05 -0.00034121446039985203
leaf_weight=279508 33104 264 195 942 1028 217 125 139 159 87108 109 134 201 384 234 284 149 213 2482 229 172 162 738 2393 157 177 146 1031 240 785 223 412 1351 16255 195 550 224 117 131 466 117 345 351 150 320 115 187 193 156 1181 222 1542 258 183 221 130 634 553 352 1069 116 140 134 292 24036 128 139 126 155 1023 4232 321 826 286 140 162 331 388 163 160 926 250 172 127 353 782 169 119 139 362 618 7945 514 281
leaf_count=279508 33104 264 195 942 1028 217 125 139 159 87108 109 134 201 384 234 284 149 213 2482 229 172 162 738 2393 157 177 146 1031 240 785 223 412 1351 16255 195 550 224 117 131 466 117 345 351 150 320 115 187 193 156 1181 222 1542 258 183 221 130 634 553 352 1069 116 140 134 292 24036 128 139 126 155 1023 4232 321 826 286 140 162 331 388 163 160 926 250 172 127 353 782 169 119 139 362 618 7945 514 281
internal_value=0 -0.0028016 -0.00694893 0.0136489 0.00271555 -0.00821937 -0.00432093 0.00529101 0.00729329 -0.0082904 0.00625091 0.00812717 0.00738516 0.0142141 0.005415 -0.00620429 0.00576505 0.0270304 -0.00698889 -0.00419189 0.0244474 3.59327e-05 -0.00230797 0.00113101 0.000172459 0.00383774 -0.00395725 -0.00563587 0.000821303 0.0014817 0.00371312 -0.00827797 -0.00758936 -0.00785396 -0.00838525 -0.00778349 0.0139857 0.0139064 0.0194453 -0.00813136 -0.00428622 -0.000453136 0.00179797 0.00359437 0.00447099 0.00349435 0.00603463 0.00778566 0.00217475 -0.00470343 0.00403581 0.00371492 -0.00108328 0.00800581 0.0105051 0.00418119 -0.00607403 0.00231465 -0.00666322 -0.00802593 -0.0049958 0.00326368 0.00578599 -0.00157057 -0.00826396 0.0128959 -0.000486211 0.000569639 0.00191791 -0.00600104 -0.00558635 -0.0070317 -0.00644355 -0.00334816 0.00360458 0.0041794 0.00275386 0.00417313 0.00193648 0.0040782 -0.00538403 -0.00619822 0.00731092 0.000674346 0.00198246 -0.00532013 -0.000548489 -0.00368981 0.00222447 0.00184177 -0.00743838 -0.00835976 0.000261648 0.00243767
internal_weight=0 172070 137424 34646 16750 315397 4671 8541 5429 120674 5118 3673 3564 798 2766 4454 274 414 4180 1698 311 8209 2614 5595 1876 848 2585 1913 672 1445 2532 310726 31218 30806 118089 30981 33704 33221 483 27837 928 462 3112 1742 1592 1397 1077 352 1864 3144 962 2582 3013 668 404 264 1963 740 1768 1469 400 2420 597 515 26909 259 1370 1019 774 6606 5255 2873 2323 432 1349 1209 1047 716 457 294 1497 1176 328 635 480 1134 1093 245 308 620 1649 24200 691 1823
internal_count=487467 172070 137424 34646 16750 315397 4671 8541 5429 120674 5118 3673 3564 798 2766 4454 274 414 4180 1698 311 8209 2614 5595 1876 848 2585 1913 672 1445 2532 310726 31218 30806 118089 30981 33704 33221 483 27837 928 462 3112 1742 1592 1397 1077 352 1864 3144 962 2582 3013 668 404 264 1963 740 1768 1469 400 2420 597 515 26909 259 1370 1019 774 6606 5255 2873 2323 432 1349 1209 1047 716 457 294 1497 1176 328 635 480 1134 1093 245 308 620 1649 24200 691 1823
is_linear=0
shrinkage=0.0951581


Tree=80
num_leaves=95
num_cat=0
split_feature=4 2 4 4 2 0 2 2 2 2 2 2 0 2 2 2 2 2 2 2 2 2 2 2 0 2 2 0 2 2 2 2 2 2 2 2 2 0 2 2 2 2 0 2 2 2 2 2 0 2 0 2 2 2 2 2 2 0 0 2 2 2 2 2 2 2 2 2 2 2 2 2 2 0 2 2 2 2 0 2 2 2 2 2 2 2 2 0 0 4 2 0 4 2
split_gain=362.875 1294.11 202.279 15.5348 10.7772 7.95757 37.556 6.96916 10.7207 5.47746 5.05764 7.3022 5.29544 15.6066 9.57338 4.61927 4.80523 3.56312 3.12172 4.51485 3.6521 4.42901 2.47061 17.6826 2.33194 2.29593 5.27109 2.2899 4.2874 2.32226 2.04233 1.84656 1.81737 18.0476 3.18845 1.67961 3.66591 1.66046 1.61305 3.03099 2.64552 1.56903 1.56749 1.49282 5.97972 1.20139 3.35068 3.97511 1.1263 1.10237 1.08413 1.04906 1.04301 1.0008 0.936054 0.809459 0.705157 1.82123 0.682771 0.682331 0.680447 0.672059 1.5534 2.10168 0.62998 0.557358 1.33609 0.555479 0.539372 0.529197 0.487987 0.868963 0.463554 0.521939 0.432144 0.425092 1.75358 0.503818 0.658131 0.401503 0.537256 0.38135 0.370215 0.364164 0.34766 0.342758 0.323064 0.299431 0.432115 0.765462 0.427872 0.290709 0.289725 0.486425
threshold=0.15000000223517421 0.10388386249542238 0.25000000745058065 0.25000000745058065 0.19101010262966159 1.5000000000000002 0.10421099141240121 0.15460605919361117 0.15629401057958606 0.1067231632769108 0.1633739769458771 0.16370223462581637 2.5000000000000004 0.17660956084728244 0.18897569924592975 0.10559467971324922 0.10504237189888956 0.17006493359804156 0.20240999013185504 0.20071429014205935 0.24515175819396975 0.24171940237283709 0.1139211878180504 0.11240384355187417 1.5000000000000002 0.19699231535196307 0.1981649845838547 1.5000000000000002 0.10458041727542879 0.10594117641448976 0.15803226083517077 0.168457105755806 0.10074627026915552 0.10259784013032915 0.1067231632769108 0.14379280805587771 0.14586748182773593 1.5000000000000002 0.10259784013032915 0.10074627026915552 0.10317540168762208 0.15298574417829516 2.5000000000000004 0.16505814343690875 0.17660956084728244 0.11630280315876008 0.12516666948795321 0.12846482545137408 1.5000000000000002 0.17394282668828967 1.5000000000000002 0.14859127253293994 0.20439612865448001 0.14379280805587771 0.25920708477497106 0.14765568077564242 0.16587346047163012 1.5000000000000002 1.5000000000000002 0.14415185153484347 0.13504385948181155 0.22736185789108279 0.22410600632429126 0.22547236829996112 0.14451952278614047 0.1072077937424183 0.1067231632769108 0.17089758068323138 0.1483045965433121 0.10347852483391763 0.10388386249542238 0.10458041727542879 0.14620192348957065 1.5000000000000002 0.10481997579336168 0.18843366950750354 0.18758561462163928 0.18346994370222094 1.5000000000000002 0.14670995622873309 0.14790198951959613 0.1779797971248627 0.14503520727157596 0.16159114986658099 0.16259328275918963 0.10594117641448976 0.11504717171192171 3.5000000000000004 2.5000000000000004 0.35000000894069677 0.32517604529857641 1.5000000000000002 0.35000000894069677 0.22039676457643512
decision_type=2 2 2 2 2 2 2 2 2 2 2 2 2 2 2 2 2 2 2 2 2 2 2 2 2 2 2 2 2 2 2 2 2 2 2 2 2 2 2 2 2 2 2 2 2 2 2 2 2 2 2 2 2 2 2 2 2 2 2 2 2 2 2 2 2 2 2 2 2 2 2 2 2 2 2 2 2 2 2 2 2 2 2 2 2 2 2 2 2 2 2 2 2 2
left_child=5 3 9 38 7 32 -7 37 24 27 30 -12 14 17 31 16 -8 -14 19 25 21 52 23 65 -9 -6 -27 28 -3 74 48 56 -1 -34 70 -11 50 41 39 -2 -40 45 68 -44 -45 -4 -47 -48 -10 67 59 60 -20 -39 -22 -55 58 -58 -13 -37 -49 62 92 -64 -61 66 -17 -33 72 -42 -35 -72 -38 79 -29 76 77 78 81 -74 -81 -51 -66 -32 -85 -30 -36 88 89 -56 -89 -28 93 -54
right_child=1 2 4 -5 18 6 15 8 10 35 11 12 13 -15 -16 22 -18 -19 20 -21 54 -23 -24 -25 -26 26 91 29 85 -31 83 49 33 34 86 36 42 53 40 -41 69 -43 43 44 -46 46 47 51 -50 75 -52 -53 61 55 87 -57 57 -59 -60 64 -62 -63 63 -65 82 -67 -68 -69 -70 -71 71 -73 73 -75 -76 -77 -78 -79 -80 80 -82 -83 -84 84 -86 -87 -88 90 -90 -91 -92 -93 -94 -95
leaf_value=-3.1934666610282859e-06 2.4404702249154713e-05 1.2499260900558613e-06 1.2949246612075227e-05 3.735394886123258e-05 -1.8044625656574375e-05 2.0403589554995443e-06 -2.1057848155482051e-06 3.193466898964466e-06 2.381672862077651e-05 0 3.193466898964466e-06 3.193466898964466e-06 3.193466898964466e-06 8.43510178615529e-05 3.193466898964466e-06 -5.3550803771319652e-06 0.00012066442891971204 3.193466898964466e-06 3.193466898964466e-06 -1.1117592803852971e-05 -1.1117592803852971e-05 1.1167699591430042e-06 -1.9855967866524914e-05 7.7039339907863014e-06 3.193466898964466e-06 3.1810511562728443e-06 -0.0041423468963139986 -5.289179769722202e-07 0 2.026069535627742e-05 -4.1181239836090047e-06 0.00017048354726386996 1.2622620613667355e-05 -1.3092766192278102e-05 -2.645487186237782e-05 0 0 -7.7460728631706423e-05 1.1149692472914935e-06 -2.4500822103181709e-05 1.5214399332374218e-05 -3.5523011103214565e-05 0 3.193466898964466e-06 0 -4.5080927877030454e-05 1.2949246612075227e-05 1.2949246612075227e-05 3.193466898964466e-06 3.193466898964466e-06 0 1.2949246612075227e-05 3.193466898964466e-06 1.3564358447330443e-05 4.9675127645121016e-05 -7.7188676881726833e-06 3.193466898964466e-06 3.193466898964466e-06 -0.00070239234981423436 0 2.5192681152524588e-06 3.193466898964466e-06 3.193466898964466e-06 3.193466898964466e-06 0 -1.9855967866524914e-05 1.6963616553403496e-05 -3.321414633179357e-05 0 4.0597242405441265e-05 -1.7395400123050153e-05 -5.4915570664581072e-05 0 0 -0.00077957721617995582 -0.00014229465988797903 3.193466898964466e-06 -2.7390395536413274e-05 3.193466898964466e-06 0 0 3.193466898964466e-06 0 1.4109554940814818e-05 -6.7638700734660068e-05 0 -6.367865243908443e-05 0.00016000096384265577 -0.0005376328850314712 -7.3996590416139089e-05 -0.00064113531599253003 3.1697399669340041e-05 -0.00030874514446030876 -9.4123813126184406e-05
leaf_weight=279508 33104 264 195 942 1028 217 125 139 159 87108 109 134 201 384 234 284 149 213 162 738 725 136 2482 229 172 157 177 146 1031 240 785 223 412 1351 16255 195 550 750 224 117 131 150 466 117 345 320 115 187 193 156 1181 222 1289 166 128 454 183 221 130 634 553 790 140 166 352 1069 116 292 24036 128 1023 4232 321 826 286 140 162 331 388 926 250 172 782 169 139 618 7945 197 589 377 362 514 281 253
leaf_count=279508 33104 264 195 942 1028 217 125 139 159 87108 109 134 201 384 234 284 149 213 162 738 725 136 2482 229 172 157 177 146 1031 240 785 223 412 1351 16255 195 550 750 224 117 131 150 466 117 345 320 115 187 193 156 1181 222 1289 166 128 454 183 221 130 634 553 790 140 166 352 1069 116 292 24036 128 1023 4232 321 826 286 140 162 331 388 926 250 172 782 169 139 618 7945 197 589 377 362 514 281 253
internal_value=0 -0.00278667 -0.00693023 0.0136489 0.00286894 -0.00821937 -0.00432093 0.00523531 0.00729329 -0.0082904 0.00625091 0.00812717 0.00738516 0.0142141 0.005415 -0.00620429 0.00576505 0.0270304 0.000406874 -0.00230797 0.00167526 0.0037655 -0.00698889 -0.00419189 0.0244474 0.000172459 0.00383774 -0.00395725 -0.00563587 0.000821303 0.0014817 0.00371312 -0.00827797 -0.00758936 -0.00785396 -0.00838525 -0.00778349 0.00164508 0.0139857 0.0139064 0.0194453 0.00359437 -0.00813136 -0.00428622 -0.000453136 0.00447099 0.00349435 0.00603463 0.00778566 0.00217475 -0.00470343 0.00403581 0.00302368 -0.000833504 -0.00115246 0.00199525 0.00800581 0.0105051 0.00418119 -0.00607403 0.00231465 0.00261122 0.00349077 0.00976459 -0.00666322 -0.00802593 -0.0049958 -0.00157057 -0.00826396 0.0128959 -0.00600104 -0.00558635 -0.0070317 -0.00644355 -0.00334816 0.00360458 0.0041794 0.00275386 0.00417313 -0.00538403 -0.00619822 0.00731092 -0.00532013 -0.000548489 0.00222447 -0.00743838 -0.00835976 9.78615e-05 -0.000817631 0.0012248 0.00188954 0.000261648 0.00243767 0.00294978
internal_weight=0 172070 137424 34646 16750 315397 4671 8541 5429 120674 5118 3673 3564 798 2766 4454 274 414 8209 2614 5595 3217 4180 1698 311 1876 848 2585 1913 672 1445 2532 310726 31218 30806 118089 30981 3112 33704 33221 483 1742 27837 928 462 1592 1397 1077 352 1864 3144 962 3081 1370 2378 620 668 404 264 1963 740 2919 2129 306 1768 1469 400 515 26909 259 6606 5255 2873 2323 432 1349 1209 1047 716 1497 1176 328 1134 1093 308 1649 24200 1653 1094 505 559 691 1823 1542
internal_count=487467 172070 137424 34646 16750 315397 4671 8541 5429 120674 5118 3673 3564 798 2766 4454 274 414 8209 2614 5595 3217 4180 1698 311 1876 848 2585 1913 672 1445 2532 310726 31218 30806 118089 30981 3112 33704 33221 483 1742 27837 928 462 1592 1397 1077 352 1864 3144 962 3081 1370 2378 620 668 404 264 1963 740 2919 2129 306 1768 1469 400 515 26909 259 6606 5255 2873 2323 432 1349 1209 1047 716 1497 1176 328 1134 1093 308 1649 24200 1653 1094 505 559 691 1823 1542
is_linear=0
shrinkage=0.0951581


Tree=81
num_leaves=95
num_cat=0
split_feature=4 2 4 3 2 3 2 2 2 2 4 2 2 2 2 2 2 2 2 2 2 3 2 2 2 2 2 2 2 2 2 2 2 2 2 2 2 2 2 2 2 2 2 2 2 2 2 2 2 2 2 2 2 2 2 2 2 2 2 2 2 2 2 2 2 2 2 2 2 2 2 2 2 2 2 4 2 2 2 2 2 2 2 2 2 2 4 2 2 2 2 2 2 2
split_gain=362.472 1294.11 202.279 16.825 10.7772 10.1252 9.95941 15.2851 8.59556 11.2915 5.79225 5.47746 5.20585 16.1447 9.46512 3.30903 3.24097 3.12172 4.51485 3.6521 4.42901 2.86791 3.59582 4.90112 2.48509 2.29593 5.27109 1.84386 1.7671 2.118 1.57469 1.56888 3.06133 2.64552 1.38776 4.3608 1.29441 5.77336 1.21458 1.35138 1.04301 1.03343 0.936054 0.928139 2.29274 1.93629 1.48188 0.825529 0.777316 0.733296 2.37361 1.88573 0.716877 0.70705 1.03195 1.45058 0.672059 1.5534 2.10168 0.64061 5.27577 0.921473 0.592021 1.21403 0.536382 0.53627 0.529197 0.513027 0.45174 0.352555 0.334165 0.459798 0.327051 0.405208 0.292083 0.289725 0.486425 1.3983 0.278796 0.848256 0.385433 0.314672 0.263932 0.444946 0.261682 0.270167 0.237041 0.23329 1.56601 0.37598 1.00025 0.226959 0.220733 0.220435
threshold=0.15000000223517421 0.10388386249542238 0.25000000745058065 0.15000000223517421 0.19101010262966159 0.15000000223517421 0.15460605919361117 0.15629401057958606 0.1633739769458771 0.17089758068323138 0.25000000745058065 0.1067231632769108 0.10074627026915552 0.10259784013032915 0.10594117641448976 0.18897569924592975 0.16587346047163012 0.20240999013185504 0.20071429014205935 0.24515175819396975 0.24171940237283709 0.15000000223517421 0.1583974361419678 0.16013698279857638 0.15724790096282962 0.19699231535196307 0.1981649845838547 0.16928205639123919 0.10458041727542879 0.10421099141240121 0.10594117641448976 0.10259784013032915 0.10074627026915552 0.10317540168762208 0.17394282668828967 0.17517123371362689 0.168457105755806 0.1643650829792023 0.11441558599472047 0.11156633123755456 0.20439612865448001 0.16259328275918963 0.25920708477497106 0.10458041727542879 0.10347852483391763 0.10388386249542238 0.10533428192138673 0.19101010262966159 0.16159114986658099 0.12516666948795321 0.11630280315876008 0.12867965549230578 0.1072077937424183 0.18346994370222094 0.18758561462163928 0.18843366950750354 0.22736185789108279 0.22410600632429126 0.22547236829996112 0.14379280805587771 0.1483045965433121 0.14415185153484347 0.13851648569107058 0.13465463370084765 0.1643650829792023 0.14586748182773593 0.10347852483391763 0.14620192348957065 0.18346994370222094 0.19012194871902469 0.14790198951959613 0.14670995622873309 0.15220635384321216 0.14741302281618121 0.10559467971324922 0.35000000894069677 0.22039676457643512 0.21946247667074206 0.1136809289455414 0.11293309181928636 0.11240384355187417 0.11339743807911874 0.15886382013559344 0.16090353578329089 0.19238026440143588 0.19548846781253817 0.35000000894069677 0.15339080244302752 0.15392307937145236 0.15629401057958606 0.15563492476940158 0.1201351322233677 0.1779797971248627 0.20745369791984561
decision_type=2 2 2 2 2 2 2 2 2 2 2 2 2 2 2 2 2 2 2 2 2 2 2 2 2 2 2 2 2 2 2 2 2 2 2 2 2 2 2 2 2 2 2 2 2 2 2 2 2 2 2 2 2 2 2 2 2 2 2 2 2 2 2 2 2 2 2 2 2 2 2 2 2 2 2 2 2 2 2 2 2 2 2 2 2 2 2 2 2 2 2 2 2 2
left_child=12 3 11 10 5 41 72 -8 24 16 31 28 -1 -14 43 34 64 18 25 20 40 59 -23 -24 -9 84 -27 -18 29 -3 -30 32 -2 -33 -11 -36 37 -25 39 52 -19 49 86 44 -15 -46 -45 -38 82 50 -4 -51 -16 92 -55 -56 57 75 -59 91 61 -61 63 -53 -10 -63 -35 -67 -43 -17 71 -69 73 -7 -48 76 77 93 79 80 -41 -81 -26 -84 -6 -86 -21 -62 -89 90 -90 -13 -37 -42
right_child=1 2 4 -5 17 6 7 8 9 15 -12 21 13 14 38 69 27 19 -20 42 -22 22 23 36 48 26 -28 -29 30 -31 -32 33 -34 66 35 53 47 -39 -40 78 56 68 -44 46 45 -47 74 -49 -50 51 -52 62 -54 54 55 -57 -58 58 -60 60 87 65 -64 -65 -66 67 -68 70 -70 -71 -72 -73 -74 -75 -76 -77 -78 -79 -80 81 -82 -83 83 -85 85 -87 -88 88 89 -91 -92 -93 -94 -95
leaf_value=-2.8895824767595461e-06 2.2082397424178541e-05 -1.4634878991037398e-06 1.1717021052428841e-05 -0.00021045621578176472 0.00010878861323492947 4.3703247805437498e-05 2.8895826920529969e-06 2.8895826920529969e-06 2.8895826920529969e-06 -3.0053551644085726e-05 3.3799418476607384e-05 0 1.1421476159796108e-05 -2.1373830664822263e-05 -3.3925653564997299e-05 2.8895826920529969e-06 2.8895826920529969e-06 2.8895826920529969e-06 -1.0059663920027512e-05 -1.0059663920027512e-05 1.010500264148382e-06 0 0.00014371898023082095 0 -4.4523387920086374e-05 2.8783484077094718e-06 2.868113569529856e-05 2.8895826920529969e-06 0 1.1309855121235999e-06 0 1.0088709045931498e-06 -2.2169370696596426e-05 1.376662616890773e-05 2.8895826920529969e-06 2.8895826920529969e-06 0 2.8895826920529969e-06 -1.7966511912084984e-05 -1.7966511912084984e-05 2.8895826920529969e-06 -6.1202331240469625e-05 4.5673409477921603e-06 -0.00018283044349127876 1.8462022967268225e-06 -1.5740087092564414e-05 -4.9689909912046546e-05 0 0.0020959845268436546 1.1717021052428841e-05 -4.0791112936679888e-05 1.1717021052428841e-05 -1.7966511912084984e-05 -2.4783977844328848e-05 2.8895826920529969e-06 -0.00012875417199951648 2.8895826920529969e-06 2.8895826920529969e-06 2.8895826920529969e-06 3.6670449699585505e-05 0 0 1.1894045710576674e-05 -6.6270542214922877e-05 2.8895826920529969e-06 0 3.6734086405571057e-05 0 0.0010525970825614719 6.4660491913156871e-07 0 0 1.1029172856681197e-05 -0.00011546657561288701 -4.8455011628071904e-06 -0.00027936554657182941 -8.5167170953847967e-05 2.8895826920529969e-06 -1.7966511912084984e-05 -2.2003099046476762e-05 -2.4642974747604581e-05 -2.393747681518892e-05 0.00041050280713972087 -3.7262511756835232e-06 -1.6327533565085687e-05 -0.00078490690471743555 -7.3491345824938718e-05 0 0 0 0 0 2.8895826920529969e-06 2.8895826920529969e-06
leaf_weight=279508 32976 121 220 476 170 511 212 170 106 207 594 31011 442 904 2937 151 362 162 738 575 136 3067 135 236 195 157 691 122 1372 234 858 224 117 131 161 199 639 156 10697 1190 125 1047 1653 1578 593 1138 638 272 150 217 400 234 10443 356 158 132 790 140 166 269 7515 2604 1527 146 158 470 128 415 161 117 295 1277 176 289 750 281 253 120 1700 913 1677 289 219 136 698 160 150 427 1284 12206 310 55501 302 1044
leaf_count=279508 32976 121 220 476 170 511 212 170 106 207 594 31011 442 904 2937 151 362 162 738 575 136 3067 135 236 195 157 691 122 1372 234 858 224 117 131 161 199 639 156 10697 1190 125 1047 1653 1578 593 1138 638 272 150 217 400 234 10443 356 158 132 790 140 166 269 7515 2604 1527 146 158 470 128 415 161 117 295 1277 176 289 750 281 253 120 1700 913 1677 289 219 136 698 160 150 427 1284 12206 310 55501 302 1044
internal_value=0 -0.00278667 -0.00693023 0.0136489 0.00286894 0.00523531 0.00827579 0.0105798 0.00903456 0.0118393 0.0138964 -0.0082904 -0.00821635 -0.00713746 -0.00736283 0.00772259 0.0216523 0.000406874 -0.00230797 0.00167526 0.0037655 -0.00838525 -0.00603055 -0.00210433 0.000875015 0.000172459 0.00383774 0.0170262 -0.00395725 0.00227843 -0.00494993 0.0140612 0.0139826 0.0194453 0.00599841 0.00714413 -0.0038925 0.000679698 -0.00803644 -0.00758273 0.00302368 0.00170475 -0.00115246 -0.00377337 -0.00247375 -0.000445283 -0.00492795 -0.0058599 -0.00163128 0.00272574 -0.000153483 0.00356619 -0.00810764 0.0050856 0.00300499 0.00721889 0.00261122 0.00349077 0.00976459 -0.00847864 -0.00807466 -0.0053917 0.00260973 -0.00075125 0.0301334 -0.00568016 0.0128959 -0.00668857 -0.000614434 0.0174693 -0.00601982 -0.00653509 -0.000253497 -0.00107053 -0.00266004 0.00243767 0.00294978 0.00369854 -0.00636532 -0.00593774 -0.00682735 -0.00381583 -0.00328728 -0.00174233 -0.00285104 -0.00352684 -0.0040032 -0.00873238 -0.00850584 -0.00868145 -0.007307 -0.00860506 0.00776839 0.00269438
internal_weight=0 172070 137424 34646 16750 8541 4589 3613 3401 2531 34170 120674 315397 35889 35447 1783 748 8209 2614 5595 3217 118089 4505 1438 870 1876 848 484 2585 355 2230 33576 33093 483 1515 1308 1303 392 29846 19149 3081 3952 2378 5601 2635 1731 2966 911 700 2744 620 2124 13380 1147 646 290 2919 2129 306 113584 27072 5330 1907 380 264 5061 259 2457 1208 268 1987 1692 976 800 1388 1823 1542 1289 5769 4069 2867 1202 550 355 1028 858 725 21742 14227 13800 1594 86512 501 1169
internal_count=487467 172070 137424 34646 16750 8541 4589 3613 3401 2531 34170 120674 315397 35889 35447 1783 748 8209 2614 5595 3217 118089 4505 1438 870 1876 848 484 2585 355 2230 33576 33093 483 1515 1308 1303 392 29846 19149 3081 3952 2378 5601 2635 1731 2966 911 700 2744 620 2124 13380 1147 646 290 2919 2129 306 113584 27072 5330 1907 380 264 5061 259 2457 1208 268 1987 1692 976 800 1388 1823 1542 1289 5769 4069 2867 1202 550 355 1028 858 725 21742 14227 13800 1594 86512 501 1169
is_linear=0
shrinkage=0.0951581


Tree=82
num_leaves=95
num_cat=0
split_feature=3 2 0 2 2 2 2 0 2 2 2 2 2 2 2 2 2 2 2 2 2 2 2 2 2 2 2 2 2 2 2 2 2 0 2 2 2 2 2 0 2 2 2 2 2 2 0 2 2 2 2 2 2 2 2 2 0 2 2 2 2 0 2 0 2 2 0 0 2 2 2 2 0 2 2 2 0 2 0 2 2 2 2 2 2 0 2 2 2 2 2 0 2 2
split_gain=99.221 58.1126 34.8575 24.6051 13.0919 16.7486 12.6297 11.545 18.9688 15.7238 8.51977 7.63829 4.95556 4.53548 12.7999 4.22031 4.92833 3.76417 4.22521 4.08953 4.10883 3.25612 3.16576 7.2545 3.00612 4.31402 2.21671 1.62306 1.44043 1.40143 5.93639 4.60318 2.1365 2.07469 2.03693 1.56441 1.38424 1.36318 1.26742 1.12828 3.04536 1.01636 0.954296 0.885245 1.14668 0.809107 0.98333 2.88234 8.6924 1.1622 0.8098 0.808453 0.75022 0.713962 1.47506 2.28844 0.683951 0.579369 1.82884 0.723661 0.529455 0.504035 0.494001 0.450586 0.531133 0.441545 0.709675 0.41138 1.90756 0.944546 0.414051 0.393564 0.388503 0.956867 0.361419 0.350014 0.291061 0.44907 0.419631 0.287036 0.271369 0.268408 0.250856 0.361081 0.635536 1.90753 0.439068 0.649013 0.288098 0.247599 0.271716 0.279449 0.244264 1.17362
threshold=0.15000000223517421 0.1067231632769108 1.5000000000000002 0.15460605919361117 0.10388386249542238 0.10347852483391763 0.19101010262966159 2.5000000000000004 0.17660956084728244 0.16505814343690875 0.18897569924592975 0.15629401057958606 0.168457105755806 0.10074627026915552 0.10317540168762208 0.10559467971324922 0.10458041727542879 0.20240999013185504 0.20071429014205935 0.24515175819396975 0.24171940237283709 0.10458041727542879 0.10504237189888956 0.10533428192138673 0.14379280805587771 0.1483045965433121 0.15529115498065951 0.10259784013032915 0.14415185153484347 0.16928205639123919 0.1633739769458771 0.16370223462581637 0.16013698279857638 1.5000000000000002 0.17394282668828967 0.15803226083517077 0.15954913944005969 0.10594117641448976 0.10421099141240121 1.5000000000000002 0.19699231535196307 0.25920708477497106 0.20439612865448001 0.15339080244302752 0.15392307937145236 0.11504717171192171 1.5000000000000002 0.11259920522570611 0.1136809289455414 0.11293309181928636 0.1072077937424183 0.19238026440143588 0.14013888686895373 0.22736185789108279 0.22410600632429126 0.22547236829996112 1.5000000000000002 0.18843366950750354 0.18758561462163928 0.18346994370222094 0.10559467971324922 1.5000000000000002 0.14926454424858096 1.5000000000000002 0.15298574417829516 0.17660956084728244 1.5000000000000002 1.5000000000000002 0.14551208168268207 0.14451952278614047 0.14790198951959613 0.14503520727157596 2.5000000000000004 0.17089758068323138 0.15188746154308322 0.15803226083517077 3.5000000000000004 0.32517604529857641 2.5000000000000004 0.16159114986658099 0.10594117641448976 0.15092624723911288 0.15954913944005969 0.15563492476940158 0.15629401057958606 1.5000000000000002 0.15724790096282962 0.15803226083517077 0.1583974361419678 0.16013698279857638 0.1643650829792023 1.5000000000000002 0.22039676457643512 0.21946247667074206
decision_type=2 2 2 2 2 2 2 2 2 2 2 2 2 2 2 2 2 2 2 2 2 2 2 2 2 2 2 2 2 2 2 2 2 2 2 2 2 2 2 2 2 2 2 2 2 2 2 2 2 2 2 2 2 2 2 2 2 2 2 2 2 2 2 2 2 2 2 2 2 2 2 2 2 2 2 2 2 2 2 2 2 2 2 2 2 2 2 2 2 2 2 2 2 2
left_child=1 2 13 52 5 -4 7 10 9 -9 11 26 -11 -1 27 16 -6 18 39 20 42 38 -18 -24 45 28 -5 -15 -26 30 32 -32 33 75 -31 -35 -37 -17 -16 40 -8 -21 -19 -27 56 46 -3 50 49 -49 -48 72 -2 54 92 -56 -45 58 59 65 -23 -34 -54 64 74 -36 -67 69 -69 -30 71 -71 82 -74 81 -13 78 -78 -43 -63 -62 -64 83 -46 85 -85 -86 -88 -89 -84 91 -91 93 -44
right_child=3 24 4 6 15 -7 17 8 -10 12 -12 29 -14 14 21 37 22 19 -20 41 -22 60 23 -25 25 43 -28 -29 67 34 31 -33 61 35 57 36 -38 -39 -40 -41 -42 76 53 44 51 -47 47 48 -50 -51 -52 -53 62 -55 55 -57 -58 -59 -60 -61 80 79 63 -65 -66 66 -68 68 -70 70 -72 -73 73 -75 -76 -77 77 -79 -80 -81 -82 -83 89 84 86 -87 87 88 -90 90 -92 -93 -94 -95
leaf_value=-2.6146153306980287e-06 0 0 9.1286867741576841e-07 2.6146155255026224e-06 -5.8620957297654692e-07 1.6705212145408837e-06 -1.477383667540175e-05 0.00061687717646603812 -0.00038965777765136465 2.6146155255026224e-06 2.6146155255026224e-06 -0.00017201742112315721 2.6146155255026224e-06 1.0334630316587752e-05 -1.2022564665850066e-05 -4.3844125326351341e-06 1.5492393229207144e-05 2.6146155255026224e-06 -9.102405526926218e-06 -9.102405526926218e-06 9.1434299023148867e-07 0 -0.00016543264790509977 0.00011391062933391309 1.1141785362499909e-05 0 2.6146155255026224e-06 9.1286867741576841e-07 0 0 2.6146155255026224e-06 2.6146155255026224e-06 -0.00060751354096058379 2.6146155255026224e-06 -0.00023071359473614446 -2.1128537057105901e-05 0.00010015280439391076 1.8332726307408456e-05 1.0233630922723655e-06 0 2.6044502741861186e-06 4.4513517999326767e-05 2.6146155255026224e-06 0.002996250415406933 0 0 0 0.00086100181204125826 0 9.0646152096323101e-06 0 0 0 2.6146155255026224e-06 2.6146155255026224e-06 2.6146155255026224e-06 0 -0.00011650217106061254 2.6146155255026224e-06 -2.2425581878567969e-05 0 0 -4.7865650087021646e-05 0 -3.3192224267079174e-05 2.6146155255026224e-06 2.6146155255026224e-06 0 0 0 -0.00014658966532571426 0 0 8.214823308330827e-05 9.9796578460472307e-06 2.5515350786654643e-05 0.00014434095847355678 -0.00058056072406432882 -0.00048690738662482218 -0.00050048572083266412 0 0 0 0 0 0.003167710921353665 0 0 0 0 0 0 0.00039833682482039829 2.6146155255026224e-06
leaf_weight=313058 1148 27759 178 108 206 128 437 133 347 115 218 140 231 522 1612 171 150 162 738 723 138 2806 157 158 291 8360 246 637 673 438 120 614 158 157 194 203 107 431 783 1319 232 503 1376 226 1315 81835 273 140 1172 341 3513 3053 1448 788 136 166 218 144 168 332 920 185 278 943 153 188 266 902 1015 335 215 2219 421 199 116 129 195 362 582 154 2191 117 1065 228 931 106 181 314 473 996 6390 618 299 128
leaf_count=313058 1148 27759 178 108 206 128 437 133 347 115 218 140 231 522 1612 171 150 162 738 723 138 2806 157 158 291 8360 246 637 673 438 120 614 158 157 194 203 107 431 783 1319 232 503 1376 226 1315 81835 273 140 1172 341 3513 3053 1448 788 136 166 218 144 168 332 920 185 278 943 153 188 266 902 1015 335 215 2219 421 199 116 129 195 362 582 154 2191 117 1065 228 931 106 181 314 473 996 6390 618 299 128
internal_value=0 -0.00655142 -0.0058417 0.000729568 0.0082623 0.0259352 0.0027248 0.00645282 0.0167506 0.0290242 0.00446032 0.00347417 0.0397134 -0.00591075 -0.00385917 0.00401413 0.00920381 0.000431908 -0.00246448 0.00185248 0.00407394 -0.00516547 0.0146318 0.00921372 -0.00812934 -0.00729347 0.0168274 0.00550915 -0.00491791 0.00219556 0.00393307 0.0107085 -0.000100331 0.0031547 0.000220016 0.00698913 0.00306961 -0.00177039 -0.00220513 -0.000181894 0.00300125 -0.00114673 0.00334844 -0.00782834 -0.00742886 -0.00835273 -0.0079565 -0.00678651 -0.00347129 0.00730007 -0.00823397 -0.00755891 -0.00562164 0.00295046 0.00386509 0.01002 -0.00265757 0.00212117 0.00283485 0.0012623 -0.00636371 -0.00492065 -0.00640098 -0.00525235 -0.00335347 0.00311319 0.00473694 -0.00527196 -0.00415479 -0.00589416 -0.00511703 -0.00545464 -0.00723696 -0.00491139 -0.00188082 -0.0035021 0.000162265 0.00193049 -0.00074548 -0.00698949 -0.00550883 -0.00325224 -0.00735124 -0.00667287 -0.0059362 -0.0021083 -0.00660946 -0.00519044 -0.00637209 -0.00761664 -0.00743527 -0.00633208 0.00283416 0.003328
internal_weight=0 469885 324108 17582 1579 306 13379 5095 826 479 4269 4051 346 322529 9471 1273 671 8284 2726 5558 3193 8312 465 315 145777 30744 354 1159 5650 3697 1967 734 1233 736 1730 467 310 602 2395 1988 669 2365 3055 25094 16734 115033 33198 5439 1653 481 3786 16290 4203 2893 2105 302 444 1292 1148 980 5917 497 3055 1607 664 648 454 5359 1917 3442 2769 2554 13237 620 511 269 1642 557 1085 339 3111 395 12617 3548 2233 334 1899 968 787 9069 8004 1614 1803 1504
internal_count=487467 469885 324108 17582 1579 306 13379 5095 826 479 4269 4051 346 322529 9471 1273 671 8284 2726 5558 3193 8312 465 315 145777 30744 354 1159 5650 3697 1967 734 1233 736 1730 467 310 602 2395 1988 669 2365 3055 25094 16734 115033 33198 5439 1653 481 3786 16290 4203 2893 2105 302 444 1292 1148 980 5917 497 3055 1607 664 648 454 5359 1917 3442 2769 2554 13237 620 511 269 1642 557 1085 339 3111 395 12617 3548 2233 334 1899 968 787 9069 8004 1614 1803 1504
is_linear=0
shrinkage=0.0951581


Tree=83
num_leaves=95
num_cat=0
split_feature=3 2 0 2 2 2 2 0 2 2 2 2 2 2 2 2 2 2 2 2 2 2 2 2 2 2 2 2 2 2 2 2 2 0 2 2 2 2 2 0 2 2 2 2 2 2 0 2 2 2 2 2 2 2 2 2 0 2 2 2 2 0 2 0 2 2 0 0 2 2 2 2 0 2 2 2 2 2 2 2 2 2 0 2 2 2 2 2 0 2 2 2 0 2
split_gain=98.1911 58.1126 34.8575 24.3125 13.0919 16.7486 12.9693 11.545 18.9688 15.7238 8.51977 7.63829 4.95556 4.53548 12.7999 4.22031 4.92833 3.55807 4.54268 4.22521 4.10883 3.25612 3.16576 7.2545 3.00612 4.31402 2.21671 1.62306 1.44043 1.40143 5.93639 4.60318 2.1365 2.07469 2.03693 1.56441 1.38424 1.36318 1.26742 1.12828 3.04536 0.954296 0.885245 1.14668 0.832902 0.809107 0.98333 2.88234 8.6924 1.1622 0.8098 0.808453 0.75022 0.713962 1.47506 2.28844 0.683951 0.579369 1.82884 0.723661 0.529455 0.504035 0.494001 0.450586 0.531133 0.441545 0.709675 0.41138 1.90756 0.944546 0.414051 0.393564 0.388503 0.956867 0.361419 0.350014 0.287036 0.271369 0.268408 0.250856 0.361081 0.635536 1.90753 0.439068 0.649013 0.288098 0.247599 0.271716 0.279449 0.244264 1.17362 0.197475 0.196806 0.315899
threshold=0.15000000223517421 0.1067231632769108 1.5000000000000002 0.15460605919361117 0.10388386249542238 0.10347852483391763 0.19101010262966159 2.5000000000000004 0.17660956084728244 0.16505814343690875 0.18897569924592975 0.15629401057958606 0.168457105755806 0.10074627026915552 0.10317540168762208 0.10559467971324922 0.10458041727542879 0.20240999013185504 0.24515175819396975 0.20071429014205935 0.24171940237283709 0.10458041727542879 0.10504237189888956 0.10533428192138673 0.14379280805587771 0.1483045965433121 0.15529115498065951 0.10259784013032915 0.14415185153484347 0.16928205639123919 0.1633739769458771 0.16370223462581637 0.16013698279857638 1.5000000000000002 0.17394282668828967 0.15803226083517077 0.15954913944005969 0.10594117641448976 0.10421099141240121 1.5000000000000002 0.19699231535196307 0.20439612865448001 0.15339080244302752 0.15392307937145236 0.25920708477497106 0.11504717171192171 1.5000000000000002 0.11259920522570611 0.1136809289455414 0.11293309181928636 0.1072077937424183 0.19238026440143588 0.14013888686895373 0.22736185789108279 0.22410600632429126 0.22547236829996112 1.5000000000000002 0.18843366950750354 0.18758561462163928 0.18346994370222094 0.10559467971324922 1.5000000000000002 0.14926454424858096 1.5000000000000002 0.15298574417829516 0.17660956084728244 1.5000000000000002 1.5000000000000002 0.14551208168268207 0.14451952278614047 0.14790198951959613 0.14503520727157596 2.5000000000000004 0.17089758068323138 0.15188746154308322 0.15803226083517077 0.16159114986658099 0.10594117641448976 0.15092624723911288 0.15954913944005969 0.15563492476940158 0.15629401057958606 1.5000000000000002 0.15724790096282962 0.15803226083517077 0.1583974361419678 0.16013698279857638 0.1643650829792023 1.5000000000000002 0.22039676457643512 0.21946247667074206 0.14451952278614047 2.5000000000000004 0.2385164871811867
decision_type=2 2 2 2 2 2 2 2 2 2 2 2 2 2 2 2 2 2 2 2 2 2 2 2 2 2 2 2 2 2 2 2 2 2 2 2 2 2 2 2 2 2 2 2 2 2 2 2 2 2 2 2 2 2 2 2 2 2 2 2 2 2 2 2 2 2 2 2 2 2 2 2 2 2 2 2 2 2 2 2 2 2 2 2 2 2 2 2 2 2 2 2 2 2
left_child=1 2 13 52 5 -4 7 10 9 -9 11 26 -11 -1 27 16 -6 19 20 39 41 38 -18 -24 45 28 -5 -15 -26 30 32 -32 33 75 -31 -35 -37 -17 -16 40 -8 -19 -27 56 -20 46 -3 50 49 -49 -48 72 -2 54 89 -56 -44 58 59 65 -23 -34 -54 64 74 -36 -67 69 91 -30 71 -71 79 -74 78 -13 -63 -62 -64 80 -45 82 -82 -83 -85 -86 -81 88 -88 90 -43 -69 93 -55
right_child=3 24 4 6 15 -7 17 8 -10 12 -12 29 -14 14 21 37 22 18 44 -21 -22 60 23 -25 25 42 -28 -29 67 34 31 -33 61 35 57 36 -38 -39 -40 -41 -42 53 43 51 -46 -47 47 48 -50 -51 -52 -53 62 92 55 -57 -58 -59 -60 -61 77 76 63 -65 -66 66 -68 68 -70 70 -72 -73 73 -75 -76 -77 -78 -79 -80 86 81 83 -84 84 85 -87 87 -89 -90 -91 -92 -93 -94 -95
leaf_value=-2.3658135327513079e-06 0 0 8.2600183870100035e-07 2.3658137090215082e-06 -5.3042699034759427e-07 1.5115576083824174e-06 -1.3367986612393445e-05 0.00055817632329851292 -0.00035257868822462625 2.3658137090215082e-06 2.3658137090215082e-06 -0.00015564857208021787 2.3658137090215082e-06 9.3512066466937506e-06 -1.0878520389174887e-05 -3.9672002153013272e-06 1.4018166697807478e-05 2.3658137090215082e-06 -8.2362380130484797e-06 -8.2362380130484797e-06 8.2733585872992657e-07 0 -0.00014969039329710017 0.00010307111154682779 1.0081554361031494e-05 0 2.3658137090215082e-06 8.2600183870100035e-07 0 0 2.3658137090215082e-06 2.3658137090215082e-06 -0.00054970371345244157 2.3658137090215082e-06 -0.00020875932998940173 -1.9117985850561318e-05 9.0622454934845818e-05 1.6588219108589854e-05 9.259818162128524e-07 0 2.356615763592091e-06 2.3658137090215082e-06 0.0027111329521615985 0 -9.6024882390045835e-06 0 0 0.00077907052511125567 0 8.2020437501251136e-06 0 0 0 2.3658137090215082e-06 2.3658137090215082e-06 2.3658137090215082e-06 0 -0.00010541604711564 2.3658137090215082e-06 -2.0291606365660495e-05 0 0 -4.3310846303190847e-05 0 -3.0033715641153639e-05 2.3658137090215082e-06 2.3658137090215082e-06 0.0095158097357527296 0 0 -0.00013264047292819764 0 0 7.433116422071853e-05 9.030012678043011e-06 2.3087358769466214e-05 -0.00045286045614164754 0 0 0 0 0 0.0028662776040492303 0 0 0 0 0 0 0.00036043185385202097 2.3658137090215082e-06 0 0.00047426288755443791 -0.0035635082677690686
leaf_weight=313058 1148 27759 178 108 206 128 437 133 347 115 218 140 231 522 1612 171 150 162 723 738 138 2806 157 158 291 8360 246 637 673 438 120 614 158 157 194 203 107 431 783 1319 232 1376 226 1315 1642 81835 273 140 1172 341 3513 3053 1448 424 136 166 218 144 168 332 920 185 278 943 153 188 266 340 1015 335 215 2219 421 199 116 129 154 2191 117 1065 228 931 106 181 314 473 996 6390 618 299 128 562 231 133
leaf_count=313058 1148 27759 178 108 206 128 437 133 347 115 218 140 231 522 1612 171 150 162 723 738 138 2806 157 158 291 8360 246 637 673 438 120 614 158 157 194 203 107 431 783 1319 232 1376 226 1315 1642 81835 273 140 1172 341 3513 3053 1448 424 136 166 218 144 168 332 920 185 278 943 153 188 266 340 1015 335 215 2219 421 199 116 129 154 2191 117 1065 228 931 106 181 314 473 996 6390 618 299 128 562 231 133
internal_value=0 -0.00655142 -0.0058417 0.000691683 0.0082623 0.0259352 0.00267501 0.00645282 0.0167506 0.0290242 0.00446032 0.00347417 0.0397134 -0.00591075 -0.00385917 0.00401413 0.00920381 0.000351499 0.00173264 -0.00246448 0.00407394 -0.00516547 0.0146318 0.00921372 -0.00812934 -0.00729347 0.0168274 0.00550915 -0.00491791 0.00219556 0.00393307 0.0107085 -0.000100331 0.0031547 0.000220016 0.00698913 0.00306961 -0.00177039 -0.00220513 -0.000181894 0.00300125 0.00334844 -0.00782834 -0.00742886 -0.00142838 -0.00835273 -0.0079565 -0.00678651 -0.00347129 0.00730007 -0.00823397 -0.00755891 -0.00562164 0.00295046 0.00386509 0.01002 -0.00265757 0.00212117 0.00283485 0.0012623 -0.00636371 -0.00492065 -0.00640098 -0.00525235 -0.00335347 0.00311319 0.00473694 -0.00527196 -0.00415479 -0.00589416 -0.00511703 -0.00545464 -0.00723696 -0.00491139 -0.00188082 -0.0035021 -0.00698949 -0.00550883 -0.00325224 -0.00735124 -0.00667287 -0.0059362 -0.0021083 -0.00660946 -0.00519044 -0.00637209 -0.00761664 -0.00743527 -0.00633208 0.00283416 0.003328 -0.000970573 0.000507186 -0.000461271
internal_weight=0 469885 324108 17582 1579 306 13379 5095 826 479 4269 4051 346 322529 9471 1273 671 8284 5558 2726 3193 8312 465 315 145777 30744 354 1159 5650 3697 1967 734 1233 736 1730 467 310 602 2395 1988 669 3055 25094 16734 2365 115033 33198 5439 1653 481 3786 16290 4203 2893 2105 302 444 1292 1148 980 5917 497 3055 1607 664 648 454 5359 1917 3442 2769 2554 13237 620 511 269 339 3111 395 12617 3548 2233 334 1899 968 787 9069 8004 1614 1803 1504 902 788 557
internal_count=487467 469885 324108 17582 1579 306 13379 5095 826 479 4269 4051 346 322529 9471 1273 671 8284 5558 2726 3193 8312 465 315 145777 30744 354 1159 5650 3697 1967 734 1233 736 1730 467 310 602 2395 1988 669 3055 25094 16734 2365 115033 33198 5439 1653 481 3786 16290 4203 2893 2105 302 444 1292 1148 980 5917 497 3055 1607 664 648 454 5359 1917 3442 2769 2554 13237 620 511 269 339 3111 395 12617 3548 2233 334 1899 968 787 9069 8004 1614 1803 1504 902 788 557
is_linear=0
shrinkage=0.0951581


Tree=84
num_leaves=95
num_cat=0
split_feature=4 2 4 3 2 3 2 2 2 2 2 2 2 4 2 2 2 2 2 2 2 3 2 2 2 2 2 2 2 2 2 2 2 2 2 2 2 2 2 2 2 2 2 2 2 2 2 2 2 2 2 2 2 2 2 2 2 2 2 2 2 2 2 2 2 2 2 2 2 2 2 2 4 2 2 2 2 2 2 2 2 2 2 2 2 2 2 2 2 4 2 2 2 2
split_gain=362.64 1301.58 203.565 16.736 11.6025 9.47311 9.95941 15.2851 8.59556 11.2915 6.37626 20.723 8.7131 6.28621 3.30903 3.24097 2.9379 4.51485 4.07997 4.42901 2.85248 2.86791 3.59582 4.90112 2.48509 2.29593 5.27109 1.84386 1.57469 1.39001 2.92478 1.38776 4.3608 1.29441 5.77336 1.23004 1.21458 1.35138 1.08435 1.35313 3.06133 2.83459 1.04301 0.864986 2.62284 1.74764 0.825529 0.777316 0.76114 0.716877 0.70705 1.03195 1.45058 0.672059 1.5534 2.10168 0.64061 5.27577 0.921473 0.536382 0.53627 0.525421 0.513027 0.487732 1.19112 0.45174 0.352555 0.334165 0.459798 0.327051 0.405208 0.292083 0.289725 0.486425 1.3983 0.278796 0.848256 0.385433 0.314672 0.263932 0.444946 0.261682 0.270167 0.258663 0.528495 0.39358 0.532001 1.22294 0.453146 0.237041 0.23329 1.56601 0.37598 1.00025
threshold=0.15000000223517421 0.10458041727542879 0.25000000745058065 0.15000000223517421 0.19101010262966159 0.15000000223517421 0.15460605919361117 0.15629401057958606 0.1633739769458771 0.17089758068323138 0.10074627026915552 0.10594117641448976 0.10259784013032915 0.25000000745058065 0.18897569924592975 0.16587346047163012 0.20240999013185504 0.20071429014205935 0.24515175819396975 0.24171940237283709 0.1067231632769108 0.15000000223517421 0.1583974361419678 0.16013698279857638 0.15724790096282962 0.19699231535196307 0.1981649845838547 0.16928205639123919 0.10594117641448976 0.10347852483391763 0.10388386249542238 0.17394282668828967 0.17517123371362689 0.168457105755806 0.1643650829792023 0.16259328275918963 0.11441558599472047 0.11156633123755456 0.10421099141240121 0.10259784013032915 0.10074627026915552 0.10317540168762208 0.20439612865448001 0.11630280315876008 0.12516666948795321 0.12867965549230578 0.19101010262966159 0.16159114986658099 0.25920708477497106 0.1072077937424183 0.18346994370222094 0.18758561462163928 0.18843366950750354 0.22736185789108279 0.22410600632429126 0.22547236829996112 0.14379280805587771 0.1483045965433121 0.14415185153484347 0.1643650829792023 0.14586748182773593 0.10347852483391763 0.14620192348957065 0.10504237189888956 0.10533428192138673 0.18346994370222094 0.19012194871902469 0.14790198951959613 0.14670995622873309 0.15220635384321216 0.14741302281618121 0.10559467971324922 0.35000000894069677 0.22039676457643512 0.21946247667074206 0.1136809289455414 0.11293309181928636 0.11240384355187417 0.11339743807911874 0.15886382013559344 0.16090353578329089 0.19238026440143588 0.19548846781253817 0.16013698279857638 0.15886382013559344 0.15724790096282962 0.15119115263223651 0.14895787835121158 0.15529115498065951 0.35000000894069677 0.15339080244302752 0.15392307937145236 0.15629401057958606 0.15563492476940158
decision_type=2 2 2 2 2 2 2 2 2 2 2 2 2 2 2 2 2 2 2 2 2 2 2 2 2 2 2 2 2 2 2 2 2 2 2 2 2 2 2 2 2 2 2 2 2 2 2 2 2 2 2 2 2 2 2 2 2 2 2 2 2 2 2 2 2 2 2 2 2 2 2 2 2 2 2 2 2 2 2 2 2 2 2 2 2 2 2 2 2 2 2 2 2 2
left_child=10 3 20 13 5 35 69 -8 24 15 -1 12 -12 38 31 59 17 25 19 42 28 56 -23 -24 -9 81 -27 -17 -3 -14 -31 -11 -33 34 -25 43 37 49 39 40 -2 -41 -18 -4 -45 -46 -35 79 89 -13 -34 -52 -53 54 72 -56 -22 58 -58 -10 -60 -43 -62 -32 -65 -37 -16 68 -64 70 -7 -66 73 74 -44 76 77 -39 -78 -26 -81 -6 -83 84 85 86 87 -47 -88 -20 -59 -92 93 -93
right_child=1 2 4 -5 16 6 7 8 9 14 11 36 29 -15 66 27 18 -19 48 -21 21 22 23 33 47 26 -28 -29 -30 30 63 32 50 46 -36 65 -38 75 -40 41 -42 61 53 44 45 83 -48 -49 -50 -51 51 52 -54 -55 55 -57 57 90 60 -61 62 -63 67 64 71 -67 -68 -69 -70 -71 -72 -73 -74 -75 -76 -77 78 -79 -80 80 -82 82 -84 -85 -86 -87 88 -89 -90 -91 91 92 -94 -95
leaf_value=-2.1406872384004299e-06 2.0455006780369292e-05 0 1.0602051722069987e-05 -0.00019042960450142663 0.00010111441883169268 3.9544530267744773e-05 2.1406873978939345e-06 2.1406873978939345e-06 2.1406873978939345e-06 -2.719371310648708e-05 8.4613636937557748e-06 -3.0697353208774031e-05 -1.716071430093898e-05 3.105705850243928e-05 2.1406873978939345e-06 2.1406873978939345e-06 2.1406873978939345e-06 -7.4524933444152755e-06 -7.4524933444152755e-06 7.486081595781601e-07 0 0 0.00013387273894336775 0 -4.4911568370775423e-05 2.1323647113759146e-06 2.5951893636492224e-05 2.1406873978939345e-06 0 1.3677206751821612e-06 -1.2063067000085928e-05 2.1406873978939345e-06 2.1406873978939345e-06 0 2.1406873978939345e-06 -5.5378434366479075e-05 -1.6256852975234544e-05 -1.6256852975234544e-05 8.3786715627133677e-07 7.4740108234345136e-07 -2.1933042372938632e-05 1.4635843819184477e-05 2.1406873978939345e-06 -3.6909508587572612e-05 1.0602051722069987e-05 4.9004183959410117e-06 0 0.0018647904777731521 -8.6887338099791104e-06 -1.6256852975234544e-05 -1.8360695884213463e-05 2.1406873978939345e-06 -9.5384857538022315e-05 2.1406873978939345e-06 2.1406873978939345e-06 2.1406873978939345e-06 3.1161387341815884e-05 0 0 2.1406873978939345e-06 0 3.5417764433997022e-05 0 -0.00013544614155178381 -4.4961513049701497e-05 0.00095243395585612194 1.1114710317974349e-07 0 0 8.1707339293112864e-06 -0.00010274382029724684 -3.5896890247294911e-06 -0.00025325558319720323 -0.00014926580307464334 2.1406873978939345e-06 -1.6256852975234544e-05 -1.9909326192443145e-05 -2.2297996367050077e-05 -2.165963226957105e-05 0.00036681520359057375 -3.3716682352324122e-06 -1.2095914554589691e-05 -0.00070994888167909991 1.5126673197209233e-05 -4.5309418226834704e-05 0.00057502018275281297 -7.7953626866900654e-06 1.0585206393920729e-05 2.0418559584061837e-05 -6.4848137626729837e-05 0 0 0 0
leaf_weight=279508 32976 1372 206 476 170 511 212 170 106 207 442 2937 904 608 151 362 162 738 575 136 86512 3067 135 236 195 157 691 122 858 593 2069 161 501 639 156 1047 10697 1190 234 224 117 131 1169 400 217 968 272 150 1653 10443 356 158 132 790 140 166 269 7515 2604 158 470 249 415 647 638 161 117 295 1277 176 289 750 281 253 120 1700 913 1677 289 219 136 698 160 193 114 130 196 166 140 150 427 1284 12206 310
leaf_count=279508 32976 1372 206 476 170 511 212 170 106 207 442 2937 904 608 151 362 162 738 575 136 86512 3067 135 236 195 157 691 122 858 593 2069 161 501 639 156 1047 10697 1190 234 224 117 131 1169 400 217 968 272 150 1653 10443 356 158 132 790 140 166 269 7515 2604 158 470 249 415 647 638 161 117 295 1277 176 289 750 281 253 120 1700 913 1677 289 219 136 698 160 193 114 130 196 166 140 150 427 1284 12206 310
internal_value=0 -0.00277063 -0.00695382 0.0136031 0.0028793 0.00533764 0.00827579 0.0105798 0.00903456 0.0118393 -0.00820157 -0.00700753 -0.00192584 0.0138474 0.00772259 0.0216523 0.000325731 -0.00230797 0.0015562 0.0037655 -0.00832158 -0.00838525 -0.00603055 -0.00210433 0.000875015 0.000172459 0.00383774 0.0170262 -0.00494993 -0.00294088 -0.00228323 0.00599841 0.00714413 -0.0038925 0.000679698 0.00191379 -0.00803644 -0.00758273 0.0140192 0.014064 0.0139826 0.0185275 0.00302368 0.00303251 0.00254861 0.0038798 -0.0058599 -0.00163128 -0.00143258 -0.00810764 0.0050856 0.00300499 0.00721889 0.00261122 0.00349077 0.00976459 -0.00847864 -0.00807466 -0.0053917 0.0301334 -0.00568016 0.0135225 -0.00668857 -0.00318585 -0.00423185 -0.000614434 0.0174693 -0.00601982 -0.00653509 -0.000253497 -0.00107053 -0.00266004 0.00243767 0.00294978 0.00369854 -0.00636532 -0.00593774 -0.00682735 -0.00381583 -0.00328728 -0.00174233 -0.00285104 -0.00352684 0.00295903 0.00258714 0.00303316 0.00258933 0.00357472 -0.000736345 -0.0040032 -0.00873238 -0.00850584 -0.00868145 -0.007307
internal_weight=0 172070 137055 35015 16736 8527 4589 3613 3401 2531 315397 35889 6043 34539 1783 748 8209 2614 5595 3217 120319 118089 4505 1438 870 1876 848 484 2230 5601 4697 1515 1308 1303 392 3938 29846 19149 33931 33697 33093 604 3081 2730 2524 2124 911 700 2378 13380 1147 646 290 2919 2129 306 113584 27072 5330 264 5061 380 2457 4104 2035 1208 268 1987 1692 976 800 1388 1823 1542 1289 5769 4069 2867 1202 550 355 1028 858 1907 1714 1600 1470 1134 336 725 21742 14227 13800 1594
internal_count=487467 172070 137055 35015 16736 8527 4589 3613 3401 2531 315397 35889 6043 34539 1783 748 8209 2614 5595 3217 120319 118089 4505 1438 870 1876 848 484 2230 5601 4697 1515 1308 1303 392 3938 29846 19149 33931 33697 33093 604 3081 2730 2524 2124 911 700 2378 13380 1147 646 290 2919 2129 306 113584 27072 5330 264 5061 380 2457 4104 2035 1208 268 1987 1692 976 800 1388 1823 1542 1289 5769 4069 2867 1202 550 355 1028 858 1907 1714 1600 1470 1134 336 725 21742 14227 13800 1594
is_linear=0
shrinkage=0.0951581


Tree=85
num_leaves=95
num_cat=0
split_feature=4 2 4 3 2 3 2 2 2 2 2 2 2 4 2 2 2 2 2 2 2 3 2 2 2 2 2 2 2 2 2 2 2 2 2 2 2 2 2 2 2 2 2 2 2 2 2 2 2 2 2 2 2 2 2 2 2 2 2 2 2 2 2 2 2 2 2 2 2 2 2 2 2 2 2 2 2 2 2 2 2 2 2 2 2 2 4 4 2 2 2 2 2 2
split_gain=360.28 1294.37 201.662 16.825 11.2418 9.90378 9.95941 15.2851 8.59556 11.2915 6.37626 20.723 8.7131 5.79225 5.47746 3.30903 3.24097 2.96382 4.51485 4.12653 4.41343 2.86791 3.59582 4.90112 2.48509 2.29593 5.27109 1.84386 1.7671 2.118 1.57469 1.56888 3.06133 2.64552 1.39001 2.92478 1.38776 4.3608 1.29441 5.77336 1.21458 1.35138 1.09881 1.03436 0.825529 0.787246 2.37361 1.82591 0.777316 0.76114 0.716877 0.70705 1.03195 1.45058 0.690672 1.53134 2.10168 0.64061 5.27577 0.921473 0.536382 0.53627 0.529197 0.513027 0.487732 1.19112 0.45174 0.352555 0.334165 0.459798 0.327051 0.405208 0.292083 0.290873 0.541531 1.22294 0.445111 0.552741 0.278796 0.848256 0.385433 0.314672 0.263932 0.444946 0.261682 0.270167 0.237041 0.233672 0.486425 1.3983 0.23329 1.56601 0.37598 1.00025
threshold=0.15000000223517421 0.10388386249542238 0.25000000745058065 0.15000000223517421 0.19101010262966159 0.15000000223517421 0.15460605919361117 0.15629401057958606 0.1633739769458771 0.17089758068323138 0.10074627026915552 0.10594117641448976 0.10259784013032915 0.25000000745058065 0.1067231632769108 0.18897569924592975 0.16587346047163012 0.20240999013185504 0.20071429014205935 0.24515175819396975 0.24171940237283709 0.15000000223517421 0.1583974361419678 0.16013698279857638 0.15724790096282962 0.19699231535196307 0.1981649845838547 0.16928205639123919 0.10458041727542879 0.10421099141240121 0.10594117641448976 0.10259784013032915 0.10074627026915552 0.10317540168762208 0.10347852483391763 0.10388386249542238 0.17394282668828967 0.17517123371362689 0.168457105755806 0.1643650829792023 0.11441558599472047 0.11156633123755456 0.16259328275918963 0.20439612865448001 0.19101010262966159 0.12516666948795321 0.11630280315876008 0.12867965549230578 0.16159114986658099 0.25920708477497106 0.1072077937424183 0.18346994370222094 0.18758561462163928 0.18843366950750354 0.22736185789108279 0.22410600632429126 0.22547236829996112 0.14379280805587771 0.1483045965433121 0.14415185153484347 0.1643650829792023 0.14586748182773593 0.10347852483391763 0.14620192348957065 0.10504237189888956 0.10533428192138673 0.18346994370222094 0.19012194871902469 0.14790198951959613 0.14670995622873309 0.15220635384321216 0.14741302281618121 0.10559467971324922 0.16013698279857638 0.15119115263223651 0.14895787835121158 0.15529115498065951 0.15886382013559344 0.1136809289455414 0.11293309181928636 0.11240384355187417 0.11339743807911874 0.15886382013559344 0.16090353578329089 0.19238026440143588 0.19548846781253817 0.35000000894069677 0.35000000894069677 0.22039676457643512 0.21946247667074206 0.15339080244302752 0.15392307937145236 0.15629401057958606 0.15563492476940158
decision_type=2 2 2 2 2 2 2 2 2 2 2 2 2 2 2 2 2 2 2 2 2 2 2 2 2 2 2 2 2 2 2 2 2 2 2 2 2 2 2 2 2 2 2 2 2 2 2 2 2 2 2 2 2 2 2 2 2 2 2 2 2 2 2 2 2 2 2 2 2 2 2 2 2 2 2 2 2 2 2 2 2 2 2 2 2 2 2 2 2 2 2 2 2 2
left_child=10 3 14 13 5 42 70 -8 24 16 -1 12 -12 31 28 36 60 18 25 20 43 57 -23 -24 -9 84 -27 -18 29 -3 -30 32 -2 -33 -14 -36 -11 -38 39 -25 41 50 45 -19 -40 46 -4 -47 82 86 -13 -39 -53 -54 55 87 -57 -16 59 -59 -10 -61 -35 -63 -37 -66 -44 -17 69 -65 71 -7 -67 74 75 -49 -76 -78 79 80 -43 -81 -26 -84 -6 -86 -21 88 89 -45 -60 -92 93 -93
right_child=1 2 4 -5 17 6 7 8 9 15 11 40 34 -15 21 67 27 19 -20 49 -22 22 23 38 48 26 -28 -29 30 -31 -32 33 -34 62 35 64 37 51 44 -41 -42 78 66 54 -46 47 -48 73 -50 -51 -52 52 53 -55 -56 56 -58 58 90 61 -62 63 -64 68 65 72 -68 -69 -70 -71 -72 -73 -74 -75 76 -77 77 -79 -80 81 -82 -83 83 -85 85 -87 -88 -89 -90 -91 91 92 -94 -95
leaf_value=-1.9369835319690132e-06 1.8508547427742263e-05 -2.5152884760183586e-06 9.5931807423092091e-06 -0.00017230868727665933 9.1492563980516393e-05 3.5781548343008087e-05 1.9369836762850485e-06 1.9369836762850485e-06 1.9369836762850485e-06 -2.4606011338544728e-05 7.6561964955953627e-06 -2.7776251744681568e-05 -1.5527733524765277e-05 2.8101728170054115e-05 0 1.9369836762850485e-06 1.9369836762850485e-06 1.9369836762850485e-06 -6.7433283205956875e-06 -6.7433283205956875e-06 6.7737203781586771e-07 0 0.00012113366495643617 0 -4.0637869357368372e-05 1.9294529607122649e-06 2.3482361036014557e-05 1.9369836762850485e-06 0 7.5813731897101088e-07 0 6.7627982374212364e-07 -1.9845935978069464e-05 1.3243124892646823e-05 1.2375709896509776e-06 -1.0915168598690854e-05 1.9369836762850485e-06 1.9369836762850485e-06 0 1.9369836762850485e-06 -1.4709881915399803e-05 -1.4709881915399803e-05 -5.010872838867437e-05 1.9369836762850485e-06 0 9.5931807423092091e-06 -3.3397270289997414e-05 4.4341039468174988e-06 0.001687340579803081 -7.8619305060962589e-06 -1.4709881915399803e-05 -1.6613527153921255e-05 1.9369836762850485e-06 -8.6308216789500767e-05 1.9369836762850485e-06 1.9369836762850485e-06 1.9369836762850485e-06 2.8196129276461415e-05 0 0 1.9369836762850485e-06 0 3.204747765912778e-05 0 -0.00012255734557964609 -4.0683061396100169e-05 0.00086180216086126176 1.0057055725920617e-07 0 0 7.3932225040960401e-06 -9.2966914716641709e-05 -3.2481010775718568e-06 1.3687247885109548e-05 -7.0535708715340327e-06 9.5779383833963574e-06 0.00029062613931431512 -4.0997860581475867e-05 -1.4709881915399803e-05 -1.8014792761684034e-05 -2.017616164758346e-05 -1.9598543057610116e-05 0.00033190976985587162 -3.0508267297336101e-06 -1.0944890442685405e-05 -0.00064239150291751479 -5.8677312784704002e-05 -0.00022915626590963163 -0.00013506195452344253 1.9369836762850485e-06 0 0 0 0
leaf_weight=279508 32976 121 220 476 170 511 212 170 106 207 442 2937 904 594 86512 151 362 162 738 575 136 3067 135 236 195 157 691 122 1372 234 858 224 117 131 593 2069 161 501 639 156 10697 1190 1047 1169 272 217 400 968 150 1653 10443 356 158 132 790 140 166 269 7515 2604 158 470 128 415 647 638 161 117 295 1277 176 289 750 193 196 166 270 114 1700 913 1677 289 219 136 698 160 150 281 253 120 427 1284 12206 310
leaf_count=279508 32976 121 220 476 170 511 212 170 106 207 442 2937 904 594 86512 151 362 162 738 575 136 3067 135 236 195 157 691 122 1372 234 858 224 117 131 593 2069 161 501 639 156 10697 1190 1047 1169 272 217 400 968 150 1653 10443 356 158 132 790 140 166 269 7515 2604 158 470 128 415 647 638 161 117 295 1277 176 289 750 193 196 166 270 114 1700 913 1677 289 219 136 698 160 150 281 253 120 427 1284 12206 310
internal_value=0 -0.00278833 -0.00693231 0.0136489 0.0028519 0.00526873 0.00827579 0.0105798 0.00903456 0.0118393 -0.00820157 -0.00700753 -0.00192584 0.0138964 -0.0082904 0.00772259 0.0216523 0.000337323 -0.00230797 0.00157321 0.00379508 -0.00838525 -0.00603055 -0.00210433 0.000875015 0.000172459 0.00383774 0.0170262 -0.00395725 0.00227843 -0.00494993 0.0140612 0.0139826 0.0194453 -0.00294088 -0.00228323 0.00599841 0.00714413 -0.0038925 0.000679698 -0.00803644 -0.00758273 0.00177699 0.00305457 -0.0058599 0.00282977 -0.000153483 0.00370059 -0.00163128 -0.00143258 -0.00810764 0.0050856 0.00300499 0.00721889 0.00264382 0.00353546 0.00976459 -0.00847864 -0.00807466 -0.0053917 0.0301334 -0.00568016 0.0128959 -0.00668857 -0.00318585 -0.00423185 -0.000614434 0.0174693 -0.00601982 -0.00653509 -0.000253497 -0.00107053 -0.00266004 0.00275943 0.00236507 0.00357472 -2.26875e-09 0.00188333 -0.00636532 -0.00593774 -0.00682735 -0.00381583 -0.00328728 -0.00174233 -0.00285104 -0.00352684 -0.0040032 0.00248987 0.00294978 0.00369854 -0.00873238 -0.00850584 -0.00868145 -0.007307
internal_weight=0 172070 137424 34646 16750 8541 4589 3613 3401 2531 315397 35889 6043 34170 120674 1783 748 8209 2614 5595 3217 118089 4505 1438 870 1876 848 484 2585 355 2230 33576 33093 483 5601 4697 1515 1308 1303 392 29846 19149 3952 3081 911 2744 620 2124 700 2378 13380 1147 646 290 2919 2129 306 113584 27072 5330 264 5061 259 2457 4104 2035 1208 268 1987 1692 976 800 1388 1907 1714 1134 580 384 5769 4069 2867 1202 550 355 1028 858 725 1823 1542 1289 21742 14227 13800 1594
internal_count=487467 172070 137424 34646 16750 8541 4589 3613 3401 2531 315397 35889 6043 34170 120674 1783 748 8209 2614 5595 3217 118089 4505 1438 870 1876 848 484 2585 355 2230 33576 33093 483 5601 4697 1515 1308 1303 392 29846 19149 3952 3081 911 2744 620 2124 700 2378 13380 1147 646 290 2919 2129 306 113584 27072 5330 264 5061 259 2457 4104 2035 1208 268 1987 1692 976 800 1388 1907 1714 1134 580 384 5769 4069 2867 1202 550 355 1028 858 725 1823 1542 1289 21742 14227 13800 1594
is_linear=0
shrinkage=0.0951581


Tree=86
num_leaves=24
num_cat=0
split_feature=4 4 0 0 3 0 3 0 0 3 4 3 4 0 4 4 0 4 0 4 0 3 0
split_gain=359.839 66.9446 114.198 13.526 5.2067 2.06241 1.7994 9.48823 1.29279 1.57585 2.45091 1.06561 0.898883 0.380298 0.15812 0.251714 0.193487 0.0511671 0.0341813 0.0218409 0.00833134 0.00693294 0.00514415
threshold=0.15000000223517421 0.25000000745058065 1.5000000000000002 1.5000000000000002 0.15000000223517421 1.5000000000000002 0.15000000223517421 2.5000000000000004 2.5000000000000004 0.15000000223517421 0.35000000894069677 0.15000000223517421 0.35000000894069677 3.5000000000000004 0.45000000298023229 0.59999999403953563 3.5000000000000004 0.45000000298023229 4.5000000000000009 0.35000000894069677 2.5000000000000004 0.15000000223517421 3.5000000000000004
decision_type=2 2 2 2 2 2 2 2 2 2 2 2 2 2 2 2 2 2 2 2 2 2 2
left_child=3 2 4 -1 -2 11 20 -8 17 -10 13 -3 -13 -11 16 18 -12 19 22 21 -4 -7 -16
right_child=1 5 6 -5 -6 8 7 -9 9 10 14 12 -14 -15 15 -17 -18 -19 -20 -21 -22 -23 -24
leaf_value=-1.7526638809331428e-06 0 8.6803119968833779e-06 0 -1.3310117665124786e-05 0 6.4837043714946928e-06 0 1.7526640115164273e-06 -0.00019044777784941625 1.7526640115164273e-06 0.00063821792301871599 1.7526640115164273e-06 0.0010259328758969125 1.7526640115164273e-06 -0.00043808552625225245 0.0051597447905533554 0.00079452641177712004 -5.238460084786224e-05 -0.0013836035207320065 0.00013887055586079137 0 1.7526640115164273e-06 -7.113804224470285e-06
leaf_weight=310726 113386 2798 34831 4671 1992 1364 2491 150 581 2151 339 3390 478 215 213 143 227 159 151 531 1528 4790 162
leaf_count=310726 113386 2798 34831 4671 1992 1364 2491 150 581 2151 339 3390 478 215 213 143 227 159 151 531 1528 4790 162
internal_value=0 -0.00279165 -0.00342704 -0.00820157 -0.00192233 0.00275276 -0.0078786 -0.00548033 0.00195391 0.00327205 0.00401403 0.00407412 0.0050974 0.00580762 0.000577881 -0.000412496 0.00174849 0.00114846 -0.00137491 0.00118858 -0.00805281 0.00113806 -0.000888144
internal_weight=0 172070 154378 315397 115378 17692 39000 2641 11026 4182 3601 6666 3868 2366 1235 669 566 6844 526 6685 36359 6154 375
internal_count=487467 172070 154378 315397 115378 17692 39000 2641 11026 4182 3601 6666 3868 2366 1235 669 566 6844 526 6685 36359 6154 375
is_linear=0
shrinkage=0.0951581


Tree=87
num_leaves=95
num_cat=0
split_feature=3 2 0 2 2 2 2 0 2 2 2 2 2 2 2 2 2 2 2 2 2 2 2 2 2 2 2 2 2 0 2 2 2 2 2 2 0 2 2 2 2 2 2 2 0 2 2 2 2 2 2 2 2 2 2 2 2 0 2 2 2 2 0 2 0 2 2 0 0 2 0 2 2 2 2 2 2 2 2 2 2 0 2 2 2 0 2 2 0 2 2 2 2 2
split_gain=94.2867 59.1118 34.8575 23.1593 13.0919 16.7486 12.8225 18.1049 18.2084 6.005 4.53548 12.7999 4.22031 4.92833 3.25612 3.16576 7.2545 3.04735 6.18964 2.79463 4.49576 2.56669 2.32227 2.26633 4.00574 4.54268 4.10883 3.90521 2.21671 1.89855 9.28894 4.95209 1.62306 1.46979 1.44043 1.36318 1.32014 1.56441 1.38424 1.26742 1.16203 5.82971 0.954296 0.857096 0.98333 2.88234 8.6924 1.1622 0.832902 0.8098 0.756003 1.19083 0.75022 0.713962 1.47506 2.28844 0.703813 0.683951 0.579369 1.82884 0.723661 0.529455 0.504035 0.494001 0.450586 0.531133 0.441545 0.709675 0.427884 0.956867 0.41138 1.90756 0.944546 0.414051 0.393564 0.361419 0.287036 0.271369 0.268408 0.263207 0.283592 0.36165 0.244264 1.17362 0.197475 0.196806 0.315899 0.222815 0.192254 0.503335 0.242393 0.497659 0.245809 0.187013
threshold=0.15000000223517421 0.1067231632769108 1.5000000000000002 0.15460605919361117 0.10388386249542238 0.10347852483391763 0.17089758068323138 2.5000000000000004 0.16505814343690875 0.15629401057958606 0.10074627026915552 0.10317540168762208 0.10559467971324922 0.10458041727542879 0.10458041727542879 0.10504237189888956 0.10533428192138673 0.1633739769458771 0.16370223462581637 0.14379280805587771 0.1483045965433121 0.16013698279857638 0.16928205639123919 0.19012194871902469 0.20240999013185504 0.24515175819396975 0.24171940237283709 0.20071429014205935 0.15529115498065951 2.5000000000000004 0.17660956084728244 0.18897569924592975 0.10259784013032915 0.17394282668828967 0.14415185153484347 0.10594117641448976 1.5000000000000002 0.15803226083517077 0.15954913944005969 0.10421099141240121 0.19699231535196307 0.1981649845838547 0.20439612865448001 0.11504717171192171 1.5000000000000002 0.11259920522570611 0.1136809289455414 0.11293309181928636 0.25920708477497106 0.1072077937424183 0.15339080244302752 0.15392307937145236 0.14013888686895373 0.22736185789108279 0.22410600632429126 0.22547236829996112 0.19238026440143588 1.5000000000000002 0.18843366950750354 0.18758561462163928 0.18346994370222094 0.10559467971324922 1.5000000000000002 0.14926454424858096 1.5000000000000002 0.15298574417829516 0.17660956084728244 1.5000000000000002 2.5000000000000004 0.17089758068323138 1.5000000000000002 0.14551208168268207 0.14451952278614047 0.14790198951959613 0.14503520727157596 0.15188746154308322 0.16159114986658099 0.10594117641448976 0.15092624723911288 0.19101010262966159 0.19238026440143588 2.5000000000000004 0.22039676457643512 0.21946247667074206 0.14451952278614047 2.5000000000000004 0.2385164871811867 0.23357842862606051 1.5000000000000002 0.11547008529305459 0.12516666948795321 0.1281470060348511 0.12565835565328601 0.14741302281618121
decision_type=2 2 2 2 2 2 2 2 2 2 2 2 2 2 2 2 2 2 2 2 2 2 2 2 2 2 2 2 2 2 2 2 2 2 2 2 2 2 2 2 2 2 2 2 2 2 2 2 2 2 2 2 2 2 2 2 2 2 2 2 2 2 2 2 2 2 2 2 2 2 2 2 2 2 2 2 2 2 2 2 2 2 2 2 2 2 2 2 2 2 2 2 2 2
left_child=1 2 10 52 5 -4 7 9 -9 28 -1 32 13 -6 39 -15 -17 21 -19 43 34 36 -20 29 27 26 42 40 -5 31 -31 33 -12 -8 -21 -14 -11 -38 -39 -13 79 -42 -26 44 -3 49 47 -47 -27 -46 -22 57 -2 54 82 -56 68 -52 59 60 66 -16 -23 -54 65 75 -35 -68 -53 -70 72 84 -36 74 -74 78 -64 -63 -65 -25 -81 -82 83 -44 -72 86 -55 -87 90 -90 -45 92 -92 -76
right_child=3 19 4 6 12 -7 23 8 -10 17 11 14 35 15 61 16 -18 18 22 20 50 62 -24 24 25 48 -28 -29 -30 30 -32 -33 -34 58 70 -37 37 38 -40 -41 41 -43 53 88 45 46 -48 -49 -50 -51 51 56 63 85 55 -57 -58 -59 -60 -61 -62 77 76 64 -66 -67 67 -69 69 -71 71 -73 73 -75 93 -77 -78 -79 -80 80 81 -83 -84 -85 -86 87 -88 -89 89 -91 91 -93 -94 -95
leaf_value=-1.5858837356278821e-06 0 0 6.1192632818620158e-07 1.5858838537831528e-06 -6.3182530733081881e-07 2.3863714588392603e-06 0 0.00022118633664953386 1.5858838537831528e-06 -3.693762753212889e-05 7.0944276145233662e-06 -9.7097218700615779e-06 -1.6724526272603117e-06 1.6137355089764577e-05 0 -0.00010962845744041233 0.00010267940094040356 1.5858838537831528e-06 1.5858838537831528e-06 2.6356604174767995e-05 0 -0.00049739495864670636 0 -7.5779702498526507e-08 1.5858838537831528e-06 -6.2684262428520975e-06 4.4613445152587372e-07 -6.2684262428520975e-06 1.5858838537831528e-06 1.5858838537831528e-06 0.0004470089036940896 1.5858838537831528e-06 6.1192632818620158e-07 -0.00018944899466216822 0 1.500971588079713e-05 1.5858838537831528e-06 -4.1564676893911884e-05 5.773307327682635e-05 6.859944206112994e-07 1.5790697467098877e-06 0 1.5858838537831528e-06 0 0 0.00070493566286251234 0 1.22969049825651e-05 -6.4368682100187819e-06 0 0.002453146721816373 0 0 1.5858838537831528e-06 1.5858838537831528e-06 1.5858838537831528e-06 0 0 -7.8262071985515968e-05 1.5858838537831528e-06 -1.5199395818630771e-05 0 0 -2.0732789588947184e-05 0 -2.8823581166565083e-05 1.5858838537831528e-06 1.5858838537831528e-06 0 9.5418556063287281e-05 0.0086103034674408357 0 0 -0.00012173291622692592 0 6.5229174224324609e-06 -0.0004097671206195905 0 0 8.2619526290437001e-05 -1.0070175743221228e-05 0.0021966591276853333 0.00033730176624906683 1.5858838537831528e-06 0 -0.00021592737393976295 -0.003224966434952055 0.00044657389064334496 0 0 0 0 0 0
leaf_weight=313058 1148 27759 178 108 206 128 255 133 208 269 522 1612 171 150 2806 157 158 120 614 291 8360 158 183 130 162 723 138 738 246 138 321 114 637 194 673 431 157 203 107 783 165 765 1376 31225 273 140 1172 341 1642 3513 226 12617 1448 424 136 166 3053 218 144 168 332 920 185 278 943 153 188 266 421 199 340 1015 335 215 1863 116 154 2191 117 152 739 167 299 128 562 120 133 111 359 19983 417 24399 5452 356
leaf_count=313058 1148 27759 178 108 206 128 255 133 208 269 522 1612 171 150 2806 157 158 120 614 291 8360 158 183 130 162 723 138 738 246 138 321 114 637 194 673 431 157 203 107 783 165 765 1376 31225 273 140 1172 341 1642 3513 226 12617 1448 424 136 166 3053 218 144 168 332 920 185 278 943 153 188 266 421 199 340 1015 335 215 1863 116 154 2191 117 152 739 167 299 128 562 120 133 111 359 19983 417 24399 5452 356
internal_value=0 -0.00655749 -0.0058417 0.00054014 0.0082623 0.0259352 0.00247586 0.00814446 0.0287149 0.00534314 -0.00591075 -0.00385917 0.00401413 0.00920381 -0.00516547 0.0146318 0.00921372 0.00345224 0.00760642 -0.00814892 -0.007343 0.000362725 0.00457284 0.000944894 0.000244283 0.00173264 0.00407394 -0.00265217 0.0168274 0.00372553 0.00914264 0.00222856 0.00550915 0.000818099 -0.00491791 -0.00177039 0.00393044 0.00698913 0.00306961 -0.00220513 -0.000575084 0.00194409 0.00334844 -0.00836431 -0.0079565 -0.00678651 -0.00347129 0.00730007 -0.00142838 -0.00823397 -0.00788902 -0.00751985 -0.00562164 0.00295046 0.00386509 0.01002 -0.00765237 -0.00265757 0.00212117 0.00283485 0.0012623 -0.00636371 -0.00492065 -0.00640098 -0.00525235 -0.00335347 0.00311319 0.00473694 -0.00735198 -0.00491139 -0.00527196 -0.00415479 -0.00589416 -0.00511703 -0.00545464 -0.00188082 -0.00698949 -0.00550883 -0.00325224 -0.00254716 -0.00205067 -0.0026888 0.00283416 0.003328 -0.000970573 0.000507186 -0.000461271 0.00284238 -0.00852975 -0.00827616 -0.00861364 -0.00842175 -0.00763502 -0.00591361
internal_weight=0 469885 324108 17582 1579 306 13379 2845 341 2504 322529 9471 1273 671 8312 465 315 2150 917 145777 30744 1233 797 10534 8414 5558 3193 2856 354 2120 459 1661 1159 1547 5650 602 736 467 310 2395 2118 930 3055 115033 33198 5439 1653 481 2365 3786 25094 16734 4203 2893 2105 302 16290 444 1292 1148 980 5917 497 3055 1607 664 648 454 13237 620 5359 1917 3442 2769 2554 511 339 3111 395 1188 1058 906 1803 1504 902 788 557 231 81835 20342 61493 30268 5869 2219
internal_count=487467 469885 324108 17582 1579 306 13379 2845 341 2504 322529 9471 1273 671 8312 465 315 2150 917 145777 30744 1233 797 10534 8414 5558 3193 2856 354 2120 459 1661 1159 1547 5650 602 736 467 310 2395 2118 930 3055 115033 33198 5439 1653 481 2365 3786 25094 16734 4203 2893 2105 302 16290 444 1292 1148 980 5917 497 3055 1607 664 648 454 13237 620 5359 1917 3442 2769 2554 511 339 3111 395 1188 1058 906 1803 1504 902 788 557 231 81835 20342 61493 30268 5869 2219
is_linear=0
shrinkage=0.0951581


Tree=88
num_leaves=95
num_cat=0
split_feature=3 2 0 2 2 2 2 0 2 2 2 2 2 2 2 2 2 2 2 2 2 2 2 2 2 2 2 2 2 0 2 2 2 2 2 2 0 2 2 2 2 2 2 2 0 2 2 2 2 2 2 2 2 2 2 2 2 0 2 2 2 2 0 2 0 2 2 0 0 2 0 2 2 2 2 2 2 2 2 2 2 0 2 2 2 0 2 2 0 2 2 2 2 2
split_gain=94.2867 59.1118 34.8575 23.1593 13.0919 16.7486 12.8225 18.1049 18.2084 6.005 4.53548 12.7999 4.22031 4.92833 3.25612 3.16576 7.2545 3.04735 6.18964 2.79463 4.49576 2.56669 2.32227 2.26633 4.00574 4.54268 4.10883 3.90521 2.21671 1.89855 9.28894 4.95209 1.62306 1.46979 1.44043 1.36318 1.32014 1.56441 1.38424 1.26742 1.16203 5.82971 0.954296 0.857096 0.98333 2.88234 8.6924 1.1622 0.832902 0.8098 0.756003 1.19083 0.75022 0.713962 1.47506 2.28844 0.703813 0.683951 0.579369 1.82884 0.723661 0.529455 0.504035 0.494001 0.450586 0.531133 0.441545 0.709675 0.427884 0.956867 0.41138 1.90756 0.944546 0.414051 0.393564 0.361419 0.287036 0.271369 0.268408 0.263207 0.283592 0.36165 0.244264 1.17362 0.197475 0.196806 0.315899 0.222815 0.192254 0.503335 0.242393 0.497659 0.245809 0.187013
threshold=0.15000000223517421 0.1067231632769108 1.5000000000000002 0.15460605919361117 0.10388386249542238 0.10347852483391763 0.17089758068323138 2.5000000000000004 0.16505814343690875 0.15629401057958606 0.10074627026915552 0.10317540168762208 0.10559467971324922 0.10458041727542879 0.10458041727542879 0.10504237189888956 0.10533428192138673 0.1633739769458771 0.16370223462581637 0.14379280805587771 0.1483045965433121 0.16013698279857638 0.16928205639123919 0.19012194871902469 0.20240999013185504 0.24515175819396975 0.24171940237283709 0.20071429014205935 0.15529115498065951 2.5000000000000004 0.17660956084728244 0.18897569924592975 0.10259784013032915 0.17394282668828967 0.14415185153484347 0.10594117641448976 1.5000000000000002 0.15803226083517077 0.15954913944005969 0.10421099141240121 0.19699231535196307 0.1981649845838547 0.20439612865448001 0.11504717171192171 1.5000000000000002 0.11259920522570611 0.1136809289455414 0.11293309181928636 0.25920708477497106 0.1072077937424183 0.15339080244302752 0.15392307937145236 0.14013888686895373 0.22736185789108279 0.22410600632429126 0.22547236829996112 0.19238026440143588 1.5000000000000002 0.18843366950750354 0.18758561462163928 0.18346994370222094 0.10559467971324922 1.5000000000000002 0.14926454424858096 1.5000000000000002 0.15298574417829516 0.17660956084728244 1.5000000000000002 2.5000000000000004 0.17089758068323138 1.5000000000000002 0.14551208168268207 0.14451952278614047 0.14790198951959613 0.14503520727157596 0.15188746154308322 0.16159114986658099 0.10594117641448976 0.15092624723911288 0.19101010262966159 0.19238026440143588 2.5000000000000004 0.22039676457643512 0.21946247667074206 0.14451952278614047 2.5000000000000004 0.2385164871811867 0.23357842862606051 1.5000000000000002 0.11547008529305459 0.12516666948795321 0.1281470060348511 0.12565835565328601 0.14741302281618121
decision_type=2 2 2 2 2 2 2 2 2 2 2 2 2 2 2 2 2 2 2 2 2 2 2 2 2 2 2 2 2 2 2 2 2 2 2 2 2 2 2 2 2 2 2 2 2 2 2 2 2 2 2 2 2 2 2 2 2 2 2 2 2 2 2 2 2 2 2 2 2 2 2 2 2 2 2 2 2 2 2 2 2 2 2 2 2 2 2 2 2 2 2 2 2 2
left_child=1 2 10 52 5 -4 7 9 -9 28 -1 32 13 -6 39 -15 -17 21 -19 43 34 36 -20 29 27 26 42 40 -5 31 -31 33 -12 -8 -21 -14 -11 -38 -39 -13 79 -42 -26 44 -3 49 47 -47 -27 -46 -22 57 -2 54 82 -56 68 -52 59 60 66 -16 -23 -54 65 75 -35 -68 -53 -70 72 84 -36 74 -74 78 -64 -63 -65 -25 -81 -82 83 -44 -72 86 -55 -87 90 -90 -45 92 -92 -76
right_child=3 19 4 6 12 -7 23 8 -10 17 11 14 35 15 61 16 -18 18 22 20 50 62 -24 24 25 48 -28 -29 -30 30 -32 -33 -34 58 70 -37 37 38 -40 -41 41 -43 53 88 45 46 -48 -49 -50 -51 51 56 63 85 55 -57 -58 -59 -60 -61 -62 77 76 64 -66 -67 67 -69 69 -71 71 -73 73 -75 93 -77 -78 -79 -80 80 81 -83 -84 -85 -86 87 -88 -89 89 -91 91 -93 -94 -95
leaf_value=-1.4349740702079597e-06 0 0 5.5369658827858977e-07 1.4349741771184597e-06 -5.7170201859902824e-07 2.1592889115302243e-06 0 0.00020013866757429173 1.4349741771184597e-06 -3.3422713489526093e-05 6.419335441243609e-06 -8.7857632936441969e-06 -1.5133052315582307e-06 1.4601755220333292e-05 0 -9.9196422946839258e-05 9.2908625382679764e-05 1.4349741771184597e-06 1.4349741771184597e-06 2.3848560092927949e-05 0 -0.00045006380497839509 0 -6.8568650833783907e-08 1.4349741771184597e-06 -5.6719347814869632e-06 4.0368114974651588e-07 -5.6719347814869632e-06 1.4349741771184597e-06 1.4349741771184597e-06 0.00040447239071974639 1.4349741771184597e-06 5.5369658827858977e-07 -0.00017142139039561348 0 1.3581420003401852e-05 1.4349741771184597e-06 -3.7609461677029524e-05 5.2239304360381407e-05 6.2071650258526417e-07 1.42880848745518e-06 0 1.4349741771184597e-06 0 0 0.00063785533242249805 0 1.1126755005657006e-05 -5.8243481329773591e-06 0 0.0022197099681003462 0 0 1.4349741771184597e-06 1.4349741771184597e-06 1.4349741771184597e-06 0 0 -7.0814802785954713e-05 1.4349741771184597e-06 -1.3753050360860163e-05 0 0 -1.8759896955136905e-05 0 -2.6080784268949131e-05 1.4349741771184597e-06 1.4349741771184597e-06 0 8.6338708627503423e-05 0.0077909634450629506 0 0 -0.00011014904456866842 0 5.9022090667899197e-06 -0.0003707744645479718 0 0 7.4757610066969194e-05 -9.11191706511488e-06 0.0019876292432404775 0.00030520477480716596 1.4349741771184597e-06 0 -0.00019538013770531294 -0.0029180847923974879 0.00040407877267953563 0 0 0 0 0 0
leaf_weight=313058 1148 27759 178 108 206 128 255 133 208 269 522 1612 171 150 2806 157 158 120 614 291 8360 158 183 130 162 723 138 738 246 138 321 114 637 194 673 431 157 203 107 783 165 765 1376 31225 273 140 1172 341 1642 3513 226 12617 1448 424 136 166 3053 218 144 168 332 920 185 278 943 153 188 266 421 199 340 1015 335 215 1863 116 154 2191 117 152 739 167 299 128 562 120 133 111 359 19983 417 24399 5452 356
leaf_count=313058 1148 27759 178 108 206 128 255 133 208 269 522 1612 171 150 2806 157 158 120 614 291 8360 158 183 130 162 723 138 738 246 138 321 114 637 194 673 431 157 203 107 783 165 765 1376 31225 273 140 1172 341 1642 3513 226 12617 1448 424 136 166 3053 218 144 168 332 920 185 278 943 153 188 266 421 199 340 1015 335 215 1863 116 154 2191 117 152 739 167 299 128 562 120 133 111 359 19983 417 24399 5452 356
internal_value=0 -0.00655749 -0.0058417 0.00054014 0.0082623 0.0259352 0.00247586 0.00814446 0.0287149 0.00534314 -0.00591075 -0.00385917 0.00401413 0.00920381 -0.00516547 0.0146318 0.00921372 0.00345224 0.00760642 -0.00814892 -0.007343 0.000362725 0.00457284 0.000944894 0.000244283 0.00173264 0.00407394 -0.00265217 0.0168274 0.00372553 0.00914264 0.00222856 0.00550915 0.000818099 -0.00491791 -0.00177039 0.00393044 0.00698913 0.00306961 -0.00220513 -0.000575084 0.00194409 0.00334844 -0.00836431 -0.0079565 -0.00678651 -0.00347129 0.00730007 -0.00142838 -0.00823397 -0.00788902 -0.00751985 -0.00562164 0.00295046 0.00386509 0.01002 -0.00765237 -0.00265757 0.00212117 0.00283485 0.0012623 -0.00636371 -0.00492065 -0.00640098 -0.00525235 -0.00335347 0.00311319 0.00473694 -0.00735198 -0.00491139 -0.00527196 -0.00415479 -0.00589416 -0.00511703 -0.00545464 -0.00188082 -0.00698949 -0.00550883 -0.00325224 -0.00254716 -0.00205067 -0.0026888 0.00283416 0.003328 -0.000970573 0.000507186 -0.000461271 0.00284238 -0.00852975 -0.00827616 -0.00861364 -0.00842175 -0.00763502 -0.00591361
internal_weight=0 469885 324108 17582 1579 306 13379 2845 341 2504 322529 9471 1273 671 8312 465 315 2150 917 145777 30744 1233 797 10534 8414 5558 3193 2856 354 2120 459 1661 1159 1547 5650 602 736 467 310 2395 2118 930 3055 115033 33198 5439 1653 481 2365 3786 25094 16734 4203 2893 2105 302 16290 444 1292 1148 980 5917 497 3055 1607 664 648 454 13237 620 5359 1917 3442 2769 2554 511 339 3111 395 1188 1058 906 1803 1504 902 788 557 231 81835 20342 61493 30268 5869 2219
internal_count=487467 469885 324108 17582 1579 306 13379 2845 341 2504 322529 9471 1273 671 8312 465 315 2150 917 145777 30744 1233 797 10534 8414 5558 3193 2856 354 2120 459 1661 1159 1547 5650 602 736 467 310 2395 2118 930 3055 115033 33198 5439 1653 481 2365 3786 25094 16734 4203 2893 2105 302 16290 444 1292 1148 980 5917 497 3055 1607 664 648 454 13237 620 5359 1917 3442 2769 2554 511 339 3111 395 1188 1058 906 1803 1504 902 788 557 231 81835 20342 61493 30268 5869 2219
is_linear=0
shrinkage=0.0951581


Tree=89
num_leaves=95
num_cat=0
split_feature=4 2 4 4 0 2 2 2 2 2 0 2 2 2 2 2 2 2 2 2 2 2 2 2 2 0 0 2 2 2 2 2 2 2 2 2 2 0 2 2 2 2 2 2 2 2 0 2 2 0 2 2 2 0 2 2 2 2 2 2 2 2 2 2 2 2 2 2 4 2 2 0 2 2 2 2 0 2 2 2 0 2 2 2 2 2 2 0 4 2 2 2 2 2
split_gain=356.243 1299.17 190.51 15.5348 13.526 58.2581 9.78685 6.30128 11.33 5.47746 5.16957 8.87103 11.3941 3.96399 3.30579 4.19909 4.07997 4.42901 3.13646 9.49717 3.09344 22.0035 2.66878 5.27109 2.60571 2.33194 2.2899 4.2874 2.32226 1.81737 18.0476 3.18845 1.67961 3.66591 1.61305 3.03099 2.64552 1.56749 1.49282 5.97972 1.36546 1.7724 2.98688 1.27621 7.93037 2.67409 3.92848 1.79187 1.10237 1.08413 1.04301 0.76114 0.753242 1.82123 0.736686 0.682331 0.672059 1.5534 2.10168 0.62998 0.60438 0.555479 0.555031 1.33609 0.539372 0.529197 0.487987 0.868963 0.480597 0.625878 0.463554 0.521939 0.432144 0.425092 1.75358 0.503818 0.658131 0.401503 0.537256 0.38135 0.376683 0.622271 0.425671 0.97789 0.370215 0.342758 0.323064 0.290709 0.289725 0.486425 1.3983 0.269908 0.364962 0.249677
threshold=0.15000000223517421 0.10388386249542238 0.25000000745058065 0.25000000745058065 1.5000000000000002 0.10559467971324922 0.19012194871902469 0.15460605919361117 0.15629401057958606 0.1067231632769108 2.5000000000000004 0.17660956084728244 0.16505814343690875 0.18897569924592975 0.20240999013185504 0.20071429014205935 0.24515175819396975 0.24171940237283709 0.10388386249542238 0.10458041727542879 0.1139211878180504 0.11203448474407197 0.19699231535196307 0.1981649845838547 0.17006493359804156 1.5000000000000002 1.5000000000000002 0.10458041727542879 0.10594117641448976 0.10074627026915552 0.10259784013032915 0.1067231632769108 0.14379280805587771 0.14586748182773593 0.10259784013032915 0.10074627026915552 0.10317540168762208 2.5000000000000004 0.16505814343690875 0.17660956084728244 0.11630280315876008 0.12516666948795321 0.12782331556081775 0.1633739769458771 0.1643650829792023 0.15803226083517077 1.5000000000000002 0.168457105755806 0.17394282668828967 1.5000000000000002 0.20439612865448001 0.25920708477497106 0.16587346047163012 1.5000000000000002 0.15298574417829516 0.14415185153484347 0.22736185789108279 0.22410600632429126 0.22547236829996112 0.14451952278614047 0.15188746154308322 0.17089758068323138 0.1072077937424183 0.1067231632769108 0.1483045965433121 0.10347852483391763 0.10388386249542238 0.10458041727542879 0.35000000894069677 0.19548846781253817 0.14620192348957065 1.5000000000000002 0.10481997579336168 0.18843366950750354 0.18758561462163928 0.18346994370222094 1.5000000000000002 0.14670995622873309 0.14790198951959613 0.1779797971248627 2.5000000000000004 0.14295635372400287 0.13759057968854907 0.14094635099172595 0.14503520727157596 0.10594117641448976 0.11504717171192171 1.5000000000000002 0.35000000894069677 0.22039676457643512 0.21946247667074206 0.16159114986658099 0.16259328275918963 0.15339080244302752
decision_type=2 2 2 2 2 2 2 2 2 2 2 2 2 2 2 2 2 2 2 2 2 2 2 2 2 2 2 2 2 2 2 2 2 2 2 2 2 2 2 2 2 2 2 2 2 2 2 2 2 2 2 2 2 2 2 2 2 2 2 2 2 2 2 2 2 2 2 2 2 2 2 2 2 2 2 2 2 2 2 2 2 2 2 2 2 2 2 2 2 2 2 2 2 2
left_child=4 3 9 34 29 18 7 40 25 26 13 12 -12 43 15 22 17 50 -6 -20 21 62 68 -24 -14 -9 27 -3 72 -1 -31 66 -11 49 35 -2 -36 64 -39 -40 -4 -42 -43 45 -45 46 -10 52 61 55 -16 -18 -46 -54 60 -34 57 88 -59 -57 80 -49 63 -7 70 -38 -32 -68 69 -8 -35 77 -28 74 75 76 79 -72 -79 -50 82 -82 -44 -84 -61 -29 -33 -25 89 90 -52 -47 -93 -66
right_child=1 2 6 -5 5 20 14 8 10 32 11 -13 24 -15 16 -17 51 -19 19 -21 -22 -23 23 87 -26 -27 28 85 -30 30 31 86 33 37 36 -37 65 38 39 -41 41 42 54 44 47 91 -48 48 73 -51 56 -53 53 -55 -56 59 -58 58 -60 84 -62 -63 -64 -65 93 -67 67 -69 -70 -71 71 -73 -74 -75 -76 -77 -78 78 -80 -81 81 -83 83 -85 -86 -87 -88 -89 -90 -91 -92 92 -94 -95
leaf_value=-1.298424680138048e-06 1.7034768482624839e-05 5.6165030648167058e-07 7.8543100966431738e-06 2.4889078579265373e-05 1.9538151054341221e-06 -1.3693019978769759e-06 -8.2448444514403934e-06 1.2984247768774118e-06 -1.0005861410186976e-05 0 -0.0016781641831683041 7.8122882120755857e-05 1.2984247768774118e-06 1.2984247768774118e-06 1.2984247768774118e-06 -5.132204307600334e-06 -5.132204307600334e-06 3.652676230335579e-07 0.0022370709697740049 8.4067618153608426e-05 -1.2043552305745958e-05 1.0067954264219658e-05 1.2928458024553377e-06 -0.0037562412592858393 1.2984247768774118e-06 1.2984247768774118e-06 -5.1729994711876368e-07 0 1.2289038032012258e-05 5.8084837489700699e-06 -8.1644805893182584e-06 -1.8089456519571151e-05 0 0 5.0100787913586381e-07 -1.924337850451613e-05 1.374292945798985e-05 0 1.2984247768774118e-06 0 -3.1045251776645653e-05 7.8543100966431738e-06 8.060995695181806e-06 1.2984247768774118e-06 1.2984247768774118e-06 -2.9272960464527075e-06 1.2984247768774118e-06 0.00015266950081074414 1.2984247768774118e-06 0 1.2984247768774118e-06 -5.2701142958446253e-06 1.2984247768774118e-06 1.2984247768774118e-06 -2.35989866822121e-05 0 1.2984247768774118e-06 1.2984247768774118e-06 1.2984247768774118e-06 0 5.3405661320049142e-06 -2.243133048308398e-05 -1.2043552305745958e-05 2.5408493433330316e-05 0 3.0757895953157738e-05 -7.9497268495345546e-06 -3.664495887978611e-05 0.0011644384448876036 0.0008500544656794189 0 0 -0.00065553625530223787 -6.407620149057298e-05 1.2984247768774118e-06 -1.2444336372666657e-05 1.2984247768774118e-06 0 0 1.2984247768774118e-06 -0.00161776021256805 2.1579176692666074e-05 -1.8900469472079181e-05 7.8405181714704358e-06 0 0 -5.2795939180189238e-05 8.0331677449346072e-06 -0.00022085230936785062 -0.00018351619173277817 1.2984247768774118e-06 7.403376472952322e-06 -4.6166479460760548e-05 0
leaf_weight=279508 33104 264 240 942 176 284 889 139 159 87108 179 363 183 125 162 738 725 136 115 200 2482 239 157 177 213 172 146 1031 240 412 1351 16255 195 550 224 117 131 466 117 345 495 158 459 149 212 737 142 223 156 1181 1169 1653 183 221 228 634 790 140 166 352 118 292 1059 116 8629 128 1023 4232 140 129 321 826 286 140 162 331 388 926 250 172 120 108 214 972 782 618 7945 514 281 253 120 139 119 15407
leaf_count=279508 33104 264 240 942 176 284 889 139 159 87108 179 363 183 125 162 738 725 136 115 200 2482 239 157 177 213 172 146 1031 240 412 1351 16255 195 550 224 117 131 466 117 345 495 158 459 149 212 737 142 223 156 1181 1169 1653 183 221 228 634 790 140 166 352 118 292 1059 116 8629 128 1023 4232 140 129 321 826 286 140 162 331 388 926 250 172 120 108 214 972 782 618 7945 514 281 253 120 139 119 15407
internal_value=0 -0.00281874 -0.0069704 0.0136489 -0.00820157 -0.00311897 0.00253944 0.00482974 0.00682574 -0.0082904 0.00572703 0.0120926 0.0194453 0.00425274 0.000229363 -0.00247605 0.0015562 0.0037655 0.0278885 0.0222036 -0.00676123 -0.00363148 -0.000218211 0.00383774 0.0284513 0.0244474 -0.00395725 -0.00563587 0.000821303 -0.00827797 -0.00758936 -0.00785396 -0.00838525 -0.00778349 0.0139857 0.0139064 0.0194453 -0.00813136 -0.00428622 -0.000453136 0.00143104 0.00085483 0.00193358 0.00372147 0.00492621 0.00127758 0.00913644 0.00364517 0.00217475 -0.00470343 0.00302368 -0.00143258 0.00809461 0.0105051 0.00103349 -0.00607403 0.00261122 0.00349077 0.00976459 -0.00666322 0.00162022 -0.00157057 -0.00801572 -0.0049958 -0.00826396 0.0128959 -0.00600104 -0.00558635 -0.00318837 -0.00390728 -0.0070317 -0.00644355 -0.00334816 0.00360458 0.0041794 0.00275386 0.00417313 -0.00538403 -0.00619822 0.00731092 0.00120408 -0.00242069 0.00170648 0.000754202 -0.00532013 -0.00743838 -0.00835976 0.000261648 0.00243767 0.00294978 0.00369854 -0.00109982 0.00154908 -0.00841126
internal_weight=0 172070 137424 34646 315397 4671 16750 8411 5299 120674 4988 938 575 4050 8339 2744 5595 3217 491 315 4180 1698 2006 848 396 311 2585 1913 672 310726 31218 30806 118089 30981 33704 33221 483 27837 928 462 3112 2872 2377 3925 2629 1296 301 2480 1864 3144 3081 2378 616 404 2219 1963 2919 2129 306 1768 1991 515 1459 400 26909 259 6606 5255 1158 1018 2873 2323 432 1349 1209 1047 716 1497 1176 328 1873 228 1645 1186 1134 1649 24200 691 1823 1542 1289 995 258 24036
internal_count=487467 172070 137424 34646 315397 4671 16750 8411 5299 120674 4988 938 575 4050 8339 2744 5595 3217 491 315 4180 1698 2006 848 396 311 2585 1913 672 310726 31218 30806 118089 30981 33704 33221 483 27837 928 462 3112 2872 2377 3925 2629 1296 301 2480 1864 3144 3081 2378 616 404 2219 1963 2919 2129 306 1768 1991 515 1459 400 26909 259 6606 5255 1158 1018 2873 2323 432 1349 1209 1047 716 1497 1176 328 1873 228 1645 1186 1134 1649 24200 691 1823 1542 1289 995 258 24036
is_linear=0
shrinkage=0.0951581


Tree=90
num_leaves=24
num_cat=0
split_feature=4 4 0 0 3 0 3 0 0 3 4 3 4 0 4 4 0 4 0 4 0 3 0
split_gain=359.471 66.3632 114.198 13.526 5.2067 1.92589 1.7994 9.48823 1.29279 1.57585 2.45091 1.1123 1.0686 0.380298 0.15812 0.251714 0.193487 0.0511671 0.0341813 0.0218409 0.00833134 0.00693294 0.00514415
threshold=0.15000000223517421 0.25000000745058065 1.5000000000000002 1.5000000000000002 0.15000000223517421 1.5000000000000002 0.15000000223517421 2.5000000000000004 2.5000000000000004 0.15000000223517421 0.35000000894069677 0.15000000223517421 0.35000000894069677 3.5000000000000004 0.45000000298023229 0.59999999403953563 3.5000000000000004 0.45000000298023229 4.5000000000000009 0.35000000894069677 2.5000000000000004 0.15000000223517421 3.5000000000000004
decision_type=2 2 2 2 2 2 2 2 2 2 2 2 2 2 2 2 2 2 2 2 2 2 2
left_child=3 2 4 -1 -2 11 20 -8 17 -10 13 -3 -13 -11 16 18 -12 19 22 21 -4 -7 -16
right_child=1 5 6 -5 -6 8 7 -9 9 10 14 12 -14 -15 15 -17 -18 -19 -20 -21 -22 -23 -24
leaf_value=-1.1748690690610703e-06 0 7.1069089586133461e-06 0 -1.089751088536939e-05 0 5.1206387300451437e-06 0 1.1748691565959653e-06 -1.8382161238478828e-05 1.1748691565959653e-06 0.00057785587775546624 1.1748691565959653e-06 0.0011721237472423331 1.1748691565959653e-06 -0.00039472989690277337 0.0046704215852505278 0.00072058904481035572 -4.5731534427434123e-05 -0.001250274206054806 0.00012554029615986927 0 1.1748691565959653e-06 -4.7686202914316806e-06
leaf_weight=310726 113386 2798 34831 4671 1992 1364 2491 150 581 2151 339 3390 478 215 213 143 227 159 151 531 1528 4790 162
leaf_count=310726 113386 2798 34831 4671 1992 1364 2491 150 581 2151 339 3390 478 215 213 143 227 159 151 531 1528 4790 162
internal_value=0 -0.00279441 -0.00342704 -0.00820157 -0.00192233 0.00272587 -0.0078786 -0.00548033 0.00195391 0.00327205 0.00401403 0.00400275 0.0050482 0.00580762 0.000577881 -0.000412496 0.00174849 0.00114846 -0.00137491 0.00118858 -0.00805281 0.00113806 -0.000888144
internal_weight=0 172070 154378 315397 115378 17692 39000 2641 11026 4182 3601 6666 3868 2366 1235 669 566 6844 526 6685 36359 6154 375
internal_count=487467 172070 154378 315397 115378 17692 39000 2641 11026 4182 3601 6666 3868 2366 1235 669 566 6844 526 6685 36359 6154 375
is_linear=0
shrinkage=0.0951581


Tree=91
num_leaves=95
num_cat=0
split_feature=3 2 0 2 2 2 2 0 2 2 2 2 2 2 2 2 2 2 2 2 2 2 2 2 2 2 2 2 2 2 2 2 2 2 0 2 2 0 2 2 2 2 2 2 0 2 2 2 2 2 2 2 2 2 2 2 0 2 2 2 2 0 2 0 2 2 0 0 2 0 2 2 2 2 2 0 2 2 2 2 2 2 0 2 2 2 2 2 2 0 0 2 2 2
split_gain=97.85 58.7111 34.8575 24.1876 13.7689 13.0919 16.7486 11.3365 18.9688 15.7238 8.01788 7.4779 4.95556 4.53548 12.7999 4.22031 4.92833 4.0473 4.54268 4.10883 3.85013 3.25612 3.16576 7.2545 2.74057 4.49576 2.21671 1.62911 5.43865 4.60318 2.56669 2.03693 1.62306 1.44043 1.41607 3.04536 1.36318 1.32014 1.56441 1.38424 1.26742 0.954296 0.832902 0.815878 0.98333 2.88234 8.6924 1.1622 0.8098 0.756003 1.19083 0.75022 0.713962 1.47506 2.28844 0.703813 0.683951 0.579369 1.82884 0.723661 0.529455 0.504035 0.494001 0.450586 0.531133 0.441545 0.709675 0.427884 0.956867 0.41138 1.90756 0.944546 0.414051 0.393564 0.361419 0.296015 0.287036 0.271369 0.268408 0.244264 1.17362 0.197475 0.196806 0.315899 0.222815 0.187013 0.378341 0.372697 0.72353 0.182812 0.325861 0.233459 0.36183 0.222878
threshold=0.15000000223517421 0.1067231632769108 1.5000000000000002 0.15460605919361117 0.19101010262966159 0.10388386249542238 0.10347852483391763 2.5000000000000004 0.17660956084728244 0.16505814343690875 0.18897569924592975 0.15629401057958606 0.168457105755806 0.10074627026915552 0.10317540168762208 0.10559467971324922 0.10458041727542879 0.20240999013185504 0.24515175819396975 0.24171940237283709 0.20071429014205935 0.10458041727542879 0.10504237189888956 0.10533428192138673 0.14379280805587771 0.1483045965433121 0.15529115498065951 0.16928205639123919 0.1633739769458771 0.16370223462581637 0.16013698279857638 0.17394282668828967 0.10259784013032915 0.14415185153484347 1.5000000000000002 0.19699231535196307 0.10594117641448976 1.5000000000000002 0.15803226083517077 0.15954913944005969 0.10421099141240121 0.20439612865448001 0.25920708477497106 0.11504717171192171 1.5000000000000002 0.11259920522570611 0.1136809289455414 0.11293309181928636 0.1072077937424183 0.15339080244302752 0.15392307937145236 0.14013888686895373 0.22736185789108279 0.22410600632429126 0.22547236829996112 0.19238026440143588 1.5000000000000002 0.18843366950750354 0.18758561462163928 0.18346994370222094 0.10559467971324922 1.5000000000000002 0.14926454424858096 1.5000000000000002 0.15298574417829516 0.17660956084728244 1.5000000000000002 2.5000000000000004 0.17089758068323138 1.5000000000000002 0.14551208168268207 0.14451952278614047 0.14790198951959613 0.14503520727157596 0.15188746154308322 2.5000000000000004 0.16159114986658099 0.10594117641448976 0.15092624723911288 0.22039676457643512 0.21946247667074206 0.14451952278614047 2.5000000000000004 0.2385164871811867 0.23357842862606051 0.14741302281618121 0.1471008434891701 0.14670995622873309 0.14620192348957065 2.5000000000000004 3.5000000000000004 0.30072464048862463 0.27303031086921697 0.27303031086921697
decision_type=2 2 2 2 2 2 2 2 2 2 2 2 2 2 2 2 2 2 2 2 2 2 2 2 2 2 2 2 2 2 2 2 2 2 2 2 2 2 2 2 2 2 2 2 2 2 2 2 2 2 2 2 2 2 2 2 2 2 2 2 2 2 2 2 2 2 2 2 2 2 2 2 2 2 2 2 2 2 2 2 2 2 2 2 2 2 2 2 2 2 2 2 2 2
left_child=1 2 13 51 7 6 -4 10 9 -9 11 26 -11 -1 32 16 -7 20 19 41 34 40 -18 -24 43 33 -5 28 30 -30 37 -29 -15 -26 35 -6 -17 -13 -39 -40 -16 -19 -20 44 -3 48 47 -47 -46 -27 56 -2 53 79 -55 67 -51 58 59 65 -23 -32 -53 64 74 -33 -67 -52 -69 71 81 -35 73 -73 78 -36 -63 -62 -64 80 -43 -71 83 -54 -84 86 87 88 -75 91 93 92 -44 -91
right_child=3 24 5 4 17 15 -8 8 -10 12 -12 27 -14 14 21 36 22 18 42 -21 -22 60 23 -25 25 49 -28 31 29 -31 61 57 -34 69 75 -37 -38 38 39 -41 -42 52 89 -45 45 46 -48 -49 -50 50 55 62 82 54 -56 -57 -58 -59 -60 -61 77 76 63 -65 -66 66 -68 68 -70 70 -72 72 -74 85 -76 -77 -78 -79 -80 -81 -82 -83 84 -85 -86 -87 -88 -89 -90 90 -92 -93 -94 -95
leaf_value=-1.0630707738007157e-06 0 0 4.5333292685939769e-07 1.0630708530080094e-06 -7.5720791141682878e-06 -4.6807467278798436e-07 2.8048801031057656e-06 0.0003406729526057679 -0.00031852839963899708 1.0630708530080094e-06 1.0630708530080094e-06 -3.0075514355998649e-05 1.0630708530080094e-06 5.3675578315626367e-06 -7.0814477403953311e-06 -2.0201552763024318e-07 6.2495525311398402e-06 1.0630708530080094e-06 -4.7556318576943422e-06 2.1871115051871588e-07 -4.7556318576943422e-06 0 -9.6719808487063247e-05 7.7104890585033507e-05 2.1274954812023625e-05 0 1.0630708530080094e-06 0 1.0630708530080094e-06 1.0630708530080094e-06 -0.00040723659343621337 -0.00015534461242147301 4.5333292685939769e-07 0 0 1.0580227631269693e-06 1.1119636659083514e-05 1.0630708530080094e-06 -3.4030617181176714e-05 4.7268311994608245e-05 5.0820473671465778e-07 1.0630708530080094e-06 -0.00010379738740055153 0 0 0.00057715823802656301 0 1.0146893286880534e-05 0 0.0020084866097352205 0 0 1.0630708530080094e-06 1.0630708530080094e-06 1.0630708530080094e-06 0 0 -5.8090630919570597e-05 1.0630708530080094e-06 -1.1371955410029824e-05 0 0 -1.7832628042244595e-05 0 -2.1465150514332221e-05 1.0630708530080094e-06 1.0630708530080094e-06 0 7.2438069295093521e-05 0.0070495902533326436 0 0 -0.00010108984059780902 0 4.7205697619207173e-06 -0.0011087603774092784 -0.00033549227510730419 0 0 0.00027193960516729915 1.0630708530080094e-06 0 -0.00017702349112594734 -0.0026406407743753521 0.00036539205500273417 0 -0.00037369053897933109 0 0 0.0038140865471610131 0.00013589338946343025 -4.137980901115324e-05 4.4156050170332212e-05 -0.00035716815430165033
leaf_weight=313058 1148 27759 178 108 437 206 128 133 347 115 218 269 231 522 1612 171 150 162 723 138 738 2806 157 158 291 8360 246 438 120 614 158 194 637 673 908 232 431 157 203 107 783 1376 127 81835 273 140 1172 341 3513 226 12617 1448 424 136 166 3053 218 144 168 332 920 185 278 943 153 188 266 421 199 340 1015 335 215 1062 116 411 154 2191 117 299 128 562 120 133 111 356 241 240 320 126 557 233 143 456
leaf_count=313058 1148 27759 178 108 437 206 128 133 347 115 218 269 231 522 1612 171 150 162 723 138 738 2806 157 158 291 8360 246 438 120 614 158 194 637 673 908 232 431 157 203 107 783 1376 127 81835 273 140 1172 341 3513 226 12617 1448 424 136 166 3053 218 144 168 332 920 185 278 943 153 188 266 421 199 340 1015 335 215 1062 116 411 154 2191 117 299 128 562 120 133 111 356 241 240 320 126 557 233 143 456
internal_value=0 -0.00655506 -0.0058417 0.000675446 0.00265367 0.0082623 0.0259352 0.0065462 0.0167506 0.0290242 0.00457178 0.00361511 0.0397134 -0.00591075 -0.00385917 0.00401413 0.00920381 0.000259603 0.00173264 0.00407394 -0.00274374 -0.00516547 0.0146318 0.00921372 -0.00814109 -0.007343 0.0168274 0.00234999 0.00422333 0.0107085 0.000362725 0.000220016 0.00550915 -0.00491791 -0.000564824 0.00300125 -0.00177039 0.00393044 0.00698913 0.00306961 -0.00220513 0.00334844 -0.00142838 -0.00835439 -0.0079565 -0.00678651 -0.00347129 0.00730007 -0.00823397 -0.00788902 -0.00751985 -0.00562164 0.00295046 0.00386509 0.01002 -0.00765237 -0.00265757 0.00212117 0.00283485 0.0012623 -0.00636371 -0.00492065 -0.00640098 -0.00525235 -0.00335347 0.00311319 0.00473694 -0.00735198 -0.00491139 -0.00527196 -0.00415479 -0.00589416 -0.00511703 -0.00545464 -0.00188082 -0.00237354 -0.00698949 -0.00550883 -0.00325224 0.00283416 0.003328 -0.000970573 0.000507186 -0.000461271 0.00284238 -0.00591361 -0.00553174 -0.00605445 -0.00545335 -0.000243403 -0.000910646 0.00126751 0.00317193 -0.00248523
internal_weight=0 469885 324108 17582 13379 1579 306 5095 826 479 4269 4051 346 322529 9471 1273 671 8284 5558 3193 2726 8312 465 315 145777 30744 354 3697 1967 734 1233 1730 1159 5650 1988 669 602 736 467 310 2395 3055 2365 115033 33198 5439 1653 481 3786 25094 16734 4203 2893 2105 302 16290 444 1292 1148 980 5917 497 3055 1607 664 648 454 13237 620 5359 1917 3442 2769 2554 511 1319 339 3111 395 1803 1504 902 788 557 231 2219 1863 1622 1382 1642 1139 503 270 582
internal_count=487467 469885 324108 17582 13379 1579 306 5095 826 479 4269 4051 346 322529 9471 1273 671 8284 5558 3193 2726 8312 465 315 145777 30744 354 3697 1967 734 1233 1730 1159 5650 1988 669 602 736 467 310 2395 3055 2365 115033 33198 5439 1653 481 3786 25094 16734 4203 2893 2105 302 16290 444 1292 1148 980 5917 497 3055 1607 664 648 454 13237 620 5359 1917 3442 2769 2554 511 1319 339 3111 395 1803 1504 902 788 557 231 2219 1863 1622 1382 1642 1139 503 270 582
is_linear=0
shrinkage=0.0951581


Tree=92
num_leaves=95
num_cat=0
split_feature=4 2 4 3 2 3 2 2 2 2 2 2 2 4 2 2 2 2 2 2 2 2 3 2 2 2 2 2 2 2 2 2 2 2 2 2 2 2 2 2 2 2 2 2 2 2 2 2 2 2 2 2 2 2 2 2 2 2 2 2 2 2 2 2 2 2 2 2 2 2 2 2 2 2 2 4 2 2 2 2 2 2 2 2 2 2 2 2 4 2 2 2 2 2
split_gain=361.091 1303.42 199.249 16.736 11.3614 11.1451 10.203 15.1231 7.54207 11.3782 6.37626 20.723 8.7131 6.28621 3.39742 4.10742 4.07997 4.42901 3.24097 3.10734 2.88013 2.85248 2.86791 3.59582 4.90112 1.84386 1.76262 2.66399 3.35402 1.57469 1.45804 1.39001 2.92478 1.38776 4.3608 1.29441 5.77336 1.21866 1.21458 1.35138 1.08435 1.35313 3.06133 2.83459 1.04301 1.04092 2.33847 1.91379 0.825529 0.794115 0.76114 0.716877 0.70705 1.03195 1.45058 0.672059 1.5534 2.10168 0.64061 5.27577 0.921473 0.536382 0.53627 0.525421 0.513027 0.487732 1.19112 0.390398 0.444946 0.361747 0.334165 0.459798 0.327051 0.405208 0.292083 0.289725 0.486425 1.3983 0.278796 0.848256 0.385433 0.314672 0.274963 0.269387 0.442058 0.530069 0.26148 0.312902 0.237041 0.233465 0.23329 1.56601 0.37598 1.00025
threshold=0.15000000223517421 0.10458041727542879 0.25000000745058065 0.15000000223517421 0.19101010262966159 0.15000000223517421 0.15460605919361117 0.15629401057958606 0.1633739769458771 0.17089758068323138 0.10074627026915552 0.10594117641448976 0.10259784013032915 0.25000000745058065 0.20240999013185504 0.20071429014205935 0.24515175819396975 0.24171940237283709 0.16587346047163012 0.18897569924592975 0.15803226083517077 0.1067231632769108 0.15000000223517421 0.1583974361419678 0.16013698279857638 0.16928205639123919 0.19548846781253817 0.1981649845838547 0.19699231535196307 0.10594117641448976 0.15119115263223651 0.10347852483391763 0.10388386249542238 0.17394282668828967 0.17517123371362689 0.168457105755806 0.1643650829792023 0.14895787835121158 0.11441558599472047 0.11156633123755456 0.10421099141240121 0.10259784013032915 0.10074627026915552 0.10317540168762208 0.20439612865448001 0.11630280315876008 0.12516666948795321 0.12867965549230578 0.19101010262966159 0.16159114986658099 0.25920708477497106 0.1072077937424183 0.18346994370222094 0.18758561462163928 0.18843366950750354 0.22736185789108279 0.22410600632429126 0.22547236829996112 0.14379280805587771 0.1483045965433121 0.14415185153484347 0.1643650829792023 0.14586748182773593 0.10347852483391763 0.14620192348957065 0.10504237189888956 0.10533428192138673 0.15886382013559344 0.16090353578329089 0.19238026440143588 0.14790198951959613 0.14670995622873309 0.15220635384321216 0.14741302281618121 0.10559467971324922 0.35000000894069677 0.22039676457643512 0.21946247667074206 0.1136809289455414 0.11293309181928636 0.11240384355187417 0.11339743807911874 0.19012194871902469 0.15529115498065951 0.16259328275918963 0.16013698279857638 0.15886382013559344 0.15724790096282962 0.35000000894069677 0.17006493359804156 0.15339080244302752 0.15392307937145236 0.15629401057958606 0.15563492476940158
decision_type=2 2 2 2 2 2 2 2 2 2 2 2 2 2 2 2 2 2 2 2 2 2 2 2 2 2 2 2 2 2 2 2 2 2 2 2 2 2 2 2 2 2 2 2 2 2 2 2 2 2 2 2 2 2 2 2 2 2 2 2 2 2 2 2 2 2 2 2 2 2 2 2 2 2 2 2 2 2 2 2 2 2 2 2 2 2 2 2 2 2 2 2 2 2
left_child=10 3 21 13 5 30 72 -8 20 18 -1 12 -12 40 15 26 17 44 61 33 -9 29 58 -24 -25 -20 69 28 -28 -3 37 -14 -33 -11 -35 36 -26 45 39 51 41 42 -2 -43 -16 -4 -47 -48 -37 67 88 -13 -36 -54 -55 56 75 -58 -23 60 -60 -10 -62 -45 -64 -34 -67 -22 -69 -6 71 -66 73 -7 -68 76 77 -46 79 80 -41 -81 -21 -32 85 86 87 -85 -18 -86 -61 -92 93 -93
right_child=1 2 4 -5 14 6 7 8 9 19 11 38 31 -15 16 -17 50 -19 25 82 49 22 23 24 35 -27 27 -29 -30 -31 83 32 65 34 52 48 -38 -39 -40 78 -42 43 -44 63 55 46 47 -49 -50 -51 -52 -53 53 54 -56 -57 57 -59 59 90 62 -63 64 -65 70 66 74 68 -70 -71 -72 -73 -74 -75 -76 -77 -78 -79 -80 81 -82 -83 -84 84 89 -87 -88 -89 -90 -91 91 92 -94 -95
leaf_value=-9.6191099065399044e-07 1.5514932252966122e-05 0 6.4306290844830281e-06 -0.00015855909751536531 6.9037128680417731e-05 3.1350664987253396e-05 9.6191106232339205e-07 9.6191106232339205e-07 9.6191106232339205e-07 -2.0408606247548465e-05 4.8567912865205193e-06 -2.3133180161949761e-05 -1.0560797214691904e-05 2.194556133744651e-05 9.6191106232339205e-07 -4.3030950188426918e-06 -4.3030950188426918e-06 1.9789901542476121e-07 9.6191106232339205e-07 9.6191106232339205e-07 -2.7213585888707082e-05 0 0 0.00012037916510989067 0 9.6191106232339205e-07 -0.00066053350902212321 -4.677427801284846e-06 9.573433390286779e-07 0 -8.3928463886978387e-06 2.5379730730411308e-06 -6.4075907071303394e-06 9.6191106232339205e-07 9.6191106232339205e-07 0 9.6191106232339205e-07 6.4181495725498356e-06 -9.8605245762982971e-06 -9.8605245762982971e-06 4.5984494522495502e-07 4.1019463192635363e-07 -1.7922981928057302e-05 1.3109035588835477e-05 9.6191106232339205e-07 -2.8767324823852695e-05 6.4306290844830281e-06 2.1408470330017387e-06 0 0.0016136785236961649 -1.7246202726700048e-05 -9.8605245762982971e-06 -1.0289821866726164e-05 9.6191106232339205e-07 -5.2562837501188526e-05 9.6191106232339205e-07 9.6191106232339205e-07 9.6191106232339205e-07 1.8711127979175242e-05 0 0 9.6191106232339205e-07 0 2.8504890390480652e-05 0 -8.7516136357522218e-05 -3.3046096331548575e-05 0.00030988313197152193 -2.7605384527630088e-06 -6.8515345370448188e-06 0 0 4.2713693650947771e-06 -8.4054071952598629e-05 -1.8279211610342538e-07 -0.00021188376013724121 -0.00019204219306836402 9.6191106232339205e-07 -9.8605245762982971e-06 -1.430060296015968e-05 -1.6256300113578105e-05 -1.5733646604710625e-05 5.0956175752269941e-07 -9.730002635227333e-06 -4.244964538048429e-05 1.0178022604183101e-05 -3.8320308398707178e-05 0.00049142320724801665 -0.0002601794297551036 6.5545001061006897e-05 0 0 0 0
leaf_weight=279508 32976 1372 206 476 170 511 212 218 106 207 442 2937 904 608 162 738 575 136 362 151 147 86512 3067 135 236 122 160 691 157 858 196 593 2069 161 501 639 156 166 10697 1190 234 224 117 131 1169 400 217 968 272 150 1653 10443 356 158 132 790 140 166 269 7515 2604 158 470 249 415 647 638 219 136 698 295 1277 176 289 750 281 253 120 1700 913 1677 289 117 140 518 193 114 130 150 690 427 1284 12206 310
leaf_count=279508 32976 1372 206 476 170 511 212 218 106 207 442 2937 904 608 162 738 575 136 362 151 147 86512 3067 135 236 122 160 691 157 858 196 593 2069 161 501 639 156 166 10697 1190 234 224 117 131 1169 400 217 968 272 150 1653 10443 356 158 132 790 140 166 269 7515 2604 158 470 249 415 647 638 219 136 698 295 1277 176 289 750 281 253 120 1700 913 1677 289 117 140 518 193 114 130 150 690 427 1284 12206 310
internal_value=0 -0.00278224 -0.0069684 0.0136031 0.0027599 0.00519257 0.00837947 0.0107115 0.00917446 0.0118017 -0.00820157 -0.00700753 -0.00192584 0.0138474 0.000232995 -0.00259919 0.0015562 0.0037655 0.0216523 0.00766922 0.00153128 -0.00832158 -0.00838525 -0.00603055 -0.00210433 0.0170262 -0.000233332 0.00247335 0.00969592 -0.00494993 0.00147884 -0.00294088 -0.00228323 0.00599841 0.00714413 -0.0038925 0.000679698 0.00332105 -0.00803644 -0.00758273 0.0140192 0.014064 0.0139826 0.0185275 0.00302368 0.00259812 0.00177108 0.00389465 -0.0058599 -0.00163462 -0.00143258 -0.00810764 0.0050856 0.00300499 0.00721889 0.00261122 0.00349077 0.00976459 -0.00847864 -0.00807466 -0.0053917 0.0301334 -0.00568016 0.0135225 -0.00668857 -0.00318585 -0.00423185 -0.00344996 -0.00174233 -0.00337658 -0.00601982 -0.00653509 -0.000253497 -0.00107053 -0.00266004 0.00243767 0.00294978 0.00369854 -0.00636532 -0.00593774 -0.00682735 -0.00381583 0.0171143 -0.000341053 2.66527e-05 0.00219342 0.000148682 0.00176218 -0.0040032 -0.0010083 -0.00873238 -0.00850584 -0.00868145 -0.007307
internal_weight=0 172070 137055 35015 16736 8527 4589 3613 3401 2531 315397 35889 6043 34539 8209 2614 5595 3217 748 1783 870 120319 118089 4505 1438 484 1876 1008 317 2230 3938 5601 4697 1515 1308 1303 392 1957 29846 19149 33931 33697 33093 604 3081 1791 1585 1185 911 652 2378 13380 1147 646 290 2919 2129 306 113584 27072 5330 264 5061 380 2457 4104 2035 502 355 868 1987 1692 976 800 1388 1823 1542 1289 5769 4069 2867 1202 268 1981 1785 577 384 270 725 1208 21742 14227 13800 1594
internal_count=487467 172070 137055 35015 16736 8527 4589 3613 3401 2531 315397 35889 6043 34539 8209 2614 5595 3217 748 1783 870 120319 118089 4505 1438 484 1876 1008 317 2230 3938 5601 4697 1515 1308 1303 392 1957 29846 19149 33931 33697 33093 604 3081 1791 1585 1185 911 652 2378 13380 1147 646 290 2919 2129 306 113584 27072 5330 264 5061 380 2457 4104 2035 502 355 868 1987 1692 976 800 1388 1823 1542 1289 5769 4069 2867 1202 268 1981 1785 577 384 270 725 1208 21742 14227 13800 1594
is_linear=0
shrinkage=0.0951581


Tree=93
num_leaves=95
num_cat=0
split_feature=3 2 0 2 2 2 2 0 2 2 2 2 2 2 2 2 2 2 2 2 2 2 2 2 2 2 2 2 2 2 2 2 2 2 0 2 2 0 2 2 2 2 2 2 0 2 2 2 2 2 2 2 2 2 2 2 0 2 2 2 2 0 2 0 2 2 0 0 2 0 2 2 2 2 2 0 2 2 2 2 2 2 0 2 2 2 2 2 2 0 0 2 2 2
split_gain=97.85 58.7111 34.8575 24.1876 13.7689 13.0919 16.7486 11.3365 18.9688 15.7238 8.01788 7.4779 4.95556 4.53548 12.7999 4.22031 4.92833 4.0473 4.54268 4.10883 3.85013 3.25612 3.16576 7.2545 2.74057 4.49576 2.21671 1.62911 5.43865 4.60318 2.56669 2.03693 1.62306 1.44043 1.41607 3.04536 1.36318 1.32014 1.56441 1.38424 1.26742 0.954296 0.832902 0.815878 0.98333 2.88234 8.6924 1.1622 0.8098 0.756003 1.19083 0.75022 0.713962 1.47506 2.28844 0.703813 0.683951 0.579369 1.82884 0.723661 0.529455 0.504035 0.494001 0.450586 0.531133 0.441545 0.709675 0.427884 0.956867 0.41138 1.90756 0.944546 0.414051 0.393564 0.361419 0.296015 0.287036 0.271369 0.268408 0.244264 1.17362 0.197475 0.196806 0.315899 0.222815 0.187013 0.378341 0.372697 0.72353 0.182812 0.325861 0.233459 0.36183 0.222878
threshold=0.15000000223517421 0.1067231632769108 1.5000000000000002 0.15460605919361117 0.19101010262966159 0.10388386249542238 0.10347852483391763 2.5000000000000004 0.17660956084728244 0.16505814343690875 0.18897569924592975 0.15629401057958606 0.168457105755806 0.10074627026915552 0.10317540168762208 0.10559467971324922 0.10458041727542879 0.20240999013185504 0.24515175819396975 0.24171940237283709 0.20071429014205935 0.10458041727542879 0.10504237189888956 0.10533428192138673 0.14379280805587771 0.1483045965433121 0.15529115498065951 0.16928205639123919 0.1633739769458771 0.16370223462581637 0.16013698279857638 0.17394282668828967 0.10259784013032915 0.14415185153484347 1.5000000000000002 0.19699231535196307 0.10594117641448976 1.5000000000000002 0.15803226083517077 0.15954913944005969 0.10421099141240121 0.20439612865448001 0.25920708477497106 0.11504717171192171 1.5000000000000002 0.11259920522570611 0.1136809289455414 0.11293309181928636 0.1072077937424183 0.15339080244302752 0.15392307937145236 0.14013888686895373 0.22736185789108279 0.22410600632429126 0.22547236829996112 0.19238026440143588 1.5000000000000002 0.18843366950750354 0.18758561462163928 0.18346994370222094 0.10559467971324922 1.5000000000000002 0.14926454424858096 1.5000000000000002 0.15298574417829516 0.17660956084728244 1.5000000000000002 2.5000000000000004 0.17089758068323138 1.5000000000000002 0.14551208168268207 0.14451952278614047 0.14790198951959613 0.14503520727157596 0.15188746154308322 2.5000000000000004 0.16159114986658099 0.10594117641448976 0.15092624723911288 0.22039676457643512 0.21946247667074206 0.14451952278614047 2.5000000000000004 0.2385164871811867 0.23357842862606051 0.14741302281618121 0.1471008434891701 0.14670995622873309 0.14620192348957065 2.5000000000000004 3.5000000000000004 0.30072464048862463 0.27303031086921697 0.27303031086921697
decision_type=2 2 2 2 2 2 2 2 2 2 2 2 2 2 2 2 2 2 2 2 2 2 2 2 2 2 2 2 2 2 2 2 2 2 2 2 2 2 2 2 2 2 2 2 2 2 2 2 2 2 2 2 2 2 2 2 2 2 2 2 2 2 2 2 2 2 2 2 2 2 2 2 2 2 2 2 2 2 2 2 2 2 2 2 2 2 2 2 2 2 2 2 2 2
left_child=1 2 13 51 7 6 -4 10 9 -9 11 26 -11 -1 32 16 -7 20 19 41 34 40 -18 -24 43 33 -5 28 30 -30 37 -29 -15 -26 35 -6 -17 -13 -39 -40 -16 -19 -20 44 -3 48 47 -47 -46 -27 56 -2 53 79 -55 67 -51 58 59 65 -23 -32 -53 64 74 -33 -67 -52 -69 71 81 -35 73 -73 78 -36 -63 -62 -64 80 -43 -71 83 -54 -84 86 87 88 -75 91 93 92 -44 -91
right_child=3 24 5 4 17 15 -8 8 -10 12 -12 27 -14 14 21 36 22 18 42 -21 -22 60 23 -25 25 49 -28 31 29 -31 61 57 -34 69 75 -37 -38 38 39 -41 -42 52 89 -45 45 46 -48 -49 -50 50 55 62 82 54 -56 -57 -58 -59 -60 -61 77 76 63 -65 -66 66 -68 68 -70 70 -72 72 -74 85 -76 -77 -78 -79 -80 -81 -82 -83 84 -85 -86 -87 -88 -89 -90 90 -92 -93 -94 -95
leaf_value=-8.7037737914002477e-07 0 0 3.7116129469567296e-07 8.7037744399125235e-07 -6.1995556048106734e-06 -4.6729154764104136e-07 2.2964644058589726e-06 0.00017951432717912196 -0.00028826633480798469 8.7037744399125235e-07 8.7037744399125235e-07 -2.4623993064790679e-05 8.7037744399125235e-07 4.3946283097519335e-06 -5.7978566213079872e-06 -1.6539796767758398e-07 6.2645911419323699e-06 8.7037744399125235e-07 -3.8936207207113468e-06 1.7906732333431629e-07 -3.8936207207113468e-06 0 -7.9188268078228305e-05 7.2912339926848642e-05 1.9046751859566214e-05 0 8.7037744399125235e-07 0 8.7037744399125235e-07 8.7037744399125235e-07 -0.0003684847374951475 -0.0001406538496086779 3.7116129469567296e-07 0 0 8.6624437651189653e-07 1.0061513285901058e-05 8.7037744399125235e-07 -4.2247379977022771e-05 3.1315298472868763e-05 4.1608697906936381e-07 8.7037744399125235e-07 -9.2279110696530544e-05 0 0 0.00052223696313207695 0 1.0542152361026995e-05 0 0.0018173628624725395 0 0 8.7037744399125235e-07 8.7037744399125235e-07 8.7037744399125235e-07 0 0 -4.7561058340056731e-05 8.7037744399125235e-07 -9.3106620832832032e-06 0 0 -8.1372843915301467e-06 0 -1.9829023160071215e-05 8.7037744399125235e-07 8.7037744399125235e-07 0 5.9307864026387343e-05 0.0063787647176518159 0 0 -9.1674043476575533e-05 0 3.8649140195411229e-06 -0.0010028077638124023 -0.00030356747138424617 0 0 0.00026471432383372534 8.7037744399125235e-07 0 -0.00016026980764722467 -0.0023894539785654554 0.00033053051174946501 0 -0.00033833458038100912 0 0 0.003452786476317088 0.00012460314992616785 -3.5801069777293296e-05 4.1595360516358117e-05 -0.00032153959964893248
leaf_weight=313058 1148 27759 178 108 437 206 128 133 347 115 218 269 231 522 1612 171 150 162 723 138 738 2806 157 158 291 8360 246 438 120 614 158 194 637 673 908 232 431 157 203 107 783 1376 127 81835 273 140 1172 341 3513 226 12617 1448 424 136 166 3053 218 144 168 332 920 185 278 943 153 188 266 421 199 340 1015 335 215 1062 116 411 154 2191 117 299 128 562 120 133 111 356 241 240 320 126 557 233 143 456
leaf_count=313058 1148 27759 178 108 437 206 128 133 347 115 218 269 231 522 1612 171 150 162 723 138 738 2806 157 158 291 8360 246 438 120 614 158 194 637 673 908 232 431 157 203 107 783 1376 127 81835 273 140 1172 341 3513 226 12617 1448 424 136 166 3053 218 144 168 332 920 185 278 943 153 188 266 421 199 340 1015 335 215 1062 116 411 154 2191 117 299 128 562 120 133 111 356 241 240 320 126 557 233 143 456
internal_value=0 -0.00655506 -0.0058417 0.000675446 0.00265367 0.0082623 0.0259352 0.0065462 0.0167506 0.0290242 0.00457178 0.00361511 0.0397134 -0.00591075 -0.00385917 0.00401413 0.00920381 0.000259603 0.00173264 0.00407394 -0.00274374 -0.00516547 0.0146318 0.00921372 -0.00814109 -0.007343 0.0168274 0.00234999 0.00422333 0.0107085 0.000362725 0.000220016 0.00550915 -0.00491791 -0.000564824 0.00300125 -0.00177039 0.00393044 0.00698913 0.00306961 -0.00220513 0.00334844 -0.00142838 -0.00835439 -0.0079565 -0.00678651 -0.00347129 0.00730007 -0.00823397 -0.00788902 -0.00751985 -0.00562164 0.00295046 0.00386509 0.01002 -0.00765237 -0.00265757 0.00212117 0.00283485 0.0012623 -0.00636371 -0.00492065 -0.00640098 -0.00525235 -0.00335347 0.00311319 0.00473694 -0.00735198 -0.00491139 -0.00527196 -0.00415479 -0.00589416 -0.00511703 -0.00545464 -0.00188082 -0.00237354 -0.00698949 -0.00550883 -0.00325224 0.00283416 0.003328 -0.000970573 0.000507186 -0.000461271 0.00284238 -0.00591361 -0.00553174 -0.00605445 -0.00545335 -0.000243403 -0.000910646 0.00126751 0.00317193 -0.00248523
internal_weight=0 469885 324108 17582 13379 1579 306 5095 826 479 4269 4051 346 322529 9471 1273 671 8284 5558 3193 2726 8312 465 315 145777 30744 354 3697 1967 734 1233 1730 1159 5650 1988 669 602 736 467 310 2395 3055 2365 115033 33198 5439 1653 481 3786 25094 16734 4203 2893 2105 302 16290 444 1292 1148 980 5917 497 3055 1607 664 648 454 13237 620 5359 1917 3442 2769 2554 511 1319 339 3111 395 1803 1504 902 788 557 231 2219 1863 1622 1382 1642 1139 503 270 582
internal_count=487467 469885 324108 17582 13379 1579 306 5095 826 479 4269 4051 346 322529 9471 1273 671 8284 5558 3193 2726 8312 465 315 145777 30744 354 3697 1967 734 1233 1730 1159 5650 1988 669 602 736 467 310 2395 3055 2365 115033 33198 5439 1653 481 3786 25094 16734 4203 2893 2105 302 16290 444 1292 1148 980 5917 497 3055 1607 664 648 454 13237 620 5359 1917 3442 2769 2554 511 1319 339 3111 395 1803 1504 902 788 557 231 2219 1863 1622 1382 1642 1139 503 270 582
is_linear=0
shrinkage=0.0951581


Tree=94
num_leaves=95
num_cat=0
split_feature=4 2 4 4 0 2 2 2 2 2 2 2 0 2 2 2 2 2 2 2 2 2 2 2 0 0 2 2 2 2 2 2 2 2 0 2 2 2 2 2 0 2 2 2 0 2 2 2 2 0 2 2 2 0 0 2 2 2 2 2 2 2 2 2 2 2 2 0 2 2 2 2 0 2 2 2 2 0 2 2 2 2 2 2 2 2 2 4 2 2 2 2 2 0
split_gain=358.589 1296.38 196.96 15.5348 13.526 58.2581 11.5263 6.14218 10.963 5.47746 5.32569 7.39607 5.5468 15.6066 7.39195 3.56312 3.25979 4.4001 4.42901 4.10742 3.13646 9.49717 3.09344 22.0035 2.33194 2.2899 4.2874 2.32226 1.84656 1.81737 18.0476 3.18845 1.76262 2.66399 5.21495 1.67961 3.66591 1.61305 3.03099 2.64552 1.56749 1.49282 5.97972 1.43358 1.83573 1.224 2.05492 2.76418 1.10237 1.08413 1.04301 0.892099 0.705157 1.82123 0.682771 0.682331 0.672059 1.5534 2.10168 0.647267 0.62998 0.555479 0.555031 1.33609 0.539372 0.529197 0.503982 0.514051 0.622271 0.487987 0.868963 0.463554 0.521939 0.432144 0.425092 1.75358 0.503818 0.658131 0.401503 0.537256 0.38135 0.370215 0.364164 0.361747 0.34766 0.342758 0.323064 0.289725 0.486425 1.3983 0.249677 0.836837 0.417068 1.03682
threshold=0.15000000223517421 0.10388386249542238 0.25000000745058065 0.25000000745058065 1.5000000000000002 0.10559467971324922 0.19101010262966159 0.15460605919361117 0.15629401057958606 0.1067231632769108 0.1633739769458771 0.16370223462581637 2.5000000000000004 0.17660956084728244 0.18897569924592975 0.17006493359804156 0.20240999013185504 0.24515175819396975 0.24171940237283709 0.20071429014205935 0.10388386249542238 0.10458041727542879 0.1139211878180504 0.11203448474407197 1.5000000000000002 1.5000000000000002 0.10458041727542879 0.10594117641448976 0.168457105755806 0.10074627026915552 0.10259784013032915 0.1067231632769108 0.19548846781253817 0.1981649845838547 1.5000000000000002 0.14379280805587771 0.14586748182773593 0.10259784013032915 0.10074627026915552 0.10317540168762208 2.5000000000000004 0.16505814343690875 0.17660956084728244 0.15803226083517077 1.5000000000000002 0.11630280315876008 0.12516666948795321 0.12782331556081775 0.17394282668828967 1.5000000000000002 0.20439612865448001 0.15298574417829516 0.16587346047163012 1.5000000000000002 1.5000000000000002 0.14415185153484347 0.22736185789108279 0.22410600632429126 0.22547236829996112 0.25920708477497106 0.14451952278614047 0.17089758068323138 0.1072077937424183 0.1067231632769108 0.1483045965433121 0.10347852483391763 0.15188746154308322 2.5000000000000004 0.14295635372400287 0.10388386249542238 0.10458041727542879 0.14620192348957065 1.5000000000000002 0.10481997579336168 0.18843366950750354 0.18758561462163928 0.18346994370222094 1.5000000000000002 0.14670995622873309 0.14790198951959613 0.1779797971248627 0.14503520727157596 0.16159114986658099 0.19238026440143588 0.16259328275918963 0.10594117641448976 0.11504717171192171 0.35000000894069677 0.22039676457643512 0.21946247667074206 0.15339080244302752 0.16013698279857638 0.15392307937145236 1.5000000000000002
decision_type=2 2 2 2 2 2 2 2 2 2 2 2 2 2 2 2 2 2 2 2 2 2 2 2 2 2 2 2 2 2 2 2 2 2 2 2 2 2 2 2 2 2 2 2 2 2 2 2 2 2 2 2 2 2 2 2 2 2 2 2 2 2 2 2 2 2 2 2 2 2 2 2 2 2 2 2 2 2 2 2 2 2 2 2 2 2 2 2 2 2 2 2 2 2
left_child=4 3 9 37 29 20 7 45 24 25 43 -12 14 15 28 -14 19 18 50 32 -6 -22 23 62 -9 26 -3 73 52 -1 -31 69 83 34 -34 -11 49 38 -2 -39 64 -42 -43 44 -10 -4 -47 -48 61 55 -18 66 54 -54 -13 -37 57 87 -59 -19 -57 -30 63 -7 71 -41 67 -49 -69 -32 -71 -38 78 -27 75 76 77 80 -73 -80 -50 -62 -45 -8 -84 -28 -33 88 89 -52 -66 92 93 -92
right_child=1 2 6 -5 5 22 16 8 10 35 11 12 13 -15 -16 -17 17 59 -20 -21 21 -23 -24 -25 -26 27 85 -29 48 30 31 86 33 -35 -36 36 40 39 -40 65 41 42 -44 82 -46 46 47 51 74 -51 56 -53 53 -55 -56 60 -58 58 -60 -61 81 -63 -64 -65 90 -67 -68 68 -70 70 -72 72 -74 -75 -76 -77 -78 -79 79 -81 -82 -83 84 -85 -86 -87 -88 -89 -90 -91 91 -93 -94 -95
leaf_value=-7.8755393116284733e-07 1.4121384399118238e-05 3.7649293734619265e-07 5.81870271069971e-06 1.9940087109815308e-05 2.0779372418859168e-06 -1.4965901317324002e-07 6.3057625318588606e-05 7.875539898416663e-07 -8.8041141799578104e-06 0 7.875539898416663e-07 7.875539898416663e-07 7.875539898416663e-07 5.3664241031876668e-05 7.875539898416663e-07 7.875539898416663e-07 7.875539898416663e-07 -3.5231112142236438e-06 1.6202761906811783e-07 -3.5231112142236438e-06 0.0020259312997259007 6.5974141005848127e-05 -8.9222159025618321e-06 9.5389812899888083e-06 7.875539898416663e-07 -4.22824977030927e-07 0 9.1040789106794277e-06 0.0001377544477211992 3.9764438785906063e-06 -6.2917046031363385e-06 -1.4709381663002256e-05 7.8381421716663618e-07 -4.2323327109802649e-06 -0.00075659472684218873 0 0 3.3584229523714046e-07 -1.6635649652455199e-05 1.2413317771045537e-05 0 7.875539898416663e-07 0 -2.497850889400945e-06 7.875539898416663e-07 -2.6029881172295952e-05 5.81870271069971e-06 5.7990349041513092e-06 7.875539898416663e-07 0 7.875539898416663e-07 -1.7942131212403212e-05 7.875539898416663e-07 7.875539898416663e-07 -0.00061688055810871776 0 7.875539898416663e-07 7.875539898416663e-07 7.875539898416663e-07 -2.7462084646939583e-05 0 -1.8466562280944762e-05 -8.9222159025618321e-06 2.6228965279962736e-05 0 2.6344132453560619e-05 3.4971361878725164e-06 -0.00146644826734818 1.7234299353814525e-05 -5.246143665799987e-06 -2.9901492960694286e-05 0 0 -0.00057641760169678167 -4.3035238924746385e-05 7.875539898416663e-07 -8.4246772735117223e-06 7.875539898416663e-07 0 0 7.875539898416663e-07 0 6.0363595515893018e-06 -5.6096177417379414e-06 -3.8410218253729827e-05 0 -4.6721871539779245e-05 -0.00019180412991843477 -0.00019895753414463671 7.875539898416663e-07 -0.00072766685916643751 0 0 0
leaf_weight=279508 33104 264 240 942 176 284 170 139 159 87108 109 134 201 384 234 213 162 725 136 738 115 200 2482 239 172 146 1031 240 223 412 1351 16255 152 691 165 195 550 224 117 131 466 117 345 785 193 495 158 1645 156 1181 1169 228 183 221 130 634 790 140 166 1653 352 292 1059 116 8629 128 118 120 108 1023 4232 321 826 286 140 162 331 388 926 250 172 782 169 698 139 618 7945 281 253 120 245 10303 4630 229
leaf_count=279508 33104 264 240 942 176 284 170 139 159 87108 109 134 201 384 234 213 162 725 136 738 115 200 2482 239 172 146 1031 240 223 412 1351 16255 152 691 165 195 550 224 117 131 466 117 345 785 193 495 158 1645 156 1181 1169 228 183 221 130 634 790 140 166 1653 352 292 1059 116 8629 128 118 120 108 1023 4232 321 826 286 140 162 331 388 926 250 172 782 169 698 139 618 7945 281 253 120 245 10303 4630 229
internal_value=0 -0.00280105 -0.00694824 0.0136489 -0.00820157 -0.00311897 0.00272124 0.00516846 0.00710048 -0.0082904 0.00604639 0.00797172 0.00722496 0.0142141 0.00520858 0.0270304 0.000175036 0.00147116 0.0037655 -0.00259919 0.0278885 0.0222036 -0.00676123 -0.00363148 0.0244474 -0.00395725 -0.00563587 0.000821303 0.00371312 -0.00827797 -0.00758936 -0.00785396 -0.000233332 0.00247335 0.00969592 -0.00838525 -0.00778349 0.0139857 0.0139064 0.0194453 -0.00813136 -0.00428622 -0.000453136 0.00115243 0.00643398 0.00179797 0.00125243 0.00241398 0.00217475 -0.00470343 0.00302368 0.00154809 0.00800581 0.0105051 0.00418119 -0.00607403 0.00261122 0.00349077 0.00976459 -0.00163266 -0.00666322 -0.00157057 -0.00801572 -0.0049958 -0.00826396 0.0128959 0.00219375 0.00181374 -0.00242069 -0.00600104 -0.00558635 -0.0070317 -0.00644355 -0.00334816 0.00360458 0.0041794 0.00275386 0.00417313 -0.00538403 -0.00619822 0.00731092 -0.00532013 -0.000548489 -0.00337658 0.00222447 -0.00743838 -0.00835976 0.00243767 0.00294978 0.00369854 -0.00841126 -0.00818173 -0.00718533 -0.00449692
internal_weight=0 172070 137424 34646 315397 4671 16750 8541 5429 120674 5118 3673 3564 798 2766 414 8209 5595 3217 2614 491 315 4180 1698 311 2585 1913 672 2532 310726 31218 30806 1876 1008 317 118089 30981 33704 33221 483 27837 928 462 1445 352 3112 2872 2377 1864 3144 3081 2219 668 404 264 1963 2919 2129 306 2378 1768 515 1459 400 26909 259 1991 1873 228 6606 5255 2873 2323 432 1349 1209 1047 716 1497 1176 328 1134 1093 868 308 1649 24200 1823 1542 1289 24036 15407 5104 474
internal_count=487467 172070 137424 34646 315397 4671 16750 8541 5429 120674 5118 3673 3564 798 2766 414 8209 5595 3217 2614 491 315 4180 1698 311 2585 1913 672 2532 310726 31218 30806 1876 1008 317 118089 30981 33704 33221 483 27837 928 462 1445 352 3112 2872 2377 1864 3144 3081 2219 668 404 264 1963 2919 2129 306 2378 1768 515 1459 400 26909 259 1991 1873 228 6606 5255 2873 2323 432 1349 1209 1047 716 1497 1176 328 1134 1093 868 308 1649 24200 1823 1542 1289 24036 15407 5104 474
is_linear=0
shrinkage=0.0951581


Tree=95
num_leaves=24
num_cat=0
split_feature=4 0 4 4 0 3 3 0 0 4 3 3 4 0 4 4 0 4 0 4 0 3 0
split_gain=360.555 65.9788 91.775 23.0402 8.79803 5.2067 1.7994 9.48823 1.67451 1.6011 1.74728 1.50667 1.0686 0.380298 0.15812 0.251714 0.193487 0.0685389 0.0341813 0.0104436 0.00833134 0.00693294 0.00514415
threshold=0.15000000223517421 1.5000000000000002 0.25000000745058065 0.25000000745058065 1.5000000000000002 0.15000000223517421 0.15000000223517421 2.5000000000000004 2.5000000000000004 0.35000000894069677 0.15000000223517421 0.15000000223517421 0.35000000894069677 3.5000000000000004 0.45000000298023229 0.59999999403953563 3.5000000000000004 0.35000000894069677 4.5000000000000009 0.45000000298023229 2.5000000000000004 0.15000000223517421 3.5000000000000004
decision_type=2 2 2 2 2 2 2 2 2 2 2 2 2 2 2 2 2 2 2 2 2 2 2
left_child=4 3 6 5 -1 -2 20 -8 17 10 -10 -5 -13 -12 16 18 -11 21 22 -19 -3 -4 -16
right_child=1 2 8 11 -6 -7 7 -9 9 14 13 12 -14 -15 15 -17 -18 19 -20 -21 -22 -23 -24
leaf_value=-7.1261180420691067e-07 0 0 3.8778245439733825e-06 5.2650060811634425e-06 -8.0731948889687687e-06 0 0 7.1261185730098097e-07 -1.1656051040422163e-06 0.00054017538033113383 7.1261185730098097e-07 7.1261185730098097e-07 0.0010830534802191874 7.1261185730098097e-07 -0.00028832926636599088 0.0042054591954175016 0.0006314851708020847 0.00011352234813011935 -0.0011518344997265809 -2.9781068907672752e-05 0 7.1261185730098097e-07 -2.4848845156102495e-05
leaf_weight=310726 113386 34831 1364 2798 4671 1992 2491 150 581 339 2151 3390 478 215 213 143 227 531 151 159 1528 4790 162
leaf_count=310726 113386 34831 1364 2798 4671 1992 2491 150 581 339 2151 3390 478 215 213 143 227 531 151 159 1528 4790 162
internal_value=0 -0.00280105 -0.00571147 -0.00160806 -0.00821635 -0.00192233 -0.0078786 -0.00548033 0.00195391 0.00345409 0.00465942 0.00383145 0.0050482 0.00580762 0.000577881 -0.000412496 0.00174849 0.00103723 -0.00137491 0.000137908 -0.00805281 0.00113806 -0.000888144
internal_weight=0 172070 50026 122044 315397 115378 39000 2641 11026 4182 2947 6666 3868 2366 1235 669 566 6844 526 690 36359 6154 375
internal_count=487467 172070 50026 122044 315397 115378 39000 2641 11026 4182 2947 6666 3868 2366 1235 669 566 6844 526 690 36359 6154 375
is_linear=0
shrinkage=0.0951581


Tree=96
num_leaves=95
num_cat=0
split_feature=3 2 0 2 2 0 2 2 2 2 2 2 2 2 2 2 2 2 2 2 2 2 2 2 2 2 2 2 2 2 2 2 2 2 2 0 2 0 2 2 2 2 2 2 0 2 2 2 2 2 2 2 2 2 2 2 0 2 2 2 2 0 2 0 2 2 0 0 2 0 2 2 2 2 2 0 2 2 0 2 2 2 2 2 0 2 2 2 2 2 2 0 0 2
split_gain=97.6717 60.4481 68.7064 24.2708 13.6685 11.3365 18.9688 15.7238 10.9039 13.9504 8.01788 7.4779 6.49717 16.7486 4.95556 4.92833 4.53548 12.7999 4.10946 4.41078 4.10883 3.85013 3.25612 3.16576 7.2545 2.69607 4.54178 2.21671 1.62911 5.43865 4.60318 2.56669 2.03693 1.62306 1.44043 1.41607 3.04536 1.32014 1.56441 1.38424 1.26742 0.954296 0.883458 0.832929 0.98333 2.88234 8.6924 1.1622 0.819404 1.19083 0.8098 0.75022 0.713962 1.47506 2.28844 0.703813 0.683951 0.579369 1.82884 0.723661 0.529455 0.504035 0.494001 0.450586 0.531133 0.441545 0.709675 0.427884 0.956867 0.41138 1.90756 0.944546 0.414051 0.393564 0.361419 0.296015 0.287036 0.271369 0.268465 0.881445 0.268408 0.244264 1.17362 0.197475 0.196806 0.315899 0.222815 0.187013 0.378341 0.372697 0.72353 0.180884 0.171459 0.279775
threshold=0.15000000223517421 0.1067231632769108 1.5000000000000002 0.15460605919361117 0.19101010262966159 2.5000000000000004 0.17660956084728244 0.16505814343690875 0.10594117641448976 0.10559467971324922 0.18897569924592975 0.15629401057958606 0.10388386249542238 0.10347852483391763 0.168457105755806 0.10458041727542879 0.10074627026915552 0.10317540168762208 0.20240999013185504 0.24515175819396975 0.24171940237283709 0.20071429014205935 0.10458041727542879 0.10504237189888956 0.10533428192138673 0.14379280805587771 0.1483045965433121 0.15529115498065951 0.16928205639123919 0.1633739769458771 0.16370223462581637 0.16013698279857638 0.17394282668828967 0.10259784013032915 0.14415185153484347 1.5000000000000002 0.19699231535196307 1.5000000000000002 0.15803226083517077 0.15954913944005969 0.10421099141240121 0.20439612865448001 0.25920708477497106 0.11504717171192171 1.5000000000000002 0.11259920522570611 0.1136809289455414 0.11293309181928636 0.15339080244302752 0.15392307937145236 0.1072077937424183 0.14013888686895373 0.22736185789108279 0.22410600632429126 0.22547236829996112 0.19238026440143588 1.5000000000000002 0.18843366950750354 0.18758561462163928 0.18346994370222094 0.10559467971324922 1.5000000000000002 0.14926454424858096 1.5000000000000002 0.15298574417829516 0.17660956084728244 1.5000000000000002 2.5000000000000004 0.17089758068323138 1.5000000000000002 0.14551208168268207 0.14451952278614047 0.14790198951959613 0.14503520727157596 0.15188746154308322 2.5000000000000004 0.16159114986658099 0.10594117641448976 2.5000000000000004 0.14013888686895373 0.15092624723911288 0.22039676457643512 0.21946247667074206 0.14451952278614047 2.5000000000000004 0.2385164871811867 0.23357842862606051 0.14741302281618121 0.1471008434891701 0.14670995622873309 0.14620192348957065 1.5000000000000002 2.5000000000000004 0.2539230883121491
decision_type=2 2 2 2 2 2 2 2 2 2 2 2 2 2 2 2 2 2 2 2 2 2 2 2 2 2 2 2 2 2 2 2 2 2 2 2 2 2 2 2 2 2 2 2 2 2 2 2 2 2 2 2 2 2 2 2 2 2 2 2 2 2 2 2 2 2 2 2 2 2 2 2 2 2 2 2 2 2 2 2 2 2 2 2 2 2 2 2 2 2 2 2 2 2
left_child=1 2 16 51 5 10 7 -7 9 12 11 27 13 -4 -9 -14 -1 33 21 20 41 35 40 -17 -25 43 34 -5 29 31 -31 37 -30 -18 91 36 -6 -13 -39 -40 -19 -20 92 44 -3 50 47 -47 -28 56 -46 -2 53 81 -55 67 -50 58 59 65 -24 -33 -53 64 74 -34 -67 -51 -69 71 83 -36 73 -73 80 -37 -63 -62 -45 -80 -64 82 -43 -71 85 -54 -86 88 89 90 -75 -27 -21 -94
right_child=3 25 8 4 18 6 -8 14 -10 -11 -12 28 15 -15 -16 23 17 22 19 42 -22 -23 60 24 -26 26 48 -29 32 30 -32 61 57 -35 69 75 -38 38 39 -41 -42 52 -44 78 45 46 -48 -49 49 55 -52 62 84 54 -56 -57 -58 -59 -60 -61 77 76 63 -65 -66 66 -68 68 -70 70 -72 72 -74 87 -76 -77 -78 -79 79 -81 -82 -83 -84 -85 86 -87 -88 -89 -90 -91 -92 -93 93 -95
leaf_value=-6.4480102682705596e-07 0 0 3.0388418426873981e-07 6.4480107486857271e-07 -5.1436280206891678e-06 0.00016195229004949954 -0.00026600985870653551 6.4480107486857271e-07 8.23775216080335e-06 6.328120490441701e-07 6.4480107486857271e-07 -2.2110941010460482e-05 -3.8258976029872027e-07 2.6484345017436882e-06 6.4480107486857271e-07 1.5872124636762037e-07 3.6658638560656795e-06 -4.679119883351301e-06 6.4480107486857271e-07 -3.2556694667067931e-06 7.8798598066616296e-08 -3.2556694667067931e-06 0 -7.7162607203656839e-05 6.046439763077467e-05 -0.00016597729403593637 0 6.4480107486857271e-07 0 6.4480107486857271e-07 6.4480107486857271e-07 -0.00033342043410481407 -0.00012741225100553418 3.0388418426873981e-07 0 0 6.4141717181771347e-07 6.4480107486857271e-07 -3.8227200039498758e-05 2.8335394518429717e-05 3.4066658896216649e-07 6.4480107486857271e-07 -2.2484276540927212e-05 0 0 0.0004725418917937403 0 9.3994998574058391e-06 0.0017136694733707401 0 0 0 6.4480107486857271e-07 6.4480107486857271e-07 6.4480107486857271e-07 0 0 -3.9007898617907849e-05 6.4480107486857271e-07 -7.69081186742002e-06 0 0 -7.9825918214909593e-06 0 -1.6302603078770354e-05 6.4480107486857271e-07 6.4480107486857271e-07 0 4.866857116976726e-05 0.0057717736578979748 0 0 -8.4003349697334595e-05 0 3.0965446093563309e-06 -0.00095838180966817778 -0.00027468057097037625 0 0 0.00012281830804958301 0 0.00023765512064918181 6.4480107486857271e-07 0 -0.0001451615919661745 -0.0021622208574857498 0.0002989351070298886 0 -0.00030719214131529505 0 0 0.00030523287332148794 0.0013829095095700434 -0.00014454509414717028
leaf_weight=313058 1148 27759 178 108 437 133 347 115 431 171 218 269 206 128 231 150 522 1612 162 448 138 738 2806 157 158 184 8360 246 438 120 614 158 194 637 673 908 232 157 203 107 783 1376 1642 81083 273 140 1172 341 226 12617 3513 1448 424 136 166 3053 218 144 168 332 920 185 278 943 153 188 266 421 199 340 1015 335 215 1062 116 411 154 2191 631 121 117 299 128 562 120 133 111 356 241 240 320 107 139 136
leaf_count=313058 1148 27759 178 108 437 133 347 115 431 171 218 269 206 128 231 150 522 1612 162 448 138 738 2806 157 158 184 8360 246 438 120 614 158 194 637 673 908 232 157 203 107 783 1376 1642 81083 273 140 1172 341 226 12617 3513 1448 424 136 166 3053 218 144 168 332 920 185 278 943 153 188 266 421 199 340 1015 335 215 1062 116 411 154 2191 631 121 117 299 128 562 120 133 111 356 241 240 320 107 139 136
internal_value=0 -0.00653765 -0.00581381 0.00068627 0.0026679 0.0065462 0.0167506 0.0290242 0.0139875 0.0188327 0.00457178 0.00361511 0.0144442 0.0259352 0.0397134 0.00920381 -0.00591075 -0.00385917 0.000282577 0.00176688 0.00407394 -0.00274374 -0.00516547 0.0146318 0.00921372 -0.00814696 -0.00735538 0.0168274 0.00234999 0.00422333 0.0107085 0.000362725 0.000220016 0.00550915 -0.00491791 -0.000564824 0.00300125 0.00393044 0.00698913 0.00306961 -0.00220513 0.00334844 -0.00134791 -0.00835852 -0.0079565 -0.00678651 -0.00347129 0.00730007 -0.00790418 -0.00751985 -0.00823397 -0.00562164 0.00295046 0.00386509 0.01002 -0.00765237 -0.00265757 0.00212117 0.00283485 0.0012623 -0.00636371 -0.00492065 -0.00640098 -0.00525235 -0.00335347 0.00311319 0.00473694 -0.00735198 -0.00491139 -0.00527196 -0.00415479 -0.00589416 -0.00511703 -0.00545464 -0.00188082 -0.00237354 -0.00698949 -0.00550883 -0.00852161 -0.00673193 -0.00325224 0.00283416 0.003328 -0.000970573 0.000507186 -0.000461271 0.00284238 -0.00591361 -0.00553174 -0.00605445 -0.00545335 0.00160232 -0.00411957 -0.00224919
internal_weight=0 469885 324108 17582 13379 5095 826 479 1579 1148 4269 4051 977 306 346 671 322529 9471 8284 5558 3193 2726 8312 465 315 145777 30744 354 3697 1967 734 1233 1730 1159 5650 1988 669 736 467 310 2395 3055 2365 115033 33198 5439 1653 481 25094 16734 3786 4203 2893 2105 302 16290 444 1292 1148 980 5917 497 3055 1607 664 648 454 13237 620 5359 1917 3442 2769 2554 511 1319 339 3111 81835 752 395 1803 1504 902 788 557 231 2219 1863 1622 1382 291 723 275
internal_count=487467 469885 324108 17582 13379 5095 826 479 1579 1148 4269 4051 977 306 346 671 322529 9471 8284 5558 3193 2726 8312 465 315 145777 30744 354 3697 1967 734 1233 1730 1159 5650 1988 669 736 467 310 2395 3055 2365 115033 33198 5439 1653 481 25094 16734 3786 4203 2893 2105 302 16290 444 1292 1148 980 5917 497 3055 1607 664 648 454 13237 620 5359 1917 3442 2769 2554 511 1319 339 3111 81835 752 395 1803 1504 902 788 557 231 2219 1863 1622 1382 291 723 275
is_linear=0
shrinkage=0.0951581


Tree=97
num_leaves=95
num_cat=0
split_feature=4 2 4 0 2 2 2 4 2 2 2 2 2 2 0 2 2 2 2 2 2 2 2 2 0 0 2 2 2 2 2 2 2 2 0 2 2 2 2 2 0 2 2 2 0 2 2 2 2 2 0 2 2 2 2 2 2 0 0 2 2 2 2 2 2 2 2 2 2 2 2 0 2 2 2 2 0 2 2 2 2 2 2 2 2 2 4 2 2 2 2 2 2 2
split_gain=354.282 1296.99 195.54 25.5778 109.314 46.2391 15.8879 15.5348 10.4576 7.17397 10.963 5.47746 5.32569 7.39607 5.5468 15.6066 7.39195 3.56312 3.45327 4.10742 3.9553 4.42901 3.39678 21.644 2.33194 2.2899 4.2874 2.32226 1.84656 1.81737 18.0476 3.18845 1.76262 2.66399 5.21495 1.67961 3.66591 1.61305 3.03099 2.64552 1.56749 1.49282 5.97972 1.43358 1.83573 1.38979 1.72735 3.02484 1.24005 1.10237 1.08413 1.04301 0.810885 1.07091 0.809271 0.712229 0.705157 1.82123 0.682771 0.682331 0.672059 1.5534 2.10168 0.62998 0.621999 0.555479 0.539372 0.529197 0.487987 0.868963 0.463554 0.521939 0.432144 0.425092 1.75358 0.503818 0.658131 0.401503 0.537256 0.38135 0.370215 0.364164 0.361747 0.34766 0.342758 0.323064 0.289725 0.486425 1.3983 0.279368 0.404974 0.781965 0.365992 0.249677
threshold=0.15000000223517421 0.10388386249542238 0.25000000745058065 1.5000000000000002 0.10594117641448976 0.10533428192138673 0.10504237189888956 0.25000000745058065 0.19101010262966159 0.15460605919361117 0.15629401057958606 0.1067231632769108 0.1633739769458771 0.16370223462581637 2.5000000000000004 0.17660956084728244 0.18897569924592975 0.17006493359804156 0.20240999013185504 0.20071429014205935 0.24515175819396975 0.24171940237283709 0.1139211878180504 0.11203448474407197 1.5000000000000002 1.5000000000000002 0.10458041727542879 0.10594117641448976 0.168457105755806 0.10074627026915552 0.10259784013032915 0.1067231632769108 0.19548846781253817 0.1981649845838547 1.5000000000000002 0.14379280805587771 0.14586748182773593 0.10259784013032915 0.10074627026915552 0.10317540168762208 2.5000000000000004 0.16505814343690875 0.17660956084728244 0.15803226083517077 1.5000000000000002 0.11630280315876008 0.12516666948795321 0.12782331556081775 0.10388386249542238 0.17394282668828967 1.5000000000000002 0.20439612865448001 0.1072077937424183 0.1067231632769108 0.25920708477497106 0.15298574417829516 0.16587346047163012 1.5000000000000002 1.5000000000000002 0.14415185153484347 0.22736185789108279 0.22410600632429126 0.22547236829996112 0.14451952278614047 0.15188746154308322 0.17089758068323138 0.1483045965433121 0.10347852483391763 0.10388386249542238 0.10458041727542879 0.14620192348957065 1.5000000000000002 0.10481997579336168 0.18843366950750354 0.18758561462163928 0.18346994370222094 1.5000000000000002 0.14670995622873309 0.14790198951959613 0.1779797971248627 0.14503520727157596 0.16159114986658099 0.19238026440143588 0.16259328275918963 0.10594117641448976 0.11504717171192171 0.35000000894069677 0.22039676457643512 0.21946247667074206 0.13195744901895526 0.14094635099172595 0.13759057968854907 0.14295635372400287 0.15339080244302752
decision_type=2 2 2 2 2 2 2 2 2 2 2 2 2 2 2 2 2 2 2 2 2 2 2 2 2 2 2 2 2 2 2 2 2 2 2 2 2 2 2 2 2 2 2 2 2 2 2 2 2 2 2 2 2 2 2 2 2 2 2 2 2 2 2 2 2 2 2 2 2 2 2 2 2 2 2 2 2 2 2 2 2 2 2 2 2 2 2 2 2 2 2 2 2 2
left_child=3 7 11 29 5 6 48 37 9 45 24 25 43 -14 16 17 28 -16 19 32 21 51 23 52 -11 26 -3 72 56 -1 -31 68 82 34 -34 -13 50 38 -2 -39 66 -42 -43 44 -12 -4 -47 -48 -5 65 59 -20 53 -6 -22 64 58 -58 -15 -37 61 86 -63 -61 89 -30 70 -41 -32 -70 -38 77 -27 74 75 76 79 -72 -79 -51 -65 -45 -10 -83 -28 -33 87 88 -53 -49 91 -91 -92 -68
right_child=1 2 8 4 22 -7 -8 -9 18 10 12 35 13 14 15 -17 -18 -19 20 -21 54 -23 -24 -25 -26 27 84 -29 49 30 31 85 33 -35 -36 36 40 39 -40 67 41 42 -44 81 -46 46 47 55 -50 73 -52 60 -54 -55 -56 -57 57 -59 -60 63 -62 62 -64 80 -66 -67 93 -69 69 -71 71 -73 -74 -75 -76 -77 -78 78 -80 -81 -82 83 -84 -85 -86 -87 -88 -89 -90 90 92 -93 -94 -95
leaf_value=-5.8344299342630215e-07 1.2838978481185423e-05 3.0824940742120195e-07 4.7639981646973166e-06 2.3964145361136577e-06 -7.3014646288925266e-05 5.4710721108780215e-05 -6.9819960971494616e-05 1.7602976645885382e-05 5.7478829235639181e-05 5.8344303689595793e-07 -8.4673394170429661e-06 0 5.8344303689595793e-07 5.8344303689595793e-07 5.8344303689595793e-07 4.403736295020388e-05 5.8344303689595793e-07 5.8344303689595793e-07 5.8344303689595793e-07 -2.9458661823280698e-06 -2.9458661823280698e-06 7.1300274068237502e-08 -7.3049650924235922e-06 8.5050614148311342e-06 5.8344303689595793e-07 -3.4618324989610652e-07 0 7.4538634087638663e-06 0.00012451682892509615 3.3170272575400795e-06 -5.1799311345173921e-06 -1.3241854238409241e-05 5.8038113959187165e-07 -1.4632161708624237e-05 -0.00068466642938453336 0 0 2.7496714606283788e-07 -1.5401469623279223e-05 1.1677346281267548e-05 0 5.8344303689595793e-07 0 -2.327970954966002e-06 5.8344303689595793e-07 -2.4053935343421857e-05 4.7639981646973166e-06 4.7462019090320852e-06 1.4361763590336679e-07 5.8344303689595793e-07 0 5.8344303689595793e-07 -7.3049650924235922e-06 2.4501296867961313e-05 -2.0344715756121937e-05 -1.4751278526518174e-05 5.8344303689595793e-07 5.8344303689595793e-07 -0.0005585483895230363 0 5.8344303689595793e-07 5.8344303689595793e-07 5.8344303689595793e-07 0 2.801883342293805e-06 -1.6777130289098502e-05 0 2.4282531262475088e-05 -4.2338637777532431e-06 -2.6988313259420634e-05 0 0 -0.00051422415810780785 -3.5295981535383475e-05 5.8344303689595793e-07 -6.9589689084143313e-06 5.8344303689595793e-07 0 0 5.8344303689595793e-07 0 5.0665449604801128e-06 -4.6541702084876908e-06 -3.5256183208869268e-05 0 -4.2208096759190863e-05 -0.00018441655312271236 -0.00020270773330193862 5.8344303689595793e-07 1.0162966696711919e-06 0.0031166949458192607 -6.1812920505521223e-05 4.754577730157026e-06 0
leaf_weight=279508 33104 264 240 176 189 137 107 942 170 139 159 87108 109 134 201 384 234 213 162 738 725 136 2482 239 172 146 1031 240 223 412 1351 16255 152 691 165 195 550 224 117 131 466 117 345 785 193 495 158 197 166 156 1181 1169 1059 116 1653 228 183 221 130 634 790 140 166 352 118 292 8629 128 1023 4232 321 826 286 140 162 331 388 926 250 172 782 169 698 139 618 7945 281 253 120 343 145 238 950 15407
leaf_count=279508 33104 264 240 176 189 137 107 942 170 139 159 87108 109 134 201 384 234 213 162 738 725 136 2482 239 172 146 1031 240 223 412 1351 16255 152 691 165 195 550 224 117 131 466 117 345 785 193 495 158 197 166 156 1181 1169 1059 116 1653 228 183 221 130 634 790 140 166 352 118 292 8629 128 1023 4232 321 826 286 140 162 331 388 926 250 172 782 169 698 139 618 7945 281 253 120 343 145 238 950 15407
internal_value=0 -0.00280492 -0.00695308 -0.0081729 -0.00118362 0.0372513 0.0224861 0.0136489 0.00268147 0.00501248 0.00710048 -0.0082904 0.00604639 0.00797172 0.00722496 0.0142141 0.00520858 0.0270304 0.000256179 -0.00259919 0.00159022 0.0037655 -0.00669717 -0.00328275 0.0244474 -0.00395725 -0.00563587 0.000821303 0.00371312 -0.00827797 -0.00758936 -0.00785396 -0.000233332 0.00247335 0.00969592 -0.00838525 -0.00778349 0.0139857 0.0139064 0.0194453 -0.00813136 -0.00428622 -0.000453136 0.00115243 0.00643398 0.00136988 0.000788564 0.00185352 0.0324984 0.00217475 -0.00470343 0.00302368 -0.00791124 -0.00358793 -0.00135254 0.000947719 0.00800581 0.0105051 0.00418119 -0.00607403 0.00261122 0.00349077 0.00976459 -0.00666322 0.00152463 -0.00157057 -0.00826396 0.0128959 -0.00600104 -0.00558635 -0.0070317 -0.00644355 -0.00334816 0.00360458 0.0041794 0.00275386 0.00417313 -0.00538403 -0.00619822 0.00731092 -0.00532013 -0.000548489 -0.00337658 0.00222447 -0.00743838 -0.00835976 0.00243767 0.00294978 0.00369854 0.00110247 0.000704031 -0.00132665 0.0017815 -0.00841126
internal_weight=0 172070 137424 315397 4671 586 449 34646 16750 8541 5429 120674 5118 3673 3564 798 2766 414 8209 2614 5595 3217 4085 1603 311 2585 1913 672 2532 310726 31218 30806 1876 1008 317 118089 30981 33704 33221 483 27837 928 462 1445 352 3112 2872 2377 342 1864 3144 3081 1364 305 2378 2219 668 404 264 1963 2919 2129 306 1768 1991 515 26909 259 6606 5255 2873 2323 432 1349 1209 1047 716 1497 1176 328 1134 1093 868 308 1649 24200 1823 1542 1289 1873 1676 581 1095 24036
internal_count=487467 172070 137424 315397 4671 586 449 34646 16750 8541 5429 120674 5118 3673 3564 798 2766 414 8209 2614 5595 3217 4085 1603 311 2585 1913 672 2532 310726 31218 30806 1876 1008 317 118089 30981 33704 33221 483 27837 928 462 1445 352 3112 2872 2377 342 1864 3144 3081 1364 305 2378 2219 668 404 264 1963 2919 2129 306 1768 1991 515 26909 259 6606 5255 2873 2323 432 1349 1209 1047 716 1497 1176 328 1134 1093 868 308 1649 24200 1823 1542 1289 1873 1676 581 1095 24036
is_linear=0
shrinkage=0.0951581


Tree=98
num_leaves=95
num_cat=0
split_feature=4 2 4 3 2 3 2 2 2 2 2 2 2 4 2 2 2 2 2 2 2 2 3 2 2 2 2 2 2 2 2 2 2 2 2 2 2 2 2 2 2 2 2 2 2 2 2 2 2 2 2 2 2 2 2 2 2 2 2 2 2 2 2 2 2 2 2 2 2 2 2 2 2 2 2 2 2 2 2 4 2 2 2 2 2 2 2 2 2 4 2 2 2 2
split_gain=358.369 1296.64 196.351 16.825 10.6545 12.09 10.203 15.1231 7.54207 11.3782 6.37626 20.723 8.7131 5.79225 5.47746 3.45327 4.10742 3.9553 4.42901 3.24097 3.10734 2.88013 2.86791 3.59582 4.90112 1.84386 1.7671 2.118 1.76262 2.66399 3.35402 1.57469 1.56888 3.06133 2.64552 1.39001 2.92478 1.38776 4.3608 1.29441 5.77336 1.21458 1.35138 1.16862 1.15924 1.04301 0.866995 2.07834 2.14893 0.825529 0.809271 0.794115 0.716877 0.70705 1.03195 1.45058 0.672059 1.5534 2.10168 0.64061 5.27577 0.921473 0.536382 0.53627 0.529197 0.513027 0.487732 1.19112 0.390398 0.444946 0.367438 0.442058 0.530069 0.361747 0.334165 0.459798 0.327051 0.405208 0.292083 0.289725 0.486425 1.3983 0.278796 0.848256 0.385433 0.314672 0.274963 0.26148 0.312902 0.237041 0.233465 0.23329 1.56601 0.37598
threshold=0.15000000223517421 0.10388386249542238 0.25000000745058065 0.15000000223517421 0.19101010262966159 0.15000000223517421 0.15460605919361117 0.15629401057958606 0.1633739769458771 0.17089758068323138 0.10074627026915552 0.10594117641448976 0.10259784013032915 0.25000000745058065 0.1067231632769108 0.20240999013185504 0.20071429014205935 0.24515175819396975 0.24171940237283709 0.16587346047163012 0.18897569924592975 0.15803226083517077 0.15000000223517421 0.1583974361419678 0.16013698279857638 0.16928205639123919 0.10458041727542879 0.10421099141240121 0.19548846781253817 0.1981649845838547 0.19699231535196307 0.10594117641448976 0.10259784013032915 0.10074627026915552 0.10317540168762208 0.10347852483391763 0.10388386249542238 0.17394282668828967 0.17517123371362689 0.168457105755806 0.1643650829792023 0.11441558599472047 0.11156633123755456 0.15032467991113665 0.14895787835121158 0.20439612865448001 0.11630280315876008 0.12516666948795321 0.12867965549230578 0.19101010262966159 0.25920708477497106 0.16159114986658099 0.1072077937424183 0.18346994370222094 0.18758561462163928 0.18843366950750354 0.22736185789108279 0.22410600632429126 0.22547236829996112 0.14379280805587771 0.1483045965433121 0.14415185153484347 0.1643650829792023 0.14586748182773593 0.10347852483391763 0.14620192348957065 0.10504237189888956 0.10533428192138673 0.15886382013559344 0.16090353578329089 0.15529115498065951 0.16259328275918963 0.16013698279857638 0.19238026440143588 0.14790198951959613 0.14670995622873309 0.15220635384321216 0.14741302281618121 0.10559467971324922 0.35000000894069677 0.22039676457643512 0.21946247667074206 0.1136809289455414 0.11293309181928636 0.11240384355187417 0.11339743807911874 0.19012194871902469 0.15886382013559344 0.15724790096282962 0.35000000894069677 0.17006493359804156 0.15339080244302752 0.15392307937145236 0.15629401057958606
decision_type=2 2 2 2 2 2 2 2 2 2 2 2 2 2 2 2 2 2 2 2 2 2 2 2 2 2 2 2 2 2 2 2 2 2 2 2 2 2 2 2 2 2 2 2 2 2 2 2 2 2 2 2 2 2 2 2 2 2 2 2 2 2 2 2 2 2 2 2 2 2 2 2 2 2 2 2 2 2 2 2 2 2 2 2 2 2 2 2 2 2 2 2 2 2
left_child=10 3 14 13 5 43 76 -8 21 19 -1 12 -12 32 26 16 28 18 45 62 37 -9 59 -24 -25 -21 27 -3 73 30 -30 -28 33 -2 -34 -14 -37 -11 -39 40 -26 42 52 44 46 -17 -4 -48 -49 -41 89 68 -13 -40 -55 -56 57 79 -59 -16 61 -61 -10 -63 -36 -65 -38 -68 -23 -70 -45 72 87 -6 75 -67 77 -7 -69 80 81 -47 83 84 -44 -85 -22 88 -72 -19 -73 -62 -93 -94
right_child=1 2 4 -5 15 6 7 8 9 20 11 41 35 -15 22 17 -18 50 -20 25 86 51 23 24 39 -27 31 -29 29 -31 -32 -33 34 -35 64 36 66 38 53 49 -42 -43 82 70 -46 56 47 48 -50 -51 -52 -53 -54 54 55 -57 -58 58 -60 60 91 63 -64 65 -66 74 67 78 69 -71 71 90 -74 -75 -76 -77 -78 -79 -80 -81 -82 -83 -84 85 -86 -87 -88 -89 -90 -91 -92 92 93 -95
leaf_value=-5.2792367321854209e-07 1.161724582613425e-05 -1.676192551913404e-06 4.3106652040626691e-06 -0.00014711125380505099 5.2009253696254477e-05 2.7292555250292988e-05 5.2792371255345016e-07 5.2792371255345016e-07 5.2792371255345016e-07 -1.5180650634404005e-05 3.001385283050846e-06 -1.8204273981975007e-05 -7.3994531637522445e-06 1.5927911030196918e-05 0 5.2792371255345016e-07 -2.6655431864110159e-06 -2.6655431864110159e-06 6.4515476252916453e-08 5.2792371255345016e-07 5.2792371255345016e-07 -1.9785380854265467e-05 0 0.00011658192105606676 0 5.2792371255345016e-07 0 2.7891698292245172e-07 -0.00047421784756846103 -1.3239793164693133e-05 5.2515317954385514e-07 0 2.4880179794804174e-07 -1.393589520845043e-05 1.0566152326305459e-05 2.1683763087651917e-06 -3.8309773922124464e-06 5.2792371255345016e-07 5.2792371255345016e-07 0 5.2792371255345016e-07 -6.6098385751146871e-06 -6.6098385751146871e-06 -8.6946097429209287e-06 4.3021412000696763e-06 5.2792371255345016e-07 -2.1765008826827967e-05 4.3106652040626691e-06 3.0563816413868754e-06 0 -1.8408751486583208e-05 0.001434572791855113 -6.6098385751146871e-06 -6.2967667267237119e-06 5.2792371255345016e-07 -3.1937283388400802e-05 5.2792371255345016e-07 5.2792371255345016e-07 5.2792371255345016e-07 2.1944637100163345e-05 0 0 5.2792371255345016e-07 0 2.1971851995105065e-05 0 -6.317602692188427e-05 -2.4420156948375991e-05 0.00028523385757687016 -2.1064456879951109e-06 -7.6616035804733469e-06 -3.1901272194576643e-05 7.651962334386151e-06 -4.2112882662674721e-06 0 0 2.535261478262074e-06 -7.6820942706844918e-05 -4.6335727964459764e-06 -0.00016686782637529801 -0.00018341845280586469 5.2792371255345016e-07 -6.6098385751146871e-06 -1.0212187946324648e-05 -1.198178469625512e-05 -1.1508865896422774e-05 1.1861910308921485e-07 -3.471561301997946e-05 0.00044461852209725966 -0.00033718666344457251 3.9846851653881421e-05 0 0 0
leaf_weight=279508 32976 121 220 476 170 511 212 218 106 207 442 2937 904 594 86512 162 738 575 136 362 151 147 3067 135 236 122 1372 234 160 691 157 858 224 117 131 593 2069 161 501 639 156 10697 1190 213 149 1169 400 217 968 272 1653 150 10443 356 158 132 790 140 166 269 7515 2604 158 470 128 415 647 638 219 136 140 518 193 698 295 1277 176 289 750 281 253 120 1700 913 1677 289 117 114 130 150 690 427 1594 12206
leaf_count=279508 32976 121 220 476 170 511 212 218 106 207 442 2937 904 594 86512 162 738 575 136 362 151 147 3067 135 236 122 1372 234 160 691 157 858 224 117 131 593 2069 161 501 639 156 10697 1190 213 149 1169 400 217 968 272 1653 150 10443 356 158 132 790 140 166 269 7515 2604 158 470 128 415 647 638 219 136 140 518 193 698 295 1277 176 289 750 281 253 120 1700 913 1677 289 117 114 130 150 690 427 1594 12206
internal_value=0 -0.00280271 -0.00695032 0.0136489 0.00270419 0.00505705 0.00837947 0.0107115 0.00917446 0.0118017 -0.00820157 -0.00700753 -0.00192584 0.0138964 -0.0082904 0.000256179 -0.00259919 0.00159022 0.0037655 0.0216523 0.00766922 0.00153128 -0.00838525 -0.00603055 -0.00210433 0.0170262 -0.00395725 0.00227843 -0.000233332 0.00247335 0.00969592 -0.00494993 0.0140612 0.0139826 0.0194453 -0.00294088 -0.00228323 0.00599841 0.00714413 -0.0038925 0.000679698 -0.00803644 -0.00758273 0.00119911 0.00285377 0.00302368 0.00218784 0.00141086 0.00341284 -0.0058599 -0.00135254 -0.00163462 -0.00810764 0.0050856 0.00300499 0.00721889 0.00261122 0.00349077 0.00976459 -0.00847864 -0.00807466 -0.0053917 0.0301334 -0.00568016 0.0128959 -0.00668857 -0.00318585 -0.00423185 -0.00344996 -0.00174233 -0.000419117 2.66527e-05 0.00219342 -0.00337658 -0.00601982 -0.00653509 -0.000253497 -0.00107053 -0.00266004 0.00243767 0.00294978 0.00369854 -0.00636532 -0.00593774 -0.00682735 -0.00381583 0.0171143 0.000148682 0.00176218 -0.0040032 -0.0010083 -0.00873238 -0.00850584 -0.00868145
internal_weight=0 172070 137424 34646 16750 8541 4589 3613 3401 2531 315397 35889 6043 34170 120674 8209 2614 5595 3217 748 1783 870 118089 4505 1438 484 2585 355 1876 1008 317 2230 33576 33093 483 5601 4697 1515 1308 1303 392 29846 19149 3952 1954 3081 1805 1585 1185 911 2378 652 13380 1147 646 290 2919 2129 306 113584 27072 5330 264 5061 259 2457 4104 2035 502 355 1998 1785 577 868 1987 1692 976 800 1388 1823 1542 1289 5769 4069 2867 1202 268 384 270 725 1208 21742 14227 13800
internal_count=487467 172070 137424 34646 16750 8541 4589 3613 3401 2531 315397 35889 6043 34170 120674 8209 2614 5595 3217 748 1783 870 118089 4505 1438 484 2585 355 1876 1008 317 2230 33576 33093 483 5601 4697 1515 1308 1303 392 29846 19149 3952 1954 3081 1805 1585 1185 911 2378 652 13380 1147 646 290 2919 2129 306 113584 27072 5330 264 5061 259 2457 4104 2035 502 355 1998 1785 577 868 1987 1692 976 800 1388 1823 1542 1289 5769 4069 2867 1202 268 384 270 725 1208 21742 14227 13800
is_linear=0
shrinkage=0.0951581


Tree=99
num_leaves=95
num_cat=0
split_feature=4 2 4 3 2 3 2 2 2 2 2 2 2 4 2 2 2 2 2 2 2 2 3 2 2 2 2 2 2 2 2 2 2 2 2 2 2 2 2 2 2 2 2 2 2 2 2 2 2 2 2 2 2 2 2 2 2 2 2 2 2 2 2 2 2 2 2 2 2 2 2 2 2 2 2 2 4 2 2 2 2 2 2 2 2 2 2 2 2 4 2 2 2 2
split_gain=358.663 1296.29 197.163 16.825 10.8532 11.7679 10.203 15.1231 7.54207 11.3782 6.37626 20.723 8.7131 5.79225 5.47746 3.45327 4.10742 3.9553 4.42901 3.24097 3.10734 2.88013 2.86791 3.59582 4.90112 1.84386 1.7671 2.118 1.76262 2.66399 3.35402 1.57469 1.56888 3.06133 2.64552 1.39001 2.92478 1.38776 4.3608 1.29441 5.77336 1.21458 1.35138 1.17474 1.33969 1.04301 0.866995 2.07834 2.14893 0.825529 0.809271 0.794115 0.716877 0.70705 1.03195 1.45058 0.672059 1.5534 2.10168 0.64061 5.27577 0.921473 0.536382 0.53627 0.529197 0.513027 0.487732 1.19112 0.390398 0.444946 0.361747 0.334165 0.459798 0.327051 0.405208 0.292083 0.289725 0.486425 1.3983 0.278796 0.848256 0.385433 0.314672 0.274963 0.269387 0.442058 0.530069 0.26148 0.312902 0.237041 0.233465 0.23329 1.56601 0.37598
threshold=0.15000000223517421 0.10388386249542238 0.25000000745058065 0.15000000223517421 0.19101010262966159 0.15000000223517421 0.15460605919361117 0.15629401057958606 0.1633739769458771 0.17089758068323138 0.10074627026915552 0.10594117641448976 0.10259784013032915 0.25000000745058065 0.1067231632769108 0.20240999013185504 0.20071429014205935 0.24515175819396975 0.24171940237283709 0.16587346047163012 0.18897569924592975 0.15803226083517077 0.15000000223517421 0.1583974361419678 0.16013698279857638 0.16928205639123919 0.10458041727542879 0.10421099141240121 0.19548846781253817 0.1981649845838547 0.19699231535196307 0.10594117641448976 0.10259784013032915 0.10074627026915552 0.10317540168762208 0.10347852483391763 0.10388386249542238 0.17394282668828967 0.17517123371362689 0.168457105755806 0.1643650829792023 0.11441558599472047 0.11156633123755456 0.15119115263223651 0.14895787835121158 0.20439612865448001 0.11630280315876008 0.12516666948795321 0.12867965549230578 0.19101010262966159 0.25920708477497106 0.16159114986658099 0.1072077937424183 0.18346994370222094 0.18758561462163928 0.18843366950750354 0.22736185789108279 0.22410600632429126 0.22547236829996112 0.14379280805587771 0.1483045965433121 0.14415185153484347 0.1643650829792023 0.14586748182773593 0.10347852483391763 0.14620192348957065 0.10504237189888956 0.10533428192138673 0.15886382013559344 0.16090353578329089 0.19238026440143588 0.14790198951959613 0.14670995622873309 0.15220635384321216 0.14741302281618121 0.10559467971324922 0.35000000894069677 0.22039676457643512 0.21946247667074206 0.1136809289455414 0.11293309181928636 0.11240384355187417 0.11339743807911874 0.19012194871902469 0.15529115498065951 0.16259328275918963 0.16013698279857638 0.15886382013559344 0.15724790096282962 0.35000000894069677 0.17006493359804156 0.15339080244302752 0.15392307937145236 0.15629401057958606
decision_type=2 2 2 2 2 2 2 2 2 2 2 2 2 2 2 2 2 2 2 2 2 2 2 2 2 2 2 2 2 2 2 2 2 2 2 2 2 2 2 2 2 2 2 2 2 2 2 2 2 2 2 2 2 2 2 2 2 2 2 2 2 2 2 2 2 2 2 2 2 2 2 2 2 2 2 2 2 2 2 2 2 2 2 2 2 2 2 2 2 2 2 2 2 2
left_child=10 3 14 13 5 43 73 -8 21 19 -1 12 -12 32 26 16 28 18 45 62 37 -9 59 -24 -25 -21 27 -3 70 30 -30 -28 33 -2 -34 -14 -37 -11 -39 40 -26 42 52 44 46 -17 -4 -48 -49 -41 89 68 -13 -40 -55 -56 57 76 -59 -16 61 -61 -10 -63 -36 -65 -38 -68 -23 -70 -6 72 -67 74 -7 -69 77 78 -47 80 81 -44 -82 -22 -45 86 87 88 -86 -19 -87 -62 -93 -94
right_child=1 2 4 -5 15 6 7 8 9 20 11 41 35 -15 22 17 -18 50 -20 25 83 51 23 24 39 -27 31 -29 29 -31 -32 -33 34 -35 64 36 66 38 53 49 -42 -43 79 84 -46 56 47 48 -50 -51 -52 -53 -54 54 55 -57 -58 58 -60 60 91 63 -64 65 -66 71 67 75 69 -71 -72 -73 -74 -75 -76 -77 -78 -79 -80 -81 82 -83 -84 -85 85 90 -88 -89 -90 -91 -92 92 93 -95
leaf_value=-4.7768746541626285e-07 1.0511770915622321e-05 -1.5166892721280806e-06 3.9004705415727247e-06 -0.0001331124280446732 4.706015251201849e-05 2.4695447852848526e-05 4.7768750100599538e-07 4.7768750100599538e-07 4.7768750100599538e-07 -1.3736088932537997e-05 2.7157791956133437e-06 -1.6471990060953867e-05 -6.6953353421569075e-06 1.4412241457192402e-05 0 4.7768750100599538e-07 -2.4118951910470016e-06 -2.4118951910470016e-06 5.8376306832774323e-08 4.7768750100599538e-07 4.7768750100599538e-07 -1.7902641825007461e-05 0 0.00010548820825394098 0 4.7768750100599538e-07 0 2.5237577587943472e-07 -0.00042909218349541337 -1.1979919750374659e-05 4.7518060662417532e-07 0 2.2512629435351884e-07 -1.2609782054003668e-05 9.5606974644388629e-06 1.9620377633166729e-06 -3.466428905142355e-06 4.7768750100599538e-07 4.7768750100599538e-07 0 4.7768750100599538e-07 -5.9808589687013458e-06 -5.9808589687013458e-06 -7.8672472964924449e-06 3.8927576655099709e-06 4.7768750100599538e-07 -1.969389218306881e-05 3.9004705415727247e-06 2.7655422055971372e-06 0 -1.6657009877006758e-05 0.0012980615866663579 -5.9808589687013458e-06 -5.6975784390758278e-06 4.7768750100599538e-07 -2.889819253810785e-05 4.7768750100599538e-07 4.7768750100599538e-07 4.7768750100599538e-07 1.9856427373209868e-05 0 0 4.7768750100599538e-07 0 1.9881052550762663e-05 0 -5.7164316938879055e-05 -2.2096381483757469e-05 0.00025809154881461648 -1.9060003420603933e-06 -3.8105501232533569e-06 0 0 2.2940108412571103e-06 -6.9510808615227853e-05 -4.1926508645907209e-06 -0.00015098900292691411 -0.00016596470337708642 4.7768750100599538e-07 -5.9808589687013458e-06 -9.2404156583785063e-06 -1.0841620963550011e-05 -1.0413704212891844e-05 1.0733153593757606e-07 -6.9325400262329411e-06 -2.8865608100665982e-05 6.9238162226967789e-06 -3.141214163175069e-05 0.00040230947326729222 -0.00030510062496557006 3.6055101403820534e-05 0 0 0
leaf_weight=279508 32976 121 220 476 170 511 212 218 106 207 442 2937 904 594 86512 162 738 575 136 362 151 147 3067 135 236 122 1372 234 160 691 157 858 224 117 131 593 2069 161 501 639 156 10697 1190 196 166 1169 400 217 968 272 1653 150 10443 356 158 132 790 140 166 269 7515 2604 158 470 128 415 647 638 219 136 698 295 1277 176 289 750 281 253 120 1700 913 1677 289 117 140 518 193 114 130 150 690 427 1594 12206
leaf_count=279508 32976 121 220 476 170 511 212 218 106 207 442 2937 904 594 86512 162 738 575 136 362 151 147 3067 135 236 122 1372 234 160 691 157 858 224 117 131 593 2069 161 501 639 156 10697 1190 196 166 1169 400 217 968 272 1653 150 10443 356 158 132 790 140 166 269 7515 2604 158 470 128 415 647 638 219 136 698 295 1277 176 289 750 281 253 120 1700 913 1677 289 117 140 518 193 114 130 150 690 427 1594 12206
internal_value=0 -0.00280049 -0.00694755 0.0136489 0.00272692 0.00510161 0.00837947 0.0107115 0.00917446 0.0118017 -0.00820157 -0.00700753 -0.00192584 0.0138964 -0.0082904 0.000256179 -0.00259919 0.00159022 0.0037655 0.0216523 0.00766922 0.00153128 -0.00838525 -0.00603055 -0.00210433 0.0170262 -0.00395725 0.00227843 -0.000233332 0.00247335 0.00969592 -0.00494993 0.0140612 0.0139826 0.0194453 -0.00294088 -0.00228323 0.00599841 0.00714413 -0.0038925 0.000679698 -0.00803644 -0.00758273 0.00129542 0.00294019 0.00302368 0.00218784 0.00141086 0.00341284 -0.0058599 -0.00135254 -0.00163462 -0.00810764 0.0050856 0.00300499 0.00721889 0.00261122 0.00349077 0.00976459 -0.00847864 -0.00807466 -0.0053917 0.0301334 -0.00568016 0.0128959 -0.00668857 -0.00318585 -0.00423185 -0.00344996 -0.00174233 -0.00337658 -0.00601982 -0.00653509 -0.000253497 -0.00107053 -0.00266004 0.00243767 0.00294978 0.00369854 -0.00636532 -0.00593774 -0.00682735 -0.00381583 0.0171143 -0.000341053 2.66527e-05 0.00219342 0.000148682 0.00176218 -0.0040032 -0.0010083 -0.00873238 -0.00850584 -0.00868145
internal_weight=0 172070 137424 34646 16750 8541 4589 3613 3401 2531 315397 35889 6043 34170 120674 8209 2614 5595 3217 748 1783 870 118089 4505 1438 484 2585 355 1876 1008 317 2230 33576 33093 483 5601 4697 1515 1308 1303 392 29846 19149 3952 1971 3081 1805 1585 1185 911 2378 652 13380 1147 646 290 2919 2129 306 113584 27072 5330 264 5061 259 2457 4104 2035 502 355 868 1987 1692 976 800 1388 1823 1542 1289 5769 4069 2867 1202 268 1981 1785 577 384 270 725 1208 21742 14227 13800
internal_count=487467 172070 137424 34646 16750 8541 4589 3613 3401 2531 315397 35889 6043 34170 120674 8209 2614 5595 3217 748 1783 870 118089 4505 1438 484 2585 355 1876 1008 317 2230 33576 33093 483 5601 4697 1515 1308 1303 392 29846 19149 3952 1971 3081 1805 1585 1185 911 2378 652 13380 1147 646 290 2919 2129 306 113584 27072 5330 264 5061 259 2457 4104 2035 502 355 868 1987 1692 976 800 1388 1823 1542 1289 5769 4069 2867 1202 268 1981 1785 577 384 270 725 1208 21742 14227 13800
is_linear=0
shrinkage=0.0951581


Tree=100
num_leaves=24
num_cat=0
split_feature=4 0 4 4 0 3 3 0 3 4 0 3 4 0 4 4 0 4 4 3 0 0 3
split_gain=358.883 67.4673 89.2153 25.3835 13.526 5.2067 1.7994 9.48823 1.53082 1.22365 1.20802 2.04256 2.12929 0.341272 0.119229 0.212885 0.193487 0.0685389 0.0104436 0.00863545 0.158807 0.00833134 0.00693294
threshold=0.15000000223517421 1.5000000000000002 0.25000000745058065 0.25000000745058065 1.5000000000000002 0.15000000223517421 0.15000000223517421 2.5000000000000004 0.15000000223517421 0.35000000894069677 2.5000000000000004 0.15000000223517421 0.35000000894069677 3.5000000000000004 0.45000000298023229 0.59999999403953563 3.5000000000000004 0.35000000894069677 0.45000000298023229 0.35000000894069677 3.5000000000000004 2.5000000000000004 0.15000000223517421
decision_type=2 2 2 2 2 2 2 2 2 2 2 2 2 2 2 2 2 2 2 2 2 2 2
left_child=4 3 6 5 -1 -2 21 -8 -5 -10 17 -12 13 -13 16 19 -14 22 -19 20 -16 -3 -4
right_child=1 2 10 8 -6 -7 7 -9 9 -11 11 12 14 -15 15 -17 -18 18 -20 -21 -22 -23 -24
leaf_value=-4.3223163913974203e-07 0 0 2.4305531646957715e-06 3.5293092192240274e-06 -5.4117318595596633e-06 0 0 4.3223167134349772e-07 4.3223167134349772e-07 0.0010051727489848031 -0.0001860012307346125 4.3223167134349772e-07 0.00052124169133758796 4.3223167134349772e-07 0.00732036719847048 0.0038126880515358089 0.00057880656470138121 0.00010269423653730449 -1.9534843416748615e-05 -0.00025348008852939225 -0.00011045317363270856 0 4.3223167134349772e-07
leaf_weight=310726 113386 34831 1364 2798 4671 1992 2491 150 3390 478 581 2151 339 215 163 143 227 531 159 146 217 1528 4790
leaf_count=310726 113386 34831 1364 2798 4671 1992 2491 150 3390 478 581 2151 339 215 163 143 227 531 159 146 217 1528 4790
internal_value=0 -0.00279883 -0.0057419 -0.00159247 -0.00820157 -0.00192233 -0.0078786 -0.00548033 0.00411695 0.00534341 0.00181582 0.00309002 0.00393475 0.00560652 0.000731983 -0.000128018 0.00174849 0.00103723 0.000137908 -0.00101309 -0.00125208 -0.00805281 0.00113806
internal_weight=0 172070 50026 122044 315397 115378 39000 2641 6666 3868 11026 4182 3601 2366 1235 669 566 6844 690 526 380 36359 6154
internal_count=487467 172070 50026 122044 315397 115378 39000 2641 6666 3868 11026 4182 3601 2366 1235 669 566 6844 690 526 380 36359 6154
is_linear=0
shrinkage=0.0951581


Tree=101
num_leaves=95
num_cat=0
split_feature=4 2 4 3 2 3 2 2 2 2 2 2 2 4 2 2 2 2 2 2 2 2 3 2 2 2 2 2 2 2 2 2 2 2 2 2 2 2 2 2 2 2 2 2 2 2 2 2 2 2 2 2 2 2 2 2 2 2 2 2 2 2 2 2 2 2 2 2 2 2 2 2 2 2 2 2 2 2 2 4 2 2 2 2 2 2 2 2 2 2 4 2 2 2
split_gain=359.692 1295.07 200.02 16.825 11.5632 11.6903 7.92438 15.2851 8.36666 11.3782 6.37626 20.723 8.7131 5.79225 5.47746 3.45327 4.10742 3.9553 4.42901 3.24097 3.22244 3.10734 2.86791 3.59582 4.90112 1.84386 1.7671 2.118 1.76262 2.66399 3.35402 1.57469 1.56888 3.06133 2.64552 1.39001 2.92478 1.38776 4.3608 1.29441 5.77336 1.21458 1.35138 1.20754 1.09182 2.37361 1.52372 1.04301 1.02955 0.825529 0.809271 0.716877 0.70705 1.03195 1.45058 0.672059 1.5534 2.10168 0.64061 5.27577 0.921473 0.568808 0.536382 0.53627 0.529197 0.513027 0.511623 0.556923 0.487732 1.19112 0.415776 0.361747 0.339986 0.530069 0.334165 0.459798 0.321443 0.307893 0.292083 0.289725 0.486425 1.3983 0.278796 0.848256 0.385433 0.314672 0.274963 0.26148 0.312902 0.243399 0.237041 0.23329 1.56601 0.37598
threshold=0.15000000223517421 0.10388386249542238 0.25000000745058065 0.15000000223517421 0.19101010262966159 0.15000000223517421 0.15460605919361117 0.15629401057958606 0.1633739769458771 0.17089758068323138 0.10074627026915552 0.10594117641448976 0.10259784013032915 0.25000000745058065 0.1067231632769108 0.20240999013185504 0.20071429014205935 0.24515175819396975 0.24171940237283709 0.16587346047163012 0.15803226083517077 0.18897569924592975 0.15000000223517421 0.1583974361419678 0.16013698279857638 0.16928205639123919 0.10458041727542879 0.10421099141240121 0.19548846781253817 0.1981649845838547 0.19699231535196307 0.10594117641448976 0.10259784013032915 0.10074627026915552 0.10317540168762208 0.10347852483391763 0.10388386249542238 0.17394282668828967 0.17517123371362689 0.168457105755806 0.1643650829792023 0.11441558599472047 0.11156633123755456 0.15032467991113665 0.12516666948795321 0.11630280315876008 0.12782331556081775 0.20439612865448001 0.14895787835121158 0.19101010262966159 0.25920708477497106 0.1072077937424183 0.18346994370222094 0.18758561462163928 0.18843366950750354 0.22736185789108279 0.22410600632429126 0.22547236829996112 0.14379280805587771 0.1483045965433121 0.14415185153484347 0.15886382013559344 0.1643650829792023 0.14586748182773593 0.10347852483391763 0.14620192348957065 0.15298574417829516 0.14859127253293994 0.10504237189888956 0.10533428192138673 0.15529115498065951 0.19238026440143588 0.16259328275918963 0.16013698279857638 0.14790198951959613 0.14670995622873309 0.13195744901895526 0.16587346047163012 0.10559467971324922 0.35000000894069677 0.22039676457643512 0.21946247667074206 0.1136809289455414 0.11293309181928636 0.11240384355187417 0.11339743807911874 0.19012194871902469 0.15886382013559344 0.15724790096282962 0.13851648569107058 0.35000000894069677 0.15339080244302752 0.15392307937145236 0.15629401057958606
decision_type=2 2 2 2 2 2 2 2 2 2 2 2 2 2 2 2 2 2 2 2 2 2 2 2 2 2 2 2 2 2 2 2 2 2 2 2 2 2 2 2 2 2 2 2 2 2 2 2 2 2 2 2 2 2 2 2 2 2 2 2 2 2 2 2 2 2 2 2 2 2 2 2 2 2 2 2 2 2 2 2 2 2 2 2 2 2 2 2 2 2 2 2 2 2
left_child=10 3 14 13 5 43 66 -8 20 19 -1 12 -12 32 26 16 28 18 47 62 -9 37 58 -24 -25 -21 27 -3 71 30 -30 -28 33 -2 -34 -14 -37 -11 -39 40 -26 42 51 44 45 -4 -46 -17 76 -41 90 -13 -40 -54 -55 56 79 -58 -16 60 -60 -22 -10 -62 -36 -65 67 -7 -38 -70 -45 -6 73 87 75 -67 -48 -74 -71 80 81 -49 83 84 -44 -85 -23 88 -72 -78 -19 -61 -93 -94
right_child=1 2 4 -5 15 6 7 8 9 21 11 41 35 -15 22 17 -18 50 -20 25 61 86 23 24 39 -27 31 -29 29 -31 -32 -33 34 -35 64 36 68 38 52 49 -42 -43 82 70 46 -47 48 55 -50 -51 -52 -53 53 54 -56 -57 57 -59 59 91 63 -63 -64 65 -66 74 -68 -69 69 78 72 -73 77 -75 -76 -77 89 -79 -80 -81 -82 -83 -84 85 -86 -87 -88 -89 -90 -91 -92 92 93 -95
leaf_value=-3.9110130241945099e-07 9.5114908848649975e-06 -1.3723640196143879e-06 3.193466898964466e-06 -0.00012048683412958269 4.2540867998212575e-05 -0.0014913204789771329 3.9110133155813173e-07 3.9110133155813173e-07 3.9110133155813173e-07 -1.2470119301232704e-05 2.4984811743427362e-06 -1.4863416630481433e-05 -6.0170896900688164e-06 1.2704957783824181e-05 0 3.9110133155813173e-07 -2.223514193947132e-06 -2.223514193947132e-06 1.1690989254025816e-08 3.9110133155813173e-07 -1.6240190983364933e-05 3.9110133155813173e-07 0 9.5450151960312026e-05 0 3.9110133155813173e-07 0 2.2836017937389141e-07 -0.00038830172171341778 -2.061212076712722e-05 3.8883298845244017e-07 0 2.0370370643273722e-07 -1.1409859292933233e-05 8.6509197656523671e-06 2.2903040606312058e-06 -3.0954398186753663e-06 3.9110133155813173e-07 3.9110133155813173e-07 0 3.9110133155813173e-07 -4.8967617984371223e-06 -4.8967617984371223e-06 -7.4544573995077739e-06 3.193466898964466e-06 -1.8155701361177914e-05 4.8464088194376685e-06 3.9110133155813173e-07 3.1864879654471213e-06 0 -4.5614477408910126e-06 -4.8967617984371223e-06 -5.1965381035275372e-06 3.9110133155813173e-07 -2.6189426104755117e-05 3.9110133155813173e-07 3.9110133155813173e-07 3.9110133155813173e-07 1.7966927692992199e-05 0 0 -1.7657593319488068e-06 3.9110133155813173e-07 0 1.798920958571044e-05 0 -1.3848249718087353e-05 6.2080992842789079e-06 -5.1209699727452721e-05 -1.9952601714547943e-05 -6.608695086724525e-06 -3.4890757958445742e-06 -2.6454654320583112e-05 5.9291167831390287e-06 0 0 -4.6266879839247036e-06 1.0900103162436583e-05 -3.278716159980142e-06 -0.00014639393855420501 -0.00015021294972699468 3.9110133155813173e-07 -4.8967617984371223e-06 -8.3199850274299852e-06 -9.7688226959045603e-06 -9.3816256854258695e-06 5.5987732319159578e-08 -2.8758864587653913e-05 0.000363690630344774 4.2913221973521716e-06 -0.00037171815034421244 0 0 0
leaf_weight=279508 32976 121 220 476 170 542 212 218 106 207 442 2937 904 594 86512 162 738 575 136 362 147 151 3067 135 236 122 1372 234 160 691 157 858 224 117 131 593 2069 161 501 639 156 10697 1190 213 152 400 176 1169 149 272 1653 10443 356 158 132 790 140 166 269 7515 2604 505 158 470 128 415 134 300 647 638 140 698 243 193 295 1277 269 965 750 281 253 120 1700 913 1677 289 117 114 130 588 150 427 1594 12206
leaf_count=279508 32976 121 220 476 170 542 212 218 106 207 442 2937 904 594 86512 162 738 575 136 362 147 151 3067 135 236 122 1372 234 160 691 157 858 224 117 131 593 2069 161 501 639 156 10697 1190 213 152 400 176 1169 149 272 1653 10443 356 158 132 790 140 166 269 7515 2604 505 158 470 128 415 134 300 647 638 140 698 243 193 295 1277 269 965 750 281 253 120 1700 913 1677 289 117 114 130 588 150 427 1594 12206
internal_value=0 -0.00279275 -0.00693785 0.0136489 0.00280645 0.00525759 0.00852462 0.0105798 0.00903456 0.0118017 -0.00820157 -0.00700753 -0.00192584 0.0138964 -0.0082904 0.000256179 -0.00259919 0.00159022 0.0037655 0.0216523 0.000984392 0.00766922 -0.00838525 -0.00603055 -0.00210433 0.0170262 -0.00395725 0.00227843 -0.000233332 0.00247335 0.00969592 -0.00494993 0.0140612 0.0139826 0.0194453 -0.00294088 -0.00228323 0.00599841 0.00714413 -0.0038925 0.000679698 -0.00803644 -0.00758273 0.00146397 0.00314596 -0.000153483 0.00467944 0.00302368 0.00352616 -0.0058599 -0.00135254 -0.00810764 0.0050856 0.00300499 0.00721889 0.00261122 0.00349077 0.00976459 -0.00847864 -0.00807466 -0.0053917 -0.00236436 0.0301334 -0.00568016 0.0128959 -0.00668857 0.000916479 0.00178562 -0.00318585 -0.00423185 -0.000180984 -0.00337658 0.000293202 0.00219342 -0.00601982 -0.00653509 0.00245955 -0.000614434 -0.00266004 0.00243767 0.00294978 0.00369854 -0.00636532 -0.00593774 -0.00682735 -0.00381583 0.0171143 0.000148682 0.00176218 0.00169885 -0.0040032 -0.00873238 -0.00850584 -0.00868145
internal_weight=0 172070 137424 34646 16750 8541 4589 3613 3401 2531 315397 35889 6043 34170 120674 8209 2614 5595 3217 748 870 1783 118089 4505 1438 484 2585 355 1876 1008 317 2230 33576 33093 483 5601 4697 1515 1308 1303 392 29846 19149 3952 1954 620 1334 3081 1182 911 2378 13380 1147 646 290 2919 2129 306 113584 27072 5330 652 264 5061 259 2457 976 842 4104 2035 1998 868 1785 577 1987 1692 1033 1208 1388 1823 1542 1289 5769 4069 2867 1202 268 384 270 857 725 21742 14227 13800
internal_count=487467 172070 137424 34646 16750 8541 4589 3613 3401 2531 315397 35889 6043 34170 120674 8209 2614 5595 3217 748 870 1783 118089 4505 1438 484 2585 355 1876 1008 317 2230 33576 33093 483 5601 4697 1515 1308 1303 392 29846 19149 3952 1954 620 1334 3081 1182 911 2378 13380 1147 646 290 2919 2129 306 113584 27072 5330 652 264 5061 259 2457 976 842 4104 2035 1998 868 1785 577 1987 1692 1033 1208 1388 1823 1542 1289 5769 4069 2867 1202 268 384 270 857 725 21742 14227 13800
is_linear=0
shrinkage=0.0951581


Tree=102
num_leaves=24
num_cat=0
split_feature=4 0 4 4 0 3 0 3 4 3 4 3 0 0 4 4 0 4 4 3 0 0 3
split_gain=358.736 67.9406 91.7437 25.8657 13.526 5.2067 1.52057 1.3916 1.31676 1.82399 1.22365 1.04451 9.99491 0.341272 0.119229 0.212885 0.193487 0.0685389 0.0104436 0.00863545 0.158807 0.00833134 0.00693294
threshold=0.15000000223517421 1.5000000000000002 0.25000000745058065 0.25000000745058065 1.5000000000000002 0.15000000223517421 2.5000000000000004 0.15000000223517421 0.35000000894069677 0.15000000223517421 0.35000000894069677 0.15000000223517421 2.5000000000000004 3.5000000000000004 0.45000000298023229 0.59999999403953563 3.5000000000000004 0.35000000894069677 0.45000000298023229 0.35000000894069677 3.5000000000000004 2.5000000000000004 0.15000000223517421
decision_type=2 2 2 2 2 2 2 2 2 2 2 2 2 2 2 2 2 2 2 2 2 2 2
left_child=4 3 11 5 -1 -2 17 -5 9 -8 -9 21 -13 -11 16 19 -10 22 -19 20 -16 -3 -4
right_child=1 2 6 7 -6 -7 8 10 14 13 -12 12 -14 -15 15 -17 -18 18 -20 -21 -22 -23 -24
leaf_value=-3.5388484993516382e-07 0 0 1.6350629490454729e-06 2.8895826920529969e-06 -4.4307953041457582e-06 0 -0.00016871006311314592 3.5388487630193929e-07 0.00048277845135970754 3.5388487630193929e-07 0.00092345299863958005 0 3.5388487630193929e-07 3.5388487630193929e-07 0.006624209104835176 0.0034503140018208663 0.00052416249684013251 9.2920936760340289e-05 -1.7241886401822154e-05 -0.00022892534909406263 -9.9508602073021426e-05 0 3.5388487630193929e-07
leaf_weight=310726 113386 34831 1364 2798 4671 1992 581 3390 339 2151 478 2491 150 215 163 143 227 531 159 146 217 1528 4790
leaf_count=310726 113386 34831 1364 2798 4671 1992 581 3390 339 2151 478 2491 150 215 163 143 227 531 159 146 217 1528 4790
internal_value=0 -0.00279994 -0.00575331 -0.00158935 -0.00820157 -0.00192233 0.00191075 0.00417405 0.00334032 0.00443339 0.00534341 -0.00792008 -0.00609286 0.00560652 0.000731983 -0.000128018 0.00174849 0.00103723 0.000137908 -0.00101309 -0.00125208 -0.00805281 0.00113806
internal_weight=0 172070 50026 122044 315397 115378 11026 6666 4182 2947 3868 39000 2641 2366 1235 669 566 6844 690 526 380 36359 6154
internal_count=487467 172070 50026 122044 315397 115378 11026 6666 4182 2947 3868 39000 2641 2366 1235 669 566 6844 690 526 380 36359 6154
is_linear=0
shrinkage=0.0951581


Tree=103
num_leaves=95
num_cat=0
split_feature=4 2 4 3 2 3 2 2 2 2 2 2 2 4 2 2 2 2 2 2 2 3 2 2 2 2 2 2 2 2 2 2 2 2 2 2 2 2 2 2 2 2 2 2 2 2 2 2 2 2 2 2 2 2 2 2 2 2 2 2 2 2 2 2 2 2 2 2 2 2 2 2 2 2 2 2 2 2 4 2 2 2 2 2 2 2 2 2 4 2 2 2 2 2
split_gain=356.829 1298.47 196.018 16.825 13.2182 11.3735 7.92438 15.2851 8.36666 11.3782 6.37626 20.723 8.7131 5.79225 5.51141 3.24097 3.22244 3.10734 2.76274 4.10742 3.48887 2.08828 2.3298 1.89972 4.5272 1.84386 1.7671 2.118 1.76262 2.66399 3.35402 1.57469 1.56888 3.06133 2.64552 1.39001 2.92478 1.38776 4.3608 1.21458 1.35138 1.21045 1.2465 1.20384 0.867315 0.825529 0.771781 2.33847 1.91379 0.716877 0.70705 1.03195 1.45058 0.678065 0.64061 5.27577 0.921473 0.568808 0.556811 3.18921 0.536382 0.53627 0.529197 0.513027 0.511623 0.556923 0.487732 1.19112 0.361747 0.334165 0.459798 0.309415 0.339986 0.530069 0.307893 0.30754 0.292083 0.290174 0.289725 0.486425 1.3983 0.278796 0.848256 0.385433 0.314672 0.274963 0.26148 0.312902 0.255747 0.606842 0.340501 0.23329 1.56601 0.37598
threshold=0.15000000223517421 0.10388386249542238 0.25000000745058065 0.15000000223517421 0.19101010262966159 0.15000000223517421 0.15460605919361117 0.15629401057958606 0.1633739769458771 0.17089758068323138 0.10074627026915552 0.10594117641448976 0.10259784013032915 0.25000000745058065 0.1067231632769108 0.16587346047163012 0.15803226083517077 0.18897569924592975 0.20240999013185504 0.20071429014205935 0.23357842862606051 0.15000000223517421 0.1583974361419678 0.168457105755806 0.16505814343690875 0.16928205639123919 0.10458041727542879 0.10421099141240121 0.19548846781253817 0.1981649845838547 0.19699231535196307 0.10594117641448976 0.10259784013032915 0.10074627026915552 0.10317540168762208 0.10347852483391763 0.10388386249542238 0.17394282668828967 0.17517123371362689 0.11441558599472047 0.11156633123755456 0.15119115263223651 0.14895787835121158 0.16013698279857638 0.20439612865448001 0.19101010262966159 0.11630280315876008 0.12516666948795321 0.12867965549230578 0.1072077937424183 0.18346994370222094 0.18758561462163928 0.18843366950750354 0.26417112350463873 0.14379280805587771 0.1483045965433121 0.14415185153484347 0.15886382013559344 0.22410600632429126 0.22547236829996112 0.1643650829792023 0.14586748182773593 0.10347852483391763 0.14620192348957065 0.15298574417829516 0.14859127253293994 0.10504237189888956 0.10533428192138673 0.19238026440143588 0.14790198951959613 0.14670995622873309 0.15529115498065951 0.16259328275918963 0.16013698279857638 0.16587346047163012 0.24171940237283709 0.10559467971324922 0.35424640774726873 0.35000000894069677 0.22039676457643512 0.21946247667074206 0.1136809289455414 0.11293309181928636 0.11240384355187417 0.11339743807911874 0.19012194871902469 0.15886382013559344 0.15724790096282962 0.35000000894069677 0.2539230883121491 0.25646600127220159 0.15339080244302752 0.15392307937145236 0.15629401057958606
decision_type=2 2 2 2 2 2 2 2 2 2 2 2 2 2 2 2 2 2 2 2 2 2 2 2 2 2 2 2 2 2 2 2 2 2 2 2 2 2 2 2 2 2 2 2 2 2 2 2 2 2 2 2 2 2 2 2 2 2 2 2 2 2 2 2 2 2 2 2 2 2 2 2 2 2 2 2 2 2 2 2 2 2 2 2 2 2 2 2 2 2 2 2 2 2
left_child=10 3 14 13 5 41 64 -8 16 15 -1 12 -12 32 26 60 -9 37 19 28 44 54 -23 24 43 -17 27 -3 68 30 -30 -28 33 -2 -34 -14 -37 -11 -39 40 49 42 46 -24 -20 -25 -4 -48 -49 -13 -40 -52 -53 75 -16 56 -56 -18 78 -60 -10 -58 -36 -63 65 -7 -38 -68 -6 70 -65 -43 73 86 -74 -22 -69 -55 79 80 -46 82 83 -42 -84 -19 87 -73 90 -90 -77 -57 -93 -94
right_child=1 2 4 -5 18 6 7 8 9 17 11 39 35 -15 21 25 57 85 20 -21 53 22 23 45 -26 -27 31 -29 29 -31 -32 -33 34 -35 62 36 66 38 50 -41 81 71 -44 -45 58 -47 47 48 -50 -51 51 52 -54 77 55 91 61 -59 59 -61 -62 63 -64 69 -66 -67 67 76 -70 -71 -72 72 74 -75 -76 88 -78 -79 -80 -81 -82 -83 84 -85 -86 -87 -88 -89 89 -91 -92 92 93 -95
leaf_value=-3.2020984394219704e-07 8.6063955901483567e-06 -1.2417724823012626e-06 2.6146155255026224e-06 -0.00010905521227075862 3.8459085292993594e-05 -0.0013503239113344806 3.2020986780118393e-07 3.2020986780118393e-07 3.2020986780118393e-07 -1.1317161589301009e-05 2.2944054867571524e-06 -1.3415367304154302e-05 -5.4108399287311901e-06 1.1221011115648337e-05 0 3.2020986780118393e-07 -1.4728480455336327e-05 3.2020986780118393e-07 3.2020986780118393e-07 -2.0456038412203241e-06 -0.00011995203944688152 0 8.6367297919350602e-05 0 3.2020986780118393e-07 3.2020986780118393e-07 0 2.0662986113496296e-07 -0.00035138534698661209 -2.7492889504025375e-05 3.1815737588678764e-07 0 1.8431965103719123e-07 -1.0324118888573445e-05 7.8277147739606088e-06 2.4939891165637522e-06 -2.7672086753878227e-06 3.2020986780118393e-07 3.2020986780118393e-07 -4.0091692909192712e-06 -4.0091692909192712e-06 -7.0200726465076133e-06 2.608300693963361e-06 0 3.2020986780118393e-07 0 -1.6703006684468984e-05 2.6146155255026224e-06 3.608001011861687e-06 -4.0091692909192712e-06 -4.7357204774626129e-06 3.2020986780118393e-07 -2.3730965377057114e-05 4.7954223403902476e-05 1.6257229191226328e-05 0 0 -1.6314080570504246e-06 3.2020986780118393e-07 3.2020986780118393e-07 3.2020986780118393e-07 0 1.6277390781617399e-05 0 -1.2564151749503449e-05 5.5836734124990601e-06 -4.5915056557593207e-05 -1.8020275261819201e-05 -3.1907370197616033e-06 0 0 -6.254791459031116e-06 -2.4212247140804262e-05 5.0899461949368225e-06 2.591699735279886e-05 -2.0456038412203241e-06 -2.5450937830897999e-06 -0.00020714125038501791 -0.00014130607749291904 -0.00013595264751899318 3.2020986780118393e-07 -4.0091692909192712e-06 -7.494596146968652e-06 -8.8055651918574198e-06 -8.4552131089045106e-06 1.6985038209978616e-08 -2.629719316255613e-05 0.00032880755786206332 0.00030881639604778675 -0.0049377607845490874 -2.0456038412203241e-06 0 0 0
leaf_weight=279508 32976 121 220 476 170 542 212 218 106 207 442 2937 904 594 86512 362 147 151 162 738 499 3067 135 639 143 122 1372 234 160 691 157 858 224 117 131 593 2069 161 501 10697 1190 196 166 249 1169 272 400 217 968 10443 356 158 132 1104 269 7515 2604 505 140 457 158 470 128 415 134 300 647 638 698 295 1277 140 243 193 965 581 750 407 281 253 120 1700 913 1677 289 117 114 130 130 108 184 427 1594 12206
leaf_count=279508 32976 121 220 476 170 542 212 218 106 207 442 2937 904 594 86512 362 147 151 162 738 499 3067 135 639 143 122 1372 234 160 691 157 858 224 117 131 593 2069 161 501 10697 1190 196 166 249 1169 272 400 217 968 10443 356 158 132 1104 269 7515 2604 505 140 457 158 470 128 415 134 300 647 638 698 295 1277 140 243 193 965 581 750 407 281 253 120 1700 913 1677 289 117 114 130 130 108 184 427 1594 12206
internal_value=0 -0.00281432 -0.00696486 0.0136489 0.00268147 0.00530216 0.00852462 0.0105798 0.00903456 0.0118017 -0.00820157 -0.00700753 -0.00192584 0.0138964 -0.0083038 0.0216523 0.000984392 0.00766922 -4.52108e-05 -0.00259919 0.00114802 -0.00839895 -0.00638964 -0.00322929 0.00131813 0.0170262 -0.00395725 0.00227843 -0.000233332 0.00247335 0.00969592 -0.00494993 0.0140612 0.0139826 0.0194453 -0.00294088 -0.00228323 0.00599841 0.00714413 -0.00803644 -0.00758273 0.00156028 0.00322987 -0.00406405 0.00371492 -0.0058599 0.00250416 0.00177108 0.00389465 -0.00810764 0.0050856 0.00300499 0.00721889 -0.0010517 -0.00847864 -0.00807466 -0.0053917 -0.00236436 0.00326368 0.00578599 0.0301334 -0.00568016 0.0128959 -0.00668857 0.000916479 0.00178562 -0.00318585 -0.00423185 -0.00337658 -0.00601982 -0.00653509 -0.000100877 0.000293202 0.00219342 -0.000614434 -0.00248349 -0.00266004 0.000371561 0.00243767 0.00294978 0.00369854 -0.00636532 -0.00593774 -0.00682735 -0.00381583 0.0171143 0.000148682 0.00176218 -0.00344391 -0.000719685 -0.00429145 -0.00873238 -0.00850584 -0.00868145
internal_weight=0 172070 137424 34646 16750 8541 4589 3613 3401 2531 315397 35889 6043 34170 120674 748 870 1783 8209 2614 5595 118089 4505 1438 527 484 2585 355 1876 1008 317 2230 33576 33093 483 5601 4697 1515 1308 29846 19149 3952 1971 384 2582 911 1805 1585 1185 13380 1147 646 290 3013 113584 27072 5330 652 2420 597 264 5061 259 2457 976 842 4104 2035 868 1987 1692 1981 1785 577 1208 1502 1388 1511 1823 1542 1289 5769 4069 2867 1202 268 384 270 1003 238 765 21742 14227 13800
internal_count=487467 172070 137424 34646 16750 8541 4589 3613 3401 2531 315397 35889 6043 34170 120674 748 870 1783 8209 2614 5595 118089 4505 1438 527 484 2585 355 1876 1008 317 2230 33576 33093 483 5601 4697 1515 1308 29846 19149 3952 1971 384 2582 911 1805 1585 1185 13380 1147 646 290 3013 113584 27072 5330 652 2420 597 264 5061 259 2457 976 842 4104 2035 868 1987 1692 1981 1785 577 1208 1502 1388 1511 1823 1542 1289 5769 4069 2867 1202 268 384 270 1003 238 765 21742 14227 13800
is_linear=0
shrinkage=0.0951581


Tree=104
num_leaves=24
num_cat=0
split_feature=4 4 0 0 3 0 0 3 4 3 4 3 0 0 0 3 3 0 3 4 0 4 3
split_gain=359.398 68.462 115.794 13.526 5.2067 2.01172 1.62238 1.53082 1.22365 1.1008 1.68415 1.04451 9.99491 0.341272 0.189572 0.111656 0.0822711 0.169506 0.0199347 0.0214801 0.00833134 0.00771872 0.00693294
threshold=0.15000000223517421 0.25000000745058065 1.5000000000000002 1.5000000000000002 0.15000000223517421 1.5000000000000002 2.5000000000000004 0.15000000223517421 0.35000000894069677 0.15000000223517421 0.35000000894069677 0.15000000223517421 2.5000000000000004 3.5000000000000004 3.5000000000000004 0.25000000745058065 0.35000000894069677 4.5000000000000009 0.25000000745058065 0.35000000894069677 2.5000000000000004 0.45000000298023229 0.15000000223517421
decision_type=2 2 2 2 2 2 2 2 2 2 2 2 2 2 2 2 2 2 2 2 2 2 2
left_child=3 2 4 -1 -2 7 18 -3 -9 -8 13 20 -13 -11 21 -16 17 -17 19 22 -4 -12 -7
right_child=1 5 11 -5 -6 6 9 8 -10 10 14 12 -14 -15 15 16 -18 -19 -20 -21 -22 -23 -24
leaf_value=-2.8973928716143707e-07 0 2.3658137090215082e-06 0 -3.6276644033208736e-06 0 9.951239314103594e-07 -0.00015299926641843955 2.8973930875166104e-07 0.00084902539242355881 2.8973930875166104e-07 0.00044987820735267238 0 2.8973930875166104e-07 2.8973930875166104e-07 0.0006440643173617331 7.7842705450440497e-07 0.0029638300689217639 -0.0020393133237665301 0.00059511326606317429 5.4692379950730469e-05 0 -0.00018743008487643651 2.8973930875166104e-07
leaf_weight=310726 113386 2798 34831 4671 1992 1364 581 3390 478 2151 339 2491 150 215 170 167 212 107 223 467 1528 240 4790
leaf_count=310726 113386 2798 34831 4671 1992 1364 581 3390 478 2151 339 2491 150 215 170 167 212 107 223 467 1528 240 4790
internal_value=0 -0.00279496 -0.00343752 -0.00820157 -0.00192233 0.00281193 0.00202295 0.00411695 0.00534341 0.00349959 0.00411973 -0.00792008 -0.00609286 0.00560652 0.00127134 0.00237895 0.00164471 0.000555665 0.00112065 0.00109084 -0.00805281 1.64326e-05 0.00113806
internal_weight=0 172070 154378 315397 115378 17692 11026 6666 3868 4182 3601 39000 2641 2366 1235 656 486 274 6844 6621 36359 579 6154
internal_count=487467 172070 154378 315397 115378 17692 11026 6666 3868 4182 3601 39000 2641 2366 1235 656 486 274 6844 6621 36359 579 6154
is_linear=0
shrinkage=0.0951581


Tree=105
num_leaves=95
num_cat=0
split_feature=3 2 0 2 2 2 2 0 2 2 2 2 2 2 2 2 2 2 2 2 2 2 2 2 2 2 2 2 2 2 2 0 2 2 2 2 2 2 2 2 2 2 0 2 2 2 2 0 2 2 2 0 2 2 2 2 2 2 2 0 0 2 2 0 2 2 0 2 0 2 2 2 2 2 2 2 2 2 0 0 0 2 2 2 2 2 2 2 2 0 2 2 2 2
split_gain=92.9809 59.0115 34.8575 20.8135 13.0919 16.7486 10.7383 12.8703 16.3616 18.7818 7.34865 4.95556 4.91268 4.62327 4.53548 12.7999 4.22031 4.92833 3.9026 4.10883 3.52219 3.25612 3.16576 7.2545 2.80252 4.48429 2.21671 1.67312 8.30058 2.68425 2.40023 2.48786 1.62306 1.60801 1.44043 1.36318 1.26742 1.10057 0.954296 0.860292 1.17694 0.850156 0.98333 2.88234 8.6924 1.1622 0.838508 3.23756 5.40968 0.8098 0.735734 0.722796 0.861811 0.713962 1.47506 2.28844 0.700332 1.61059 1.06374 0.709675 0.683951 0.566536 0.826171 1.05677 0.967485 0.529455 0.434246 0.651801 0.41138 1.90756 0.944546 0.414051 0.393564 0.346757 0.56054 0.333069 0.313961 0.334842 0.290838 0.290069 0.508513 0.320375 0.302719 0.271369 0.244264 1.17362 0.223131 0.222878 0.197475 0.196806 0.315899 0.222815 0.187013 0.378341
threshold=0.15000000223517421 0.1067231632769108 1.5000000000000002 0.15460605919361117 0.10388386249542238 0.10347852483391763 0.19012194871902469 2.5000000000000004 0.17660956084728244 0.16505814343690875 0.15629401057958606 0.168457105755806 0.20240999013185504 0.18897569924592975 0.10074627026915552 0.10317540168762208 0.10559467971324922 0.10458041727542879 0.24515175819396975 0.24171940237283709 0.20071429014205935 0.10458041727542879 0.10504237189888956 0.10533428192138673 0.14379280805587771 0.1483045965433121 0.15529115498065951 0.1633739769458771 0.16370223462581637 0.168457105755806 0.15803226083517077 1.5000000000000002 0.10259784013032915 0.17660956084728244 0.14415185153484347 0.10594117641448976 0.10421099141240121 0.25920708477497106 0.20439612865448001 0.15339080244302752 0.15392307937145236 0.11504717171192171 1.5000000000000002 0.11259920522570611 0.1136809289455414 0.11293309181928636 0.19548846781253817 1.5000000000000002 0.1981649845838547 0.1072077937424183 0.19238026440143588 2.5000000000000004 0.1633739769458771 0.22736185789108279 0.22410600632429126 0.22547236829996112 0.18843366950750354 0.18758561462163928 0.18346994370222094 1.5000000000000002 1.5000000000000002 0.14013888686895373 0.14926454424858096 1.5000000000000002 0.15298574417829516 0.10559467971324922 1.5000000000000002 0.15886382013559344 1.5000000000000002 0.14551208168268207 0.14451952278614047 0.14790198951959613 0.14503520727157596 0.15032467991113665 0.15188746154308322 0.18189270049333575 0.19101010262966159 0.19238026440143588 2.5000000000000004 3.5000000000000004 2.5000000000000004 0.30072464048862463 0.32517604529857641 0.10594117641448976 0.22039676457643512 0.21946247667074206 0.27303031086921697 0.27303031086921697 0.14451952278614047 2.5000000000000004 0.2385164871811867 0.23357842862606051 0.14741302281618121 0.1471008434891701
decision_type=2 2 2 2 2 2 2 2 2 2 2 2 2 2 2 2 2 2 2 2 2 2 2 2 2 2 2 2 2 2 2 2 2 2 2 2 2 2 2 2 2 2 2 2 2 2 2 2 2 2 2 2 2 2 2 2 2 2 2 2 2 2 2 2 2 2 2 2 2 2 2 2 2 2 2 2 2 2 2 2 2 2 2 2 2 2 2 2 2 2 2 2 2 2
left_child=1 2 14 61 5 -4 7 10 9 -9 26 -11 20 27 -1 32 17 -6 19 38 46 36 -19 -24 41 34 -5 30 -29 -30 31 -12 -16 -31 -26 -18 -17 -20 -14 -27 60 42 -3 49 45 -45 76 48 -48 -44 51 -42 -53 54 84 -56 57 58 59 -35 -41 -2 -63 64 73 -23 -32 -68 70 88 -36 72 -72 -64 -75 -54 -8 -78 -49 80 81 86 -81 -67 85 -40 -39 -82 -70 90 -55 -91 93 -74
right_child=3 24 4 6 16 -7 12 8 -10 11 13 -13 18 -15 15 21 35 22 37 -21 -22 65 23 -25 25 39 -28 28 29 33 66 -33 -34 56 68 -37 -38 79 53 40 50 -43 43 44 -46 -47 47 78 -50 -51 -52 52 75 89 55 -57 -58 -59 -60 -61 -62 62 63 -65 -66 83 67 -69 69 -71 71 -73 92 74 -76 -77 77 -79 -80 82 87 -83 -84 -85 -86 -87 -88 -89 -90 91 -92 -93 -94 -95
leaf_value=-2.6216825033062637e-07 0 0 1.6678014530658115e-07 2.6216826986470141e-07 -4.0519073791653853e-07 2.6018674902277625e-06 -1.2202264452011789e-08 -9.9894601565628639e-05 0.00043176996783255637 2.6216826986470141e-07 -0.00012532890489613406 2.6216826986470141e-07 2.6216826986470141e-07 2.6216826986470141e-07 2.1036452824220018e-06 -2.4763153495591438e-06 -1.957705911140321e-06 2.664034605211205e-06 -1.8785191280292328e-06 1.4398820174697476e-07 -1.8785191280292328e-06 0 -4.1200665914536958e-05 5.8826202432739044e-05 3.3214498666473834e-05 0 2.6216826986470141e-07 2.6216826986470141e-07 2.6216826986470141e-07 0 -1.3354517442430461e-05 2.6216826986470141e-07 1.6678014530658115e-07 2.6216826986470141e-07 0 6.7445680122401061e-06 1.8696735844977951e-07 0.00036220812852140065 2.6216826986470141e-07 0.0015505999613646532 0 0 0 0.00042757570846921127 0 1.2333491613690603e-05 2.6031108915676146e-07 0 -0.0033901130060323284 0 0 0 3.8009903203771663e-05 2.6216826986470141e-07 2.6216826986470141e-07 2.6216826986470141e-07 -2.1500343104102998e-05 2.6216826986470141e-07 -4.312649406385189e-06 2.6216826986470141e-07 0 0 5.0247706829152944e-06 0 -1.1396142119890501e-05 0 7.8148750910231603e-05 0 0.0052225427073391822 0 0 -7.8603811457686939e-05 0 0 8.5125821265606295e-07 -0.00026943396401238264 3.4771821198719962e-05 -2.9146836218230162e-06 0.00081922136045578314 0.00012847357324276772 0.0032747564142056899 -5.2519856982773695e-05 6.0142659394816067e-05 0 0.00024094510746793278 2.6216826986470141e-07 4.336342011362514e-05 -0.00025762270868090513 0 -0.00013166956706732268 -0.001945344450396967 0.00028161261617424475 0 -0.00028055438421259964
leaf_weight=313058 1148 27759 178 108 206 128 130 133 321 115 140 231 162 114 522 1612 171 150 723 138 738 2806 157 158 291 8360 246 120 538 708 287 157 637 188 673 431 783 127 1376 226 12617 81835 273 140 1172 341 156 530 172 3513 3053 293 219 424 136 166 144 168 332 266 218 1448 254 943 153 920 160 489 340 1015 335 215 1622 141 116 108 152 733 245 195 126 233 362 2191 299 128 143 456 562 120 133 111 356 241
leaf_count=313058 1148 27759 178 108 206 128 130 133 321 115 140 231 162 114 522 1612 171 150 723 138 738 2806 157 158 291 8360 246 120 538 708 287 157 637 188 673 431 783 127 1376 226 12617 81835 273 140 1172 341 156 530 172 3513 3053 293 219 424 136 166 144 168 332 266 218 1448 254 943 153 920 160 489 340 1015 335 215 1622 141 116 108 152 733 245 195 126 233 362 2191 299 128 143 456 562 120 133 111 356 241
internal_value=0 -0.00655689 -0.0058417 0.00049143 0.0082623 0.0259352 0.0023265 0.00583598 0.0168906 0.0280309 0.00371265 0.0397134 0.000255592 0.00249443 -0.00591075 -0.00385917 0.00401413 0.00920381 0.00190384 0.00407394 -0.00295204 -0.00516547 0.0146318 0.00921372 -0.00814696 -0.0073399 0.0168274 0.00191243 0.00334443 0.00209477 -0.000949268 0.00650407 0.00550915 0.000337214 -0.00491791 -0.00177039 -0.00220513 -0.00102602 0.00334844 -0.00788522 -0.00749141 -0.00836266 -0.0079565 -0.00678651 -0.00347129 0.00730007 -0.000979439 0.000836837 0.0087615 -0.00823397 -0.00762316 -0.00731604 -0.00414398 0.00295046 0.00386509 0.01002 0.00261728 0.00355097 0.00174335 0.00473694 -0.00265757 -0.00534996 -0.0060272 -0.00454177 -0.00163374 -0.00636371 -0.00331427 -0.00467726 -0.00527196 -0.00415479 -0.00589416 -0.00511703 -0.00545464 0.000353814 -0.00211051 -0.000785711 -0.00295318 -0.00231175 -0.00251709 0.000336123 -0.000570074 0.00164587 0.00210133 -0.00550883 0.00283416 0.003328 0.00387681 -0.00248523 -0.000970573 0.000507186 -0.000461271 0.00284238 -0.00591361 -0.00553174
internal_weight=0 469885 324108 17582 1579 306 13379 4965 800 479 4165 346 8414 3811 322529 9471 1273 671 5558 3193 2856 8312 465 315 145777 30744 354 3697 2464 2344 1233 297 1159 1806 5650 602 2395 2365 3055 25094 16734 115033 33198 5439 1653 481 2118 1103 328 3786 16290 13237 620 2893 2105 302 1098 954 786 454 444 4203 3055 1607 664 5917 936 649 5359 1917 3442 2769 2554 511 257 327 1015 885 775 1642 1085 503 557 3111 1803 1504 270 582 902 788 557 231 2219 1863
internal_count=487467 469885 324108 17582 1579 306 13379 4965 800 479 4165 346 8414 3811 322529 9471 1273 671 5558 3193 2856 8312 465 315 145777 30744 354 3697 2464 2344 1233 297 1159 1806 5650 602 2395 2365 3055 25094 16734 115033 33198 5439 1653 481 2118 1103 328 3786 16290 13237 620 2893 2105 302 1098 954 786 454 444 4203 3055 1607 664 5917 936 649 5359 1917 3442 2769 2554 511 257 327 1015 885 775 1642 1085 503 557 3111 1803 1504 270 582 902 788 557 231 2219 1863
is_linear=0
shrinkage=0.0951581


Tree=106
num_leaves=24
num_cat=0
split_feature=4 0 4 4 0 3 0 4 3 3 0 3 4 0 4 4 0 3 4 4 3 0 0
split_gain=355.292 67.5331 90.2997 21.4674 13.526 5.2067 1.63964 1.37215 1.82399 1.04451 9.99491 0.779831 0.811629 0.341272 0.109197 0.202509 0.150936 0.0856769 0.0482007 0.0128334 0.0103658 0.0958431 0.00833134
threshold=0.15000000223517421 1.5000000000000002 0.25000000745058065 0.25000000745058065 1.5000000000000002 0.15000000223517421 2.5000000000000004 0.35000000894069677 0.15000000223517421 0.15000000223517421 2.5000000000000004 0.15000000223517421 0.35000000894069677 3.5000000000000004 0.59999999403953563 0.45000000298023229 3.5000000000000004 0.15000000223517421 0.45000000298023229 0.35000000894069677 0.35000000894069677 3.5000000000000004 2.5000000000000004
decision_type=2 2 2 2 2 2 2 2 2 2 2 2 2 2 2 2 2 2 2 2 2 2 2
left_child=4 3 9 5 -1 -2 17 8 -8 22 -11 -5 -13 -10 15 16 -9 -4 19 -19 21 -17 -3
right_child=1 2 6 11 -6 -7 7 14 13 10 -12 12 -14 -15 -16 20 -18 18 -20 -21 -22 -23 -24
leaf_value=-2.3722082067203079e-07 0 0 9.0042983992739088e-07 2.1406873978939345e-06 -3.2824627917131049e-06 0 -0.0001384401486306509 0.00040168937106007237 2.3722083834672391e-07 0 2.3722083834672391e-07 2.3722083834672391e-07 0.00074530588275130167 2.3722083834672391e-07 0.0028539444154243986 0.0060316491672988337 0.00056172665150954425 2.3722083834672391e-07 -4.7522167765635365e-05 0.00027440150967551969 -0.00014507971160428681 -1.1520946273784966e-05 0
leaf_weight=310726 113386 34831 1364 2798 4671 1992 581 339 2151 2491 150 3390 478 215 143 163 227 4790 159 531 146 217 1528
leaf_count=310726 113386 34831 1364 2798 4671 1992 581 339 2151 2491 150 3390 478 215 143 163 227 4790 159 531 146 217 1528
internal_value=0 -0.00282593 -0.00577043 -0.00161898 -0.00820157 -0.00192233 0.00183308 0.00331756 0.00443339 -0.00792008 -0.00609286 0.00363159 0.00450697 0.00560652 0.000654932 0.000331134 0.00158036 0.000925995 0.00109397 0.00114275 -0.00101309 -0.00075125 -0.00805281
internal_weight=0 172070 50026 122044 315397 115378 11026 4182 2947 39000 2641 6666 3868 2366 1235 1092 566 6844 5480 5321 526 380 36359
internal_count=487467 172070 50026 122044 315397 115378 11026 4182 2947 39000 2641 6666 3868 2366 1235 1092 566 6844 5480 5321 526 380 36359
is_linear=0
shrinkage=0.0951581


Tree=107
num_leaves=95
num_cat=0
split_feature=4 2 4 4 0 2 2 2 2 2 2 2 0 2 2 2 2 2 2 2 2 2 2 2 0 0 2 2 2 2 0 2 2 2 2 0 2 0 2 2 2 2 2 2 2 2 2 2 0 2 2 2 0 2 2 4 2 2 2 0 0 2 2 2 2 2 2 2 2 2 2 2 2 2 0 2 2 2 2 0 2 2 2 2 2 2 2 4 2 2 0 4 0 4
split_gain=355.292 1300.3 191.784 15.5348 13.526 58.2581 10.5748 5.6072 11.33 5.51141 5.40268 7.55351 7.60063 16.4293 3.92801 3.90158 3.89369 4.42901 3.78286 3.13646 9.49717 3.09344 22.0035 2.6721 2.33194 2.2899 4.2874 2.32226 2.176 2.66399 5.21495 1.84656 1.81737 18.0476 3.18845 1.69044 1.6179 1.83573 1.61305 3.03099 2.64552 1.6061 1.52889 1.6329 2.46229 4.90095 1.47148 3.79126 1.61523 1.49282 5.97972 1.10237 1.08413 1.04301 0.952259 0.919137 0.83389 0.809459 0.705157 1.82123 0.682771 0.682331 0.672059 1.5534 2.10168 0.62998 0.593283 0.555479 0.555031 1.33609 0.529197 0.487987 0.868963 0.463554 0.521939 0.432144 0.425092 1.75358 0.503818 0.658131 0.401503 0.537256 0.38135 0.370215 0.35172 0.342758 0.323064 0.289725 0.486425 1.3983 0.241472 0.677409 0.374146 0.446913
threshold=0.15000000223517421 0.10388386249542238 0.25000000745058065 0.25000000745058065 1.5000000000000002 0.10559467971324922 0.19012194871902469 0.15460605919361117 0.15629401057958606 0.1067231632769108 0.1633739769458771 0.16370223462581637 2.5000000000000004 0.17660956084728244 0.20240999013185504 0.18897569924592975 0.24515175819396975 0.24171940237283709 0.20071429014205935 0.10388386249542238 0.10458041727542879 0.1139211878180504 0.11203448474407197 0.17006493359804156 1.5000000000000002 1.5000000000000002 0.10458041727542879 0.10594117641448976 0.19548846781253817 0.1981649845838547 1.5000000000000002 0.168457105755806 0.10074627026915552 0.10259784013032915 0.1067231632769108 1.5000000000000002 0.15803226083517077 1.5000000000000002 0.10259784013032915 0.10074627026915552 0.10317540168762208 0.15298574417829516 0.14859127253293994 0.11630280315876008 0.12516666948795321 0.12867965549230578 0.14379280805587771 0.14586748182773593 2.5000000000000004 0.16505814343690875 0.17660956084728244 0.17394282668828967 1.5000000000000002 0.20439612865448001 0.14379280805587771 0.35000000894069677 0.25920708477497106 0.14765568077564242 0.16587346047163012 1.5000000000000002 1.5000000000000002 0.14415185153484347 0.22736185789108279 0.22410600632429126 0.22547236829996112 0.14451952278614047 0.1483045965433121 0.17089758068323138 0.1072077937424183 0.1067231632769108 0.10347852483391763 0.10388386249542238 0.10458041727542879 0.14620192348957065 1.5000000000000002 0.10481997579336168 0.18843366950750354 0.18758561462163928 0.18346994370222094 1.5000000000000002 0.14670995622873309 0.14790198951959613 0.1779797971248627 0.14503520727157596 0.14415185153484347 0.10594117641448976 0.11504717171192171 0.35000000894069677 0.22039676457643512 0.21946247667074206 2.5000000000000004 0.35000000894069677 3.5000000000000004 0.45000000298023229
decision_type=2 2 2 2 2 2 2 2 2 2 2 2 2 2 2 2 2 2 2 2 2 2 2 2 2 2 2 2 2 2 2 2 2 2 2 2 2 2 2 2 2 2 2 2 2 2 2 2 2 2 2 2 2 2 2 2 2 2 2 2 2 2 2 2 2 2 2 2 2 2 2 2 2 2 2 2 2 2 2 2 2 2 2 2 2 2 2 2 2 2 2 2 2 2
left_child=4 3 9 38 32 19 7 35 24 25 36 -12 15 23 18 31 17 53 28 -6 -21 22 68 -14 -9 26 -3 75 55 30 -30 58 -1 -34 71 41 37 -10 39 -2 -40 42 43 -4 -45 -46 -11 52 66 -50 -51 67 61 -16 -37 -8 -18 -56 60 -60 -13 -48 63 87 -65 -63 73 -33 69 -7 -42 -35 -73 -49 80 -27 77 78 79 82 -75 -82 -53 -67 -47 -28 -36 88 89 -55 91 -58 -92 -94
right_child=1 2 6 -5 5 21 14 8 10 46 11 12 13 -15 16 -17 56 -19 -20 20 -22 -23 -24 -25 -26 27 85 -29 29 -31 -32 51 33 34 86 54 -38 -39 40 -41 70 -43 -44 44 45 84 47 48 49 50 -52 76 -54 62 57 -57 90 -59 59 -61 -62 65 -64 64 -66 83 -68 -69 -70 -71 -72 72 -74 74 -76 -77 -78 -79 -80 -81 81 -83 -84 -85 -86 -87 -88 -89 -90 -91 92 -93 93 -95
leaf_value=-2.146473407419504e-07 7.8123748635646355e-06 1.6917590194177929e-07 1.9369836762850485e-06 9.74935853984176e-06 2.6666316383978059e-06 -1.459061472125911e-06 -2.6599013803803318e-06 2.1464735673289923e-07 -6.0884274903709195e-06 0 2.1464735673289923e-07 2.1464735673289923e-07 2.1464735673289923e-07 8.6990238760221818e-05 2.1464735673289923e-07 2.1464735673289923e-07 -1.7223363195495081e-06 1.0771307803764819e-07 -1.7223363195495081e-06 0.0018368235124416085 5.3540766320932504e-05 -2.9701099057331561e-06 1.1472213008866916e-05 2.1464735673289923e-07 2.1464735673289923e-07 -3.666335616777371e-07 0 6.1027678100772402e-06 2.1296690178978423e-07 -5.6192664270818114e-05 -0.00046329536633434064 0.00011237971653065079 1.9260398976611207e-06 -4.6101687892273128e-06 -7.9174999201981495e-06 -4.383858912817823e-05 -1.5263109047097485e-06 2.1464735673289923e-07 1.5090966542124298e-07 -9.5418743307718358e-06 7.3184858320634391e-06 -1.0334280497117737e-05 1.9312697520418832e-06 -1.5542410523064796e-05 1.9369836762850485e-06 3.3381061382546985e-06 0 0 0 2.1464735673289923e-07 0 2.1464735673289923e-07 0 2.1464735673289923e-07 4.3227570415035997e-05 0.0029301807978600338 3.9214466448010378e-05 -1.5767684098853245e-05 2.1464735673289923e-07 2.1464735673289923e-07 -0.00049536142007424214 0 2.1464735673289923e-07 2.1464735673289923e-07 2.1464735673289923e-07 0 0 -1.0290386641754357e-05 -2.9701099057331561e-06 2.9754632904590722e-05 1.4964106819431858e-05 -2.2181004335763193e-06 -1.6255355790597352e-05 0 0 -0.00046137099335414282 -1.9476985026315056e-05 2.1464735673289923e-07 -3.9248394126047937e-06 2.1464735673289923e-07 0 0 2.1464735673289923e-07 0 -0.00018096880377913149 0 -3.6021126980683265e-05 -0.00015920135797681638 -0.00014599367387186686 2.1464735673289923e-07 -0.0002666231819630596 -4.3000049103064444e-05 0.00050316502443971834 -1.042463504463271e-05
leaf_weight=279508 33104 264 195 942 176 284 889 139 159 87108 109 134 201 363 162 125 725 136 738 115 200 2482 239 213 172 146 1031 240 152 691 165 223 412 1351 16255 750 1093 193 224 117 131 150 222 320 145 463 195 550 466 117 345 156 1181 1169 166 109 128 454 183 221 130 634 790 140 166 352 24036 292 1059 116 128 1023 4232 321 826 286 140 162 331 388 926 250 172 782 247 618 7945 281 253 120 589 377 139 420
leaf_count=279508 33104 264 195 942 176 284 889 139 159 87108 109 134 201 363 162 125 725 136 738 115 200 2482 239 213 172 146 1031 240 152 691 165 223 412 1351 16255 750 1093 193 224 117 131 150 222 320 145 463 195 550 466 117 345 156 1181 1169 166 109 128 454 183 221 130 634 790 140 166 352 24036 292 1059 116 128 1023 4232 321 826 286 140 162 331 388 926 250 172 782 247 618 7945 281 253 120 589 377 139 420
internal_value=0 -0.00282593 -0.0069794 0.0136489 -0.00820157 -0.00311897 0.00256216 0.00494288 0.00682574 -0.0083038 0.00572703 0.00772706 0.00694427 0.0152228 0.000160896 0.00452332 0.00160723 0.0037655 -0.00278816 0.0278885 0.0222036 -0.00676123 -0.00363148 0.0281797 0.0244474 -0.00395725 -0.00563587 0.000821303 -0.000645142 0.00247335 0.00969592 0.00371312 -0.00827797 -0.00758936 -0.00785396 0.00173682 0.000823165 0.00643398 0.0139857 0.0139064 0.0194453 0.00370362 0.00459054 0.00340346 0.00206513 0.00473008 -0.00839895 -0.0078357 -0.00818947 -0.00428622 -0.000453136 0.00217475 -0.00470343 0.00302368 -0.000764045 -0.00379488 -0.00131253 0.00199525 0.00800581 0.0105051 0.00418119 -0.00607403 0.00261122 0.00349077 0.00976459 -0.00666322 -0.00832408 -0.00157057 -0.00801572 -0.0049958 0.0128959 -0.00600104 -0.00558635 -0.0070317 -0.00644355 -0.00334816 0.00360458 0.0041794 0.00275386 0.00417313 -0.00538403 -0.00619822 0.00731092 -0.00532013 0.00147428 -0.00743838 -0.00835976 0.00243767 0.00294978 0.00369854 -0.000132406 0.00160167 -0.000895218 0.000868166
internal_weight=0 172070 137424 34646 315397 4671 16750 8411 5299 120674 4988 3543 3434 777 8339 2657 5595 3217 2744 491 315 4180 1698 414 311 2585 1913 672 2006 1008 317 2532 310726 31218 30806 3112 1445 352 33704 33221 483 1742 1592 1370 1175 855 118089 30981 27837 928 462 1864 3144 3081 1370 998 2378 620 668 404 264 1963 2919 2129 306 1768 26909 515 1459 400 259 6606 5255 2873 2323 432 1349 1209 1047 716 1497 1176 328 1134 710 1649 24200 1823 1542 1289 1653 505 1148 559
internal_count=487467 172070 137424 34646 315397 4671 16750 8411 5299 120674 4988 3543 3434 777 8339 2657 5595 3217 2744 491 315 4180 1698 414 311 2585 1913 672 2006 1008 317 2532 310726 31218 30806 3112 1445 352 33704 33221 483 1742 1592 1370 1175 855 118089 30981 27837 928 462 1864 3144 3081 1370 998 2378 620 668 404 264 1963 2919 2129 306 1768 26909 515 1459 400 259 6606 5255 2873 2323 432 1349 1209 1047 716 1497 1176 328 1134 710 1649 24200 1823 1542 1289 1653 505 1148 559
is_linear=0
shrinkage=0.0951581


Tree=108
num_leaves=24
num_cat=0
split_feature=4 0 4 4 0 3 0 4 3 3 4 3 0 0 4 4 3 0 4 3 0 0 4
split_gain=359.157 68.8975 89.0258 25.3835 8.79803 5.2067 1.64137 1.54517 1.82399 1.53082 1.22365 1.04451 9.99491 0.341272 0.130568 0.131401 0.0689341 0.0549463 0.0432103 0.0103658 0.0958431 0.00833134 0.00818349
threshold=0.15000000223517421 1.5000000000000002 0.25000000745058065 0.25000000745058065 1.5000000000000002 0.15000000223517421 2.5000000000000004 0.35000000894069677 0.15000000223517421 0.15000000223517421 0.35000000894069677 0.15000000223517421 2.5000000000000004 3.5000000000000004 0.59999999403953563 0.45000000298023229 0.15000000223517421 3.5000000000000004 0.45000000298023229 0.35000000894069677 3.5000000000000004 2.5000000000000004 0.35000000894069677
decision_type=2 2 2 2 2 2 2 2 2 2 2 2 2 2 2 2 2 2 2 2 2 2 2
left_child=4 3 11 5 -1 -2 16 8 -8 -5 -11 21 -13 -10 15 17 -4 -9 22 20 -17 -3 -18
right_child=1 2 6 9 -6 -7 7 14 13 10 -12 12 -14 -15 -16 19 18 -19 -20 -21 -22 -23 -24
leaf_value=-1.9422191001961468e-07 0 0 9.5998748590180648e-07 1.7526640115164273e-06 -2.6874799234303938e-06 0 -0.0001210948523075789 0.00037558085293211863 1.9422192449057159e-07 1.9422192449057159e-07 0.00068953329630758241 0 1.9422192449057159e-07 1.9422192449057159e-07 0.0025833605075170516 0.0054830603123652427 1.9422192449057159e-07 0.0004603935947942261 -3.8908246609971689e-05 -0.00010590285107851925 -9.4326466968291344e-06 0 0.00024845387846932825
leaf_weight=310726 113386 34831 1364 2798 4671 1992 581 339 2151 3390 478 2491 150 215 143 163 4790 227 159 146 217 1528 531
leaf_count=310726 113386 34831 1364 2798 4671 1992 581 339 2151 3390 478 2491 150 215 143 163 4790 227 159 146 217 1528 531
internal_value=0 -0.00281155 -0.00578565 -0.00159247 -0.00821635 -0.00192233 0.00176404 0.0032493 0.00443339 0.00411695 0.00534341 -0.00792008 -0.00609286 0.00560652 0.000423779 6.97106e-05 0.000856476 0.00107599 0.00100715 -0.00101309 -0.00075125 -0.00805281 0.00105334
internal_weight=0 172070 50026 122044 315397 115378 11026 4182 2947 6666 3868 39000 2641 2366 1235 1092 6844 566 5480 526 380 36359 5321
internal_count=487467 172070 50026 122044 315397 115378 11026 4182 2947 6666 3868 39000 2641 2366 1235 1092 6844 566 5480 526 380 36359 5321
is_linear=0
shrinkage=0.0951581


Tree=109
num_leaves=95
num_cat=0
split_feature=3 2 0 2 2 2 2 0 2 2 2 2 2 2 2 2 2 2 2 2 2 2 2 0 2 2 2 2 2 2 0 2 2 0 2 2 2 2 2 0 2 2 2 2 2 2 2 2 2 2 0 2 2 2 2 0 0 2 2 2 0 2 2 0 2 2 2 2 0 2 2 2 2 2 0 0 2 2 2 2 2 2 2 2 2 2 2 0 2 2 0 2 2 2
split_gain=95.5449 58.2772 21.8455 21.4351 17.8324 16.7486 12.4071 10.9726 17.7009 18.7818 8.36334 7.93676 4.95556 4.53548 12.7999 3.80341 4.72912 3.85013 3.25612 3.15854 2.59168 4.15632 2.21671 2.13406 2.07249 8.90236 1.67312 8.30058 2.68425 2.40023 2.48786 1.62306 1.60801 1.41607 3.04536 1.36318 1.26742 0.954296 0.815878 0.98333 2.88234 8.6924 1.1622 0.8098 0.734885 0.792799 0.713962 1.47506 2.28844 0.71303 0.710878 0.707329 0.700332 1.61059 1.06374 0.709675 0.666541 0.663257 0.816582 0.638355 1.10499 0.566536 0.826171 1.05677 0.967485 0.529455 0.496879 0.46403 0.434246 0.651801 0.346757 0.56054 0.339486 0.334087 0.365262 0.296015 0.283545 0.906035 0.382601 0.278359 0.271369 0.244264 1.17362 0.222809 0.395917 0.386947 0.747406 0.196806 0.315899 0.222815 0.196069 0.373556 2.35792 0.374961
threshold=0.15000000223517421 0.1067231632769108 1.5000000000000002 0.15460605919361117 0.10388386249542238 0.10347852483391763 0.19101010262966159 2.5000000000000004 0.17660956084728244 0.16505814343690875 0.18897569924592975 0.15629401057958606 0.168457105755806 0.10074627026915552 0.10317540168762208 0.20240999013185504 0.24515175819396975 0.20071429014205935 0.10458041727542879 0.24171940237283709 0.14379280805587771 0.14586748182773593 0.15529115498065951 1.5000000000000002 0.10533428192138673 0.10559467971324922 0.1633739769458771 0.16370223462581637 0.168457105755806 0.15803226083517077 1.5000000000000002 0.10259784013032915 0.17660956084728244 1.5000000000000002 0.19699231535196307 0.10594117641448976 0.10421099141240121 0.20439612865448001 0.11504717171192171 1.5000000000000002 0.11259920522570611 0.1136809289455414 0.11293309181928636 0.1072077937424183 0.14415185153484347 0.14451952278614047 0.22736185789108279 0.22410600632429126 0.22547236829996112 0.25920708477497106 2.5000000000000004 0.1483045965433121 0.18843366950750354 0.18758561462163928 0.18346994370222094 1.5000000000000002 1.5000000000000002 0.15339080244302752 0.17660956084728244 0.15392307937145236 1.5000000000000002 0.14013888686895373 0.14926454424858096 1.5000000000000002 0.15298574417829516 0.10559467971324922 0.14451952278614047 0.14790198951959613 1.5000000000000002 0.15886382013559344 0.15032467991113665 0.15188746154308322 0.14503520727157596 0.17394282668828967 1.5000000000000002 2.5000000000000004 0.19101010262966159 0.16587346047163012 0.17394282668828967 0.16587346047163012 0.10594117641448976 0.22039676457643512 0.21946247667074206 0.14741302281618121 0.14620192348957065 0.14670995622873309 0.1471008434891701 2.5000000000000004 0.2385164871811867 0.23357842862606051 1.5000000000000002 0.15629401057958606 0.15563492476940158 0.15460605919361117
decision_type=2 2 2 2 2 2 2 2 2 2 2 2 2 2 2 2 2 2 2 2 2 2 2 2 2 2 2 2 2 2 2 2 2 2 2 2 2 2 2 2 2 2 2 2 2 2 2 2 2 2 2 2 2 2 2 2 2 2 2 2 2 2 2 2 2 2 2 2 2 2 2 2 2 2 2 2 2 2 2 2 2 2 2 2 2 2 2 2 2 2 2 2 2 2
left_child=1 2 13 61 5 -4 7 10 9 -9 11 22 -11 -1 31 17 19 33 36 37 38 23 -5 44 -6 -26 29 -28 -29 30 -13 -15 -30 34 -8 -27 -16 -17 39 -3 43 42 -42 -41 -22 -46 47 81 -49 -18 51 56 53 54 55 -34 67 -53 59 60 -59 -2 -63 64 70 -20 -25 83 -31 -70 -64 -72 -47 79 -75 -35 77 -52 -79 90 -67 82 -39 84 -23 -86 -87 88 -48 -89 -61 92 93 -92
right_child=3 20 4 6 24 -7 15 8 -10 12 -12 26 -14 14 18 16 49 -19 65 -21 21 50 -24 66 25 35 27 28 32 68 -32 -33 52 75 -36 -37 -38 46 -40 40 41 -43 -44 -45 45 72 87 48 -50 -51 76 57 -54 -55 -56 -57 -58 58 -60 73 -62 62 63 -65 -66 80 -68 -69 69 -71 71 -73 -74 74 -76 -77 -78 78 -80 -81 -82 -83 -84 -85 85 86 -88 89 -90 -91 91 -93 -94 -95
leaf_value=-1.7574012425001693e-07 0 0 1.3654939006991172e-07 1.7574013734360495e-07 -2.1162184957833162e-06 2.6686155213582717e-06 -2.425272035642033e-06 -9.0284636634315976e-05 -0.00024480498459340669 1.7574013734360495e-07 2.010147428396969e-07 -0.00011286453797326279 1.7574013734360495e-07 1.7612434077229583e-06 -1.9885484496708314e-06 1.7574013734360495e-07 -1.5769238741728223e-06 -1.5769238741728223e-06 0 7.898152024289058e-08 -0.00016057825492699429 0 1.7574013734360495e-07 0.00070008848694713655 4.8701664775619081e-05 -1.0644845175877619e-06 1.7574013734360495e-07 1.7574013734360495e-07 0 -1.1979541525174266e-05 1.7574013734360495e-07 1.3654939006991172e-07 1.7574013734360495e-07 0 1.7421959128115602e-07 5.5220400885770009e-06 1.5307744643240928e-07 1.7574013734360495e-07 0 0 0.00038688842121271114 0 1.0636274597401693e-05 0 0 0 1.7574013734360495e-07 1.7574013734360495e-07 1.7574013734360495e-07 -8.53505406436324e-06 0 0 -1.7642074141803067e-05 1.7574013734360495e-07 -3.5698409822055735e-06 1.7574013734360495e-07 0 0.001403047832470727 0 0 0 0 4.3217919003992978e-06 0 -9.3693719025211196e-06 0 0 -5.4273861353364109e-05 7.0712265127621094e-05 0 0 5.4542290060287258e-07 0 0 0 -0.0011437363090779221 0 5.9069382704190427e-05 -0.000243795142925757 0 0 0.00020482187993044131 1.7574013734360495e-07 0 0 0 -0.00023700720356281143 -0.00011920162340652637 -0.0017602906710437623 0.00025475341712212572 0 0 0.0025935281051351197 0
leaf_weight=313058 1148 27759 178 108 513 128 437 133 347 115 218 140 231 522 1612 162 723 738 2806 138 184 318 246 447 158 171 120 538 708 287 157 637 188 908 232 431 783 1376 81835 273 140 1172 341 3513 673 335 424 136 166 1642 636 8140 144 168 332 266 848 226 5078 3896 208 1448 254 943 153 920 651 215 160 489 141 116 744 375 611 411 277 131 156 2798 2191 299 128 356 320 240 241 120 133 111 191 2066 106 277
leaf_count=313058 1148 27759 178 108 513 128 437 133 347 115 218 140 231 522 1612 162 723 738 2806 138 184 318 246 447 158 171 120 538 708 287 157 637 188 908 232 431 783 1376 81835 273 140 1172 341 3513 673 335 424 136 166 1642 636 8140 144 168 332 266 848 226 5078 3896 208 1448 254 943 153 920 651 215 160 489 141 116 744 375 611 411 277 131 156 2798 2191 299 128 356 320 240 241 120 133 111 191 2066 106 277
internal_value=0 -0.00656681 -0.00585609 0.000578025 0.00530932 0.0259352 0.0024403 0.00613531 0.0161746 0.0280309 0.00419284 0.00321578 0.0397134 -0.00591075 -0.00385917 0.000167708 0.00159567 -0.00274374 -0.00516547 0.00398454 -0.00814696 -0.00737085 0.0168274 -0.00402713 0.000351328 0.00350582 0.00191243 0.00334443 0.00209477 -0.000949268 0.00650407 0.00550915 0.000337214 -0.000564824 0.00300125 -0.00177039 -0.00220513 0.00334844 -0.00835439 -0.0079565 -0.00678651 -0.00347129 0.00730007 -0.00823397 -0.00592772 -0.00652854 0.00295046 0.00386509 0.01002 -0.00162956 -0.00773696 -0.00783951 0.00261728 0.00355097 0.00174335 0.00473694 -0.00632888 -0.00799944 -0.00764054 -0.00717093 -0.00359584 -0.00534996 -0.0060272 -0.00454177 -0.00163374 -0.00636371 -0.000675989 -0.00523651 -0.00331427 -0.00467726 0.000353814 -0.00211051 -0.00492988 -0.00732127 -0.00565544 -0.00237354 -0.00547159 -0.00467027 -0.000232095 -0.00749724 -0.00550883 0.00283416 0.003328 -0.00583852 -0.00517885 -0.00405105 -0.00575697 0.000507186 -0.000461271 0.00284238 -0.00715724 -0.0065241 -0.00437661 -0.00727919
internal_weight=0 469885 324108 17582 1579 306 13379 5095 826 479 4269 4051 346 322529 9471 8284 5558 2726 8312 3193 145777 30744 354 3034 1273 760 3697 2464 2344 1233 297 1159 1806 1988 669 602 2395 3055 115033 33198 5439 1653 481 3786 1936 1752 2893 2105 302 2365 27710 26510 1098 954 786 454 2538 23972 15832 10754 434 4203 3055 1607 664 5917 1098 1690 936 649 511 257 1079 10320 986 1319 1200 923 287 9334 3111 1803 1504 1475 1119 801 481 788 557 231 6536 2640 574 468
internal_count=487467 469885 324108 17582 1579 306 13379 5095 826 479 4269 4051 346 322529 9471 8284 5558 2726 8312 3193 145777 30744 354 3034 1273 760 3697 2464 2344 1233 297 1159 1806 1988 669 602 2395 3055 115033 33198 5439 1653 481 3786 1936 1752 2893 2105 302 2365 27710 26510 1098 954 786 454 2538 23972 15832 10754 434 4203 3055 1607 664 5917 1098 1690 936 649 511 257 1079 10320 986 1319 1200 923 287 9334 3111 1803 1504 1475 1119 801 481 788 557 231 6536 2640 574 468
is_linear=0
shrinkage=0.0951581


Tree=110
num_leaves=95
num_cat=0
split_feature=4 2 4 4 2 0 2 2 2 2 2 0 2 2 2 2 2 2 2 2 2 2 2 2 0 0 2 2 0 2 2 2 2 2 2 0 2 0 2 2 2 2 2 2 2 2 2 2 0 2 2 2 0 2 2 0 0 2 2 2 2 2 2 2 2 2 2 2 2 2 2 0 2 2 2 2 0 2 2 2 2 2 2 2 2 2 0 2 2 4 2 2 4 2
split_gain=358.57 1298.73 195.41 15.5348 11.3277 8.79803 37.1612 6.64807 10.963 6.06642 7.3178 6.30559 16.9825 7.39195 5.51141 5.24877 19.4661 4.83796 4.80523 3.17857 4.25662 4.10742 3.43275 2.6721 2.33194 2.2899 4.2874 2.32226 1.96347 1.84656 1.81737 18.0476 3.18845 1.76262 2.66399 5.21495 1.6179 1.83573 1.61305 3.03099 2.64552 1.6061 1.52889 1.6329 2.46229 4.90095 1.47148 3.79126 1.61523 1.49282 5.97972 1.10237 1.08413 1.04301 0.705157 1.82123 0.682771 0.682331 0.672059 1.5534 2.10168 0.647267 0.62998 0.593283 0.555479 0.555031 1.33609 0.529197 0.487987 0.868963 0.463554 0.521939 0.432144 0.425092 1.75358 0.503818 0.658131 0.401503 0.537256 0.38135 0.370215 0.361747 0.35172 0.342758 0.323064 0.310309 0.327162 0.893524 0.29217 0.289725 0.486425 1.3983 0.237041 0.228151
threshold=0.15000000223517421 0.10388386249542238 0.25000000745058065 0.25000000745058065 0.19101010262966159 1.5000000000000002 0.10421099141240121 0.15460605919361117 0.15629401057958606 0.1633739769458771 0.16370223462581637 2.5000000000000004 0.17660956084728244 0.18897569924592975 0.1067231632769108 0.1139211878180504 0.11203448474407197 0.10559467971324922 0.10504237189888956 0.20240999013185504 0.24515175819396975 0.20071429014205935 0.24171940237283709 0.17006493359804156 1.5000000000000002 1.5000000000000002 0.10458041727542879 0.10594117641448976 1.5000000000000002 0.168457105755806 0.10074627026915552 0.10259784013032915 0.1067231632769108 0.19548846781253817 0.1981649845838547 1.5000000000000002 0.15803226083517077 1.5000000000000002 0.10259784013032915 0.10074627026915552 0.10317540168762208 0.15298574417829516 0.14859127253293994 0.11630280315876008 0.12516666948795321 0.12867965549230578 0.14379280805587771 0.14586748182773593 2.5000000000000004 0.16505814343690875 0.17660956084728244 0.17394282668828967 1.5000000000000002 0.20439612865448001 0.16587346047163012 1.5000000000000002 1.5000000000000002 0.14415185153484347 0.22736185789108279 0.22410600632429126 0.22547236829996112 0.25920708477497106 0.14451952278614047 0.1483045965433121 0.17089758068323138 0.1072077937424183 0.1067231632769108 0.10347852483391763 0.10388386249542238 0.10458041727542879 0.14620192348957065 1.5000000000000002 0.10481997579336168 0.18843366950750354 0.18758561462163928 0.18346994370222094 1.5000000000000002 0.14670995622873309 0.14790198951959613 0.1779797971248627 0.14503520727157596 0.19238026440143588 0.14415185153484347 0.10594117641448976 0.11504717171192171 0.13058389723300937 2.5000000000000004 0.13893597573041919 0.14586748182773593 0.35000000894069677 0.22039676457643512 0.21946247667074206 0.35000000894069677 0.15886382013559344
decision_type=2 2 2 2 2 2 2 2 2 2 2 2 2 2 2 2 2 2 2 2 2 2 2 2 2 2 2 2 2 2 2 2 2 2 2 2 2 2 2 2 2 2 2 2 2 2 2 2 2 2 2 2 2 2 2 2 2 2 2 2 2 2 2 2 2 2 2 2 2 2 2 2 2 2 2 2 2 2 2 2 2 2 2 2 2 2 2 2 2 2 2 2 2 2
left_child=5 3 14 38 7 30 -7 28 24 36 -11 13 23 29 25 16 17 18 -8 21 22 33 53 -13 -9 26 -3 72 41 54 -1 -32 68 81 35 -35 37 -10 39 -2 -40 42 43 -4 -45 -46 -16 52 63 -50 -51 64 57 -21 56 -56 -12 -48 59 89 -61 92 -59 70 -31 66 -19 -42 -33 -70 -49 77 -27 74 75 76 79 -72 -79 -53 -64 -6 -47 -28 -34 -30 87 -87 -88 90 91 -55 -22 -38
right_child=1 2 4 -5 19 6 15 8 9 10 11 12 -14 -15 46 -17 -18 65 -20 20 61 -23 -24 -25 -26 27 83 -29 85 51 31 32 84 34 -36 -37 93 -39 40 -41 67 -43 -44 44 45 82 47 48 49 50 -52 73 -54 58 55 -57 -58 62 -60 60 -62 -63 80 -65 -66 -67 -68 -69 69 -71 71 -73 -74 -75 -76 -77 -78 78 -80 -81 -82 -83 -84 -85 -86 86 88 -89 -90 -91 -92 -93 -94 -95
leaf_value=-1.5901702989267646e-07 7.0856872965299337e-06 1.3851088918309751e-07 1.5858838537831528e-06 8.67157115029988e-06 3.1905841262605958e-05 2.4146751684715488e-06 -1.9148431881357381e-06 1.59017041740954e-07 -5.6758445240183621e-06 1.59017041740954e-07 1.59017041740954e-07 1.59017041740954e-07 0.00011343464847800816 1.8188656407937006e-07 0 -2.4317444700942457e-06 9.6241470342326605e-06 -9.6319020528398038e-07 4.4067307431770657e-05 1.59017041740954e-07 -1.42686681204484e-06 -1.42686681204484e-06 7.1465789719701662e-08 1.59017041740954e-07 1.59017041740954e-07 -1.3037010499412753e-07 0 4.9965733071962088e-06 -3.9758343343349182e-05 0.0001016673956929713 1.593646851044428e-06 -3.9637656821451847e-06 -7.1456039735545514e-06 1.5764118793728957e-07 -7.4487873973877989e-05 -0.00041922754648817702 -1.0839591248344679e-05 1.59017041740954e-07 1.2355561107697768e-07 -8.8014843620893918e-06 6.81129917706625e-06 -8.4778003785525093e-06 1.5807136556488482e-06 -1.4230204599302398e-05 1.5858838537831528e-06 2.853678180030023e-06 0 0 0 1.59017041740954e-07 0 1.59017041740954e-07 0 1.59017041740954e-07 1.59017041740954e-07 1.59017041740954e-07 -0.00044831512462456465 0 1.59017041740954e-07 1.59017041740954e-07 1.59017041740954e-07 -7.7228746313662047e-06 0 0 -9.3296549025483021e-06 -2.4317444700942457e-06 2.7178974356300124e-05 1.3729377483209481e-05 -1.7993219796152334e-06 -1.4690045414222027e-05 0 0 -0.00041726643606821345 -1.5963288083123921e-05 1.59017041740954e-07 -3.2301417368410834e-06 1.59017041740954e-07 0 0 1.59017041740954e-07 0 -2.1944877837894192e-06 -0.00014831710615310656 0 -3.2574943593218003e-05 0.00060786748806258937 -0.00010957169759244972 -3.0213630994721134e-06 -0.0006767124995620045 -0.00016771146054266983 -0.00015161013531800552 1.59017041740954e-07 -0.00067044204234230614 -1.3995518631730244e-06
leaf_weight=279508 33104 264 195 942 170 217 125 139 159 109 134 201 384 234 87108 2482 239 284 149 162 575 738 136 213 172 146 1031 240 351 223 412 1351 16255 152 691 165 215 193 224 117 131 150 222 320 145 463 195 550 466 117 345 156 1181 1169 183 221 130 634 790 140 166 1653 352 24036 292 1059 116 128 1023 4232 321 826 286 140 162 331 388 926 250 172 782 698 247 618 7945 139 126 635 119 281 253 120 150 878
leaf_count=279508 33104 264 195 942 170 217 125 139 159 109 134 201 384 234 87108 2482 239 284 149 162 575 738 136 213 172 146 1031 240 351 223 412 1351 16255 152 691 165 215 193 224 117 131 150 222 320 145 463 195 550 466 117 345 156 1181 1169 183 221 130 634 790 140 166 1653 352 24036 292 1059 116 128 1023 4232 321 826 286 140 162 331 388 926 250 172 782 698 247 618 7945 139 126 635 119 281 253 120 150 878
internal_value=0 -0.00281598 -0.00696693 0.0136489 0.00266442 -0.00821635 -0.0041172 0.00509047 0.00710048 0.00604639 0.00810126 0.00735846 0.0148103 0.00520858 -0.0083038 -0.00599065 -0.00232587 -0.00583688 0.00576505 0.00014026 0.00142014 -0.00259919 0.00367676 0.0281797 0.0244474 -0.00395725 -0.00563587 0.000821303 0.00158393 0.00371312 -0.00827797 -0.00758936 -0.00785396 -0.000233332 0.00247335 0.00969592 0.000823165 0.00643398 0.0139857 0.0139064 0.0194453 0.00370362 0.00459054 0.00340346 0.00206513 0.00473008 -0.00839895 -0.0078357 -0.00818947 -0.00428622 -0.000453136 0.00217475 -0.00470343 0.00302368 0.00800581 0.0105051 0.00418119 -0.00607403 0.00261122 0.00349077 0.00976459 -0.00163266 -0.00666322 -0.00832408 -0.00157057 -0.00801572 -0.0049958 0.0128959 -0.00600104 -0.00558635 -0.0070317 -0.00644355 -0.00334816 0.00360458 0.0041794 0.00275386 0.00417313 -0.00538403 -0.00619822 0.00731092 -0.00532013 -0.00337658 0.00147428 -0.00743838 -0.00835976 -0.00111134 -0.000270815 0.00068848 -0.00330141 0.00243767 0.00294978 0.00369854 -0.0040032 -0.000983796
internal_weight=0 172070 137424 34646 16750 315397 4671 8541 5429 5118 3673 3564 798 2766 120674 4454 1972 1733 274 8209 5595 2614 3217 414 311 2585 1913 672 3112 2532 310726 31218 30806 1876 1008 317 1445 352 33704 33221 483 1742 1592 1370 1175 855 118089 30981 27837 928 462 1864 3144 3081 668 404 264 1963 2919 2129 306 2378 1768 26909 515 1459 400 259 6606 5255 2873 2323 432 1349 1209 1047 716 1497 1176 328 1134 868 710 1649 24200 1370 1019 774 245 1823 1542 1289 725 1093
internal_count=487467 172070 137424 34646 16750 315397 4671 8541 5429 5118 3673 3564 798 2766 120674 4454 1972 1733 274 8209 5595 2614 3217 414 311 2585 1913 672 3112 2532 310726 31218 30806 1876 1008 317 1445 352 33704 33221 483 1742 1592 1370 1175 855 118089 30981 27837 928 462 1864 3144 3081 668 404 264 1963 2919 2129 306 2378 1768 26909 515 1459 400 259 6606 5255 2873 2323 432 1349 1209 1047 716 1497 1176 328 1134 868 710 1649 24200 1370 1019 774 245 1823 1542 1289 725 1093
is_linear=0
shrinkage=0.0951581


Tree=111
num_leaves=24
num_cat=0
split_feature=4 0 4 4 0 3 0 3 4 3 4 3 0 0 3 4 4 4 0 3 0 0 4
split_gain=357.836 70.0272 86.1925 25.3835 8.79803 5.2067 1.73454 1.53082 1.42324 2.36058 1.22365 1.04451 9.99491 0.341272 0.236923 0.130568 0.131401 0.0795167 0.0549463 0.0103658 0.0958431 0.00833134 0.00661976
threshold=0.15000000223517421 1.5000000000000002 0.25000000745058065 0.25000000745058065 1.5000000000000002 0.15000000223517421 2.5000000000000004 0.15000000223517421 0.35000000894069677 0.15000000223517421 0.35000000894069677 0.15000000223517421 2.5000000000000004 3.5000000000000004 0.15000000223517421 0.59999999403953563 0.45000000298023229 0.35000000894069677 3.5000000000000004 0.35000000894069677 3.5000000000000004 2.5000000000000004 0.45000000298023229
decision_type=2 2 2 2 2 2 2 2 2 2 2 2 2 2 2 2 2 2 2 2 2 2 2
left_child=4 3 11 5 -1 -2 14 -5 9 -8 -9 21 -13 -11 -4 16 18 -16 -10 20 -18 -3 -19
right_child=1 2 6 7 -6 -7 8 10 15 13 -12 12 -14 -15 17 -17 19 22 -20 -21 -22 -23 -24
leaf_value=-1.4388527323369192e-07 0 0 -2.7338559612038431e-06 1.4349741771184597e-06 -2.2003443137492109e-06 0 -9.9145064257530652e-05 1.4388528395287034e-07 0.00034774412786946619 1.4388528395287034e-07 0.00062038726904734432 0 1.4388528395287034e-07 1.4388528395287034e-07 1.4388528395287034e-07 0.0023390799322351992 0.0049628498454160992 0.00028362246388577672 0.0004181304936182884 -9.4278264742810879e-05 -6.987980641020379e-06 0 -3.3658738798725832e-05
leaf_weight=310726 113386 34831 1364 2798 4671 1992 581 3390 339 2151 478 2491 150 215 4790 143 163 531 227 146 217 1528 159
leaf_count=310726 113386 34831 1364 2798 4671 1992 581 3390 339 2151 478 2491 150 215 4790 143 163 531 227 146 217 1528 159
internal_value=0 -0.00282151 -0.00581989 -0.00159247 -0.00821635 -0.00192233 0.00160869 0.00411695 0.00313553 0.00427194 0.00534341 -0.00792008 -0.00609286 0.00560652 0.000675726 0.000423779 6.97106e-05 0.000955052 0.00107599 -0.00101309 -0.00075125 -0.00805281 -2.26875e-09
internal_weight=0 172070 50026 122044 315397 115378 11026 6666 4182 2947 3868 39000 2641 2366 6844 1235 1092 5480 566 526 380 36359 690
internal_count=487467 172070 50026 122044 315397 115378 11026 6666 4182 2947 3868 39000 2641 2366 6844 1235 1092 5480 566 526 380 36359 690
is_linear=0
shrinkage=0.0951581


Tree=112
num_leaves=24
num_cat=0
split_feature=4 0 4 4 0 3 0 4 3 3 4 3 0 0 3 4 4 4 0 3 0 0 4
split_gain=358.203 69.7125 86.9749 25.3835 8.79803 5.2067 1.8987 1.54517 1.82399 1.53082 1.22365 1.04451 9.99491 0.341272 0.236923 0.130568 0.131401 0.0795167 0.0549463 0.0103658 0.0958431 0.00833134 0.00661976
threshold=0.15000000223517421 1.5000000000000002 0.25000000745058065 0.25000000745058065 1.5000000000000002 0.15000000223517421 2.5000000000000004 0.35000000894069677 0.15000000223517421 0.15000000223517421 0.35000000894069677 0.15000000223517421 2.5000000000000004 3.5000000000000004 0.15000000223517421 0.59999999403953563 0.45000000298023229 0.35000000894069677 3.5000000000000004 0.35000000894069677 3.5000000000000004 2.5000000000000004 0.45000000298023229
decision_type=2 2 2 2 2 2 2 2 2 2 2 2 2 2 2 2 2 2 2 2 2 2 2
left_child=4 3 11 5 -1 -2 14 8 -8 -5 -11 21 -13 -10 -4 16 18 -16 -9 20 -18 -3 -19
right_child=1 2 6 9 -6 -7 7 15 13 10 -12 12 -14 -15 17 -17 19 22 -20 -21 -22 -23 -24
leaf_value=-1.3019342561876907e-07 0 0 -2.4737074527433862e-06 1.2984247768774118e-06 -1.9909637540412036e-06 0 -8.9710609423899481e-05 0.00031465346125269031 1.3019343531713625e-07 1.3019343531713625e-07 0.00056135240217809539 0 1.3019343531713625e-07 1.3019343531713625e-07 1.3019343531713625e-07 0.0021164975562169442 0.0044905945388781215 0.0002566334922675519 0.00037834199495577876 -8.5306925249813045e-05 -6.3230177583013605e-06 0 -3.0455837541551062e-05
leaf_weight=310726 113386 34831 1364 2798 4671 1992 581 339 2151 3390 478 2491 150 215 4790 143 163 531 227 146 217 1528 159
leaf_count=310726 113386 34831 1364 2798 4671 1992 581 339 2151 3390 478 2491 150 215 4790 143 163 531 227 146 217 1528 159
internal_value=0 -0.00281874 -0.00581038 -0.00159247 -0.00821635 -0.00192233 0.00165184 0.0032493 0.00443339 0.00411695 0.00534341 -0.00792008 -0.00609286 0.00560652 0.000675726 0.000423779 6.97106e-05 0.000955052 0.00107599 -0.00101309 -0.00075125 -0.00805281 -2.26875e-09
internal_weight=0 172070 50026 122044 315397 115378 11026 4182 2947 6666 3868 39000 2641 2366 6844 1235 1092 5480 566 526 380 36359 690
internal_count=487467 172070 50026 122044 315397 115378 11026 4182 2947 6666 3868 39000 2641 2366 6844 1235 1092 5480 566 526 380 36359 690
is_linear=0
shrinkage=0.0951581


Tree=113
num_leaves=95
num_cat=0
split_feature=3 2 0 2 2 2 2 0 2 2 2 2 2 2 2 2 2 2 2 2 2 2 2 0 2 2 2 2 2 2 0 2 2 0 2 2 2 2 2 0 2 2 2 2 2 2 2 2 2 2 0 2 2 2 2 0 0 2 2 2 0 2 2 0 2 2 2 2 0 2 2 2 2 2 0 0 2 2 2 2 2 2 2 2 2 2 2 0 2 2 0 2 2 2
split_gain=95.5991 58.6098 21.8455 21.4351 17.8324 16.7486 12.4071 10.9726 17.7009 18.7818 8.36334 7.93676 4.95556 4.53548 12.7999 3.80341 4.72912 3.85013 3.25612 3.15854 2.63546 4.15632 2.21671 2.13406 2.07249 8.90236 1.67312 8.30058 2.68425 2.40023 2.48786 1.62306 1.60801 1.41607 3.04536 1.36318 1.26742 0.954296 0.850156 0.98333 2.88234 8.6924 1.1622 0.8098 0.734885 0.792799 0.713962 1.47506 2.28844 0.71303 0.710878 0.707329 0.700332 1.61059 1.06374 0.709675 0.666541 0.663257 0.816582 0.638355 1.10499 0.566536 0.826171 1.05677 0.967485 0.529455 0.496879 0.46403 0.434246 0.651801 0.346757 0.56054 0.339486 0.334087 0.365262 0.296015 0.283545 0.906035 0.382601 0.278359 0.271369 0.244264 1.17362 0.222809 0.395917 0.386947 0.747406 0.196806 0.315899 0.222815 0.196069 0.373556 2.35792 0.374961
threshold=0.15000000223517421 0.1067231632769108 1.5000000000000002 0.15460605919361117 0.10388386249542238 0.10347852483391763 0.19101010262966159 2.5000000000000004 0.17660956084728244 0.16505814343690875 0.18897569924592975 0.15629401057958606 0.168457105755806 0.10074627026915552 0.10317540168762208 0.20240999013185504 0.24515175819396975 0.20071429014205935 0.10458041727542879 0.24171940237283709 0.14379280805587771 0.14586748182773593 0.15529115498065951 1.5000000000000002 0.10533428192138673 0.10559467971324922 0.1633739769458771 0.16370223462581637 0.168457105755806 0.15803226083517077 1.5000000000000002 0.10259784013032915 0.17660956084728244 1.5000000000000002 0.19699231535196307 0.10594117641448976 0.10421099141240121 0.20439612865448001 0.11504717171192171 1.5000000000000002 0.11259920522570611 0.1136809289455414 0.11293309181928636 0.1072077937424183 0.14415185153484347 0.14451952278614047 0.22736185789108279 0.22410600632429126 0.22547236829996112 0.25920708477497106 2.5000000000000004 0.1483045965433121 0.18843366950750354 0.18758561462163928 0.18346994370222094 1.5000000000000002 1.5000000000000002 0.15339080244302752 0.17660956084728244 0.15392307937145236 1.5000000000000002 0.14013888686895373 0.14926454424858096 1.5000000000000002 0.15298574417829516 0.10559467971324922 0.14451952278614047 0.14790198951959613 1.5000000000000002 0.15886382013559344 0.15032467991113665 0.15188746154308322 0.14503520727157596 0.17394282668828967 1.5000000000000002 2.5000000000000004 0.19101010262966159 0.16587346047163012 0.17394282668828967 0.16587346047163012 0.10594117641448976 0.22039676457643512 0.21946247667074206 0.14741302281618121 0.14620192348957065 0.14670995622873309 0.1471008434891701 2.5000000000000004 0.2385164871811867 0.23357842862606051 1.5000000000000002 0.15629401057958606 0.15563492476940158 0.15460605919361117
decision_type=2 2 2 2 2 2 2 2 2 2 2 2 2 2 2 2 2 2 2 2 2 2 2 2 2 2 2 2 2 2 2 2 2 2 2 2 2 2 2 2 2 2 2 2 2 2 2 2 2 2 2 2 2 2 2 2 2 2 2 2 2 2 2 2 2 2 2 2 2 2 2 2 2 2 2 2 2 2 2 2 2 2 2 2 2 2 2 2 2 2 2 2 2 2
left_child=1 2 13 61 5 -4 7 10 9 -9 11 22 -11 -1 31 17 19 33 36 37 38 23 -5 44 -6 -26 29 -28 -29 30 -13 -15 -30 34 -8 -27 -16 -17 39 -3 43 42 -42 -41 -22 -46 47 81 -49 -18 51 56 53 54 55 -34 67 -53 59 60 -59 -2 -63 64 70 -20 -25 83 -31 -70 -64 -72 -47 79 -75 -35 77 -52 -79 90 -67 82 -39 84 -23 -86 -87 88 -48 -89 -61 92 93 -92
right_child=3 20 4 6 24 -7 15 8 -10 12 -12 26 -14 14 18 16 49 -19 65 -21 21 50 -24 66 25 35 27 28 32 68 -32 -33 52 75 -36 -37 -38 46 -40 40 41 -43 -44 -45 45 72 87 48 -50 -51 76 57 -54 -55 -56 -57 -58 58 -60 73 -62 62 63 -65 -66 80 -68 -69 69 -71 71 -73 -74 74 -76 -77 -78 78 -80 -81 -82 -83 -84 -85 85 86 -88 89 -90 -91 91 -93 -94 -95
leaf_value=-1.1780446805561782e-07 0 0 1.1179829526035459e-07 1.1780447683221751e-07 -1.3337935043940376e-06 2.5837361597588889e-06 -2.0117453273999155e-06 -8.1586225286278295e-05 -0.00023233011528424121 1.1780447683221751e-07 1.3849777913266783e-07 -0.00010161054253042312 1.1780447683221751e-07 1.4680792675749054e-06 -1.602021133631177e-06 1.1780447683221751e-07 -1.3171697002888834e-06 -1.3171697002888834e-06 0 3.8584434630158098e-08 -0.00014529793507731692 0 1.1780447683221751e-07 0.00063346940450354698 4.0272783541321672e-05 -4.7269800063818272e-07 1.1780447683221751e-07 1.1780447683221751e-07 0 -9.8341972683583318e-06 1.1780447683221751e-07 1.1179829526035459e-07 1.1780447683221751e-07 0 1.1655954664857832e-07 4.5211089404867496e-06 1.2533045768433366e-07 1.1780447683221751e-07 0 0 0.00035007285845202029 0 9.1071684611581051e-06 0 0 0 1.1780447683221751e-07 1.1780447683221751e-07 1.1780447683221751e-07 -5.7213314726615137e-06 0 0 -1.4470332904495803e-05 1.1780447683221751e-07 -2.9488484295705337e-06 1.1780447683221751e-07 0 0.0012695364821680528 0 0 0 0 3.7340399451406211e-06 0 -7.6971499040010107e-06 0 0 -3.5255797087753278e-05 6.3983421119841771e-05 0 0 3.1702300215520857e-07 0 0 0 -0.0010908449126677197 0 7.140446635469379e-05 -0.000220596063054096 0 0 0.00017755429179068541 1.1780447683221751e-07 0 0 0 -0.00020060058368342846 -0.00010789983730028658 -0.0015928259875321322 0.00023047035625593849 0 0 0.0023467329272723954 0
leaf_weight=313058 1148 27759 178 108 513 128 437 133 347 115 218 140 231 522 1612 162 723 738 2806 138 184 318 246 447 158 171 120 538 708 287 157 637 188 908 232 431 783 1376 81835 273 140 1172 341 3513 673 335 424 136 166 1642 636 8140 144 168 332 266 848 226 5078 3896 208 1448 254 943 153 920 651 215 160 489 141 116 744 375 611 411 277 131 156 2798 2191 299 128 356 320 240 241 120 133 111 191 2066 106 277
leaf_count=313058 1148 27759 178 108 513 128 437 133 347 115 218 140 231 522 1612 162 723 738 2806 138 184 318 246 447 158 171 120 538 708 287 157 637 188 908 232 431 783 1376 81835 273 140 1172 341 3513 673 335 424 136 166 1642 636 8140 144 168 332 266 848 226 5078 3896 208 1448 254 943 153 920 651 215 160 489 141 116 744 375 611 411 277 131 156 2798 2191 299 128 356 320 240 241 120 133 111 191 2066 106 277
internal_value=0 -0.00656883 -0.00585609 0.000578025 0.00530932 0.0259352 0.0024403 0.00613531 0.0161746 0.0280309 0.00419284 0.00321578 0.0397134 -0.00591075 -0.00385917 0.000167708 0.00159567 -0.00274374 -0.00516547 0.00398454 -0.00815349 -0.00737085 0.0168274 -0.00402713 0.000351328 0.00350582 0.00191243 0.00334443 0.00209477 -0.000949268 0.00650407 0.00550915 0.000337214 -0.000564824 0.00300125 -0.00177039 -0.00220513 0.00334844 -0.00836266 -0.0079565 -0.00678651 -0.00347129 0.00730007 -0.00823397 -0.00592772 -0.00652854 0.00295046 0.00386509 0.01002 -0.00162956 -0.00773696 -0.00783951 0.00261728 0.00355097 0.00174335 0.00473694 -0.00632888 -0.00799944 -0.00764054 -0.00717093 -0.00359584 -0.00534996 -0.0060272 -0.00454177 -0.00163374 -0.00636371 -0.000675989 -0.00523651 -0.00331427 -0.00467726 0.000353814 -0.00211051 -0.00492988 -0.00732127 -0.00565544 -0.00237354 -0.00547159 -0.00467027 -0.000232095 -0.00749724 -0.00550883 0.00283416 0.003328 -0.00583852 -0.00517885 -0.00405105 -0.00575697 0.000507186 -0.000461271 0.00284238 -0.00715724 -0.0065241 -0.00437661 -0.00727919
internal_weight=0 469885 324108 17582 1579 306 13379 5095 826 479 4269 4051 346 322529 9471 8284 5558 2726 8312 3193 145777 30744 354 3034 1273 760 3697 2464 2344 1233 297 1159 1806 1988 669 602 2395 3055 115033 33198 5439 1653 481 3786 1936 1752 2893 2105 302 2365 27710 26510 1098 954 786 454 2538 23972 15832 10754 434 4203 3055 1607 664 5917 1098 1690 936 649 511 257 1079 10320 986 1319 1200 923 287 9334 3111 1803 1504 1475 1119 801 481 788 557 231 6536 2640 574 468
internal_count=487467 469885 324108 17582 1579 306 13379 5095 826 479 4269 4051 346 322529 9471 8284 5558 2726 8312 3193 145777 30744 354 3034 1273 760 3697 2464 2344 1233 297 1159 1806 1988 669 602 2395 3055 115033 33198 5439 1653 481 3786 1936 1752 2893 2105 302 2365 27710 26510 1098 954 786 454 2538 23972 15832 10754 434 4203 3055 1607 664 5917 1098 1690 936 649 511 257 1079 10320 986 1319 1200 923 287 9334 3111 1803 1504 1475 1119 801 481 788 557 231 6536 2640 574 468
is_linear=0
shrinkage=0.0951581


Tree=114
num_leaves=95
num_cat=0
split_feature=3 2 0 2 2 2 2 0 2 2 2 2 2 2 2 2 2 2 2 2 2 2 2 0 2 2 2 2 0 2 2 2 2 2 0 2 2 2 2 2 0 2 2 2 2 2 2 2 2 2 2 0 2 2 2 2 0 0 2 2 2 0 2 2 0 2 2 2 0 2 2 2 2 2 0 0 2 2 2 2 2 2 2 2 2 2 2 2 0 2 2 0 2 2
split_gain=95.5232 59.0618 26.5317 21.4351 15.9075 16.7486 12.4071 10.9726 17.7009 18.7818 8.36334 7.93676 4.95556 4.53548 12.7999 3.80341 4.72912 3.85013 3.25612 3.15854 2.55385 3.81237 2.21671 1.79642 1.67312 8.30058 2.68425 2.40023 2.48786 1.62306 1.60801 1.58235 7.9464 1.6188 1.41607 3.04536 1.36318 1.26742 0.954296 0.850156 0.98333 2.88234 8.6924 1.1622 0.8098 0.734885 0.792799 0.713962 1.47506 2.28844 0.71303 0.710878 0.707329 0.700332 1.61059 1.06374 0.709675 0.666541 0.663257 0.816582 0.638355 1.10499 0.566536 0.826171 1.05677 0.967485 0.529455 0.46403 0.434246 0.651801 0.346757 0.56054 0.339486 0.334087 0.365262 0.296015 0.283545 0.906035 0.382601 0.278359 0.273318 0.271369 0.244264 1.17362 0.222809 0.395917 0.386947 0.747406 0.196806 0.315899 0.222815 0.196069 0.373556 2.35792
threshold=0.15000000223517421 0.1067231632769108 1.5000000000000002 0.15460605919361117 0.10388386249542238 0.10347852483391763 0.19101010262966159 2.5000000000000004 0.17660956084728244 0.16505814343690875 0.18897569924592975 0.15629401057958606 0.168457105755806 0.10074627026915552 0.10317540168762208 0.20240999013185504 0.24515175819396975 0.20071429014205935 0.10458041727542879 0.24171940237283709 0.14379280805587771 0.14586748182773593 0.15529115498065951 1.5000000000000002 0.1633739769458771 0.16370223462581637 0.168457105755806 0.15803226083517077 1.5000000000000002 0.10259784013032915 0.17660956084728244 0.10559467971324922 0.10533428192138673 0.10458041727542879 1.5000000000000002 0.19699231535196307 0.10594117641448976 0.10421099141240121 0.20439612865448001 0.11504717171192171 1.5000000000000002 0.11259920522570611 0.1136809289455414 0.11293309181928636 0.1072077937424183 0.14415185153484347 0.14451952278614047 0.22736185789108279 0.22410600632429126 0.22547236829996112 0.25920708477497106 2.5000000000000004 0.1483045965433121 0.18843366950750354 0.18758561462163928 0.18346994370222094 1.5000000000000002 1.5000000000000002 0.15339080244302752 0.17660956084728244 0.15392307937145236 1.5000000000000002 0.14013888686895373 0.14926454424858096 1.5000000000000002 0.15298574417829516 0.10559467971324922 0.14790198951959613 1.5000000000000002 0.15886382013559344 0.15032467991113665 0.15188746154308322 0.14503520727157596 0.17394282668828967 1.5000000000000002 2.5000000000000004 0.19101010262966159 0.16587346047163012 0.17394282668828967 0.16587346047163012 0.14451952278614047 0.10594117641448976 0.22039676457643512 0.21946247667074206 0.14741302281618121 0.14620192348957065 0.14670995622873309 0.1471008434891701 2.5000000000000004 0.2385164871811867 0.23357842862606051 1.5000000000000002 0.15629401057958606 0.15563492476940158
decision_type=2 2 2 2 2 2 2 2 2 2 2 2 2 2 2 2 2 2 2 2 2 2 2 2 2 2 2 2 2 2 2 2 2 2 2 2 2 2 2 2 2 2 2 2 2 2 2 2 2 2 2 2 2 2 2 2 2 2 2 2 2 2 2 2 2 2 2 2 2 2 2 2 2 2 2 2 2 2 2 2 2 2 2 2 2 2 2 2 2 2 2 2 2 2
left_child=1 2 13 62 5 -4 7 10 9 -9 11 22 -11 -1 29 17 19 34 37 38 39 23 -5 45 27 -26 -27 28 -13 -15 -28 32 33 -6 35 -8 -33 -16 -17 40 -3 44 43 -43 -42 -22 -47 48 82 -50 -18 52 57 54 55 56 -32 67 -54 60 61 -60 -2 -64 65 70 -20 84 -29 -70 -65 -72 -48 79 -75 -36 77 -53 -79 91 -25 -68 83 -40 85 -23 -87 -88 89 -49 -90 -62 93 -93
right_child=3 20 4 6 31 -7 15 8 -10 12 -12 24 -14 14 18 16 50 -19 66 -21 21 51 -24 80 25 26 30 68 -30 -31 53 36 -34 -35 75 -37 -38 -39 47 -41 41 42 -44 -45 -46 46 72 88 49 -51 -52 76 58 -55 -56 -57 -58 -59 59 -61 73 -63 63 64 -66 -67 81 -69 69 -71 71 -73 -74 74 -76 -77 -78 78 -80 -81 -82 -83 -84 -85 -86 86 87 -89 90 -91 -92 92 -94 -95
leaf_value=-1.0659442001749362e-07 0 0 1.0115978314672529e-07 1.065944279581638e-07 8.9569058380467432e-09 2.3378727647043168e-06 -1.8203114867914781e-06 -7.3822636011574514e-05 -0.00021022202553155623 1.065944279581638e-07 1.2531859516033412e-07 -9.1941477496242192e-05 1.065944279581638e-07 1.3283796501931074e-06 -1.4495758642584515e-06 1.065944279581638e-07 -1.1918303489192479e-06 -1.1918303489192479e-06 0 3.4912813569771171e-08 -0.0001314716612615478 0 1.065944279581638e-07 0.00057318966662621288 1.065944279581638e-07 1.065944279581638e-07 0 -8.8983938509304561e-06 1.065944279581638e-07 1.0115978314672529e-07 1.065944279581638e-07 -4.2771696229373881e-07 3.644050242687047e-05 -1.2068722635957826e-06 0 1.0546796295448507e-07 4.0908888542297082e-06 1.1340425085696574e-07 1.065944279581638e-07 0 0 0.00031676059428356444 0 8.2405477155619518e-06 0 0 0 1.065944279581638e-07 1.065944279581638e-07 1.065944279581638e-07 -5.1769005040438768e-06 0 0 -1.3093363680284377e-05 1.065944279581638e-07 -2.6682416487042452e-06 1.065944279581638e-07 0 0.0011487298167999309 0 0 0 0 3.378715840272946e-06 0 -6.9647038295458295e-06 0 -3.190092281600993e-05 5.7894881048009233e-05 0 0 2.8685569915133628e-07 0 0 0 -0.00098704219554680947 0 6.4609753801045418e-05 -0.00019960456328609237 0 0 0 0.00016065856471681763 1.065944279581638e-07 0 0 0 -0.00018151181551797268 -9.7632294995592423e-05 -0.0014412557106883888 0.00020853923761810541 0 0 0.0021234223068724196
leaf_weight=313058 1148 27759 178 108 206 128 437 133 347 115 218 140 231 522 1612 162 723 738 2806 138 184 318 246 447 120 538 708 287 157 637 188 171 158 307 908 232 431 783 1376 81835 273 140 1172 341 3513 673 335 424 136 166 1642 636 8140 144 168 332 266 848 226 5078 3896 208 1448 254 943 153 920 215 160 489 141 116 744 375 611 411 277 131 156 2798 651 2191 299 128 356 320 240 241 120 133 111 468 2066 106
leaf_count=313058 1148 27759 178 108 206 128 437 133 347 115 218 140 231 522 1612 162 723 738 2806 138 184 318 246 447 120 538 708 287 157 637 188 171 158 307 908 232 431 783 1376 81835 273 140 1172 341 3513 673 335 424 136 166 1642 636 8140 144 168 332 266 848 226 5078 3896 208 1448 254 943 153 920 215 160 489 141 116 744 375 611 411 277 131 156 2798 651 2191 299 128 356 320 240 241 120 133 111 468 2066 106
internal_value=0 -0.006566 -0.00585051 0.000578025 0.00645436 0.0259352 0.0024403 0.00613531 0.0161746 0.0280309 0.00419284 0.00321578 0.0397134 -0.00591075 -0.00385917 0.000167708 0.00159567 -0.00274374 -0.00516547 0.00398454 -0.00815675 -0.00738633 0.0168274 -0.00418395 0.00191243 0.00334443 0.00209477 -0.000949268 0.00650407 0.00550915 0.000337214 0.0017716 0.00494935 -0.000797624 -0.000564824 0.00300125 -0.00177039 -0.00220513 0.00334844 -0.00836266 -0.0079565 -0.00678651 -0.00347129 0.00730007 -0.00823397 -0.00592772 -0.00652854 0.00295046 0.00386509 0.01002 -0.00162956 -0.00773696 -0.00783951 0.00261728 0.00355097 0.00174335 0.00473694 -0.00632888 -0.00799944 -0.00764054 -0.00717093 -0.00359584 -0.00534996 -0.0060272 -0.00454177 -0.00163374 -0.00636371 -0.00523651 -0.00331427 -0.00467726 0.000353814 -0.00211051 -0.00492988 -0.00732127 -0.00565544 -0.00237354 -0.00547159 -0.00467027 -0.000232095 -0.00749724 -0.00110931 -0.00550883 0.00283416 0.003328 -0.00583852 -0.00517885 -0.00405105 -0.00575697 0.000507186 -0.000461271 0.00284238 -0.00715724 -0.0065241 -0.00437661
internal_weight=0 469885 324108 17582 1579 306 13379 5095 826 479 4269 4051 346 322529 9471 8284 5558 2726 8312 3193 145777 30744 354 3034 3697 2464 2344 1233 297 1159 1806 1273 671 513 1988 669 602 2395 3055 115033 33198 5439 1653 481 3786 1936 1752 2893 2105 302 2365 27710 26510 1098 954 786 454 2538 23972 15832 10754 434 4203 3055 1607 664 5917 1690 936 649 511 257 1079 10320 986 1319 1200 923 287 9334 1098 3111 1803 1504 1475 1119 801 481 788 557 231 6536 2640 574
internal_count=487467 469885 324108 17582 1579 306 13379 5095 826 479 4269 4051 346 322529 9471 8284 5558 2726 8312 3193 145777 30744 354 3034 3697 2464 2344 1233 297 1159 1806 1273 671 513 1988 669 602 2395 3055 115033 33198 5439 1653 481 3786 1936 1752 2893 2105 302 2365 27710 26510 1098 954 786 454 2538 23972 15832 10754 434 4203 3055 1607 664 5917 1690 936 649 511 257 1079 10320 986 1319 1200 923 287 9334 1098 3111 1803 1504 1475 1119 801 481 788 557 231 6536 2640 574
is_linear=0
shrinkage=0.0951581


Tree=115
num_leaves=95
num_cat=0
split_feature=4 2 4 4 2 0 2 2 2 2 2 0 2 2 2 2 2 2 2 2 2 2 2 0 2 0 0 2 2 2 2 2 2 2 2 2 0 2 2 2 2 0 2 2 2 2 2 0 2 2 2 2 2 0 2 2 0 0 2 2 2 2 2 2 2 2 2 2 2 2 2 2 0 2 2 2 0 2 2 2 2 2 2 2 2 2 4 2 2 4 2 2 2 0
split_gain=359.231 1303.68 194.647 16.0034 10.9214 8.79803 37.1612 7.26107 10.963 6.06642 7.3178 6.30559 16.9825 7.39195 5.24877 19.4661 4.83796 4.80523 3.17857 4.25662 4.10742 3.43275 2.87528 4.32827 2.6721 2.66223 2.33194 1.92284 2.69705 4.60134 1.84656 1.81737 18.0476 3.18845 1.76262 2.66399 5.21495 1.74348 1.6973 4.75449 1.6179 1.83573 1.61305 3.03099 2.64552 1.47148 3.79126 1.61523 1.49282 5.97972 1.33454 2.0364 1.10237 1.08413 1.04301 0.705157 1.82123 0.682771 0.682331 0.672059 1.5534 2.10168 0.647267 0.62998 0.593283 0.555479 0.555031 1.33609 0.529197 0.487987 0.868963 0.463554 0.521939 0.425092 1.75358 0.503818 0.658131 0.401503 0.537256 0.38135 0.379275 0.370215 0.361747 0.35172 0.342758 0.323064 0.289725 0.486425 1.3983 0.237041 0.228151 0.227671 0.590863 0.227257
threshold=0.15000000223517421 0.10458041727542879 0.25000000745058065 0.25000000745058065 0.19101010262966159 1.5000000000000002 0.10421099141240121 0.15460605919361117 0.15629401057958606 0.1633739769458771 0.16370223462581637 2.5000000000000004 0.17660956084728244 0.18897569924592975 0.1139211878180504 0.11203448474407197 0.10559467971324922 0.10504237189888956 0.20240999013185504 0.24515175819396975 0.20071429014205935 0.24171940237283709 0.1067231632769108 1.5000000000000002 0.17006493359804156 1.5000000000000002 1.5000000000000002 0.11630280315876008 0.12516666948795321 0.12867965549230578 0.168457105755806 0.10074627026915552 0.10259784013032915 0.1067231632769108 0.19548846781253817 0.1981649845838547 1.5000000000000002 0.10594117641448976 0.10388386249542238 0.10421099141240121 0.15803226083517077 1.5000000000000002 0.10259784013032915 0.10074627026915552 0.10317540168762208 0.14379280805587771 0.14586748182773593 2.5000000000000004 0.16505814343690875 0.17660956084728244 0.15298574417829516 0.14859127253293994 0.17394282668828967 1.5000000000000002 0.20439612865448001 0.16587346047163012 1.5000000000000002 1.5000000000000002 0.14415185153484347 0.22736185789108279 0.22410600632429126 0.22547236829996112 0.25920708477497106 0.14451952278614047 0.1483045965433121 0.17089758068323138 0.1072077937424183 0.1067231632769108 0.10347852483391763 0.10388386249542238 0.10458041727542879 0.14620192348957065 1.5000000000000002 0.18843366950750354 0.18758561462163928 0.18346994370222094 1.5000000000000002 0.14670995622873309 0.14790198951959613 0.1779797971248627 0.15220635384321216 0.14503520727157596 0.19238026440143588 0.14415185153484347 0.10594117641448976 0.11504717171192171 0.35000000894069677 0.22039676457643512 0.21946247667074206 0.35000000894069677 0.15886382013559344 0.10559467971324922 0.10594117641448976 2.5000000000000004
decision_type=2 2 2 2 2 2 2 2 2 2 2 2 2 2 2 2 2 2 2 2 2 2 2 2 2 2 2 2 2 2 2 2 2 2 2 2 2 2 2 2 2 2 2 2 2 2 2 2 2 2 2 2 2 2 2 2 2 2 2 2 2 2 2 2 2 2 2 2 2 2 2 2 2 2 2 2 2 2 2 2 2 2 2 2 2 2 2 2 2 2 2 2 2 2
left_child=5 3 22 38 7 31 -7 25 26 40 -11 13 24 30 15 16 17 -8 20 21 34 54 23 84 -13 27 -9 -4 -29 -30 55 -1 -33 69 82 36 -36 -25 42 -40 41 -10 43 -2 -44 -24 53 64 -49 -50 51 83 65 58 -20 57 -57 -12 -47 60 86 -62 89 -60 71 -32 67 -18 -46 -34 -71 -48 77 74 75 76 79 -73 -79 -54 -27 -65 -6 -31 -3 -35 87 88 -56 -21 -42 -72 -93 -61
right_child=1 2 4 -5 18 6 14 8 9 10 11 12 -14 -15 -16 -17 66 -19 19 62 -22 -23 45 37 -26 80 -28 28 29 50 52 32 33 85 35 -37 -38 -39 39 -41 90 -43 44 -45 68 46 47 48 49 -51 -52 -53 73 -55 59 56 -58 -59 63 93 61 -63 -64 81 -66 -67 -68 -69 -70 70 91 72 -74 -75 -76 -77 -78 78 -80 -81 -82 -83 -84 -85 -86 -87 -88 -89 -90 -91 -92 92 -94 -95
leaf_value=-9.6451098727017781e-08 6.432780204534002e-06 0 1.1748691565959653e-06 7.6076493611194025e-06 2.9208312780595073e-05 2.1154052604417342e-06 -1.0920286055060213e-06 9.6451105912314059e-08 -5.3958470270245636e-06 9.6451105912314059e-08 9.6451105912314059e-08 9.6451105912314059e-08 0.00016059705763144704 1.1339351714683943e-07 -1.8015074482374641e-06 7.4563929438742403e-06 -3.8701623359338345e-07 3.2972893859204904e-05 9.6451105912314059e-08 -1.0784180506836513e-06 -1.0784180506836513e-06 3.1590576952694979e-08 0 -0.00037731839457193618 9.6451105912314059e-08 -3.5479473592930413e-05 9.6451105912314059e-08 -1.3136190546218831e-05 1.1748691565959653e-06 2.3220225977030277e-06 9.19668398133801e-05 1.2019735814136715e-06 -3.2701163717482977e-06 -6.4395611505762433e-06 9.5431833162988786e-08 -0.00011880947452128023 -0.00037936073517832303 3.7016076891650292e-06 -4.3763462873692426e-07 1.0261291907854473e-07 -8.0516396982436354e-06 9.6451105912314059e-08 9.1533611515286282e-08 -8.230057617314207e-06 6.4535331030524547e-06 0 0 0 9.6451105912314059e-08 0 -6.3019559237216012e-06 1.170190944637397e-06 9.6451105912314059e-08 0 9.6451105912314059e-08 9.6451105912314059e-08 9.6451105912314059e-08 -0.00040515877238082821 0 -0.00039488737567441645 9.6451105912314059e-08 9.6451105912314059e-08 -4.6842765459127137e-06 0 0 -8.4679435795146552e-06 -1.8015074482374641e-06 2.4991511965169875e-05 1.2713300299071188e-05 -1.3116369953728064e-06 -1.3266087962310478e-05 0 0 -1.1847424215853878e-05 9.6451105912314059e-08 -2.4143368728235302e-06 9.6451105912314059e-08 0 0 9.6451105912314059e-08 0.00044641050816952079 0 -1.6470941245969208e-06 -0.00011009060959995759 0 -2.9449093411320852e-05 -0.00020318384362913607 -0.00016939297444767604 9.6451105912314059e-08 -0.00071885739589061645 -1.292453989747454e-06 -0.00066500741564397476 -0.00030649313376811651 0.0001886950423161871
leaf_weight=279508 33104 1031 181 956 170 217 125 139 159 109 134 201 384 234 2482 239 284 149 162 575 738 136 87108 341 213 1261 172 320 145 463 223 412 1351 16255 152 691 165 240 121 234 215 193 224 117 131 195 550 466 117 345 150 222 156 1181 1169 183 221 130 634 557 140 166 1653 352 24036 292 1059 116 128 1023 2016 321 826 140 162 331 388 926 250 172 109 782 698 247 618 7945 281 253 120 150 878 655 1561 233
leaf_count=279508 33104 1031 181 956 170 217 125 139 159 109 134 201 384 234 2482 239 284 149 162 575 738 136 87108 341 213 1261 172 320 145 463 223 412 1351 16255 152 691 165 240 121 234 215 193 224 117 131 195 550 466 117 345 150 222 156 1181 1169 183 221 130 634 557 140 166 1653 352 24036 292 1059 116 128 1023 2016 321 826 140 162 331 388 926 250 172 109 782 698 247 618 7945 281 253 120 150 878 655 1561 233
internal_value=0 -0.002811 -0.00699756 0.013576 0.00261775 -0.00821635 -0.0041172 0.00500286 0.00710048 0.00604639 0.00810126 0.00735846 0.0148103 0.00520858 -0.00599065 -0.00232587 -0.00583688 0.00576505 0.00014026 0.00142014 -0.00259919 0.00367676 -0.00833502 -0.00494993 0.0281797 0.00132693 0.0244474 0.00381073 0.00272495 0.00475402 0.00371312 -0.00827797 -0.00758936 -0.00785396 -0.000233332 0.00247335 0.00969592 0.0021128 0.0139168 0.0073714 0.000823165 0.00643398 0.0139857 0.0139064 0.0194453 -0.00839895 -0.0078357 -0.00818947 -0.00428622 -0.000453136 0.0026208 0.00396151 0.00217475 -0.00470343 0.00302368 0.00800581 0.0105051 0.00418119 -0.00607403 0.00261122 0.00349077 0.00976459 -0.00163266 -0.00666322 -0.00832408 -0.00157057 -0.00801572 -0.0049958 0.0128959 -0.00600104 -0.00558635 -0.0070317 -0.00644355 0.00360458 0.0041794 0.00275386 0.00417313 -0.00538403 -0.00619822 0.00731092 -0.00180592 -0.00532013 -0.00337658 0.00147428 -0.00743838 -0.00835976 0.00243767 0.00294978 0.00369854 -0.0040032 -0.000983796 -0.00618798 -0.00552226 0.000240904
internal_weight=0 172070 137055 35015 16736 315397 4671 8527 5429 5118 3673 3564 798 2766 4454 1972 1733 274 8209 5595 2614 3217 120319 2230 414 3098 311 1728 1547 1227 2532 310726 31218 30806 1876 1008 317 581 34059 355 1445 352 33704 33221 483 118089 30981 27837 928 462 1082 932 1864 3144 3081 668 404 264 1963 2919 2129 306 2378 1768 26909 515 1459 400 259 6606 5255 2873 2323 1349 1209 1047 716 1497 1176 328 1370 1134 868 710 1649 24200 1823 1542 1289 725 1093 4232 2216 790
internal_count=487467 172070 137055 35015 16736 315397 4671 8527 5429 5118 3673 3564 798 2766 4454 1972 1733 274 8209 5595 2614 3217 120319 2230 414 3098 311 1728 1547 1227 2532 310726 31218 30806 1876 1008 317 581 34059 355 1445 352 33704 33221 483 118089 30981 27837 928 462 1082 932 1864 3144 3081 668 404 264 1963 2919 2129 306 2378 1768 26909 515 1459 400 259 6606 5255 2873 2323 1349 1209 1047 716 1497 1176 328 1370 1134 868 710 1649 24200 1823 1542 1289 725 1093 4232 2216 790
is_linear=0
shrinkage=0.0951581


Tree=116
num_leaves=95
num_cat=0
split_feature=3 2 0 2 2 2 2 0 2 2 2 2 2 2 2 2 2 2 2 2 2 2 2 2 2 2 2 2 2 0 2 2 0 2 2 2 2 2 2 2 0 2 2 2 2 2 2 0 2 2 2 2 2 2 2 2 0 0 2 2 0 2 2 0 2 0 2 2 2 2 2 2 2 0 2 2 2 2 0 2 2 2 2 2 2 2 2 2 0 2 2 2 0 2
split_gain=95.572 58.4434 21.8455 21.4351 17.8324 16.7486 12.4071 10.9726 17.7009 18.7818 8.36334 7.93676 4.95556 4.53548 12.7999 3.80341 4.72912 3.85013 3.25612 3.15854 2.71835 4.23338 2.21671 2.07249 8.90236 1.67312 8.30058 2.68425 2.40023 2.48786 1.62306 1.60801 1.41607 3.04536 1.36318 1.26742 0.954296 0.860292 1.17694 0.850156 0.98333 2.88234 8.6924 1.1622 0.836714 0.8098 0.735734 0.722796 0.861811 0.713962 1.47506 2.28844 0.71303 0.700332 1.61059 1.06374 0.709675 0.683951 0.566536 0.826171 1.05677 0.967485 0.529455 0.434246 0.651801 0.41138 1.90756 0.944546 0.414051 0.393564 0.346757 0.56054 0.333069 0.296015 0.271369 0.244264 1.17362 0.197475 0.196806 0.315899 0.222815 0.187013 0.378341 0.372697 0.72353 0.186233 0.175774 0.175756 0.171459 0.279775 0.153197 0.149403 0.234113 0.349837
threshold=0.15000000223517421 0.1067231632769108 1.5000000000000002 0.15460605919361117 0.10388386249542238 0.10347852483391763 0.19101010262966159 2.5000000000000004 0.17660956084728244 0.16505814343690875 0.18897569924592975 0.15629401057958606 0.168457105755806 0.10074627026915552 0.10317540168762208 0.20240999013185504 0.24515175819396975 0.20071429014205935 0.10458041727542879 0.24171940237283709 0.14379280805587771 0.1483045965433121 0.15529115498065951 0.10533428192138673 0.10559467971324922 0.1633739769458771 0.16370223462581637 0.168457105755806 0.15803226083517077 1.5000000000000002 0.10259784013032915 0.17660956084728244 1.5000000000000002 0.19699231535196307 0.10594117641448976 0.10421099141240121 0.20439612865448001 0.15339080244302752 0.15392307937145236 0.11504717171192171 1.5000000000000002 0.11259920522570611 0.1136809289455414 0.11293309181928636 0.14415185153484347 0.1072077937424183 0.19238026440143588 2.5000000000000004 0.1633739769458771 0.22736185789108279 0.22410600632429126 0.22547236829996112 0.25920708477497106 0.18843366950750354 0.18758561462163928 0.18346994370222094 1.5000000000000002 1.5000000000000002 0.14013888686895373 0.14926454424858096 1.5000000000000002 0.15298574417829516 0.10559467971324922 1.5000000000000002 0.15886382013559344 1.5000000000000002 0.14551208168268207 0.14451952278614047 0.14790198951959613 0.14503520727157596 0.15032467991113665 0.15188746154308322 0.18189270049333575 2.5000000000000004 0.10594117641448976 0.22039676457643512 0.21946247667074206 0.14451952278614047 2.5000000000000004 0.2385164871811867 0.23357842862606051 0.14741302281618121 0.1471008434891701 0.14670995622873309 0.14620192348957065 0.17394282668828967 0.17006493359804156 0.16928205639123919 2.5000000000000004 0.2539230883121491 0.10481997579336168 0.16505814343690875 1.5000000000000002 0.15629401057958606
decision_type=2 2 2 2 2 2 2 2 2 2 2 2 2 2 2 2 2 2 2 2 2 2 2 2 2 2 2 2 2 2 2 2 2 2 2 2 2 2 2 2 2 2 2 2 2 2 2 2 2 2 2 2 2 2 2 2 2 2 2 2 2 2 2 2 2 2 2 2 2 2 2 2 2 2 2 2 2 2 2 2 2 2 2 2 2 2 2 2 2 2 2 2 2 2
left_child=1 2 13 58 5 -4 7 10 9 -9 11 22 -11 -1 30 17 19 32 35 36 39 44 -5 -6 -25 28 -27 -28 29 -13 -15 85 33 -8 -26 -16 -17 -23 57 40 -3 45 43 -43 -22 -42 47 91 -49 50 75 -52 88 54 55 56 -33 -39 -2 -60 61 70 90 -30 -65 67 77 -46 69 -69 -61 -72 87 -34 -64 76 -38 -67 79 -51 -80 82 83 84 -71 86 -29 -50 -18 -90 -20 92 -40 -94
right_child=3 20 4 6 23 -7 15 8 -10 12 -12 25 -14 14 18 16 52 -19 62 -21 21 37 -24 24 34 26 27 31 63 -31 -32 53 73 -35 -36 -37 49 38 46 -41 41 42 -44 -45 65 -47 -48 48 72 78 51 -53 -54 -55 -56 -57 -58 -59 59 60 -62 -63 74 64 -66 66 -68 68 -70 81 71 -73 -74 -75 -76 -77 -78 -79 80 -81 -82 -83 -84 -85 -86 -87 -88 -89 89 -91 -92 -93 93 -95
leaf_value=-8.7272996504148083e-08 0 0 8.2823447977177488e-08 8.7273003004061378e-08 -9.8811325043730332e-07 1.9141073387149129e-06 -1.4903597955452659e-06 -6.6674827603275386e-05 -0.00020549980842695162 8.7273003004061378e-08 1.0260320676864931e-07 -8.2679043720861538e-05 8.7273003004061378e-08 1.0875960725582429e-06 -1.1868241256281319e-06 8.7273003004061378e-08 -9.7579784999866579e-07 -9.7579784999866579e-07 -0.00032885885254552795 2.8584478026172229e-08 -9.9031244190264059e-05 0 8.7273003004061378e-08 2.9835256295718289e-05 -3.5018850845129124e-07 8.7273003004061378e-08 8.7273003004061378e-08 0 -7.2854610524517554e-06 8.7273003004061378e-08 8.2823447977177488e-08 8.7273003004061378e-08 0 8.6350722304239743e-08 3.3493697757919896e-06 9.284846980774955e-08 8.7273003004061378e-08 0.0010394188828285486 0 0 0 0.00028661826150863521 0 6.7468568416224949e-06 0 0 0 0 -0.0017688147865939881 3.767317908597318e-05 8.7273003004061378e-08 8.7273003004061378e-08 -4.2385297421636915e-06 -1.072004596968135e-05 8.7273003004061378e-08 -2.1845931901671551e-06 8.7273003004061378e-08 0 0 2.9458505642645706e-06 0 -5.7022738420056008e-06 0 5.2385714813297597e-05 0 0.0045441330708271971 0 0 -1.8389279958463224e-05 0 0 1.4820592516408486e-07 -0.00018061057451810146 -0.00088181146407185064 0 0.00016213278651487368 8.7273003004061378e-08 0 -0.00010629765199602378 -0.0012665318437354561 0.00017073918271396149 0 -0.0001537634860398077 0 0 -0.00011572109083965581 0 0.00031328641792093193 0.0011740970840557368 -0.00012882039090319285 0 0 0 0
leaf_weight=313058 1148 27759 178 108 513 128 437 133 347 115 218 140 231 522 1612 162 448 738 551 138 291 8360 246 158 171 120 538 185 287 157 637 188 908 232 431 783 1376 226 3818 81835 273 140 1172 341 673 3513 3053 293 106 424 136 166 1642 144 168 332 266 218 1448 254 943 153 920 160 489 340 1015 335 215 1062 141 116 108 411 2191 299 128 562 120 133 111 356 241 240 320 194 329 113 139 136 2255 6225 574 2000
leaf_count=313058 1148 27759 178 108 513 128 437 133 347 115 218 140 231 522 1612 162 448 738 551 138 291 8360 246 158 171 120 538 185 287 157 637 188 908 232 431 783 1376 226 3818 81835 273 140 1172 341 673 3513 3053 293 106 424 136 166 1642 144 168 332 266 218 1448 254 943 153 920 160 489 340 1015 335 215 1062 141 116 108 411 2191 299 128 562 120 133 111 356 241 240 320 194 329 113 139 136 2255 6225 574 2000
internal_value=0 -0.00656782 -0.00585609 0.000578025 0.00530932 0.0259352 0.0024403 0.00613531 0.0161746 0.0280309 0.00419284 0.00321578 0.0397134 -0.00591075 -0.00385917 0.000167708 0.00159567 -0.00274374 -0.00516547 0.00398454 -0.00815023 -0.00735538 0.0168274 0.000351328 0.00350582 0.00191243 0.00334443 0.00209477 -0.000949268 0.00650407 0.00550915 0.000337214 -0.000564824 0.00300125 -0.00177039 -0.00220513 0.00334844 -0.00788522 -0.00749141 -0.00836266 -0.0079565 -0.00678651 -0.00347129 0.00730007 -0.00500212 -0.00823397 -0.00762316 -0.00731604 -0.00414398 0.00295046 0.00386509 0.01002 -0.00162956 0.00261728 0.00355097 0.00174335 0.00473694 -0.00265757 -0.00534996 -0.0060272 -0.00454177 -0.00163374 -0.00636371 -0.00331427 -0.00467726 -0.00527196 -0.00415479 -0.00589416 -0.00511703 -0.00545464 0.000353814 -0.00211051 -0.000785711 -0.00237354 -0.00550883 0.00283416 0.003328 -0.000970573 0.000507186 -0.000461271 0.00284238 -0.00591361 -0.00553174 -0.00605445 -0.00545335 -0.00319882 -0.00414697 0.00134698 -0.00411957 -0.00224919 -0.00731151 -0.00747191 -0.00714877 -0.00644739
internal_weight=0 469885 324108 17582 1579 306 13379 5095 826 479 4269 4051 346 322529 9471 8284 5558 2726 8312 3193 145777 30744 354 1273 760 3697 2464 2344 1233 297 1159 1806 1988 669 602 2395 3055 25094 16734 115033 33198 5439 1653 481 5650 3786 16290 13237 620 2893 2105 302 2365 1098 954 786 454 444 4203 3055 1607 664 5917 936 649 5359 1917 3442 2769 2554 511 257 327 1319 3111 1803 1504 902 788 557 231 2219 1863 1622 1382 708 514 219 723 275 2806 12617 6392 2574
internal_count=487467 469885 324108 17582 1579 306 13379 5095 826 479 4269 4051 346 322529 9471 8284 5558 2726 8312 3193 145777 30744 354 1273 760 3697 2464 2344 1233 297 1159 1806 1988 669 602 2395 3055 25094 16734 115033 33198 5439 1653 481 5650 3786 16290 13237 620 2893 2105 302 2365 1098 954 786 454 444 4203 3055 1607 664 5917 936 649 5359 1917 3442 2769 2554 511 257 327 1319 3111 1803 1504 902 788 557 231 2219 1863 1622 1382 708 514 219 723 275 2806 12617 6392 2574
is_linear=0
shrinkage=0.0951581


Tree=117
num_leaves=95
num_cat=0
split_feature=4 2 4 4 2 0 2 2 2 2 2 0 2 2 2 2 2 2 2 0 2 2 2 2 2 0 2 0 2 2 2 2 2 2 2 2 2 0 2 2 2 2 0 2 2 2 2 2 0 2 2 2 2 2 0 2 2 2 0 2 0 2 2 2 2 2 2 2 2 2 2 2 2 2 0 2 2 2 0 2 2 2 2 2 2 2 2 2 0 4 4 2 2 0
split_gain=361.808 1300.6 197.124 16.0034 11.1637 8.79803 37.1612 6.50902 10.963 6.06642 7.3178 6.30559 16.9825 7.39195 5.24877 19.4661 4.83796 4.80523 4.47426 3.34544 3.3145 4.10742 3.94185 3.43275 2.6721 2.33194 2.19787 2.04449 1.92284 2.69705 4.60134 1.84656 1.81737 18.0476 3.18845 1.76262 2.66399 5.21495 1.74348 1.6973 4.75449 1.6179 1.83573 1.61305 3.03099 2.64552 1.47148 3.79126 1.61523 1.49282 5.97972 1.33454 2.0364 1.10237 1.08413 1.04301 0.76114 0.705157 1.82123 0.684364 0.682771 0.682331 0.672059 1.5534 2.10168 0.62998 0.593283 0.555479 0.555031 1.33609 0.529197 0.487987 0.868963 0.463554 0.521939 0.425092 1.75358 0.503818 0.658131 0.401503 0.537256 0.38135 0.370215 0.361747 0.35172 0.323064 0.322187 0.314229 0.291964 0.677409 0.289725 0.486425 1.3983 0.27122
threshold=0.15000000223517421 0.10458041727542879 0.25000000745058065 0.25000000745058065 0.19101010262966159 1.5000000000000002 0.10421099141240121 0.15460605919361117 0.15629401057958606 0.1633739769458771 0.16370223462581637 2.5000000000000004 0.17660956084728244 0.18897569924592975 0.1139211878180504 0.11203448474407197 0.10559467971324922 0.10504237189888956 0.1067231632769108 1.5000000000000002 0.20240999013185504 0.20071429014205935 0.24515175819396975 0.24171940237283709 0.17006493359804156 1.5000000000000002 0.10481997579336168 1.5000000000000002 0.11630280315876008 0.12516666948795321 0.12867965549230578 0.168457105755806 0.10074627026915552 0.10259784013032915 0.1067231632769108 0.19548846781253817 0.1981649845838547 1.5000000000000002 0.10594117641448976 0.10388386249542238 0.10421099141240121 0.15803226083517077 1.5000000000000002 0.10259784013032915 0.10074627026915552 0.10317540168762208 0.14379280805587771 0.14586748182773593 2.5000000000000004 0.16505814343690875 0.17660956084728244 0.15298574417829516 0.14859127253293994 0.17394282668828967 1.5000000000000002 0.20439612865448001 0.25920708477497106 0.16587346047163012 1.5000000000000002 0.14379280805587771 1.5000000000000002 0.14415185153484347 0.22736185789108279 0.22410600632429126 0.22547236829996112 0.14451952278614047 0.1483045965433121 0.17089758068323138 0.1072077937424183 0.1067231632769108 0.10347852483391763 0.10388386249542238 0.10458041727542879 0.14620192348957065 1.5000000000000002 0.18843366950750354 0.18758561462163928 0.18346994370222094 1.5000000000000002 0.14670995622873309 0.14790198951959613 0.1779797971248627 0.14503520727157596 0.19238026440143588 0.14415185153484347 0.11504717171192171 0.14765568077564242 0.10594117641448976 2.5000000000000004 0.35000000894069677 0.35000000894069677 0.22039676457643512 0.21946247667074206 3.5000000000000004
decision_type=2 2 2 2 2 2 2 2 2 2 2 2 2 2 2 2 2 2 2 2 2 2 2 2 2 2 2 2 2 2 2 2 2 2 2 2 2 2 2 2 2 2 2 2 2 2 2 2 2 2 2 2 2 2 2 2 2 2 2 2 2 2 2 2 2 2 2 2 2 2 2 2 2 2 2 2 2 2 2 2 2 2 2 2 2 2 2 2 2 2 2 2 2 2
left_child=5 3 18 39 7 32 -7 27 25 41 -11 13 24 31 15 16 17 -8 19 26 21 35 23 55 -13 -9 -3 28 -4 -30 -31 57 -1 -34 71 83 37 -37 -21 43 -41 42 -10 44 -2 -45 -20 54 66 -50 -51 52 84 67 61 -22 -24 60 -59 -29 -12 -48 63 90 -65 -63 73 -33 69 -18 -47 -35 -73 -49 79 76 77 78 81 -75 -81 -55 -67 -6 -32 -36 -61 -28 89 -58 91 92 -57 -90
right_child=1 2 4 -5 20 6 14 8 9 10 11 12 -14 -15 -16 -17 68 -19 46 38 22 -23 56 -25 -26 -27 87 59 29 30 51 53 33 34 85 36 -38 -39 -40 40 -42 -43 -44 45 -46 70 47 48 49 50 -52 -53 -54 75 -56 62 88 58 -60 86 -62 65 -64 64 -66 82 -68 -69 -70 -71 -72 72 -74 74 -76 -77 -78 -79 -80 80 -82 -83 -84 -85 -86 -87 -88 -89 93 -91 -92 -93 -94 -95
leaf_value=-7.8968264948055444e-08 5.828953865834315e-06 3.1293579909547391e-05 1.0630708530080094e-06 6.8920247188291185e-06 2.6570725347712474e-05 1.7319645425097389e-06 -8.9408628195794475e-07 7.8968270831256121e-08 -4.8823885362075298e-06 7.8968270831256121e-08 7.8968270831256121e-08 7.8968270831256121e-08 0.00011550321176041393 9.2839681703119916e-08 -1.6300794424151576e-06 6.1048388388305031e-06 -3.1686523924957274e-07 2.6996190326276356e-05 0 -0.00034131947028814299 7.8968270831256121e-08 -8.8294279148949478e-07 -8.8294279148949478e-07 2.5864433728278066e-08 7.8968270831256121e-08 7.8968270831256121e-08 0 -4.9996294524552466e-05 -1.188617575907514e-05 1.0630708530080094e-06 2.1010633650399563e-06 8.3215451099189072e-05 9.8410250885266045e-07 -2.8460024319011863e-06 -5.8267848184559498e-06 7.8133752599873435e-08 -0.00010750379198859694 -0.00034326149263412683 3.0306501490777923e-06 -2.8305423825817326e-07 8.4013186868815907e-08 -1.1694665381594149e-06 7.8968270831256121e-08 7.4942126954616049e-08 -7.5503946270319194e-06 5.9523631422319145e-06 0 0 0 7.8968270831256121e-08 0 -5.1596563611029767e-06 1.0588378107558345e-06 7.8968270831256121e-08 0 7.8968270831256121e-08 3.8871535714923486e-05 7.8968270831256121e-08 7.8968270831256121e-08 1.9974493739755905e-06 -0.00036660463792036668 0 3.4088271363257267e-05 7.8968270831256121e-08 7.8968270831256121e-08 0 0 -7.6621502520016742e-06 -1.6300794424151576e-06 2.2613367449099422e-05 1.1616462855234133e-05 -1.0738882100325142e-06 -1.2003712385304076e-05 0 0 -9.6999468828255061e-06 7.8968270831256121e-08 -1.9767114772755052e-06 7.8968270831256121e-08 0 0 7.8968270831256121e-08 0 -1.3485400057025042e-06 -9.0135462861915886e-05 -2.6646773963942318e-05 -1.0199404168092621e-05 0 -0.00033659066879389109 -2.567158612647993e-05 -0.00018385756211641521 -0.00016870210883930192 7.8968270831256121e-08 6.2240062345235393e-05
leaf_weight=279508 33104 134 181 956 170 217 125 139 159 109 134 201 384 234 2482 239 284 149 87108 341 162 738 725 136 213 172 897 750 320 145 463 223 412 1351 16255 152 691 165 240 121 234 1093 193 224 117 131 195 550 466 117 345 150 222 156 1181 1169 128 183 221 166 130 634 790 140 166 352 24036 292 1059 116 128 1023 4232 321 826 140 162 331 388 926 250 172 782 698 247 7945 454 618 589 377 281 253 120 559
leaf_count=279508 33104 134 181 956 170 217 125 139 159 109 134 201 384 234 2482 239 284 149 87108 341 162 738 725 136 213 172 897 750 320 145 463 223 412 1351 16255 152 691 165 240 121 234 1093 193 224 117 131 195 550 466 117 345 150 222 156 1181 1169 128 183 221 166 130 634 790 140 166 352 24036 292 1059 116 128 1023 4232 321 826 140 162 331 388 926 250 172 782 698 247 7945 454 618 589 377 281 253 120 559
internal_value=0 -0.00279165 -0.00697326 0.013576 0.00270304 -0.00821635 -0.0041172 0.00511445 0.00710048 0.00604639 0.00810126 0.00735846 0.0148103 0.00520858 -0.00599065 -0.00232587 -0.00583688 0.00576505 -0.00831921 -0.00409649 0.00019822 -0.00259919 0.00150518 0.00367676 0.0281797 0.0244474 -0.00628424 0.00163409 0.00381073 0.00272495 0.00475402 0.00371312 -0.00827797 -0.00758936 -0.00785396 -0.000233332 0.00247335 0.00969592 0.0021128 0.0139168 0.0073714 0.000823165 0.00643398 0.0139857 0.0139064 0.0194453 -0.00839895 -0.0078357 -0.00818947 -0.00428622 -0.000453136 0.0026208 0.00396151 0.00217475 -0.00470343 0.00302368 -0.00143258 0.00800581 0.0105051 -0.00111134 0.00418119 -0.00607403 0.00261122 0.00349077 0.00976459 -0.00666322 -0.00832408 -0.00157057 -0.00801572 -0.0049958 0.0128959 -0.00600104 -0.00558635 -0.0070317 -0.00644355 0.00360458 0.0041794 0.00275386 0.00417313 -0.00538403 -0.00619822 0.00731092 -0.00532013 -0.00337658 0.00147428 -0.00835976 0.00122784 -0.00731744 -0.000305107 0.00160167 0.00243767 0.00294978 0.00369854 -0.00114389
internal_weight=0 172070 137055 35015 16736 315397 4671 8527 5429 5118 3673 3564 798 2766 4454 1972 1733 274 120319 2230 8209 2614 5595 3217 414 311 1649 3098 1728 1547 1227 2532 310726 31218 30806 1876 1008 317 581 34059 355 1445 352 33704 33221 483 118089 30981 27837 928 462 1082 932 1864 3144 3081 2378 668 404 1370 264 1963 2919 2129 306 1768 26909 515 1459 400 259 6606 5255 2873 2323 1349 1209 1047 716 1497 1176 328 1134 868 710 24200 620 1515 1653 505 1823 1542 1289 1148
internal_count=487467 172070 137055 35015 16736 315397 4671 8527 5429 5118 3673 3564 798 2766 4454 1972 1733 274 120319 2230 8209 2614 5595 3217 414 311 1649 3098 1728 1547 1227 2532 310726 31218 30806 1876 1008 317 581 34059 355 1445 352 33704 33221 483 118089 30981 27837 928 462 1082 932 1864 3144 3081 2378 668 404 1370 264 1963 2919 2129 306 1768 26909 515 1459 400 259 6606 5255 2873 2323 1349 1209 1047 716 1497 1176 328 1134 868 710 24200 620 1515 1653 505 1823 1542 1289 1148
is_linear=0
shrinkage=0.0951581


Tree=118
num_leaves=95
num_cat=0
split_feature=4 2 4 4 2 0 2 2 2 2 2 0 2 2 2 2 2 2 2 0 2 2 2 2 2 0 2 0 2 2 2 2 2 2 2 2 2 0 2 2 2 2 0 2 2 2 2 2 0 2 2 2 2 2 0 2 2 0 2 0 2 2 2 2 2 2 2 2 2 2 2 2 2 2 0 2 2 2 0 2 2 2 2 2 2 2 2 2 4 2 2 4 2 2
split_gain=361.439 1301.04 196.109 16.0034 11.4285 8.79803 37.1612 6.50902 10.963 6.06642 7.3178 6.30559 16.9825 7.39195 5.24877 19.4661 4.83796 4.80523 4.47426 3.34544 3.17857 4.25662 4.10742 3.43275 2.6721 2.33194 2.19787 2.04449 1.92284 2.69705 4.60134 1.84656 1.81737 18.0476 3.18845 1.76262 2.66399 5.21495 1.74348 1.6973 4.75449 1.6179 1.83573 1.61305 3.03099 2.64552 1.47148 3.79126 1.61523 1.49282 5.97972 1.33454 2.0364 1.10237 1.08413 1.04301 0.705157 1.82123 0.684364 0.682771 0.682331 0.672059 1.5534 2.10168 0.647267 0.62998 0.593283 0.555479 0.555031 1.33609 0.529197 0.487987 0.868963 0.463554 0.521939 0.425092 1.75358 0.503818 0.658131 0.401503 0.537256 0.38135 0.370215 0.361747 0.35172 0.323064 0.322187 0.314229 0.289725 0.486425 1.3983 0.237041 0.228151 0.227671
threshold=0.15000000223517421 0.10458041727542879 0.25000000745058065 0.25000000745058065 0.19101010262966159 1.5000000000000002 0.10421099141240121 0.15460605919361117 0.15629401057958606 0.1633739769458771 0.16370223462581637 2.5000000000000004 0.17660956084728244 0.18897569924592975 0.1139211878180504 0.11203448474407197 0.10559467971324922 0.10504237189888956 0.1067231632769108 1.5000000000000002 0.20240999013185504 0.24515175819396975 0.20071429014205935 0.24171940237283709 0.17006493359804156 1.5000000000000002 0.10481997579336168 1.5000000000000002 0.11630280315876008 0.12516666948795321 0.12867965549230578 0.168457105755806 0.10074627026915552 0.10259784013032915 0.1067231632769108 0.19548846781253817 0.1981649845838547 1.5000000000000002 0.10594117641448976 0.10388386249542238 0.10421099141240121 0.15803226083517077 1.5000000000000002 0.10259784013032915 0.10074627026915552 0.10317540168762208 0.14379280805587771 0.14586748182773593 2.5000000000000004 0.16505814343690875 0.17660956084728244 0.15298574417829516 0.14859127253293994 0.17394282668828967 1.5000000000000002 0.20439612865448001 0.16587346047163012 1.5000000000000002 0.14379280805587771 1.5000000000000002 0.14415185153484347 0.22736185789108279 0.22410600632429126 0.22547236829996112 0.25920708477497106 0.14451952278614047 0.1483045965433121 0.17089758068323138 0.1072077937424183 0.1067231632769108 0.10347852483391763 0.10388386249542238 0.10458041727542879 0.14620192348957065 1.5000000000000002 0.18843366950750354 0.18758561462163928 0.18346994370222094 1.5000000000000002 0.14670995622873309 0.14790198951959613 0.1779797971248627 0.14503520727157596 0.19238026440143588 0.14415185153484347 0.11504717171192171 0.14765568077564242 0.10594117641448976 0.35000000894069677 0.22039676457643512 0.21946247667074206 0.35000000894069677 0.15886382013559344 0.10559467971324922
decision_type=2 2 2 2 2 2 2 2 2 2 2 2 2 2 2 2 2 2 2 2 2 2 2 2 2 2 2 2 2 2 2 2 2 2 2 2 2 2 2 2 2 2 2 2 2 2 2 2 2 2 2 2 2 2 2 2 2 2 2 2 2 2 2 2 2 2 2 2 2 2 2 2 2 2 2 2 2 2 2 2 2 2 2 2 2 2 2 2 2 2 2 2 2 2
left_child=5 3 18 39 7 32 -7 27 25 41 -11 13 24 31 15 16 17 -8 19 26 22 23 35 55 -13 -9 -3 28 -4 -30 -31 56 -1 -34 71 83 37 -37 -21 43 -41 42 -10 44 -2 -45 -20 54 66 -50 -51 52 84 67 60 -22 59 -58 -29 -12 -48 62 88 -64 91 -62 73 -33 69 -18 -47 -35 -73 -49 79 76 77 78 81 -75 -81 -55 -67 -6 -32 -36 -60 -28 89 90 -57 -23 -43 -74
right_child=1 2 4 -5 20 6 14 8 9 10 11 12 -14 -15 -16 -17 68 -19 46 38 21 64 -24 -25 -26 -27 87 58 29 30 51 53 33 34 85 36 -38 -39 -40 40 -42 92 -44 45 -46 70 47 48 49 50 -52 -53 -54 75 -56 61 57 -59 86 -61 65 -63 63 -65 -66 82 -68 -69 -70 -71 -72 72 93 74 -76 -77 -78 -79 -80 80 -82 -83 -84 -85 -86 -87 -88 -89 -90 -91 -92 -93 -94 -95
leaf_value=-7.1453795775167585e-08 5.2742817559684005e-06 2.8315742652088019e-05 9.6191106232339205e-07 6.2361928182812282e-06 2.404230590427403e-05 1.5671541066893463e-06 -8.0900674010033687e-07 7.1453801101081913e-08 -4.4177897740821324e-06 7.1453801101081913e-08 7.1453801101081913e-08 7.1453801101081913e-08 0.0001045121468732881 8.4005235021214452e-08 -1.4749641980018586e-06 5.5239140421923397e-06 -2.8671294865911144e-07 2.4427284448604904e-05 0 -0.00030884016180832016 7.1453801101081913e-08 -7.9892364288752926e-07 -7.9892364288752926e-07 2.3403223647644898e-08 7.1453801101081913e-08 7.1453801101081913e-08 0 -4.5238742688026295e-05 -1.0755109990110732e-05 9.6191106232339205e-07 1.9011301906679438e-06 7.5296827809822527e-05 8.9045719487882297e-07 -2.5751822796196386e-06 -5.2723191109926053e-06 7.069869402979472e-08 -9.7273936598863247e-05 -0.00031059738501935605 2.7422592729183845e-06 -2.5611933790355008e-07 7.6018652567181542e-08 -6.4809063015667776e-06 7.1453801101081913e-08 6.7810777379854753e-08 -6.8319135042633642e-06 5.3859476414765838e-06 0 0 0 7.1453801101081913e-08 0 -4.6686733226584922e-06 9.5808082828175249e-07 7.1453801101081913e-08 0 7.1453801101081913e-08 7.1453801101081913e-08 7.1453801101081913e-08 1.8073759089756273e-06 -0.00033171924121241599 0 3.0844496608139104e-05 7.1453801101081913e-08 7.1453801101081913e-08 -9.7578447350250139e-06 0 0 -6.9330346775421619e-06 -1.4749641980018586e-06 2.0461522620186005e-05 1.0511062450735013e-05 -9.7169906032708593e-07 -1.0861462055617073e-05 0 0 -8.7769184755120619e-06 7.1453801101081913e-08 -1.7886113908901524e-06 7.1453801101081913e-08 0 0 7.1453801101081913e-08 0 -1.2202155160235261e-06 -8.1558344478390929e-05 -2.4111117879523034e-05 -9.2288483600524878e-06 0 -0.00016636202788484607 -0.0001526487385772356 7.1453801101081913e-08 -0.00065027542573505709 -1.0581823374139679e-06 -0.00027618558258349092
leaf_weight=279508 33104 134 181 956 170 217 125 139 159 109 134 201 384 234 2482 239 284 149 87108 341 162 575 738 136 213 172 897 750 320 145 463 223 412 1351 16255 152 691 165 240 121 234 215 193 224 117 131 195 550 466 117 345 150 222 156 1181 1169 183 221 166 130 634 790 140 166 1653 352 24036 292 1059 116 128 1023 2016 321 826 140 162 331 388 926 250 172 782 698 247 7945 454 618 281 253 120 150 878 2216
leaf_count=279508 33104 134 181 956 170 217 125 139 159 109 134 201 384 234 2482 239 284 149 87108 341 162 575 738 136 213 172 897 750 320 145 463 223 412 1351 16255 152 691 165 240 121 234 215 193 224 117 131 195 550 466 117 345 150 222 156 1181 1169 183 221 166 130 634 790 140 166 1653 352 24036 292 1059 116 128 1023 2016 321 826 140 162 331 388 926 250 172 782 698 247 7945 454 618 281 253 120 150 878 2216
internal_value=0 -0.00279441 -0.00697673 0.013576 0.00267461 -0.00821635 -0.0041172 0.00511445 0.00710048 0.00604639 0.00810126 0.00735846 0.0148103 0.00520858 -0.00599065 -0.00232587 -0.00583688 0.00576505 -0.00831921 -0.00409649 0.00014026 0.00142014 -0.00259919 0.00367676 0.0281797 0.0244474 -0.00628424 0.00163409 0.00381073 0.00272495 0.00475402 0.00371312 -0.00827797 -0.00758936 -0.00785396 -0.000233332 0.00247335 0.00969592 0.0021128 0.0139168 0.0073714 0.000823165 0.00643398 0.0139857 0.0139064 0.0194453 -0.00839895 -0.0078357 -0.00818947 -0.00428622 -0.000453136 0.0026208 0.00396151 0.00217475 -0.00470343 0.00302368 0.00800581 0.0105051 -0.00111134 0.00418119 -0.00607403 0.00261122 0.00349077 0.00976459 -0.00163266 -0.00666322 -0.00832408 -0.00157057 -0.00801572 -0.0049958 0.0128959 -0.00600104 -0.00558635 -0.0070317 -0.00644355 0.00360458 0.0041794 0.00275386 0.00417313 -0.00538403 -0.00619822 0.00731092 -0.00532013 -0.00337658 0.00147428 -0.00835976 0.00122784 -0.00731744 0.00243767 0.00294978 0.00369854 -0.0040032 -0.000983796 -0.00618798
internal_weight=0 172070 137055 35015 16736 315397 4671 8527 5429 5118 3673 3564 798 2766 4454 1972 1733 274 120319 2230 8209 5595 2614 3217 414 311 1649 3098 1728 1547 1227 2532 310726 31218 30806 1876 1008 317 581 34059 355 1445 352 33704 33221 483 118089 30981 27837 928 462 1082 932 1864 3144 3081 668 404 1370 264 1963 2919 2129 306 2378 1768 26909 515 1459 400 259 6606 5255 2873 2323 1349 1209 1047 716 1497 1176 328 1134 868 710 24200 620 1515 1823 1542 1289 725 1093 4232
internal_count=487467 172070 137055 35015 16736 315397 4671 8527 5429 5118 3673 3564 798 2766 4454 1972 1733 274 120319 2230 8209 5595 2614 3217 414 311 1649 3098 1728 1547 1227 2532 310726 31218 30806 1876 1008 317 581 34059 355 1445 352 33704 33221 483 118089 30981 27837 928 462 1082 932 1864 3144 3081 668 404 1370 264 1963 2919 2129 306 2378 1768 26909 515 1459 400 259 6606 5255 2873 2323 1349 1209 1047 716 1497 1176 328 1134 868 710 24200 620 1515 1823 1542 1289 725 1093 4232
is_linear=0
shrinkage=0.0951581


Tree=119
num_leaves=95
num_cat=0
split_feature=3 2 0 2 2 2 2 0 2 2 2 2 2 2 2 2 2 2 2 2 2 2 2 2 2 2 2 0 2 2 2 2 2 0 2 2 2 2 2 2 2 0 2 2 2 2 2 2 2 0 2 2 2 2 2 2 2 2 0 0 2 2 2 0 0 2 0 2 2 2 2 2 2 0 2 2 2 2 0 2 2 2 2 2 2 2 2 2 0 2 2 0 2 2
split_gain=93.4901 59.0282 26.5064 23.0854 15.9075 16.7486 12.4071 10.9726 17.7009 18.7818 8.36334 7.93676 5.43886 12.2567 4.95556 3.80341 4.72912 3.85013 3.64227 3.15854 2.71835 4.23338 2.21671 1.67312 8.30058 2.68425 2.40023 2.48786 1.62306 1.60801 1.58235 7.9464 1.6188 1.41607 3.04536 1.36318 0.954296 0.864203 0.860292 1.17694 0.850156 0.98333 2.88234 8.6924 1.1622 0.836714 0.8098 0.766689 0.735734 0.722796 0.861811 0.713962 1.47506 2.28844 0.71303 0.700332 1.61059 1.06374 0.709675 0.683951 0.667539 0.470154 0.977693 1.30756 0.434246 0.651801 0.41138 1.90756 0.944546 0.414051 0.405834 0.393564 0.333069 0.296015 0.271369 0.244264 1.17362 0.197475 0.196806 0.315899 0.222815 0.187013 0.378341 0.372697 0.72353 0.186233 0.175774 0.175756 0.171459 0.279775 0.149403 0.234113 0.349837 2.35792
threshold=0.15000000223517421 0.1067231632769108 1.5000000000000002 0.15460605919361117 0.10388386249542238 0.10347852483391763 0.19101010262966159 2.5000000000000004 0.17660956084728244 0.16505814343690875 0.18897569924592975 0.15629401057958606 0.10074627026915552 0.10317540168762208 0.168457105755806 0.20240999013185504 0.24515175819396975 0.20071429014205935 0.10481997579336168 0.24171940237283709 0.14379280805587771 0.1483045965433121 0.15529115498065951 0.1633739769458771 0.16370223462581637 0.168457105755806 0.15803226083517077 1.5000000000000002 0.10259784013032915 0.17660956084728244 0.10559467971324922 0.10533428192138673 0.10458041727542879 1.5000000000000002 0.19699231535196307 0.10594117641448976 0.20439612865448001 0.10421099141240121 0.15339080244302752 0.15392307937145236 0.11504717171192171 1.5000000000000002 0.11259920522570611 0.1136809289455414 0.11293309181928636 0.14415185153484347 0.1072077937424183 0.14013888686895373 0.19238026440143588 2.5000000000000004 0.1633739769458771 0.22736185789108279 0.22410600632429126 0.22547236829996112 0.25920708477497106 0.18843366950750354 0.18758561462163928 0.18346994370222094 1.5000000000000002 1.5000000000000002 0.10559467971324922 0.14926454424858096 0.15032467991113665 1.5000000000000002 1.5000000000000002 0.15886382013559344 1.5000000000000002 0.14551208168268207 0.14451952278614047 0.14790198951959613 0.10458041727542879 0.14503520727157596 0.18189270049333575 2.5000000000000004 0.10594117641448976 0.22039676457643512 0.21946247667074206 0.14451952278614047 2.5000000000000004 0.2385164871811867 0.23357842862606051 0.14741302281618121 0.1471008434891701 0.14670995622873309 0.14620192348957065 0.17394282668828967 0.17006493359804156 0.16928205639123919 2.5000000000000004 0.2539230883121491 0.16505814343690875 1.5000000000000002 0.15629401057958606 0.15563492476940158
decision_type=2 2 2 2 2 2 2 2 2 2 2 2 2 2 2 2 2 2 2 2 2 2 2 2 2 2 2 2 2 2 2 2 2 2 2 2 2 2 2 2 2 2 2 2 2 2 2 2 2 2 2 2 2 2 2 2 2 2 2 2 2 2 2 2 2 2 2 2 2 2 2 2 2 2 2 2 2 2 2 2 2 2 2 2 2 2 2 2 2 2 2 2 2 2
left_child=1 2 12 47 5 -4 7 10 9 -9 11 22 -1 28 -11 17 19 33 37 36 40 45 -5 26 -25 -26 27 -13 -14 85 31 32 -6 34 -8 -32 -17 -15 -23 59 41 -3 46 44 -44 -22 -43 -2 49 90 -51 52 75 -54 88 56 57 58 -31 -40 -20 -49 63 -63 -28 -66 68 77 -47 71 -39 -70 87 -35 -62 76 -38 -68 79 -53 -80 82 83 84 -73 86 -27 -52 -18 -90 91 -41 93 -93
right_child=3 20 4 6 30 -7 15 8 -10 14 -12 23 13 18 -16 16 54 -19 60 -21 21 38 -24 24 25 29 64 -29 -30 55 35 -33 -34 73 -36 -37 51 70 39 48 -42 42 43 -45 -46 66 -48 61 -50 50 72 78 53 -55 -56 -57 -58 -59 -60 -61 74 62 -64 -65 65 -67 67 -69 69 -71 -72 81 -74 -75 -76 -77 -78 -79 80 -81 -82 -83 -84 -85 -86 -87 -88 -89 89 -91 -92 92 -94 -95
leaf_value=-6.4654389128719467e-08 0 0 6.1358033400753826e-08 6.4654393947529622e-08 7.7138779009133311e-08 1.4180267169633744e-06 -1.1041021395344723e-06 -6.0118199624535587e-05 -0.0002068810804432294 6.4654393947529622e-08 7.6011457400871744e-08 -7.3926476738498881e-05 8.0572299001262591e-07 -8.7923403480939333e-07 6.4654393947529622e-08 6.4654393947529622e-08 -7.2289959589413677e-07 -7.2289959589413677e-07 0 2.117621761344333e-08 -8.9969680159041331e-05 0 6.4654393947529622e-08 6.4654393947529622e-08 6.4654393947529622e-08 0 -5.8641956438956985e-06 6.4654393947529622e-08 6.1358033400753826e-08 6.4654393947529622e-08 -2.5942989241610135e-07 2.2102830744686325e-05 -7.3202320484596647e-07 0 6.3971141423610408e-08 2.4813111213779371e-06 6.4654393947529622e-08 6.8784862871951895e-08 0.00094050976842426147 0 0 0 0.00025934421551404091 0 4.9982689389667338e-06 0 0 0 0 0 -0.0016005120658494452 2.7909393259378597e-05 6.4654393947529622e-08 6.4654393947529622e-08 -8.8293068787496895e-06 -7.9417236873930154e-06 6.4654393947529622e-08 -1.6184105492386827e-06 6.4654393947529622e-08 0 0 2.4736029314753448e-06 0 0 4.7400790308636174e-05 0 0.0041117220523284219 0 0 -3.0133664845933976e-07 -0.00029538946633496718 0 -0.00016342401742090734 -0.00077841371313361893 0 0.0001778330722572464 6.4654393947529622e-08 0 -0.00010236144868674494 -0.0011521899721221448 0.00014831309029125487 0 -0.00012279359199955382 0 0 -0.00010472360687262925 0 0.00027927592595088064 0.0011243352353004432 -0.00011640204550437364 0 0 0 0.0019213614983295546
leaf_weight=313058 1148 27759 178 108 206 128 437 133 347 115 218 140 522 1612 231 162 448 738 2255 138 291 8360 246 120 538 185 287 157 637 188 171 158 307 908 232 431 1376 783 226 3818 81835 273 140 1172 341 673 3513 1448 3053 293 106 424 136 166 1642 144 168 332 266 218 920 254 940 413 160 489 340 1015 335 215 551 1062 108 411 2191 299 128 562 120 133 111 356 241 240 320 194 329 113 139 136 6225 468 2000 106
leaf_count=313058 1148 27759 178 108 206 128 437 133 347 115 218 140 522 1612 231 162 448 738 2255 138 291 8360 246 120 538 185 287 157 637 188 171 158 307 908 232 431 1376 783 226 3818 81835 273 140 1172 341 673 3513 1448 3053 293 106 424 136 166 1642 144 168 332 266 218 920 254 940 413 160 489 340 1015 335 215 551 1062 108 411 2191 299 128 562 120 133 111 356 241 240 320 194 329 113 139 136 6225 468 2000 106
internal_value=0 -0.00655992 -0.00584464 0.000507666 0.00645436 0.0259352 0.0024403 0.00613531 0.0161746 0.0280309 0.00419284 0.00321578 -0.00590485 -0.00365823 0.0397134 0.000167708 0.00159567 -0.00274374 -0.0049365 0.00398454 -0.00815023 -0.00735538 0.0168274 0.00191243 0.00334443 0.00209477 -0.000949268 0.00650407 0.00550915 0.000337214 0.0017716 0.00494935 -0.000797624 -0.000564824 0.00300125 -0.00177039 0.00334844 -0.00224814 -0.00788522 -0.00749141 -0.00836266 -0.0079565 -0.00678651 -0.00347129 0.00730007 -0.00500212 -0.00823397 -0.00564428 -0.00762316 -0.00731604 -0.00414398 0.00295046 0.00386509 0.01002 -0.00162956 0.00261728 0.00355097 0.00174335 0.00473694 -0.00265757 -0.00641244 -0.00643213 -0.00531156 -0.00252519 -0.00331427 -0.00467726 -0.00527196 -0.00415479 -0.00589416 -0.00511703 -0.000456533 -0.00545464 -0.000785711 -0.00237354 -0.00550883 0.00283416 0.003328 -0.000970573 0.000507186 -0.000461271 0.00284238 -0.00591361 -0.00553174 -0.00605445 -0.00545335 -0.00319882 -0.00414697 0.00134698 -0.00411957 -0.00224919 -0.00747191 -0.00714877 -0.00644739 -0.00437661
internal_weight=0 469885 324108 17582 1579 306 13379 5095 826 479 4269 4051 322529 9471 346 8284 5558 2726 8312 3193 145777 30744 354 3697 2464 2344 1233 297 1159 1806 1273 671 513 1988 669 602 3055 2946 25094 16734 115033 33198 5439 1653 481 5650 3786 4203 16290 13237 620 2893 2105 302 2365 1098 954 786 454 444 5366 3055 1607 667 936 649 5359 1917 3442 2769 1334 2554 327 1319 3111 1803 1504 902 788 557 231 2219 1863 1622 1382 708 514 219 723 275 12617 6392 2574 574
internal_count=487467 469885 324108 17582 1579 306 13379 5095 826 479 4269 4051 322529 9471 346 8284 5558 2726 8312 3193 145777 30744 354 3697 2464 2344 1233 297 1159 1806 1273 671 513 1988 669 602 3055 2946 25094 16734 115033 33198 5439 1653 481 5650 3786 4203 16290 13237 620 2893 2105 302 2365 1098 954 786 454 444 5366 3055 1607 667 936 649 5359 1917 3442 2769 1334 2554 327 1319 3111 1803 1504 902 788 557 231 2219 1863 1622 1382 708 514 219 723 275 12617 6392 2574 574
is_linear=0
shrinkage=0.0951581


Tree=120
num_leaves=95
num_cat=0
split_feature=4 2 4 3 2 3 2 2 2 2 4 2 2 2 2 2 2 2 2 2 2 2 3 2 2 2 2 2 2 2 2 2 2 2 2 2 2 2 2 2 2 2 2 2 2 2 2 2 2 2 2 2 2 2 2 2 2 2 2 2 2 2 2 2 2 2 2 2 2 2 2 2 2 2 2 2 2 2 2 2 4 2 2 2 2 2 2 2 2 2 4 2 2 2
split_gain=360.482 1302.18 193.481 16.6847 10.7716 11.8467 10.1395 15.2851 8.36666 11.3782 6.25014 5.20585 16.1447 9.46512 4.47426 3.24097 3.22244 3.17857 4.25662 4.10742 3.43275 3.10734 2.08828 2.3298 1.89972 4.5272 1.84386 1.76262 2.66399 3.35402 1.73616 4.75449 1.56888 3.06133 2.64552 1.46835 1.38776 4.3608 1.35275 2.89925 1.21458 1.35138 1.20384 1.04301 0.928139 2.29274 1.93629 1.48188 0.846296 1.22827 0.825529 0.716877 0.70705 1.03195 1.45058 0.672059 1.5534 2.10168 0.647267 0.64061 5.27577 0.921473 0.568808 0.562074 0.536382 0.53627 0.529197 0.513027 0.371182 1.51617 0.415776 0.361747 0.339986 0.530069 0.334165 0.459798 0.308155 1.32582 0.307893 0.292083 0.289725 0.486425 1.3983 0.278796 0.848256 0.385433 0.314672 0.274963 0.26148 0.312902 0.237041 0.23329 1.56601 0.37598
threshold=0.15000000223517421 0.10458041727542879 0.25000000745058065 0.15000000223517421 0.19101010262966159 0.15000000223517421 0.15460605919361117 0.15629401057958606 0.1633739769458771 0.17089758068323138 0.25000000745058065 0.10074627026915552 0.10259784013032915 0.10594117641448976 0.1067231632769108 0.16587346047163012 0.15803226083517077 0.20240999013185504 0.24515175819396975 0.20071429014205935 0.24171940237283709 0.18897569924592975 0.15000000223517421 0.1583974361419678 0.168457105755806 0.16505814343690875 0.16928205639123919 0.19548846781253817 0.1981649845838547 0.19699231535196307 0.10388386249542238 0.10421099141240121 0.10259784013032915 0.10074627026915552 0.10317540168762208 0.11630280315876008 0.17394282668828967 0.17517123371362689 0.12516666948795321 0.12867965549230578 0.11441558599472047 0.11156633123755456 0.16013698279857638 0.20439612865448001 0.10458041727542879 0.10347852483391763 0.10388386249542238 0.10533428192138673 0.10594117641448976 0.10481997579336168 0.19101010262966159 0.1072077937424183 0.18346994370222094 0.18758561462163928 0.18843366950750354 0.22736185789108279 0.22410600632429126 0.22547236829996112 0.25920708477497106 0.14379280805587771 0.1483045965433121 0.14415185153484347 0.15886382013559344 0.15153882652521136 0.1643650829792023 0.14586748182773593 0.10347852483391763 0.14620192348957065 0.15032467991113665 0.14895787835121158 0.15529115498065951 0.19238026440143588 0.16259328275918963 0.16013698279857638 0.14790198951959613 0.14670995622873309 0.13851648569107058 0.133558563888073 0.16587346047163012 0.10559467971324922 0.35000000894069677 0.22039676457643512 0.21946247667074206 0.1136809289455414 0.11293309181928636 0.11240384355187417 0.11339743807911874 0.19012194871902469 0.15886382013559344 0.15724790096282962 0.35000000894069677 0.15339080244302752 0.15392307937145236 0.15629401057958606
decision_type=2 2 2 2 2 2 2 2 2 2 2 2 2 2 2 2 2 2 2 2 2 2 2 2 2 2 2 2 2 2 2 2 2 2 2 2 2 2 2 2 2 2 2 2 2 2 2 2 2 2 2 2 2 2 2 2 2 2 2 2 2 2 2 2 2 2 2 2 2 2 2 2 2 2 2 2 2 2 2 2 2 2 2 2 2 2 2 2 2 2 2 2 2 2
left_child=11 3 14 10 5 35 63 -8 16 15 30 -1 -13 44 48 64 -9 19 20 27 43 36 59 -24 25 42 -17 71 29 -29 32 -32 33 -2 -34 -4 -11 -38 -37 -40 41 51 -25 -19 45 -14 -47 -46 49 -3 -26 -15 -39 -54 -55 56 80 -58 90 -16 61 -61 -18 -7 -10 -63 -36 -67 69 76 -70 -6 73 88 75 -69 77 -41 -74 -49 81 82 -45 84 85 -43 -86 -23 89 -72 -20 -62 -93 -94
right_child=1 2 4 -5 17 6 7 8 9 21 -12 12 13 40 22 26 62 18 58 -21 -22 87 23 24 50 -27 -28 28 -30 -31 31 -33 34 -35 66 38 37 52 39 68 -42 83 -44 55 47 46 -48 79 -50 -51 -52 -53 53 54 -56 -57 57 -59 -60 60 91 65 -64 -65 -66 67 -68 74 70 -71 72 -73 78 -75 -76 -77 -78 -79 -80 -81 -82 -83 -84 -85 86 -87 -88 -89 -90 -91 -92 92 93 -95
leaf_value=-5.850200102296534e-08 4.7785435721188482e-06 5.3729967779733773e-05 8.7037744399125235e-07 -0.00010249851973556671 2.1859550272374218e-05 2.2382196039421061e-06 5.8502005383532933e-08 5.8502005383532933e-08 5.8502005383532933e-08 -6.2733003476972939e-06 5.648921016102177e-06 7.2905193013988203e-07 -2.2464666250474016e-06 -8.941757453900403e-06 0 5.8502005383532933e-08 -5.3061699937801089e-06 5.8502005383532933e-08 -6.5410985191744803e-07 -6.5410985191744803e-07 1.9161129216345857e-08 4.35037468873326e-08 0 4.2890221692900363e-05 0 5.8502005383532933e-08 5.8502005383532933e-08 -0.00015389774624953258 -8.8017534697225537e-05 5.7883769862679015e-08 -1.4808128078780501e-07 6.223942678029836e-08 5.5519320206439404e-08 -6.2584727318843267e-06 4.9570973876709825e-06 -9.7316742780840176e-06 5.8502005383532933e-08 5.8502005383532933e-08 8.7037744399125235e-07 1.7202222750699845e-06 -1.3346094237983519e-06 -1.3346094237983519e-06 0 5.8502005383532933e-08 -5.3025533877450882e-05 1.283090004639126e-06 -7.9556780440479784e-07 -9.8279060842906975e-06 0 0 0 -1.3346094237983519e-06 -1.4644056943985441e-06 5.8502005383532933e-08 -7.1860044391274785e-06 2.5253588735862125e-05 5.8502005383532933e-08 5.8502005383532933e-08 -7.9891269103017079e-06 2.6541243976071271e-05 0 0 -9.5748772853042844e-07 -5.7823190485910458e-08 5.8502005383532933e-08 0 9.5945160665466622e-06 0 -7.8452440469577492e-06 8.6691168769869318e-07 -3.9974013422428622e-06 -9.990378900427704e-07 -2.2150585416670679e-05 4.3632672021355672e-06 0 0 1.2179566350853942e-06 -5.9045511348037258e-05 6.7991607340019646e-05 -2.3474303966332382e-07 -0.00015053748764272333 -0.0001550452316391821 5.8502005383532933e-08 -1.3346094237983519e-06 -3.5843955645492072e-06 -4.7706153005850505e-06 -4.4536020522694558e-06 6.8778352383424527e-08 -2.4037131959640945e-05 0.00029933403296556762 -0.00058832766925218907 0 0 0
leaf_weight=279508 32976 189 206 476 170 761 212 218 106 207 608 442 904 2937 86512 362 147 162 575 738 136 151 3067 135 639 143 122 160 691 157 121 234 224 117 131 400 161 501 217 212 10697 1190 249 1169 1578 593 1138 638 858 1183 272 10443 356 158 132 790 140 166 1653 269 7515 2604 505 215 158 470 128 415 213 149 140 698 243 193 295 1277 588 168 965 750 281 253 120 1700 913 1677 289 117 114 130 150 427 1594 12206
leaf_count=279508 32976 189 206 476 170 761 212 218 106 207 608 442 904 2937 86512 362 147 162 575 738 136 151 3067 135 639 143 122 160 691 157 121 234 224 117 131 400 161 501 217 212 10697 1190 249 1169 1578 593 1138 638 858 1183 272 10443 356 158 132 790 140 166 1653 269 7515 2604 505 215 158 470 128 415 213 149 140 698 243 193 295 1277 588 168 965 750 281 253 120 1700 913 1677 289 117 114 130 150 427 1594 12206
internal_value=0 -0.0028016 -0.00698576 0.013576 0.0026007 0.00496938 0.00825505 0.0105798 0.00903456 0.0118017 0.0138198 -0.00821635 -0.00713746 -0.00736283 -0.00831921 0.0216523 0.000984392 0.00014026 0.00142014 -0.00259919 0.00367676 0.00766922 -0.00839895 -0.00638964 -0.00322929 0.00131813 0.0170262 -0.000233332 0.00247335 0.00969592 0.0139912 0.0073714 0.0140612 0.0139826 0.0194453 0.00114054 0.00599841 0.00714413 0.000708839 0.00133655 -0.00803644 -0.00758273 -0.00406405 0.00302368 -0.00377337 -0.00247375 -0.000445283 -0.00492795 -0.00409649 -0.00556245 -0.0058599 -0.00810764 0.0050856 0.00300499 0.00721889 0.00261122 0.00349077 0.00976459 -0.00163266 -0.00847864 -0.00807466 -0.0053917 -0.00236436 -0.000350995 0.0301334 -0.00568016 0.0128959 -0.00668857 0.00059569 0.00198494 -0.000180984 -0.00337658 0.000293202 0.00219342 -0.00601982 -0.00653509 0.000609481 -0.0015025 -0.000614434 -0.00266004 0.00243767 0.00294978 0.00369854 -0.00636532 -0.00593774 -0.00682735 -0.00381583 0.0171143 0.000148682 0.00176218 -0.0040032 -0.00873238 -0.00850584 -0.00868145
internal_weight=0 172070 137055 35015 16736 8527 4589 3613 3401 2531 34539 315397 35889 35447 120319 748 870 8209 5595 2614 3217 1783 118089 4505 1438 527 484 1876 1008 317 33931 355 33576 33093 483 3938 1515 1308 3732 3332 29846 19149 384 3081 5601 2635 1731 2966 2230 1372 911 13380 1147 646 290 2919 2129 306 2378 113584 27072 5330 652 976 264 5061 259 2457 3115 1117 1998 868 1785 577 1987 1692 968 380 1208 1388 1823 1542 1289 5769 4069 2867 1202 268 384 270 725 21742 14227 13800
internal_count=487467 172070 137055 35015 16736 8527 4589 3613 3401 2531 34539 315397 35889 35447 120319 748 870 8209 5595 2614 3217 1783 118089 4505 1438 527 484 1876 1008 317 33931 355 33576 33093 483 3938 1515 1308 3732 3332 29846 19149 384 3081 5601 2635 1731 2966 2230 1372 911 13380 1147 646 290 2919 2129 306 2378 113584 27072 5330 652 976 264 5061 259 2457 3115 1117 1998 868 1785 577 1987 1692 968 380 1208 1388 1823 1542 1289 5769 4069 2867 1202 268 384 270 725 21742 14227 13800
is_linear=0
shrinkage=0.0951581


Tree=121
num_leaves=24
num_cat=0
split_feature=4 0 4 4 0 3 0 4 3 3 4 3 0 0 4 4 3 4 0 0 3 0 4
split_gain=358.516 68.3902 86.9167 23.7132 13.526 5.24237 1.544 1.42324 2.36058 1.21405 1.05616 0.992184 9.99491 0.341272 0.130568 0.131401 0.0597612 0.0795167 0.0549463 0.0125768 0.0103658 0.0958431 0.00661976
threshold=0.15000000223517421 1.5000000000000002 0.25000000745058065 0.25000000745058065 1.5000000000000002 0.15000000223517421 2.5000000000000004 0.35000000894069677 0.15000000223517421 0.15000000223517421 0.35000000894069677 0.15000000223517421 2.5000000000000004 3.5000000000000004 0.59999999403953563 0.45000000298023229 0.15000000223517421 0.35000000894069677 3.5000000000000004 2.5000000000000004 0.35000000894069677 3.5000000000000004 0.45000000298023229
decision_type=2 2 2 2 2 2 2 2 2 2 2 2 2 2 2 2 2 2 2 2 2 2 2
left_child=4 3 11 5 -1 -2 16 8 -8 -5 -11 19 -13 -10 15 18 -4 -18 -9 -3 21 -17 -19
right_child=1 2 6 9 -6 -7 7 14 13 10 -12 12 -14 -15 -16 20 17 22 -20 -21 -22 -23 -24
leaf_value=-5.2935062411892459e-08 0 0 6.5988639330377821e-07 7.875539898416663e-07 -1.2076105416691959e-06 0 -6.8851449919319e-05 0.00022376567458207459 5.2935066355155586e-08 5.2935066355155586e-08 0.00051038666270251639 0 5.2935066355155586e-08 5.2935066355155586e-08 0.0019135881283229446 0.0040997225495199045 5.2935066355155586e-08 0.00023907059174879694 0.00034083212839491331 0 -4.0744876516931717e-05 -7.2288968619341654e-06 -2.0699779179856723e-05
leaf_weight=310726 113386 34831 1364 2798 4671 1992 581 339 2151 3390 478 2491 150 215 143 163 4790 531 227 1528 146 217 159
leaf_count=310726 113386 34831 1364 2798 4671 1992 581 339 2151 3390 478 2491 150 215 143 163 4790 531 227 1528 146 217 159
internal_value=0 -0.0028016 -0.00576473 -0.00158701 -0.00820157 -0.00190584 0.001695 0.00313553 0.00427194 0.00393137 0.0050236 -0.00787372 -0.00609286 0.00560652 0.000423779 6.97106e-05 0.000814765 0.000955052 0.00107599 -0.00800308 -0.00101309 -0.00075125 -2.26875e-09
internal_weight=0 172070 50026 122044 315397 115378 11026 4182 2947 6666 3868 39000 2641 2366 1235 1092 6844 5480 566 36359 526 380 690
internal_count=487467 172070 50026 122044 315397 115378 11026 4182 2947 6666 3868 39000 2641 2366 1235 1092 6844 5480 566 36359 526 380 690
is_linear=0
shrinkage=0.0951581


Tree=122
num_leaves=95
num_cat=0
split_feature=4 2 4 4 0 2 2 2 2 2 2 0 2 2 2 0 2 2 2 2 2 2 2 2 2 0 2 2 2 2 2 2 2 2 0 2 2 2 2 0 2 2 2 2 2 2 2 0 2 2 2 0 2 2 0 2 2 2 0 0 2 2 2 2 2 2 2 2 2 2 2 2 2 2 2 0 0 2 2 2 0 2 2 2 2 2 2 2 4 2 2 2 4 2
split_gain=358.516 1302.18 193.481 16.0034 13.526 58.2581 10.7716 7.49469 10.963 6.06642 7.3178 6.30559 16.9825 7.39195 4.47426 3.34544 3.17857 4.25662 4.10742 3.43275 3.13646 9.49717 3.09344 22.0035 2.6721 2.33194 2.19787 1.84656 1.81737 18.0476 3.18845 1.80886 1.76262 2.66399 5.21495 1.74348 1.6973 4.75449 1.6179 1.83573 1.61305 3.03099 2.64552 1.59566 3.14014 1.47148 3.79126 1.61523 1.49282 5.97972 1.23624 1.23735 3.03793 1.10237 1.08413 1.04301 0.880107 0.705157 1.82123 0.682771 0.682331 0.672059 1.5534 2.10168 0.647267 0.62998 0.593283 0.555479 0.555031 1.33609 0.537869 0.529197 0.487987 0.868963 0.463554 0.521939 0.451722 0.425092 1.75358 0.503818 0.658131 0.401503 0.537256 0.38135 0.370215 0.361747 0.323064 0.314229 0.289725 0.486425 1.3983 0.282426 0.237041 0.228151
threshold=0.15000000223517421 0.10458041727542879 0.25000000745058065 0.25000000745058065 1.5000000000000002 0.10559467971324922 0.19101010262966159 0.15460605919361117 0.15629401057958606 0.1633739769458771 0.16370223462581637 2.5000000000000004 0.17660956084728244 0.18897569924592975 0.1067231632769108 1.5000000000000002 0.20240999013185504 0.24515175819396975 0.20071429014205935 0.24171940237283709 0.10388386249542238 0.10458041727542879 0.1139211878180504 0.11203448474407197 0.17006493359804156 1.5000000000000002 0.10481997579336168 0.168457105755806 0.10074627026915552 0.10259784013032915 0.1067231632769108 0.11630280315876008 0.19548846781253817 0.1981649845838547 1.5000000000000002 0.10594117641448976 0.10388386249542238 0.10421099141240121 0.15803226083517077 1.5000000000000002 0.10259784013032915 0.10074627026915552 0.10317540168762208 0.12516666948795321 0.12782331556081775 0.14379280805587771 0.14586748182773593 2.5000000000000004 0.16505814343690875 0.17660956084728244 0.15032467991113665 1.5000000000000002 0.14859127253293994 0.17394282668828967 1.5000000000000002 0.20439612865448001 0.13230550289154056 0.16587346047163012 1.5000000000000002 1.5000000000000002 0.14415185153484347 0.22736185789108279 0.22410600632429126 0.22547236829996112 0.25920708477497106 0.14451952278614047 0.1483045965433121 0.17089758068323138 0.1072077937424183 0.1067231632769108 0.14379280805587771 0.10347852483391763 0.10388386249542238 0.10458041727542879 0.14620192348957065 1.5000000000000002 1.5000000000000002 0.18843366950750354 0.18758561462163928 0.18346994370222094 1.5000000000000002 0.14670995622873309 0.14790198951959613 0.1779797971248627 0.14503520727157596 0.19238026440143588 0.11504717171192171 0.10594117641448976 0.35000000894069677 0.22039676457643512 0.21946247667074206 0.14765568077564242 0.35000000894069677 0.15886382013559344
decision_type=2 2 2 2 2 2 2 2 2 2 2 2 2 2 2 2 2 2 2 2 2 2 2 2 2 2 2 2 2 2 2 2 2 2 2 2 2 2 2 2 2 2 2 2 2 2 2 2 2 2 2 2 2 2 2 2 2 2 2 2 2 2 2 2 2 2 2 2 2 2 2 2 2 2 2 2 2 2 2 2 2 2 2 2 2 2 2 2 2 2 2 2 2 2
left_child=4 3 14 36 28 20 7 31 25 38 -11 13 24 27 15 26 18 19 32 55 -6 -22 23 68 -13 -9 -3 57 -1 -30 72 -4 85 34 -34 -17 40 -38 39 -10 41 -2 -42 -33 -45 -16 54 66 -49 -50 51 52 56 67 60 -18 -46 59 -59 -12 -47 62 88 -64 92 -62 74 -29 69 -7 -53 -44 -31 -74 -48 81 -52 78 79 80 83 -76 -83 -55 -67 -8 -32 -28 89 90 -57 -72 -19 -40
right_child=1 2 6 -5 5 22 16 8 9 10 11 12 -14 -15 45 35 17 64 -20 -21 21 -23 -24 -25 -26 -27 87 53 29 30 86 43 33 -35 -36 -37 37 -39 93 -41 42 -43 71 44 50 46 47 48 49 -51 76 70 -54 77 -56 61 -58 58 -60 -61 65 -63 63 -65 -66 84 -68 -69 -70 -71 91 -73 73 -75 75 -77 -78 -79 -80 -81 -82 82 -84 -85 -86 -87 -88 -89 -90 -91 -92 -93 -94 -95
leaf_value=-4.7897863039171385e-08 4.323826498311234e-06 4.8617126731855362e-05 7.1261185730098097e-07 5.0364383556042912e-06 1.275907523196676e-06 -9.7491429417905268e-08 1.9774400045593254e-05 4.7897866610029886e-08 -3.6919584026877315e-06 4.7897866610029886e-08 4.7897866610029886e-08 4.7897866610029886e-08 6.8073428316577827e-05 5.7196336069465913e-08 0 -0.00027938186432143196 4.7897866610029886e-08 -5.9690320825854288e-07 -5.9690320825854288e-07 1.2300593032650233e-08 0.0016625492075799013 2.1049686284449223e-05 -1.0926966304485342e-06 4.9786413620033779e-06 4.7897866610029886e-08 4.7897866610029886e-08 0 6.8121121440218959e-05 6.6471394116905987e-07 -2.0276599549710181e-06 -4.3116154665709548e-06 -8.8805688850108707e-06 4.7338461199559733e-08 -0.00010239145492116499 -0.00026640195324754821 2.2451942972260918e-06 -1.3399014911312062e-07 5.6316841876898707e-08 -4.8062821978053849e-06 4.7897866610029886e-08 5.0236207802279264e-08 -5.6629284275994811e-06 4.4853894740172515e-06 7.1261185730098097e-07 1.4815870784368946e-06 0 0 0 4.7897866610029886e-08 0 -1.0024903235547023e-06 -6.2299502285238475e-05 2.0201977042606294e-06 4.7897866610029886e-08 0 4.7897866610029886e-08 1.0271160768465276e-06 4.7897866610029886e-08 4.7897866610029886e-08 -0.00029810845833685225 0 2.2845468295417298e-05 4.7897866610029886e-08 4.7897866610029886e-08 -6.541008852065053e-06 0 0 -5.6813822755783131e-06 -1.0926966304485342e-06 1.9480237694185847e-05 1.4566975178998767e-06 8.6815202542155087e-06 -7.1482589321512914e-07 -8.8876641245418338e-06 0 0 -0.00053460964569818862 -6.5072351899827122e-06 4.7897866610029886e-08 -1.3300928469664181e-06 4.7897866610029886e-08 0 0 4.7897866610029886e-08 0 -9.0900855348455611e-07 -2.1684713900575555e-05 0 -0.0001589623009825978 -0.00014029646091087968 4.7897866610029886e-08 -8.4959359752728835e-06 -0.00058091095202589759 -8.7141222592986887e-07
leaf_weight=279508 33104 134 226 956 176 284 170 139 159 109 134 201 384 234 87108 341 162 575 738 136 115 200 2482 239 213 172 897 223 412 1351 16255 495 152 691 165 240 121 234 215 193 224 117 131 158 113 195 550 466 117 345 253 474 119 156 1181 1169 640 183 221 130 634 790 140 166 1653 352 24036 292 1059 116 166 128 1023 4232 321 826 161 140 162 331 388 926 250 172 782 698 7945 618 281 253 120 293 150 878
leaf_count=279508 33104 134 226 956 176 284 170 139 159 109 134 201 384 234 87108 341 162 575 738 136 115 200 2482 239 213 172 897 223 412 1351 16255 495 152 691 165 240 121 234 215 193 224 117 131 158 113 195 550 466 117 345 253 474 119 156 1181 1169 640 183 221 130 634 790 140 166 1653 352 24036 292 1059 116 166 128 1023 4232 321 826 161 140 162 331 388 926 250 172 782 698 7945 618 281 253 120 293 150 878
internal_value=0 -0.0028016 -0.00698576 0.013576 -0.00820157 -0.00311897 0.0026007 0.00496938 0.00710048 0.00604639 0.00810126 0.00735846 0.0148103 0.00520858 -0.00831921 -0.00409649 0.00014026 0.00142014 -0.00259919 0.00367676 0.0278885 0.0222036 -0.00676123 -0.00363148 0.0281797 0.0244474 -0.00628424 0.00371312 -0.00827797 -0.00758936 -0.00785396 0.00123478 -0.000233332 0.00247335 0.00969592 0.0021128 0.0139168 0.0073714 0.000823165 0.00643398 0.0139857 0.0139064 0.0194453 0.000589766 0.00161332 -0.00839895 -0.0078357 -0.00818947 -0.00428622 -0.000453136 0.000690419 0.00176609 0.00434322 0.00217475 -0.00470343 0.00302368 0.00211041 0.00800581 0.0105051 0.00418119 -0.00607403 0.00261122 0.00349077 0.00976459 -0.00163266 -0.00666322 -0.00832408 -0.00157057 -0.00801572 -0.0049958 -0.000642549 0.0128959 -0.00600104 -0.00558635 -0.0070317 -0.00644355 -0.0039994 0.00360458 0.0041794 0.00275386 0.00417313 -0.00538403 -0.00619822 0.00731092 -0.00532013 -0.00337658 -0.00835976 -0.00731744 0.00243767 0.00294978 0.00369854 0.00167926 -0.0040032 -0.000983796
internal_weight=0 172070 137055 35015 315397 4671 16736 8527 5429 5118 3673 3564 798 2766 120319 2230 8209 5595 2614 3217 491 315 4180 1698 414 311 1649 2532 310726 31218 30806 3098 1876 1008 317 581 34059 355 1445 352 33704 33221 483 2872 2377 118089 30981 27837 928 462 2219 1805 872 1864 3144 3081 753 668 404 264 1963 2919 2129 306 2378 1768 26909 515 1459 400 933 259 6606 5255 2873 2323 414 1349 1209 1047 716 1497 1176 328 1134 868 24200 1515 1823 1542 1289 459 725 1093
internal_count=487467 172070 137055 35015 315397 4671 16736 8527 5429 5118 3673 3564 798 2766 120319 2230 8209 5595 2614 3217 491 315 4180 1698 414 311 1649 2532 310726 31218 30806 3098 1876 1008 317 581 34059 355 1445 352 33704 33221 483 2872 2377 118089 30981 27837 928 462 2219 1805 872 1864 3144 3081 753 668 404 264 1963 2919 2129 306 2378 1768 26909 515 1459 400 933 259 6606 5255 2873 2323 414 1349 1209 1047 716 1497 1176 328 1134 868 24200 1515 1823 1542 1289 459 725 1093
is_linear=0
shrinkage=0.0951581


Tree=123
num_leaves=95
num_cat=0
split_feature=4 2 4 4 0 2 2 2 2 2 2 0 2 2 2 0 2 2 2 2 2 2 2 2 2 0 2 0 2 2 2 2 2 2 2 2 2 0 2 2 2 2 0 2 2 2 2 2 0 2 2 2 2 2 0 2 2 0 2 0 2 2 2 2 2 2 2 2 2 2 2 2 2 2 0 2 2 2 0 2 2 2 2 2 2 2 2 2 4 2 2 4 2 2
split_gain=359.471 1301.04 196.109 16.0034 13.526 58.2581 11.4285 6.50902 10.963 6.06642 7.3178 6.30559 16.9825 7.39195 4.47426 3.34544 3.17857 4.25662 4.10742 3.43275 3.13646 9.49717 3.09344 22.0035 2.6721 2.33194 2.19787 2.04449 1.92284 2.69705 4.60134 1.84656 1.81737 18.0476 3.18845 1.76262 2.66399 5.21495 1.74348 1.6973 4.75449 1.6179 1.83573 1.61305 3.03099 2.64552 1.47148 3.79126 1.61523 1.49282 5.97972 1.33454 2.0364 1.10237 1.08413 1.04301 0.705157 1.82123 0.684364 0.682771 0.682331 0.672059 1.5534 2.10168 0.647267 0.62998 0.593283 0.555479 0.555031 1.33609 0.529197 0.487987 0.868963 0.463554 0.521939 0.425092 1.75358 0.503818 0.658131 0.401503 0.537256 0.38135 0.370215 0.361747 0.35172 0.323064 0.322187 0.314229 0.289725 0.486425 1.3983 0.237041 0.228151 0.227671
threshold=0.15000000223517421 0.10458041727542879 0.25000000745058065 0.25000000745058065 1.5000000000000002 0.10559467971324922 0.19101010262966159 0.15460605919361117 0.15629401057958606 0.1633739769458771 0.16370223462581637 2.5000000000000004 0.17660956084728244 0.18897569924592975 0.1067231632769108 1.5000000000000002 0.20240999013185504 0.24515175819396975 0.20071429014205935 0.24171940237283709 0.10388386249542238 0.10458041727542879 0.1139211878180504 0.11203448474407197 0.17006493359804156 1.5000000000000002 0.10481997579336168 1.5000000000000002 0.11630280315876008 0.12516666948795321 0.12867965549230578 0.168457105755806 0.10074627026915552 0.10259784013032915 0.1067231632769108 0.19548846781253817 0.1981649845838547 1.5000000000000002 0.10594117641448976 0.10388386249542238 0.10421099141240121 0.15803226083517077 1.5000000000000002 0.10259784013032915 0.10074627026915552 0.10317540168762208 0.14379280805587771 0.14586748182773593 2.5000000000000004 0.16505814343690875 0.17660956084728244 0.15298574417829516 0.14859127253293994 0.17394282668828967 1.5000000000000002 0.20439612865448001 0.16587346047163012 1.5000000000000002 0.14379280805587771 1.5000000000000002 0.14415185153484347 0.22736185789108279 0.22410600632429126 0.22547236829996112 0.25920708477497106 0.14451952278614047 0.1483045965433121 0.17089758068323138 0.1072077937424183 0.1067231632769108 0.10347852483391763 0.10388386249542238 0.10458041727542879 0.14620192348957065 1.5000000000000002 0.18843366950750354 0.18758561462163928 0.18346994370222094 1.5000000000000002 0.14670995622873309 0.14790198951959613 0.1779797971248627 0.14503520727157596 0.19238026440143588 0.14415185153484347 0.11504717171192171 0.14765568077564242 0.10594117641448976 0.35000000894069677 0.22039676457643512 0.21946247667074206 0.35000000894069677 0.15886382013559344 0.10559467971324922
decision_type=2 2 2 2 2 2 2 2 2 2 2 2 2 2 2 2 2 2 2 2 2 2 2 2 2 2 2 2 2 2 2 2 2 2 2 2 2 2 2 2 2 2 2 2 2 2 2 2 2 2 2 2 2 2 2 2 2 2 2 2 2 2 2 2 2 2 2 2 2 2 2 2 2 2 2 2 2 2 2 2 2 2 2 2 2 2 2 2 2 2 2 2 2 2
left_child=4 3 14 39 32 20 7 27 25 41 -11 13 24 31 15 26 18 19 35 55 -6 -22 23 68 -13 -9 -3 28 -4 -30 -31 56 -1 -34 71 83 37 -37 -17 43 -41 42 -10 44 -2 -45 -16 54 66 -50 -51 52 84 67 60 -18 59 -58 -29 -12 -48 62 88 -64 91 -62 73 -33 69 -7 -47 -35 -73 -49 79 76 77 78 81 -75 -81 -55 -67 -8 -32 -36 -60 -28 89 90 -57 -19 -43 -74
right_child=1 2 6 -5 5 22 16 8 9 10 11 12 -14 -15 46 38 17 64 -20 -21 21 -23 -24 -25 -26 -27 87 58 29 30 51 53 33 34 85 36 -38 -39 -40 40 -42 92 -44 45 -46 70 47 48 49 50 -52 -53 -54 75 -56 61 57 -59 86 -61 65 -63 63 -65 -66 82 -68 -69 -70 -71 -72 72 93 74 -76 -77 -78 -79 -80 80 -82 -83 -84 -85 -86 -87 -88 -89 -90 -91 -92 -93 -94 -95
leaf_value=-4.3339993932590121e-08 3.9123794322137767e-06 4.3990813866687521e-05 6.4480107486857271e-07 4.5571805070770672e-06 1.154494601740873e-06 -8.821433131549703e-08 1.7892705929105808e-05 4.333999716273801e-08 -3.3406386969776238e-06 4.333999716273801e-08 4.333999716273801e-08 4.333999716273801e-08 6.1595690976523038e-05 5.1753642041143765e-08 0 -0.00025279642005332986 4.333999716273801e-08 -5.4010303973321992e-07 -5.4010303973321992e-07 1.1130092106852102e-08 0.0015043442023679621 1.9046638366734084e-05 -9.8871770740313445e-07 4.5048833649264855e-06 4.333999716273801e-08 4.333999716273801e-08 0 -2.9449744331123503e-05 -8.0355109220148044e-06 6.4480107486857271e-07 1.3406020835908198e-06 6.1638845713666857e-05 6.0146103289578644e-07 -1.834711708819194e-06 -3.9013303789168845e-06 4.283382370205965e-08 -9.2648079756321025e-05 -0.00024105165251067464 2.0315458988054625e-06 -1.2123990259866008e-07 5.0957838833132349e-08 -4.3489255693912978e-06 4.333999716273801e-08 4.5455826276520858e-08 -5.1240549811360435e-06 4.0585683839240331e-06 0 0 0 4.333999716273801e-08 0 -4.1285510839773992e-06 5.1723774312022956e-07 4.333999716273801e-08 0 4.333999716273801e-08 4.333999716273801e-08 4.333999716273801e-08 1.3180809660655482e-06 -0.00026974102717157694 0 2.0671537193550286e-05 4.333999716273801e-08 4.333999716273801e-08 -5.9185789505488744e-06 0 0 -5.1407527962094131e-06 -9.8871770740313445e-07 1.7626535504868608e-05 7.855403378514539e-06 -6.4680442735660094e-07 -8.0419309921117057e-06 0 0 -5.8880191256083628e-06 4.333999716273801e-08 -1.20352375365568e-06 4.333999716273801e-08 0 0 4.333999716273801e-08 0 -8.2250903678689956e-07 -6.7063566914462116e-05 -1.9621237968543963e-05 -7.687478944874179e-06 0 -0.00014383575222193666 -0.00012694611781821698 4.333999716273801e-08 -0.00052563257603923579 -7.8849030390975121e-07 -0.00024820263949492191
leaf_weight=279508 33104 134 181 956 176 284 170 139 159 109 134 201 384 234 87108 341 162 575 738 136 115 200 2482 239 213 172 897 750 320 145 463 223 412 1351 16255 152 691 165 240 121 234 215 193 224 117 131 195 550 466 117 345 150 222 156 1181 1169 183 221 166 130 634 790 140 166 1653 352 24036 292 1059 116 128 1023 2016 321 826 140 162 331 388 926 250 172 782 698 247 7945 454 618 281 253 120 150 878 2216
leaf_count=279508 33104 134 181 956 176 284 170 139 159 109 134 201 384 234 87108 341 162 575 738 136 115 200 2482 239 213 172 897 750 320 145 463 223 412 1351 16255 152 691 165 240 121 234 215 193 224 117 131 195 550 466 117 345 150 222 156 1181 1169 183 221 166 130 634 790 140 166 1653 352 24036 292 1059 116 128 1023 2016 321 826 140 162 331 388 926 250 172 782 698 247 7945 454 618 281 253 120 150 878 2216
internal_value=0 -0.00279441 -0.00697673 0.013576 -0.00820157 -0.00311897 0.00267461 0.00511445 0.00710048 0.00604639 0.00810126 0.00735846 0.0148103 0.00520858 -0.00831921 -0.00409649 0.00014026 0.00142014 -0.00259919 0.00367676 0.0278885 0.0222036 -0.00676123 -0.00363148 0.0281797 0.0244474 -0.00628424 0.00163409 0.00381073 0.00272495 0.00475402 0.00371312 -0.00827797 -0.00758936 -0.00785396 -0.000233332 0.00247335 0.00969592 0.0021128 0.0139168 0.0073714 0.000823165 0.00643398 0.0139857 0.0139064 0.0194453 -0.00839895 -0.0078357 -0.00818947 -0.00428622 -0.000453136 0.0026208 0.00396151 0.00217475 -0.00470343 0.00302368 0.00800581 0.0105051 -0.00111134 0.00418119 -0.00607403 0.00261122 0.00349077 0.00976459 -0.00163266 -0.00666322 -0.00832408 -0.00157057 -0.00801572 -0.0049958 0.0128959 -0.00600104 -0.00558635 -0.0070317 -0.00644355 0.00360458 0.0041794 0.00275386 0.00417313 -0.00538403 -0.00619822 0.00731092 -0.00532013 -0.00337658 0.00147428 -0.00835976 0.00122784 -0.00731744 0.00243767 0.00294978 0.00369854 -0.0040032 -0.000983796 -0.00618798
internal_weight=0 172070 137055 35015 315397 4671 16736 8527 5429 5118 3673 3564 798 2766 120319 2230 8209 5595 2614 3217 491 315 4180 1698 414 311 1649 3098 1728 1547 1227 2532 310726 31218 30806 1876 1008 317 581 34059 355 1445 352 33704 33221 483 118089 30981 27837 928 462 1082 932 1864 3144 3081 668 404 1370 264 1963 2919 2129 306 2378 1768 26909 515 1459 400 259 6606 5255 2873 2323 1349 1209 1047 716 1497 1176 328 1134 868 710 24200 620 1515 1823 1542 1289 725 1093 4232
internal_count=487467 172070 137055 35015 315397 4671 16736 8527 5429 5118 3673 3564 798 2766 120319 2230 8209 5595 2614 3217 491 315 4180 1698 414 311 1649 3098 1728 1547 1227 2532 310726 31218 30806 1876 1008 317 581 34059 355 1445 352 33704 33221 483 118089 30981 27837 928 462 1082 932 1864 3144 3081 668 404 1370 264 1963 2919 2129 306 2378 1768 26909 515 1459 400 259 6606 5255 2873 2323 1349 1209 1047 716 1497 1176 328 1134 868 710 24200 620 1515 1823 1542 1289 725 1093 4232
is_linear=0
shrinkage=0.0951581


Tree=124
num_leaves=24
num_cat=0
split_feature=4 0 4 4 0 3 0 4 3 3 4 3 0 0 4 4 3 4 0 0 3 0 4
split_gain=359.177 68.181 87.7024 24.1794 13.526 5.24237 1.45288 1.42324 2.36058 1.09043 1.05616 0.992184 9.99491 0.341272 0.130568 0.131401 0.075413 0.0946315 0.0549463 0.0125768 0.0103658 0.0958431 0.00661976
threshold=0.15000000223517421 1.5000000000000002 0.25000000745058065 0.25000000745058065 1.5000000000000002 0.15000000223517421 2.5000000000000004 0.35000000894069677 0.15000000223517421 0.15000000223517421 0.35000000894069677 0.15000000223517421 2.5000000000000004 3.5000000000000004 0.59999999403953563 0.45000000298023229 0.15000000223517421 0.35000000894069677 3.5000000000000004 2.5000000000000004 0.35000000894069677 3.5000000000000004 0.45000000298023229
decision_type=2 2 2 2 2 2 2 2 2 2 2 2 2 2 2 2 2 2 2 2 2 2 2
left_child=4 3 11 5 -1 -2 16 8 -8 -5 -11 19 -13 -10 15 18 -4 -18 -9 -3 21 -17 -19
right_child=1 2 6 9 -6 -7 7 14 13 10 -12 12 -14 -15 -16 20 17 22 -20 -21 -22 -23 -24
leaf_value=-3.9215842939735238e-08 0 0 3.3305024774696975e-07 5.8344303689595793e-07 -8.9463321995498347e-07 0 -5.3569118950610824e-05 0.0001983315655638808 3.9215845863507697e-08 3.9215845863507697e-08 0.00049063292735571464 0 3.9215845863507697e-08 3.9215845863507697e-08 0.0017326803697493571 0.003710786417456599 3.9215845863507697e-08 0.00021750670669093514 0.00030958482500141789 0 -3.5682041373998474e-05 -5.3553782889032145e-06 -1.7544397190329407e-05
leaf_weight=310726 113386 34831 1364 2798 4671 1992 581 339 2151 3390 478 2491 150 215 143 163 4790 531 227 1528 146 217 159
leaf_count=310726 113386 34831 1364 2798 4671 1992 581 339 2151 3390 478 2491 150 215 143 163 4790 531 227 1528 146 217 159
internal_value=0 -0.00279662 -0.00575522 -0.00158389 -0.00820157 -0.00190584 0.00173815 0.00313553 0.00427194 0.00398847 0.0050236 -0.00787372 -0.00609286 0.00560652 0.000423779 6.97106e-05 0.000884284 0.00104187 0.00107599 -0.00800308 -0.00101309 -0.00075125 -2.26875e-09
internal_weight=0 172070 50026 122044 315397 115378 11026 4182 2947 6666 3868 39000 2641 2366 1235 1092 6844 5480 566 36359 526 380 690
internal_count=487467 172070 50026 122044 315397 115378 11026 4182 2947 6666 3868 39000 2641 2366 1235 1092 6844 5480 566 36359 526 380 690
is_linear=0
shrinkage=0.0951581


Tree=125
num_leaves=24
num_cat=0
split_feature=4 0 4 0 4 3 0 4 3 3 4 3 0 0 4 4 3 4 0 0 3 0 4
split_gain=355.158 68.3677 87.2305 25.5778 24.1794 5.24237 1.36611 1.59936 2.36058 1.09043 1.05616 0.992184 9.99491 0.341272 0.0919922 0.092506 0.075413 0.0946315 0.0173379 0.0125768 0.0103658 0.0958431 0.00661976
threshold=0.15000000223517421 1.5000000000000002 0.25000000745058065 1.5000000000000002 0.25000000745058065 0.15000000223517421 2.5000000000000004 0.35000000894069677 0.15000000223517421 0.15000000223517421 0.35000000894069677 0.15000000223517421 2.5000000000000004 3.5000000000000004 0.59999999403953563 0.45000000298023229 0.15000000223517421 0.35000000894069677 3.5000000000000004 2.5000000000000004 0.35000000894069677 3.5000000000000004 0.45000000298023229
decision_type=2 2 2 2 2 2 2 2 2 2 2 2 2 2 2 2 2 2 2 2 2 2 2
left_child=3 4 11 -1 5 -2 16 8 -8 -6 -11 19 -13 -10 15 18 -4 -18 -9 -3 21 -17 -19
right_child=1 2 6 -5 9 -7 7 14 13 10 -12 12 -14 -15 -16 20 17 22 -20 -21 -22 -23 -24
leaf_value=-3.5484138273495742e-08 0 0 3.0135782267830254e-07 -8.0950163252306215e-07 5.2792371255345016e-07 0 -4.8471583969907557e-05 0.00017945871282624781 3.5484140919945603e-08 3.5484140919945603e-08 0.00044394523566179358 0 3.5484140919945603e-08 3.5484140919945603e-08 0.0015678018171765601 0.0033576750738418888 3.5484140919945603e-08 0.00019680918417022415 0.00028012532471740335 0 -3.2286606510586629e-05 -4.8457707258603032e-06 -1.5874905883673e-05
leaf_weight=310726 113386 34831 1364 4671 2798 1992 581 339 2151 3390 478 2491 150 215 143 163 4790 531 227 1528 146 217 159
leaf_count=310726 113386 34831 1364 4671 2798 1992 581 339 2151 3390 478 2491 150 215 143 163 4790 531 227 1528 146 217 159
internal_value=0 -0.00279828 -0.00576092 -0.0081729 -0.00158389 -0.00190584 0.00171226 0.00306726 0.00427194 0.00398847 0.0050236 -0.00787372 -0.00609286 0.00560652 0.000192625 -0.000104572 0.000884284 0.00104187 0.000739743 -0.00800308 -0.00101309 -0.00075125 -2.26875e-09
internal_weight=0 172070 50026 315397 122044 115378 11026 4182 2947 6666 3868 39000 2641 2366 1235 1092 6844 5480 566 36359 526 380 690
internal_count=487467 172070 50026 315397 122044 115378 11026 4182 2947 6666 3868 39000 2641 2366 1235 1092 6844 5480 566 36359 526 380 690
is_linear=0
shrinkage=0.0951581


Tree=126
num_leaves=24
num_cat=0
split_feature=4 0 4 0 4 3 0 4 3 3 4 3 0 0 4 4 3 4 0 0 4 3 0
split_gain=354.866 68.3534 87.0735 25.5778 23.8294 5.24237 1.33778 1.66035 2.36058 1.02614 1.33669 0.992184 9.99491 0.341272 0.0983446 0.112586 0.075413 0.0946315 0.0173379 0.0125768 0.00661976 0.00559295 0.0626981
threshold=0.15000000223517421 1.5000000000000002 0.25000000745058065 1.5000000000000002 0.25000000745058065 0.15000000223517421 2.5000000000000004 0.35000000894069677 0.15000000223517421 0.15000000223517421 0.35000000894069677 0.15000000223517421 2.5000000000000004 3.5000000000000004 0.59999999403953563 0.45000000298023229 0.15000000223517421 0.35000000894069677 3.5000000000000004 2.5000000000000004 0.45000000298023229 0.35000000894069677 3.5000000000000004
decision_type=2 2 2 2 2 2 2 2 2 2 2 2 2 2 2 2 2 2 2 2 2 2 2
left_child=3 4 11 -1 5 -2 16 8 -8 -6 -11 19 -13 -10 15 18 -4 -18 -9 -3 -19 22 -17
right_child=1 2 6 -5 9 -7 7 14 13 10 -12 12 -14 -15 -16 21 17 20 -20 -21 -22 -23 -24
leaf_value=-3.2107535491566954e-08 0 0 2.7268118821061156e-07 -7.3247100425194088e-07 4.7768750100599538e-07 0 -4.3859120675813128e-05 0.0001623817646862678 3.2107537887105904e-08 3.2107537887105904e-08 0.00040170025548227613 0 3.2107537887105904e-08 3.2107537887105904e-08 0.001418612792558906 0.0030381651308367149 3.2107537887105904e-08 0.00017808119833651325 0.00025346913417888668 0 -1.4364280179108074e-05 -2.921427473959879e-05 -4.3846564445793905e-06
leaf_weight=310726 113386 34831 1364 4671 2798 1992 581 339 2151 3390 478 2491 150 215 143 163 4790 531 227 1528 159 146 217
leaf_count=310726 113386 34831 1364 4671 2798 1992 581 339 2151 3390 478 2491 150 215 143 163 4790 531 227 1528 159 146 217
internal_value=0 -0.00280049 -0.00576282 -0.0081729 -0.00158623 -0.00190584 0.00170363 0.00304451 0.00427194 0.00394565 0.00494979 -0.00787372 -0.00609286 0.00560652 0.000115574 -0.000191713 0.000884284 0.00104187 0.000739743 -0.00800308 -2.26875e-09 -0.001194 -0.00100167
internal_weight=0 172070 50026 315397 122044 115378 11026 4182 2947 6666 3868 39000 2641 2366 1235 1092 6844 5480 566 36359 690 526 380
internal_count=487467 172070 50026 315397 122044 115378 11026 4182 2947 6666 3868 39000 2641 2366 1235 1092 6844 5480 566 36359 690 526 380
is_linear=0
shrinkage=0.0951581


Tree=127
num_leaves=95
num_cat=0
split_feature=3 2 0 2 2 2 2 0 2 2 2 2 2 2 2 2 2 2 2 2 2 2 2 2 2 2 2 2 2 2 2 0 2 2 0 2 2 2 2 2 0 2 2 2 2 2 2 2 2 0 2 2 2 2 0 0 2 0 2 0 2 2 2 2 2 0 2 2 0 2 2 0 2 2 2 2 2 2 0 2 0 2 2 2 2 0 0 2 0 2 2 2 2 2
split_gain=87.7758 61.0769 76.7982 21.6856 14.1351 12.9246 12.2529 10.9726 17.7009 18.7818 8.36334 7.93676 5.43886 12.2567 4.95556 4.57302 16.7486 3.64227 3.12986 4.59719 3.94307 2.82551 4.82726 3.85013 2.78558 4.43353 2.21671 1.67312 8.30058 2.68425 2.40023 2.48786 1.62306 1.60801 1.41607 3.04536 0.864203 0.860292 1.17694 0.850156 0.98333 2.88234 8.6924 1.1622 0.814181 0.8098 0.787279 0.766689 0.735734 0.722796 0.861811 0.700332 1.61059 1.06374 0.709675 0.683951 0.667539 0.544127 2.06369 2.57322 1.57533 2.3588 0.849329 0.470154 0.977693 1.30756 0.443076 0.486406 0.434246 0.651801 0.414687 0.639975 1.78898 0.77809 0.405834 0.393564 0.355323 0.569199 0.5841 0.333069 0.296015 0.288068 1.04641 0.441351 0.271369 0.238953 0.55551 0.202874 0.201053 0.243926 0.197475 0.190837 0.187013 0.378341
threshold=0.15000000223517421 0.1067231632769108 1.5000000000000002 0.15460605919361117 0.19101010262966159 0.10594117641448976 0.10559467971324922 2.5000000000000004 0.17660956084728244 0.16505814343690875 0.18897569924592975 0.15629401057958606 0.10074627026915552 0.10317540168762208 0.168457105755806 0.10388386249542238 0.10347852483391763 0.10481997579336168 0.10533428192138673 0.10504237189888956 0.10458041727542879 0.20240999013185504 0.23357842862606051 0.20071429014205935 0.14379280805587771 0.1483045965433121 0.15529115498065951 0.1633739769458771 0.16370223462581637 0.168457105755806 0.15803226083517077 1.5000000000000002 0.10259784013032915 0.17660956084728244 1.5000000000000002 0.19699231535196307 0.10421099141240121 0.15339080244302752 0.15392307937145236 0.11504717171192171 1.5000000000000002 0.11259920522570611 0.1136809289455414 0.11293309181928636 0.14415185153484347 0.1072077937424183 0.20439612865448001 0.14013888686895373 0.19238026440143588 2.5000000000000004 0.1633739769458771 0.18843366950750354 0.18758561462163928 0.18346994370222094 1.5000000000000002 1.5000000000000002 0.10559467971324922 2.5000000000000004 0.22410600632429126 1.5000000000000002 0.22039676457643512 0.21824584156274798 0.21493243426084521 0.14926454424858096 0.15032467991113665 1.5000000000000002 0.22039676457643512 0.22547236829996112 1.5000000000000002 0.15886382013559344 0.14790198951959613 1.5000000000000002 0.14551208168268207 0.14451952278614047 0.10458041727542879 0.14503520727157596 0.25920708477497106 0.24171940237283709 2.5000000000000004 0.18189270049333575 2.5000000000000004 0.21493243426084521 0.21392118930816653 0.20969981700181964 0.10594117641448976 2.5000000000000004 1.5000000000000002 0.30072464048862463 3.5000000000000004 0.27303031086921697 0.14451952278614047 0.31587702035903936 0.14741302281618121 0.1471008434891701
decision_type=2 2 2 2 2 2 2 2 2 2 2 2 2 2 2 2 2 2 2 2 2 2 2 2 2 2 2 2 2 2 2 2 2 2 2 2 2 2 2 2 2 2 2 2 2 2 2 2 2 2 2 2 2 2 2 2 2 2 2 2 2 2 2 2 2 2 2 2 2 2 2 2 2 2 2 2 2 2 2 2 2 2 2 2 2 2 2 2 2 2 2 2 2 2
left_child=1 2 12 47 7 6 15 10 9 -9 11 26 -1 32 -11 16 -4 36 19 20 -17 23 46 34 39 44 -5 30 -29 -30 31 -13 -14 -31 35 -6 -15 -27 55 40 -3 45 43 -43 -26 -42 -23 -2 49 -40 -51 52 53 54 -35 -39 -19 58 60 -60 61 81 -59 -49 65 -65 -64 -68 -32 -70 71 73 90 -46 -38 -75 77 78 -24 -52 -36 82 83 -48 -58 86 -78 -88 89 -87 -73 -90 93 -77
right_child=3 24 5 4 21 -7 -8 8 -10 14 -12 27 13 17 -16 18 -18 56 -20 -21 -22 22 76 -25 25 37 -28 28 29 33 68 -33 -34 51 80 -37 74 38 48 -41 41 42 -44 -45 70 -47 57 63 -50 50 79 -53 -54 -55 -56 -57 84 62 59 -61 -62 -63 66 64 -66 -67 67 -69 69 -71 -72 72 -74 75 -76 92 85 -79 -80 -81 -82 -83 -84 -85 -86 88 87 -89 91 -91 -92 -93 -94 -95
leaf_value=-2.905224377652733e-08 0 0 4.113033672161162e-08 2.9052245942284707e-08 -7.544042487075878e-07 1.8382278736640197e-06 1.5204273246688037e-07 -5.4163601588084567e-05 -0.00019955548340007366 2.9052245942284707e-08 3.6665264452516714e-08 -6.6243333735711032e-05 5.5439074965109532e-07 -5.7509215502711758e-07 2.9052245942284707e-08 5.3667761720127627e-08 1.2764978584577549e-06 0 1.7466059417349742e-05 -5.1448438369314474e-05 9.1473023245706648e-07 2.9052245942284707e-08 -0.0010491090554983421 -4.988714666138066e-07 -6.1352957618101805e-05 0 2.9052245942284707e-08 2.9052245942284707e-08 2.9052245942284707e-08 0 -3.9452537235799949e-06 2.9052245942284707e-08 4.113033672161162e-08 2.9052245942284707e-08 0 2.8594238978450054e-08 4.6108788277446851e-08 0.00085101265631650695 0 0 0 0.00023466551561149152 0 4.3080700300348311e-06 0 0 -9.6751330038751939e-05 0 0 0 6.9617911118755916e-05 -5.3378900784268783e-06 2.9052245942284707e-08 -1.0991623332963148e-06 2.9052245942284707e-08 0 0 2.9052245942284707e-08 0.00023220107492469955 2.9052245942284707e-08 -0.00011487633145966392 2.9052245942284707e-08 -0.00096493525284763128 1.7685765965881614e-06 0 0 0.0041050785666854649 -0.0001422925469398112 3.880887016626234e-05 0 0 0.003720458439947557 0 0 -0.00026060877207333746 0 -0.0025299260089416678 -4.988714666138066e-07 0.00012764062095258738 -0.00014787290025098732 -0.00075010103531289744 0.00090988012730141535 -0.0048597254359881784 0.0036129124730275596 0 0.0029227980750036039 3.8871972302208813e-05 0.0008239525329756304 -3.9674209170496165e-06 -0.00037825025377998726 0 0.0001362408160444151 0 -0.00010516693792954896
leaf_weight=313058 1148 27759 178 108 437 431 171 133 347 115 218 140 522 1612 231 206 128 2255 158 157 150 162 388 738 291 8360 246 120 538 708 287 157 637 188 908 232 783 226 12617 81835 273 140 1172 341 673 3513 214 1448 3053 293 219 144 168 332 266 218 920 234 146 229 195 171 229 254 940 413 158 162 160 489 309 340 921 335 551 1622 139 861 111 108 411 289 117 250 2191 126 195 169 136 456 562 421 356 241
leaf_count=313058 1148 27759 178 108 437 431 171 133 347 115 218 140 522 1612 231 206 128 2255 158 157 150 162 388 738 291 8360 246 120 538 708 287 157 637 188 908 232 783 226 12617 81835 273 140 1172 341 673 3513 214 1448 3053 293 219 144 168 332 266 218 920 234 146 229 195 171 229 254 940 413 158 162 160 489 309 340 921 335 551 1622 139 861 111 108 411 289 117 250 2191 126 195 169 136 456 562 421 356 241
internal_value=0 -0.00652995 -0.00580236 0.000318238 0.00219136 0.0151325 0.0204076 0.00613531 0.0161746 0.0280309 0.00419284 0.00321578 -0.00590485 -0.00365823 0.0397134 0.0162947 0.0259352 -0.0049365 0.0118983 0.00829155 0.0142737 -0.000234337 0.000996435 -0.00274374 -0.00814762 -0.007343 0.0168274 0.00191243 0.00334443 0.00209477 -0.000949268 0.00650407 0.00550915 0.000337214 -0.000564824 0.00300125 -0.00224814 -0.00788522 -0.00749141 -0.00836266 -0.0079565 -0.00678651 -0.00347129 0.00730007 -0.00493475 -0.00823397 0.00403565 -0.00564428 -0.00762316 -0.00731604 -0.00414398 0.00261728 0.00355097 0.00174335 0.00473694 -0.00265757 -0.00641244 0.00360122 0.00460137 0.0107846 0.0027254 0.00419573 0.00154343 -0.00643213 -0.00531156 -0.00252519 -0.000502659 0.00178421 -0.00331427 -0.00467726 -0.00520094 -0.005408 -0.00398276 -0.00621314 -0.000456533 -0.00545464 -0.00159125 -0.0027288 -0.00017163 -0.000785711 -0.00237354 0.00218754 0.000966319 0.0029942 -0.00550883 -0.000649071 0.00107833 0.00303251 -0.00141192 -0.00264873 -0.000970573 -0.000119591 -0.00591361 -0.00553174
internal_weight=0 469885 324108 17582 13379 1579 1148 5095 826 479 4269 4051 322529 9471 346 977 306 8312 671 513 356 8284 5558 2726 145777 30744 354 3697 2464 2344 1233 297 1159 1806 1988 669 2946 25094 16734 115033 33198 5439 1653 481 5650 3786 2556 4203 16290 13237 620 1098 954 786 454 444 5366 2394 1611 375 1236 1041 783 3055 1607 667 549 320 936 649 5359 5050 1823 3227 1334 2554 3002 1360 499 327 1319 870 581 464 3111 1642 503 364 1139 582 902 557 2219 1863
internal_count=487467 469885 324108 17582 13379 1579 1148 5095 826 479 4269 4051 322529 9471 346 977 306 8312 671 513 356 8284 5558 2726 145777 30744 354 3697 2464 2344 1233 297 1159 1806 1988 669 2946 25094 16734 115033 33198 5439 1653 481 5650 3786 2556 4203 16290 13237 620 1098 954 786 454 444 5366 2394 1611 375 1236 1041 783 3055 1607 667 549 320 936 649 5359 5050 1823 3227 1334 2554 3002 1360 499 327 1319 870 581 464 3111 1642 503 364 1139 582 902 557 2219 1863
is_linear=0
shrinkage=0.0951581


Tree=128
num_leaves=95
num_cat=0
split_feature=3 2 0 2 2 2 2 0 2 2 2 2 2 2 2 2 2 2 2 2 2 2 2 2 2 2 2 2 2 2 2 2 0 2 2 0 2 2 2 2 2 2 2 0 2 2 2 2 2 2 2 0 2 2 2 2 0 0 2 0 2 2 2 2 2 2 2 2 2 2 0 0 2 2 0 2 2 2 2 2 0 2 0 2 3 2 2 2 2 2 2 2 2 2
split_gain=90.9958 61.0769 76.7982 22.6006 12.9869 12.9246 12.2529 10.9726 17.7009 18.7818 8.36334 7.93676 5.43886 12.2567 4.95556 4.57302 16.7486 3.64227 3.45179 3.85013 3.50943 3.40377 3.12986 4.59719 3.94307 2.78558 4.43353 2.21671 1.67312 8.30058 2.68425 2.40023 2.48786 1.62306 1.60801 1.41607 3.04536 1.1108 0.864203 0.860292 1.17694 0.857994 0.850156 0.98333 2.88234 8.6924 1.1622 0.814181 0.8098 0.766689 0.735734 0.722796 0.861811 0.700332 1.61059 1.06374 0.709675 0.683951 0.667539 0.623113 1.20414 0.998839 2.11063 1.14888 0.65951 0.754243 0.901326 0.574833 0.470154 0.977693 1.30756 0.434246 0.651801 0.414687 0.639975 1.78898 0.77809 0.405834 0.393564 0.333069 0.319422 0.297811 0.296015 0.294527 0.272587 0.749598 0.271369 0.222815 0.197475 0.19136 0.187013 0.378341 0.372697 0.72353
threshold=0.15000000223517421 0.1067231632769108 1.5000000000000002 0.15460605919361117 0.19101010262966159 0.10594117641448976 0.10559467971324922 2.5000000000000004 0.17660956084728244 0.16505814343690875 0.18897569924592975 0.15629401057958606 0.10074627026915552 0.10317540168762208 0.168457105755806 0.10388386249542238 0.10347852483391763 0.10481997579336168 0.20240999013185504 0.20071429014205935 0.24515175819396975 0.24171940237283709 0.10533428192138673 0.10504237189888956 0.10458041727542879 0.14379280805587771 0.1483045965433121 0.15529115498065951 0.1633739769458771 0.16370223462581637 0.168457105755806 0.15803226083517077 1.5000000000000002 0.10259784013032915 0.17660956084728244 1.5000000000000002 0.19699231535196307 0.20439612865448001 0.10421099141240121 0.15339080244302752 0.15392307937145236 0.25920708477497106 0.11504717171192171 1.5000000000000002 0.11259920522570611 0.1136809289455414 0.11293309181928636 0.14415185153484347 0.1072077937424183 0.14013888686895373 0.19238026440143588 2.5000000000000004 0.1633739769458771 0.18843366950750354 0.18758561462163928 0.18346994370222094 1.5000000000000002 1.5000000000000002 0.10559467971324922 1.5000000000000002 0.21824584156274798 0.22736185789108279 0.22410600632429126 0.22547236829996112 0.2123106122016907 0.21946247667074206 0.22039676457643512 0.21824584156274798 0.14926454424858096 0.15032467991113665 1.5000000000000002 1.5000000000000002 0.15886382013559344 0.14790198951959613 1.5000000000000002 0.14551208168268207 0.14451952278614047 0.10458041727542879 0.14503520727157596 0.18189270049333575 2.5000000000000004 0.2123106122016907 2.5000000000000004 0.21392118930816653 0.35000000894069677 0.42745216190814977 0.10594117641448976 0.23357842862606051 0.14451952278614047 0.23642505705356601 0.14741302281618121 0.1471008434891701 0.14670995622873309 0.14620192348957065
decision_type=2 2 2 2 2 2 2 2 2 2 2 2 2 2 2 2 2 2 2 2 2 2 2 2 2 2 2 2 2 2 2 2 2 2 2 2 2 2 2 2 2 2 2 2 2 2 2 2 2 2 2 2 2 2 2 2 2 2 2 2 2 2 2 2 2 2 2 2 2 2 2 2 2 2 2 2 2 2 2 2 2 2 2 2 2 2 2 2 2 2 2 2 2 2
left_child=1 2 12 49 7 6 15 10 9 -9 11 27 -1 33 -11 16 -4 38 19 35 21 37 23 24 -17 42 47 -5 31 -30 -31 32 -13 -14 -32 36 -6 -20 -15 -28 57 -22 43 -3 48 46 -46 -27 -45 -2 51 -42 -53 54 55 56 -36 -41 -19 60 81 62 64 -64 -61 67 -67 83 -51 70 -70 -33 -73 74 76 88 -49 -40 -78 -54 89 -39 -37 -66 -43 -86 -60 -82 -76 -63 91 92 93 -80
right_child=3 25 5 4 18 -7 -8 8 -10 14 -12 28 13 17 -16 22 -18 58 20 -21 41 -23 -24 -25 -26 26 39 -29 29 30 34 71 -34 -35 53 82 -38 59 77 40 50 84 -44 44 45 -47 -48 73 -50 68 -52 52 79 -55 -56 -57 -58 -59 86 61 -62 80 63 -65 65 66 -68 -69 69 -71 -72 72 -74 -75 75 -77 78 -79 90 -81 87 -83 -84 -85 85 -87 -88 -89 -90 -91 -92 -93 -94 -95
leaf_value=-2.6287687781877161e-08 0 0 3.721645248560772e-08 2.6287689741623466e-08 -6.8261658218027079e-07 1.6633056223354309e-06 1.3757463662120156e-07 -4.9009496775741892e-05 -0.00018056616498023968 2.6287689741623466e-08 3.3176267961646737e-08 -5.9939744698384322e-05 5.016359854393061e-07 -5.2036748464271423e-07 2.6287689741623466e-08 4.8560840083256307e-08 1.1550287618261841e-06 0 2.6287689741623466e-08 -4.5139981126965419e-07 -4.5139981126965419e-07 4.7379029237017563e-08 1.5804022583458513e-05 -4.6552703299787878e-05 8.2768625172286758e-07 -5.5514727425883862e-05 0 2.6287689741623466e-08 2.6287689741623466e-08 2.6287689741623466e-08 0 -3.569830919214659e-06 2.6287689741623466e-08 3.721645248560772e-08 2.6287689741623466e-08 0 2.5873265845323434e-08 -8.7544658378597328e-05 4.1721164104833383e-08 0.00077003191835449706 0 -3.5898887249238236e-06 0 0 0.00021233519362696509 0 3.8981223193461952e-06 0 0 0 0 0 6.2993203746984479e-05 -4.8299466600743199e-06 2.6287689741623466e-08 -9.9456814632481727e-07 2.6287689741623466e-08 0 0 9.2357239060969053e-06 9.6981504086308958e-06 1.8691545064505044e-05 2.6287689741623466e-08 2.6287689741623466e-08 -0.0016938991050001512 2.6287689741623466e-08 0.0016112167810824953 -0.00050165817168066338 1.6002822276750185e-06 0 0 3.5115892250822392e-05 0 0 0.0033664267251572949 0 0 -0.00023580973938536407 0 -0.0001338015976704373 -8.5639921148626964e-05 -0.00034376879386871864 -0.00067872285434831506 0.00082329767330506195 0.0027143024462120344 -0.0029640566030163036 0 0.00011549458340314435 0 -0.00094927784278217282 0 -9.5159453105993984e-05 0 0
leaf_weight=313058 1148 27759 178 108 437 431 171 133 347 115 218 140 522 1612 231 206 128 2255 162 738 723 138 158 157 150 291 8360 246 120 538 708 287 157 637 188 908 232 210 783 226 12617 1329 81835 273 140 1172 341 673 3513 1448 3053 293 219 144 168 332 266 218 920 275 353 199 123 117 137 118 202 113 254 940 413 160 489 309 340 921 335 551 1062 108 120 170 411 436 180 133 2191 111 562 209 356 241 240 320
leaf_count=313058 1148 27759 178 108 437 431 171 133 347 115 218 140 522 1612 231 206 128 2255 162 738 723 138 158 157 150 291 8360 246 120 538 708 287 157 637 188 908 232 210 783 226 12617 1329 81835 273 140 1172 341 673 3513 1448 3053 293 219 144 168 332 266 218 920 275 353 199 123 117 137 118 202 113 254 940 413 160 489 309 340 921 335 551 1062 108 120 170 411 436 180 133 2191 111 562 209 356 241 240 320
internal_value=0 -0.00652995 -0.00580236 0.000442719 0.00235495 0.0151325 0.0204076 0.00613531 0.0161746 0.0280309 0.00419284 0.00321578 -0.00590485 -0.00365823 0.0397134 0.0162947 0.0259352 -0.0049365 2.98639e-05 -0.00274374 0.00139022 0.0034481 0.0118983 0.00829155 0.0142737 -0.00814762 -0.007343 0.0168274 0.00191243 0.00334443 0.00209477 -0.000949268 0.00650407 0.00550915 0.000337214 -0.000564824 0.00300125 0.00278777 -0.00224814 -0.00788522 -0.00749141 -0.00138814 -0.00836266 -0.0079565 -0.00678651 -0.00347129 0.00730007 -0.00493475 -0.00823397 -0.00564428 -0.00762316 -0.00731604 -0.00414398 0.00261728 0.00355097 0.00174335 0.00473694 -0.00265757 -0.00641244 0.00235839 -3.89483e-05 0.00317193 0.00449827 0.0126877 0.00296394 0.00183505 0.00565001 5.54835e-05 -0.00643213 -0.00531156 -0.00252519 -0.00331427 -0.00467726 -0.00520094 -0.005408 -0.00398276 -0.00621314 -0.000456533 -0.00545464 -0.000785711 1.48895e-05 -0.00375624 -0.00237354 0.00127874 -0.00018545 0.00234095 -0.00550883 0.00284238 -0.000970573 -0.00158597 -0.00591361 -0.00553174 -0.00605445 -0.00545335
internal_weight=0 469885 324108 17582 13379 1579 1148 5095 826 479 4269 4051 322529 9471 346 977 306 8312 8284 2726 5558 3193 671 513 356 145777 30744 354 3697 2464 2344 1233 297 1159 1806 1988 669 3055 2946 25094 16734 2365 115033 33198 5439 1653 481 5650 3786 4203 16290 13237 620 1098 954 786 454 444 5366 2893 733 2160 1521 240 1281 1006 320 686 3055 1607 667 936 649 5359 5050 1823 3227 1334 2554 327 639 380 1319 573 1642 313 3111 231 902 408 2219 1863 1622 1382
internal_count=487467 469885 324108 17582 13379 1579 1148 5095 826 479 4269 4051 322529 9471 346 977 306 8312 8284 2726 5558 3193 671 513 356 145777 30744 354 3697 2464 2344 1233 297 1159 1806 1988 669 3055 2946 25094 16734 2365 115033 33198 5439 1653 481 5650 3786 4203 16290 13237 620 1098 954 786 454 444 5366 2893 733 2160 1521 240 1281 1006 320 686 3055 1607 667 936 649 5359 5050 1823 3227 1334 2554 327 639 380 1319 573 1642 313 3111 231 902 408 2219 1863 1622 1382
is_linear=0
shrinkage=0.0951581


Tree=129
num_leaves=95
num_cat=0
split_feature=4 2 4 3 2 3 2 2 2 2 2 2 2 2 4 2 2 2 2 3 2 2 2 2 2 2 2 2 2 2 2 2 2 2 2 2 2 2 2 2 2 2 2 2 2 2 2 2 2 2 2 2 2 2 2 2 2 2 2 2 2 2 2 2 2 2 2 2 2 2 2 2 2 2 2 2 2 2 2 2 2 2 2 2 2 2 2 2 2 2 4 2 2 2
split_gain=351.295 1306.32 184.127 16.6847 13.7948 11.527 10.1395 15.2851 8.98321 32.1115 8.36666 11.3782 6.91285 8.42623 6.25014 4.47426 3.24097 3.22244 3.10734 2.08828 2.3298 1.9547 4.10742 2.51263 4.10819 1.89972 4.5272 1.84386 1.76262 2.66399 3.35402 1.73616 4.75449 1.56888 3.06133 2.64552 1.56418 2.71305 1.49024 1.83395 1.50642 2.54214 1.43228 1.40604 2.8373 1.38776 4.3608 1.26697 1.21458 1.35138 1.20384 0.846296 1.22827 0.825529 0.76057 0.716877 0.70705 1.03195 1.45058 0.648307 0.64061 5.27577 0.921473 0.568808 0.562809 0.562074 0.536382 0.53627 0.529197 0.513027 0.497165 1.90522 0.442825 1.47151 0.415776 0.361747 0.348294 1.18501 0.339986 0.530069 0.334165 0.459798 0.307893 0.278796 0.848256 0.385433 0.314672 0.274963 0.26148 0.312902 0.237041 0.23329 1.56601 0.37598
threshold=0.15000000223517421 0.10458041727542879 0.25000000745058065 0.15000000223517421 0.19101010262966159 0.15000000223517421 0.15460605919361117 0.15629401057958606 0.10074627026915552 0.10594117641448976 0.1633739769458771 0.17089758068323138 0.10559467971324922 0.10259784013032915 0.25000000745058065 0.1067231632769108 0.16587346047163012 0.15803226083517077 0.18897569924592975 0.15000000223517421 0.1583974361419678 0.20240999013185504 0.20071429014205935 0.24515175819396975 0.24171940237283709 0.168457105755806 0.16505814343690875 0.16928205639123919 0.19548846781253817 0.1981649845838547 0.19699231535196307 0.10388386249542238 0.10421099141240121 0.10259784013032915 0.10074627026915552 0.10317540168762208 0.10347852483391763 0.10388386249542238 0.20439612865448001 0.21946247667074206 0.22547236829996112 0.22410600632429126 0.11630280315876008 0.12516666948795321 0.12867965549230578 0.17394282668828967 0.17517123371362689 0.22039676457643512 0.11441558599472047 0.11156633123755456 0.16013698279857638 0.10594117641448976 0.10481997579336168 0.19101010262966159 0.20745369791984561 0.1072077937424183 0.18346994370222094 0.18758561462163928 0.18843366950750354 0.21680790930986407 0.14379280805587771 0.1483045965433121 0.14415185153484347 0.15886382013559344 0.25920708477497106 0.15153882652521136 0.1643650829792023 0.14586748182773593 0.10347852483391763 0.14620192348957065 0.15032467991113665 0.14741302281618121 0.10504237189888956 0.10533428192138673 0.15529115498065951 0.19238026440143588 0.133558563888073 0.13851648569107058 0.16259328275918963 0.16013698279857638 0.14790198951959613 0.14670995622873309 0.16587346047163012 0.1136809289455414 0.11293309181928636 0.11240384355187417 0.11339743807911874 0.19012194871902469 0.15886382013559344 0.15724790096282962 0.35000000894069677 0.15339080244302752 0.15392307937145236 0.15629401057958606
decision_type=2 2 2 2 2 2 2 2 2 2 2 2 2 2 2 2 2 2 2 2 2 2 2 2 2 2 2 2 2 2 2 2 2 2 2 2 2 2 2 2 2 2 2 2 2 2 2 2 2 2 2 2 2 2 2 2 2 2 2 2 2 2 2 2 2 2 2 2 2 2 2 2 2 2 2 2 2 2 2 2 2 2 2 2 2 2 2 2 2 2 2 2 2 2
left_child=8 3 15 14 5 42 65 -8 -1 12 17 16 13 -10 31 51 66 -9 45 60 -21 22 28 24 38 26 50 -18 75 30 -30 33 -33 34 -2 -35 -15 -38 -23 54 41 47 -4 -44 -45 -13 -47 -41 49 55 -22 52 -3 -27 -40 -11 -48 -58 -59 -56 -17 62 -62 -19 90 -7 -12 -64 -37 -69 71 76 -39 -74 -72 -6 -46 -78 79 88 81 -71 -80 84 85 -51 -86 -20 89 -76 -25 -63 -93 -94
right_child=1 2 4 -5 21 6 7 10 9 48 11 18 -14 36 -16 19 27 63 87 20 25 23 -24 64 -26 53 -28 -29 29 -31 -32 32 -34 35 -36 68 37 72 39 40 -42 -43 43 44 70 46 56 -49 -50 83 -52 -53 -54 -55 59 -57 57 58 -60 -61 61 91 67 -65 -66 -67 -68 69 -70 80 74 -73 73 -75 78 -77 77 -79 82 -81 -82 -83 -84 -85 86 -87 -88 -89 -90 -91 -92 92 93 -95
leaf_value=-2.3786201652780162e-08 3.5453509247141197e-06 8.7042968912228008e-05 4.3223167134349772e-07 -9.3673067723390693e-05 1.6316650784521688e-05 1.4480024292691644e-06 2.3786203425003576e-08 2.3786203425003576e-08 4.5390126376612387e-07 -7.294147874609746e-06 2.3786203425003576e-08 -4.6617321847978716e-06 1.2448329712555864e-07 -1.5457186041315178e-06 3.9775825960549765e-06 0 2.3786203425003576e-08 -3.2301326314265866e-06 7.1497553694595638e-09 0 3.177433105598287e-05 2.3786203425003576e-08 -4.0844546792113531e-07 -4.0844546792113531e-07 4.2870531361513874e-08 0 2.3786203425003576e-08 2.3786203425003576e-08 -9.5795848942810662e-05 -0.00014020324039930429 2.3411215313488048e-08 -5.4610994532569677e-09 3.7751057863841079e-08 3.3675005994287376e-08 -4.7369491878561192e-06 3.7766046187664848e-06 1.0451184322840712e-06 -4.708503093044693e-07 -8.5256614630644192e-07 2.3786203425003576e-08 2.3786203425003576e-08 2.3786203425003576e-08 -7.4220784252943935e-06 4.3223167134349772e-07 1.0618215858582504e-06 2.3786203425003576e-08 2.3786203425003576e-08 5.0387581957483509e-05 -6.6277046334940324e-07 -6.6277046334940324e-07 0 0 0 0 0.00074495424015892035 -6.6277046334940324e-07 -8.9992694229095366e-07 2.3786203425003576e-08 -4.3703381666561406e-06 -5.3841020319686954e-05 3.513653548069109e-05 0 0 -7.2362267343698178e-07 -7.7180211143579918e-05 -2.1345937691958299e-08 2.3786203425003576e-08 0 7.2121400515929236e-06 0 -7.2786834068230251e-06 5.6691553246544219e-06 -4.2122837022991785e-05 -7.266512609077219e-06 -3.1739612685858683e-06 -6.1766009280326199e-07 -5.3878314366175068e-05 6.5059717621340041e-07 -2.0110978387189878e-05 3.8798666883586043e-06 0 0 5.699889086790062e-05 -6.6277046334940324e-07 -2.4465823039254168e-06 -3.5199236369243215e-06 -3.2330767634587875e-06 3.0019277707875629e-08 -2.1818004766611636e-05 0.000271495017036936 -0.00060268165914306878 0 0 0
leaf_weight=279508 32976 189 206 476 170 761 212 218 442 2937 106 207 750 904 608 86512 362 147 151 3067 135 162 738 575 136 639 143 122 160 691 157 121 234 224 117 131 593 2069 156 132 956 140 400 217 212 161 501 303 10697 1190 249 858 1183 272 869 10443 356 158 132 363 269 7515 2604 505 1653 215 158 470 128 415 213 261 647 638 140 698 168 476 243 193 295 1277 965 1700 913 1677 289 117 114 130 150 427 1594 12206
leaf_count=279508 32976 189 206 476 170 761 212 218 442 2937 106 207 750 904 608 86512 362 147 151 3067 135 162 738 575 136 639 143 122 160 691 157 121 234 224 117 131 593 2069 156 132 956 140 400 217 212 161 501 303 10697 1190 249 858 1183 272 869 10443 356 158 132 363 269 7515 2604 505 1653 215 158 470 128 415 213 261 647 638 140 698 168 476 243 193 295 1277 965 1700 913 1677 289 117 114 130 150 427 1594 12206
internal_value=0 -0.00282759 -0.00701839 0.013576 0.00233346 0.00501402 0.00825505 0.0105798 -0.0081729 -0.00675565 0.00903456 0.0118017 -0.000429891 -0.0016414 0.0138198 -0.00831921 0.0216523 0.000984392 0.00766922 -0.00839895 -0.00638964 -0.000450928 -0.00259919 0.000552748 0.00228651 -0.00322929 0.00131813 0.0170262 -0.000233332 0.00247335 0.00969592 0.0139912 0.0073714 0.0140612 0.0139826 0.0194453 -0.00278746 -0.0019697 0.00157207 0.00107904 0.00335011 0.00719891 0.0012372 0.00081083 0.00145079 0.00599841 0.00714413 0.00360944 -0.00803644 -0.00758273 -0.00406405 -0.00409649 -0.00556245 -0.0058599 -0.001426 -0.00810764 0.0050856 0.00300499 0.00721889 -0.00063336 -0.00847864 -0.00807466 -0.0053917 -0.00236436 -0.00179272 -0.000350995 0.0301334 -0.00568016 0.0128959 -0.00668857 0.000717884 0.00232571 -0.00301873 -0.00440616 -0.000180984 -0.00337658 0.00015563 -0.000945673 0.000293202 0.00219342 -0.00601982 -0.00653509 -0.000614434 -0.00636532 -0.00593774 -0.00682735 -0.00381583 0.0171143 0.000148682 0.00176218 -0.0040032 -0.00873238 -0.00850584 -0.00868145
internal_weight=0 172070 137055 35015 16736 8527 4589 3613 315397 35889 3401 2531 6043 5293 34539 120319 748 870 1783 118089 4505 8209 2614 5595 3217 1438 527 484 1876 1008 317 33931 355 33576 33093 483 4851 3947 3081 2919 1531 575 3938 3732 3332 1515 1308 435 29846 19149 384 2230 1372 911 1388 13380 1147 646 290 1232 113584 27072 5330 652 2378 976 264 5061 259 2457 3115 1117 3354 1285 1998 868 856 644 1785 577 1987 1692 1208 5769 4069 2867 1202 268 384 270 725 21742 14227 13800
internal_count=487467 172070 137055 35015 16736 8527 4589 3613 315397 35889 3401 2531 6043 5293 34539 120319 748 870 1783 118089 4505 8209 2614 5595 3217 1438 527 484 1876 1008 317 33931 355 33576 33093 483 4851 3947 3081 2919 1531 575 3938 3732 3332 1515 1308 435 29846 19149 384 2230 1372 911 1388 13380 1147 646 290 1232 113584 27072 5330 652 2378 976 264 5061 259 2457 3115 1117 3354 1285 1998 868 856 644 1785 577 1987 1692 1208 5769 4069 2867 1202 268 384 270 725 21742 14227 13800
is_linear=0
shrinkage=0.0951581


Tree=130
num_leaves=24
num_cat=0
split_feature=4 0 4 0 4 3 3 0 3 4 3 0 4 0 3 4 0 4 4 0 0 4 4
split_gain=351.368 68.621 84.4262 25.5778 20.3614 5.24237 1.18188 1.13908 1.1668 1.60164 0.992184 9.99491 0.844593 0.290216 0.176388 0.0946315 0.0775921 0.0316267 0.018837 0.0125768 0.0121014 0.0681763 0.00661976
threshold=0.15000000223517421 1.5000000000000002 0.25000000745058065 1.5000000000000002 0.25000000745058065 0.15000000223517421 0.15000000223517421 2.5000000000000004 0.15000000223517421 0.35000000894069677 0.15000000223517421 2.5000000000000004 0.35000000894069677 3.5000000000000004 0.15000000223517421 0.35000000894069677 3.5000000000000004 0.59999999403953563 0.45000000298023229 2.5000000000000004 4.5000000000000009 0.45000000298023229 0.45000000298023229
decision_type=2 2 2 2 2 2 2 2 2 2 2 2 2 2 2 2 2 2 2 2 2 2 2
left_child=3 4 10 -1 5 -2 -6 14 -9 13 19 -12 -8 -10 -4 -16 18 20 -11 -3 21 -18 -17
right_child=1 2 7 -5 6 -7 12 8 9 16 11 -13 -14 -15 15 22 17 -19 -20 -21 -22 -23 -24
leaf_value=-2.1522752163035946e-08 0 0 -2.9273261860620292e-07 -5.9970249271149962e-07 3.9110133155813173e-07 0 2.1522753763583471e-08 -3.974732637460401e-05 2.1522753763583471e-08 0.0001237912814664333 0 2.1522753763583471e-08 0.0003686889955768132 2.1522753763583471e-08 2.1522753763583471e-08 0.00016512227770952887 6.9337479068520263e-05 0.0013732024351276303 -0.00024138424088386939 0 5.6692623257082817e-05 4.0960396147655248e-06 -0.00034234666302267039
leaf_weight=310726 113386 34831 1364 4671 2798 1992 3390 581 2151 339 2491 150 478 215 4790 531 187 116 240 1528 191 162 159
leaf_count=310726 113386 34831 1364 4671 2798 1992 3390 581 2151 339 2491 150 478 215 4790 531 187 116 240 1528 191 162 159
internal_value=0 -0.00282704 -0.00579516 -0.0081729 -0.0016104 -0.00190584 0.00350312 0.00155691 0.00279421 0.00343267 -0.00787372 -0.00609286 0.00458077 0.00488258 0.000800861 0.00104187 0.000654932 0.00136354 -0.000147916 -0.00800308 0.00105731 0.00139056 -2.26875e-09
internal_weight=0 172070 50026 315397 122044 115378 6666 11026 4182 3601 39000 2641 3868 2366 6844 5480 1235 656 579 36359 540 349 690
internal_count=487467 172070 50026 315397 122044 115378 6666 11026 4182 3601 39000 2641 3868 2366 6844 5480 1235 656 579 36359 540 349 690
is_linear=0
shrinkage=0.0951581


Tree=131
num_leaves=95
num_cat=0
split_feature=4 2 4 0 2 2 4 2 2 2 2 2 2 0 2 2 2 2 2 0 2 2 2 2 2 0 2 2 2 2 2 2 2 2 0 2 2 2 2 0 2 2 2 2 2 0 2 2 2 2 2 2 2 2 0 2 0 2 2 2 2 2 2 2 0 2 0 0 2 2 2 2 2 2 2 2 2 0 0 2 2 2 0 2 2 2 2 2 2 2 0 0 4 0
split_gain=351.295 1306.32 184.127 25.5778 109.314 46.2391 16.0034 15.8879 11.3836 8.97415 10.963 6.06642 7.3178 6.30559 16.9825 7.39195 4.47426 3.39678 21.644 3.34544 2.6721 2.44634 4.10742 2.3732 3.94468 2.33194 2.19787 2.06111 1.84656 1.81737 18.0476 3.18845 1.76262 2.66399 5.21495 1.74348 1.6973 4.75449 1.6179 1.83573 1.61305 3.03099 2.64552 1.47148 3.79126 1.61523 1.49282 5.97972 1.37844 1.51498 1.24005 1.23192 3.499 1.10237 1.08413 0.86278 0.915336 0.810885 1.07091 0.809271 0.740403 1.50642 2.54214 1.26697 1.80559 0.705157 1.82123 0.682771 0.682331 0.666647 0.62998 0.593283 0.555479 0.529197 0.487987 0.868963 0.463554 0.521939 0.451722 0.425092 1.75358 0.503818 0.658131 0.401503 0.537256 0.38135 0.370215 0.361747 0.323064 0.314229 0.287137 0.25777 0.677409 0.410147
threshold=0.15000000223517421 0.10458041727542879 0.25000000745058065 1.5000000000000002 0.10594117641448976 0.10533428192138673 0.25000000745058065 0.10504237189888956 0.19101010262966159 0.15460605919361117 0.15629401057958606 0.1633739769458771 0.16370223462581637 2.5000000000000004 0.17660956084728244 0.18897569924592975 0.1067231632769108 0.1139211878180504 0.11203448474407197 1.5000000000000002 0.17006493359804156 0.20240999013185504 0.20071429014205935 0.24515175819396975 0.24171940237283709 1.5000000000000002 0.10481997579336168 0.11630280315876008 0.168457105755806 0.10074627026915552 0.10259784013032915 0.1067231632769108 0.19548846781253817 0.1981649845838547 1.5000000000000002 0.10594117641448976 0.10388386249542238 0.10421099141240121 0.15803226083517077 1.5000000000000002 0.10259784013032915 0.10074627026915552 0.10317540168762208 0.14379280805587771 0.14586748182773593 2.5000000000000004 0.16505814343690875 0.17660956084728244 0.20439612865448001 0.20745369791984561 0.10388386249542238 0.12516666948795321 0.12782331556081775 0.17394282668828967 1.5000000000000002 0.15032467991113665 1.5000000000000002 0.1072077937424183 0.1067231632769108 0.25920708477497106 0.21946247667074206 0.22547236829996112 0.22410600632429126 0.22039676457643512 2.5000000000000004 0.16587346047163012 1.5000000000000002 1.5000000000000002 0.14415185153484347 0.13230550289154056 0.14451952278614047 0.1483045965433121 0.17089758068323138 0.10347852483391763 0.10388386249542238 0.10458041727542879 0.14620192348957065 1.5000000000000002 1.5000000000000002 0.18843366950750354 0.18758561462163928 0.18346994370222094 1.5000000000000002 0.14670995622873309 0.14790198951959613 0.1779797971248627 0.14503520727157596 0.19238026440143588 0.11504717171192171 0.10594117641448976 2.5000000000000004 2.5000000000000004 0.35000000894069677 3.5000000000000004
decision_type=2 2 2 2 2 2 2 2 2 2 2 2 2 2 2 2 2 2 2 2 2 2 2 2 2 2 2 2 2 2 2 2 2 2 2 2 2 2 2 2 2 2 2 2 2 2 2 2 2 2 2 2 2 2 2 2 2 2 2 2 2 2 2 2 2 2 2 2 2 2 2 2 2 2 2 2 2 2 2 2 2 2 2 2 2 2 2 2 2 2 2 2 2 2
left_child=3 6 16 29 5 7 36 50 9 27 25 38 -13 15 20 28 19 18 57 26 -15 22 32 24 48 -11 -3 -4 65 -1 -31 74 87 34 -34 -21 40 -38 39 -12 41 -2 -42 -18 54 71 -47 -48 -23 -50 -5 -29 -53 72 68 56 69 58 -6 -25 -51 62 63 -62 -65 67 -67 -14 -45 -54 -70 76 -30 -44 -32 -76 -46 83 -57 80 81 82 85 -78 -85 -55 -72 -10 -33 -28 -58 92 -61 -93
right_child=1 2 8 4 17 -7 -8 -9 21 10 11 12 13 14 -16 -17 43 -19 -20 35 -22 23 -24 59 -26 -27 89 51 53 30 31 88 33 -35 -36 -37 37 -39 -40 -41 42 -43 73 44 45 46 47 -49 49 60 -52 52 55 79 -56 78 90 -59 -60 91 61 -63 -64 64 -66 66 -68 -69 70 -71 86 -73 -74 -75 75 -77 77 -79 -80 -81 -82 -83 -84 84 -86 -87 -88 -89 -90 -91 -92 93 -94 -95
leaf_value=-1.9474688200339727e-08 3.2079821064154325e-06 7.8760126342732905e-05 3.5388487630193929e-07 1.0027335027307981e-06 -5.8410858821208212e-05 1.5048675993844913e-05 3.5618669827147307e-06 -3.8057441811870182e-05 1.4761941415321861e-05 1.9474689650340701e-08 -2.9091496354401856e-06 1.9474689650340701e-08 1.9474689650340701e-08 1.9474689650340701e-08 5.5357264961049444e-05 2.5114636497170554e-08 0 -5.426359496271007e-07 3.817063088674241e-06 -0.0002194151945066789 1.9474689650340701e-08 1.9474689650340701e-08 -3.7162664191043224e-07 -3.7162664191043224e-07 3.6742989417308046e-08 1.9474689650340701e-08 0 -6.7530240823087658e-06 5.5758935842957473e-05 4.1275695094204347e-07 -1.3965829119006959e-06 -3.1829263667749112e-06 1.9135384694676654e-08 -0.0001425744883657202 -0.00020901009970259048 1.5050286381399876e-06 -4.9414316654790487e-09 3.4158739345534962e-08 -6.5681218689652175e-07 1.9474689650340701e-08 3.0470556780759971e-08 -4.2861901561625389e-06 3.4172301409047067e-06 0 0 0 1.9474689650340701e-08 0 -7.7348564532054395e-07 4.2247907627068557e-06 8.5079696849374173e-07 3.5388487630193929e-07 9.2356421779039232e-07 1.9474689650340701e-08 0 -4.5211683386726518e-07 -2.6487674207722475e-07 -5.426359496271007e-07 1.6932254544408155e-05 4.2856869983679306e-05 1.9474689650340701e-08 1.9474689650340701e-08 1.9474689650340701e-08 -0.0002620620629792643 0.0035563299920263105 1.9474689650340701e-08 1.9474689650340701e-08 -0.00024221772527707654 0 1.3081652213345373e-06 0 0 -4.2201787234787225e-06 6.5258465877672195e-06 -4.2399702977470767e-07 -6.572997092632751e-06 0 0 -0.00048237152312985095 -3.9565132032051572e-06 1.9474689650340701e-08 -8.1633967847324955e-07 1.9474689650340701e-08 0 0 1.9474689650340701e-08 0 -5.6093280293009351e-07 -1.7678838828827622e-05 0 -4.6511682030229984e-05 -0.00034635049594428194 -0.0003097696088453487 3.7062683131717073e-06
leaf_weight=279508 33104 134 226 176 189 137 956 107 170 139 159 109 134 201 384 234 87108 2482 239 341 213 162 738 725 136 172 897 495 223 412 1351 16255 152 691 165 240 121 234 1093 193 224 117 131 195 550 466 117 345 156 1232 166 158 113 156 1181 253 715 1059 116 128 132 956 140 197 106 183 221 130 634 759 352 24036 292 128 1023 4232 321 826 161 140 162 331 388 926 250 172 782 698 7945 618 218 589 377 559
leaf_count=279508 33104 134 226 176 189 137 956 107 170 139 159 109 134 201 384 234 87108 2482 239 341 213 162 738 725 136 172 897 495 223 412 1351 16255 152 691 165 240 121 234 1093 193 224 117 131 195 550 466 117 345 156 1232 166 158 113 156 1181 253 715 1059 116 128 132 956 140 197 106 183 221 130 634 759 352 24036 292 128 1023 4232 321 826 161 140 162 331 388 926 250 172 782 698 7945 618 218 589 377 559
internal_value=0 -0.00282759 -0.00701839 -0.0081729 -0.00118362 0.0372513 0.013576 0.0224861 0.00233346 0.0047685 0.00710048 0.00604639 0.00810126 0.00735846 0.0148103 0.00520858 -0.00831921 -0.00669717 -0.00328275 -0.00409649 0.0281797 -0.000195906 -0.00259919 0.000926917 0.00261189 0.0244474 -0.00628424 0.000681892 0.00371312 -0.00827797 -0.00758936 -0.00785396 -0.000233332 0.00247335 0.00969592 0.0021128 0.0139168 0.0073714 0.000823165 0.00643398 0.0139857 0.0139064 0.0194453 -0.00839895 -0.0078357 -0.00818947 -0.00428622 -0.000453136 0.00191181 0.00143764 0.0324984 -6.62888e-06 0.00089273 0.00217475 -0.00470343 -8.14806e-05 0.000817145 -0.00791124 -0.00358793 -0.00135254 0.00195275 0.00335011 0.00719891 0.00360944 0.000219835 0.00800581 0.0105051 0.00418119 -0.00607403 0.00303371 -0.00666322 -0.00832408 -0.00157057 0.0128959 -0.00600104 -0.00558635 -0.0070317 -0.00644355 -0.0039994 0.00360458 0.0041794 0.00275386 0.00417313 -0.00538403 -0.00619822 0.00731092 -0.00532013 -0.00337658 -0.00835976 -0.00731744 -0.0012545 -0.000189973 0.00160167 -0.000978108
internal_weight=0 172070 137055 315397 4671 586 35015 449 16736 8527 5429 5118 3673 3564 798 2766 120319 4085 1603 2230 414 8209 2614 5595 3217 311 1649 3098 2532 310726 31218 30806 1876 1008 317 581 34059 355 1445 352 33704 33221 483 118089 30981 27837 928 462 3081 2919 342 2872 2377 1864 3144 2219 1805 1364 305 2378 2763 1531 575 435 303 668 404 264 1963 872 1768 26909 515 259 6606 5255 2873 2323 414 1349 1209 1047 716 1497 1176 328 1134 868 24200 1515 933 1653 505 1148
internal_count=487467 172070 137055 315397 4671 586 35015 449 16736 8527 5429 5118 3673 3564 798 2766 120319 4085 1603 2230 414 8209 2614 5595 3217 311 1649 3098 2532 310726 31218 30806 1876 1008 317 581 34059 355 1445 352 33704 33221 483 118089 30981 27837 928 462 3081 2919 342 2872 2377 1864 3144 2219 1805 1364 305 2378 2763 1531 575 435 303 668 404 264 1963 872 1768 26909 515 259 6606 5255 2873 2323 414 1349 1209 1047 716 1497 1176 328 1134 868 24200 1515 933 1653 505 1148
is_linear=0
shrinkage=0.0951581


Tree=132
num_leaves=95
num_cat=0
split_feature=4 2 4 4 0 2 2 2 2 2 2 0 2 2 2 0 2 2 2 2 2 2 2 2 2 0 2 2 2 2 2 2 2 2 0 2 2 2 2 0 2 2 2 2 2 2 2 0 2 2 2 2 2 0 2 2 2 2 2 0 2 0 0 2 2 2 2 0 2 2 2 2 2 2 2 2 0 2 2 2 0 2 2 2 2 2 2 2 2 0 4 0 2 4
split_gain=356.023 1305.17 186.691 16.0034 13.526 58.2581 12.0586 7.89229 10.963 6.06642 7.3178 6.30559 16.9825 7.39195 4.47426 3.34544 3.13646 9.49717 3.09344 22.0035 2.6721 2.44634 4.10742 2.3732 3.94468 2.33194 2.19787 1.87728 1.84656 1.81737 18.0476 3.18845 1.76262 2.66399 5.21495 1.74348 1.6973 4.75449 1.6179 1.83573 1.61305 3.03099 2.64552 1.48991 3.23788 1.47148 3.79126 1.61523 1.49282 5.97972 1.37844 1.51498 1.10237 1.08413 0.809271 0.740403 1.50642 2.54214 1.26697 1.80559 0.705157 1.82123 0.682771 0.682331 0.62998 0.593283 0.585095 0.996382 0.629985 0.555479 0.555031 1.33609 0.529197 0.487987 0.868963 0.463554 0.521939 0.425092 1.75358 0.503818 0.658131 0.401503 0.537256 0.38135 0.370215 0.361747 0.323064 0.319492 0.314229 0.25777 0.677409 0.410147 0.237735 0.237041
threshold=0.15000000223517421 0.10458041727542879 0.25000000745058065 0.25000000745058065 1.5000000000000002 0.10559467971324922 0.19101010262966159 0.15460605919361117 0.15629401057958606 0.1633739769458771 0.16370223462581637 2.5000000000000004 0.17660956084728244 0.18897569924592975 0.1067231632769108 1.5000000000000002 0.10388386249542238 0.10458041727542879 0.1139211878180504 0.11203448474407197 0.17006493359804156 0.20240999013185504 0.20071429014205935 0.24515175819396975 0.24171940237283709 1.5000000000000002 0.10481997579336168 0.11630280315876008 0.168457105755806 0.10074627026915552 0.10259784013032915 0.1067231632769108 0.19548846781253817 0.1981649845838547 1.5000000000000002 0.10594117641448976 0.10388386249542238 0.10421099141240121 0.15803226083517077 1.5000000000000002 0.10259784013032915 0.10074627026915552 0.10317540168762208 0.12516666948795321 0.12782331556081775 0.14379280805587771 0.14586748182773593 2.5000000000000004 0.16505814343690875 0.17660956084728244 0.20439612865448001 0.20745369791984561 0.17394282668828967 1.5000000000000002 0.25920708477497106 0.21946247667074206 0.22547236829996112 0.22410600632429126 0.22039676457643512 2.5000000000000004 0.16587346047163012 1.5000000000000002 1.5000000000000002 0.14415185153484347 0.14451952278614047 0.1483045965433121 0.15298574417829516 1.5000000000000002 0.13230550289154056 0.17089758068323138 0.1072077937424183 0.1067231632769108 0.10347852483391763 0.10388386249542238 0.10458041727542879 0.14620192348957065 1.5000000000000002 0.18843366950750354 0.18758561462163928 0.18346994370222094 1.5000000000000002 0.14670995622873309 0.14790198951959613 0.1779797971248627 0.14503520727157596 0.19238026440143588 0.11504717171192171 0.14379280805587771 0.10594117641448976 2.5000000000000004 0.35000000894069677 3.5000000000000004 0.2123106122016907 0.35000000894069677
decision_type=2 2 2 2 2 2 2 2 2 2 2 2 2 2 2 2 2 2 2 2 2 2 2 2 2 2 2 2 2 2 2 2 2 2 2 2 2 2 2 2 2 2 2 2 2 2 2 2 2 2 2 2 2 2 2 2 2 2 2 2 2 2 2 2 2 2 2 2 2 2 2 2 2 2 2 2 2 2 2 2 2 2 2 2 2 2 2 2 2 2 2 2 2 2
left_child=4 3 14 36 29 16 7 27 25 38 -11 13 20 28 15 26 -6 -18 19 70 -13 22 32 24 50 -9 -3 -4 60 -1 -31 73 85 34 -34 -17 40 -38 39 -10 41 -2 -42 -29 -45 -16 53 65 -49 -50 -23 -52 69 63 93 92 57 58 -57 -60 62 -62 -12 -47 -65 75 67 68 -46 -30 71 -7 -44 -32 -75 -48 81 78 79 80 83 -77 -83 -54 -66 -8 -33 -69 -28 90 -56 -91 -53 -25
right_child=1 2 6 -5 5 18 21 8 9 10 11 12 -14 -15 45 35 17 -19 -20 -21 -22 23 -24 54 -26 -27 88 43 52 30 31 86 33 -35 -36 -37 37 -39 -40 -41 42 -43 72 44 66 46 47 48 49 -51 51 55 77 -55 89 56 -58 -59 59 -61 61 -63 -64 64 84 -67 -68 87 -70 -71 -72 -73 -74 74 -76 76 -78 -79 -80 -81 -82 82 -84 -85 -86 -87 -88 -89 -90 91 -92 -93 -94 -95
leaf_value=-1.7621514090720198e-08 2.9027166601035113e-06 7.1265463242395821e-05 3.2020986780118393e-07 3.222926527904695e-06 9.0731529898534569e-07 -1.2622989997319096e-06 1.3357223282529375e-05 1.762151540338046e-08 -2.6323205159513427e-06 1.762151540338046e-08 1.762151540338046e-08 1.762151540338046e-08 5.0089573423406883e-05 2.2724775687427437e-08 0 -0.00019853606393283166 0.0013614367295218194 1.3616672746551522e-05 -4.9099974971891856e-07 3.4538386601369469e-06 1.762151540338046e-08 1.762151540338046e-08 -3.362633609012e-07 -3.362633609012e-07 3.3246596764638019e-08 1.762151540338046e-08 0 -6.1104192166792029e-06 5.0453022071845151e-05 3.7347978833005137e-07 -1.2636867510840962e-06 -2.8800451767627739e-06 1.7314498055202648e-08 -0.00012900737253410786 -0.00018912109806460035 1.3618129892711948e-06 -4.4712144732218256e-09 3.0908258992700595e-08 -5.9431119445632568e-07 1.762151540338046e-08 2.7571036832131276e-08 -3.8783244924557436e-06 3.0920530515358339e-06 3.2020986780118393e-07 8.3567961189743802e-07 0 0 0 1.762151540338046e-08 0 -6.9988222956002799e-07 0.0026129952114503485 1.762151540338046e-08 0 3.877869214195127e-05 1.762151540338046e-08 1.762151540338046e-08 1.762151540338046e-08 -0.00023712473790614191 0.0032179164266661064 1.762151540338046e-08 1.762151540338046e-08 -0.00021916874945418065 0 0 0 -3.7028439046579311e-06 -3.1538938144909862e-05 4.2698863470014405e-07 -3.818594581548098e-06 -4.9099974971891856e-07 1.5321013562044867e-05 5.9048594983475989e-06 -3.8365028274311073e-07 -5.9475232512835222e-06 0 0 -3.5800189682797684e-06 1.762151540338046e-08 -7.3865835481816239e-07 1.762151540338046e-08 0 0 1.762151540338046e-08 0 -5.0755550943026668e-07 -1.5996554312793461e-05 1.0974894773091252e-06 0 -0.0003133924446780676 -0.00028029252488389895 3.3535869037235444e-06 -4.9121682803230426e-05 -0.00058038000119223481
leaf_weight=279508 33104 134 226 956 176 284 170 139 159 109 134 201 384 234 87108 341 115 200 2482 239 213 162 738 575 136 172 897 495 223 412 1351 16255 152 691 165 240 121 234 1093 193 224 117 131 158 113 195 550 466 117 345 156 327 156 1181 128 132 956 140 197 106 183 221 130 634 352 24036 228 474 862 292 1059 116 128 1023 4232 321 826 140 162 331 388 926 250 172 782 698 7945 542 618 589 377 559 905 150
leaf_count=279508 33104 134 226 956 176 284 170 139 159 109 134 201 384 234 87108 341 115 200 2482 239 213 162 738 575 136 172 897 495 223 412 1351 16255 152 691 165 240 121 234 1093 193 224 117 131 158 113 195 550 466 117 345 156 327 156 1181 128 132 956 140 197 106 183 221 130 634 352 24036 228 474 862 292 1059 116 128 1023 4232 321 826 140 162 331 388 926 250 172 782 698 7945 542 618 589 377 559 905 150
internal_value=0 -0.0028204 -0.00700937 0.013576 -0.00820157 -0.00311897 0.00240738 0.00491358 0.00710048 0.00604639 0.00810126 0.00735846 0.0148103 0.00520858 -0.00831921 -0.00409649 0.0278885 0.0222036 -0.00676123 -0.00363148 0.0281797 -0.000195906 -0.00259919 0.000926917 0.00261189 0.0244474 -0.00628424 0.0010812 0.00371312 -0.00827797 -0.00758936 -0.00785396 -0.000233332 0.00247335 0.00969592 0.0021128 0.0139168 0.0073714 0.000823165 0.00643398 0.0139857 0.0139064 0.0194453 0.000424101 0.00141316 -0.00839895 -0.0078357 -0.00818947 -0.00428622 -0.000453136 0.00191181 0.00143764 0.00217475 -0.00470343 -0.00135254 0.00195275 0.00335011 0.00719891 0.00360944 0.000219835 0.00800581 0.0105051 0.00418119 -0.00607403 -0.00666322 -0.00832408 0.000476003 0.000998895 0.00317193 -0.00157057 -0.00801572 -0.0049958 0.0128959 -0.00600104 -0.00558635 -0.0070317 -0.00644355 0.00360458 0.0041794 0.00275386 0.00417313 -0.00538403 -0.00619822 0.00731092 -0.00532013 -0.00337658 -0.00835976 -0.00108645 -0.00731744 -0.000189973 0.00160167 -0.000978108 0.000216266 -0.0040032
internal_weight=0 172070 137055 35015 315397 4671 16736 8527 5429 5118 3673 3564 798 2766 120319 2230 491 315 4180 1698 414 8209 2614 5595 3217 311 1649 3098 2532 310726 31218 30806 1876 1008 317 581 34059 355 1445 352 33704 33221 483 2872 2377 118089 30981 27837 928 462 3081 2919 1864 3144 2378 2763 1531 575 435 303 668 404 264 1963 1768 26909 2219 1991 975 515 1459 400 259 6606 5255 2873 2323 1349 1209 1047 716 1497 1176 328 1134 868 24200 1016 1515 1653 505 1148 1232 725
internal_count=487467 172070 137055 35015 315397 4671 16736 8527 5429 5118 3673 3564 798 2766 120319 2230 491 315 4180 1698 414 8209 2614 5595 3217 311 1649 3098 2532 310726 31218 30806 1876 1008 317 581 34059 355 1445 352 33704 33221 483 2872 2377 118089 30981 27837 928 462 3081 2919 1864 3144 2378 2763 1531 575 435 303 668 404 264 1963 1768 26909 2219 1991 975 515 1459 400 259 6606 5255 2873 2323 1349 1209 1047 716 1497 1176 328 1134 868 24200 1016 1515 1653 505 1148 1232 725
is_linear=0
shrinkage=0.0951581


Tree=133
num_leaves=24
num_cat=0
split_feature=4 0 4 4 0 3 0 3 4 3 0 3 4 0 3 4 0 4 0 4 0 4 4
split_gain=353.593 67.9231 83.5016 16.0976 8.79803 5.24237 1.19315 1.15342 1.66055 0.992184 9.99491 0.806047 0.526802 0.290216 0.15197 0.0795167 0.0634134 0.018837 0.0125768 0.00876086 0.0121014 0.0681763 0.00661976
threshold=0.15000000223517421 1.5000000000000002 0.25000000745058065 0.25000000745058065 1.5000000000000002 0.15000000223517421 2.5000000000000004 0.15000000223517421 0.35000000894069677 0.15000000223517421 2.5000000000000004 0.15000000223517421 0.35000000894069677 3.5000000000000004 0.15000000223517421 0.35000000894069677 3.5000000000000004 0.45000000298023229 2.5000000000000004 0.59999999403953563 4.5000000000000009 0.45000000298023229 0.45000000298023229
decision_type=2 2 2 2 2 2 2 2 2 2 2 2 2 2 2 2 2 2 2 2 2 2 2
left_child=4 3 9 5 -1 -2 14 -8 13 18 -11 -5 -13 -9 -4 -16 17 -10 -3 20 21 -18 -17
right_child=1 2 6 11 -6 -7 7 8 16 10 -12 12 -14 -15 15 22 19 -19 -20 -21 -22 -23 -24
leaf_value=-1.5944684486789693e-08 0 0 -3.4410657871100163e-07 2.8973930875166104e-07 -4.4427715190993038e-07 0 -2.8537941855882787e-05 1.5944685673994496e-08 0.00011200800970185087 0 1.5944685673994496e-08 1.5944685673994496e-08 0.00038110691732906431 1.5944685673994496e-08 1.5944685673994496e-08 0.00020555835933255338 6.2067654744703889e-05 -0.00015563470048118923 0 0.0012418593134670957 5.0626059246062333e-05 3.0344659831729623e-06 -0.00025362042389707855
leaf_weight=310726 113386 34831 1364 2798 4671 1992 581 2151 339 2491 150 3390 478 215 4790 531 187 240 1528 116 191 162 159
leaf_count=310726 113386 34831 1364 2798 4671 1992 581 2151 339 2491 150 3390 478 215 4790 531 187 240 1528 116 191 162 159
internal_value=0 -0.00285358 -0.00580657 -0.00164315 -0.00821635 -0.00190584 0.00150513 0.00277146 0.00340624 -0.00787372 -0.00609286 0.00290356 0.00379353 0.00488258 0.000731341 0.000955052 0.000577881 -0.000147916 -0.00800308 0.00121849 0.00105731 0.00139056 -2.26875e-09
internal_weight=0 172070 50026 122044 315397 115378 11026 4182 3601 39000 2641 6666 3868 2366 6844 5480 1235 579 36359 656 540 349 690
internal_count=487467 172070 50026 122044 315397 115378 11026 4182 3601 39000 2641 6666 3868 2366 6844 5480 1235 579 36359 656 540 349 690
is_linear=0
shrinkage=0.0951581


Tree=134
num_leaves=24
num_cat=0
split_feature=4 0 4 4 0 3 0 3 4 3 0 3 4 0 3 4 0 4 0 4 0 4 4
split_gain=353.593 67.9231 83.5016 16.0976 8.79803 5.24237 1.19315 1.15342 1.66055 0.992184 9.99491 0.806047 0.526802 0.290216 0.15197 0.0795167 0.0634134 0.018837 0.0125768 0.00876086 0.0121014 0.0681763 0.00661976
threshold=0.15000000223517421 1.5000000000000002 0.25000000745058065 0.25000000745058065 1.5000000000000002 0.15000000223517421 2.5000000000000004 0.15000000223517421 0.35000000894069677 0.15000000223517421 2.5000000000000004 0.15000000223517421 0.35000000894069677 3.5000000000000004 0.15000000223517421 0.35000000894069677 3.5000000000000004 0.45000000298023229 2.5000000000000004 0.59999999403953563 4.5000000000000009 0.45000000298023229 0.45000000298023229
decision_type=2 2 2 2 2 2 2 2 2 2 2 2 2 2 2 2 2 2 2 2 2 2 2
left_child=4 3 9 5 -1 -2 14 -8 13 18 -11 -5 -13 -9 -4 -16 17 -10 -3 20 21 -18 -17
right_child=1 2 6 11 -6 -7 7 8 16 10 -12 12 -14 -15 15 22 19 -19 -20 -21 -22 -23 -24
leaf_value=-1.4427418783466478e-08 0 0 -3.1136205431831195e-07 2.6216826986470141e-07 -4.0200058721412091e-07 0 -2.5822325849171167e-05 1.4427419857101079e-08 0.00010134954156276094 0 1.4427419857101079e-08 1.4427419857101079e-08 0.00034484151142861791 1.4427419857101079e-08 1.4427419857101079e-08 0.00018599781871138084 5.6161415339813113e-05 -0.00014082479982469899 0 0.0011236863545773276 4.5808580202214892e-05 2.745711999536524e-06 -0.00022948638906577237
leaf_weight=310726 113386 34831 1364 2798 4671 1992 581 2151 339 2491 150 3390 478 215 4790 531 187 240 1528 116 191 162 159
leaf_count=310726 113386 34831 1364 2798 4671 1992 581 2151 339 2491 150 3390 478 215 4790 531 187 240 1528 116 191 162 159
internal_value=0 -0.00285358 -0.00580657 -0.00164315 -0.00821635 -0.00190584 0.00150513 0.00277146 0.00340624 -0.00787372 -0.00609286 0.00290356 0.00379353 0.00488258 0.000731341 0.000955052 0.000577881 -0.000147916 -0.00800308 0.00121849 0.00105731 0.00139056 -2.26875e-09
internal_weight=0 172070 50026 122044 315397 115378 11026 4182 3601 39000 2641 6666 3868 2366 6844 5480 1235 579 36359 656 540 349 690
internal_count=487467 172070 50026 122044 315397 115378 11026 4182 3601 39000 2641 6666 3868 2366 6844 5480 1235 579 36359 656 540 349 690
is_linear=0
shrinkage=0.0951581


Tree=135
num_leaves=95
num_cat=0
split_feature=4 2 4 3 2 3 2 2 2 2 4 2 2 2 2 2 2 2 2 2 2 2 3 2 2 2 2 2 2 2 2 2 2 2 2 2 2 2 2 2 2 2 2 2 2 2 2 2 2 2 2 2 2 2 2 2 2 2 2 2 2 2 2 2 2 2 2 2 2 2 2 2 2 2 2 2 2 2 2 2 4 2 2 2 2 2 2 2 2 2 2 2 2 2
split_gain=353.593 1310.46 175.004 16.6847 9.5778 11.8901 8.63618 16.342 6.68507 12.7135 6.25014 5.20585 16.1447 9.46512 4.47426 3.64425 2.95393 2.44704 2.32976 4.10742 2.61879 3.94468 2.08828 2.3298 1.89972 4.5272 1.76262 2.66399 3.35402 1.73616 4.75449 1.73339 1.6465 3.95009 1.56888 3.06133 2.64552 1.37844 1.51498 1.37168 1.84386 1.21458 1.35138 1.20384 1.19509 1.54393 1.00856 3.02333 0.928139 2.29274 1.93629 1.48188 0.846296 1.22827 0.825529 0.740403 1.50642 2.54214 1.26697 0.716877 0.691709 0.64061 5.27577 0.921473 0.562074 0.53627 0.529197 0.513027 0.372729 0.426401 0.361747 0.334165 0.459798 0.292083 0.278796 0.848256 0.385433 0.314672 0.243095 0.237735 0.237041 0.23329 1.56601 0.37598 1.00025 0.226959 0.220733 0.204432 2.41521 0.184667 0.183089 0.611201 0.792023 0.267484
threshold=0.15000000223517421 0.10458041727542879 0.25000000745058065 0.15000000223517421 0.19101010262966159 0.15000000223517421 0.15460605919361117 0.15629401057958606 0.16259328275918963 0.17089758068323138 0.25000000745058065 0.10074627026915552 0.10259784013032915 0.10594117641448976 0.1067231632769108 0.15803226083517077 0.19012194871902469 0.18843366950750354 0.20240999013185504 0.20071429014205935 0.24515175819396975 0.24171940237283709 0.15000000223517421 0.1583974361419678 0.168457105755806 0.16505814343690875 0.19548846781253817 0.1981649845838547 0.19699231535196307 0.10388386249542238 0.10421099141240121 0.11630280315876008 0.17394282668828967 0.17517123371362689 0.10259784013032915 0.10074627026915552 0.10317540168762208 0.20439612865448001 0.20745369791984561 0.16587346047163012 0.16928205639123919 0.11441558599472047 0.11156633123755456 0.16013698279857638 0.18758561462163928 0.18346994370222094 0.12516666948795321 0.12782331556081775 0.10458041727542879 0.10347852483391763 0.10388386249542238 0.10533428192138673 0.10594117641448976 0.10481997579336168 0.19101010262966159 0.21946247667074206 0.22547236829996112 0.22410600632429126 0.22039676457643512 0.1072077937424183 0.25920708477497106 0.14379280805587771 0.1483045965433121 0.14415185153484347 0.15153882652521136 0.14586748182773593 0.10347852483391763 0.14620192348957065 0.15886382013559344 0.16013698279857638 0.19238026440143588 0.14790198951959613 0.14670995622873309 0.10559467971324922 0.1136809289455414 0.11293309181928636 0.11240384355187417 0.11339743807911874 0.18897569924592975 0.2123106122016907 0.35000000894069677 0.15339080244302752 0.15392307937145236 0.15629401057958606 0.15563492476940158 0.1201351322233677 0.1779797971248627 0.12700557708740237 0.1276228874921799 0.21392118930816653 0.13058389723300937 0.13417843729257586 0.13851648569107058 0.1483045965433121
decision_type=2 2 2 2 2 2 2 2 2 2 2 2 2 2 2 2 2 2 2 2 2 2 2 2 2 2 2 2 2 2 2 2 2 2 2 2 2 2 2 2 2 2 2 2 2 2 2 2 2 2 2 2 2 2 2 2 2 2 2 2 2 2 2 2 2 2 2 2 2 2 2 2 2 2 2 2 2 2 2 2 2 2 2 2 2 2 2 2 2 2 2 2 2 2
left_child=11 3 14 10 5 31 64 -8 15 39 29 -1 -13 48 52 -9 17 32 19 26 21 37 61 -24 25 43 70 28 -28 34 -31 -4 -11 -34 35 -2 -36 -20 -39 -10 -41 42 59 -25 45 86 -33 -48 49 -14 -51 -50 53 -3 -26 79 57 58 -57 -15 80 85 63 -63 -7 -65 -38 -67 -17 -70 -6 72 -69 -53 75 76 -44 -77 -19 -40 -22 -64 -83 84 -84 -16 -35 -43 -89 -81 -49 -92 -93 -94
right_child=1 2 4 -5 18 6 7 8 9 16 -12 12 13 41 22 68 -18 78 20 -21 60 -23 23 24 54 -27 27 -29 -30 30 -32 46 33 44 36 -37 66 38 55 40 -42 87 74 -45 -46 -47 47 90 51 50 -52 73 -54 -55 -56 56 -58 -59 -60 -61 -62 62 81 65 -66 67 -68 71 69 -71 -72 -73 -74 -75 -76 77 -78 -79 -80 89 -82 82 83 -85 -86 -87 -88 88 -90 -91 91 92 93 -95
leaf_value=-1.3054533184619675e-08 2.6264996902569336e-06 6.4483977959257913e-05 2.3722083834672391e-07 -8.5409883821478753e-05 1.208328529110661e-05 1.1401611450146192e-06 1.3054534155248744e-08 1.3054534155248744e-08 1.3054534155248744e-08 -3.4581145705956116e-06 2.8637205286036576e-06 3.4083031675186472e-07 -1.1405465836436756e-06 -6.0181717029763261e-06 0 -2.8086430892320028e-06 1.7672177946163547e-08 -3.2422413567290922e-06 1.3054534155248744e-08 -3.0715533364593517e-07 -3.0715533364593517e-07 2.7192762638079975e-08 0 2.8750746438215214e-05 0 1.3054534155248744e-08 -5.2588376970304214e-05 -0.00015399101509620011 1.2776731991909942e-08 -4.045742248278073e-09 2.7967088138491227e-08 -5.5814818723503457e-06 1.3054534155248744e-08 1.3054534155248744e-08 2.4947429658595588e-08 -3.5092705458155138e-06 2.7978191925287873e-06 -6.3617292569394782e-07 0.0023386395243438912 1.3054534155248744e-08 1.3054534155248744e-08 -3.6374697961899438e-07 -3.6374697961899438e-07 0 1.3054534155248744e-08 -6.7125918897980368e-07 2.3722083834672391e-07 -1.1260767928841985e-07 -3.5651174765305202e-05 9.0150708144030078e-07 -3.4425270374902746e-07 -5.3786781540000381e-06 0 0 0 1.3054534155248744e-08 1.3054534155248744e-08 1.3054534155248744e-08 9.3089519692285533e-05 -3.6374697961899438e-07 -7.0609506080505478e-06 3.1793009915548924e-05 0 0 -2.1861763283529891e-08 0 5.3429643535598923e-06 0 0.00024087574694147323 -5.4064782852640114e-07 -4.621476486867933e-07 0 0 -1.0616508670697749e-06 -3.6374697961899438e-07 -1.6318912075712714e-06 -2.6030954306390574e-06 -2.3435443574447227e-06 -3.0211243490044118e-09 -0.00037767746998578438 -0.00059423201455621993 0 0 0 0 0 1.3054534155248744e-08 0.0095013375641448145 -3.6374697961899438e-07 -7.3900573738449188e-06 3.308830164832188e-06 -4.9006205791109385e-05 3.3383874185398642e-07 -4.7750781409619356e-07
leaf_weight=279508 32976 189 206 476 170 761 212 218 337 207 608 442 904 2937 31011 147 117 132 162 738 575 136 3067 135 639 143 160 691 157 121 234 400 161 199 224 117 131 156 327 362 122 7810 1190 249 158 356 152 141 1578 593 1138 638 858 1183 272 132 956 140 303 10443 1653 269 7515 2604 215 470 128 415 147 285 698 295 1277 750 1700 913 1677 289 151 171 150 427 1284 12206 310 55501 302 141 2746 734 139 165 534 2201
leaf_count=279508 32976 189 206 476 170 761 212 218 337 207 608 442 904 2937 31011 147 117 132 162 738 575 136 3067 135 639 143 160 691 157 121 234 400 161 199 224 117 131 156 327 362 122 7810 1190 249 158 356 152 141 1578 593 1138 638 858 1183 272 132 956 140 303 10443 1653 269 7515 2604 215 470 128 415 147 285 698 295 1277 750 1700 913 1677 289 151 171 150 427 1284 12206 310 55501 302 141 2746 734 139 165 534 2201
internal_value=0 -0.00285358 -0.00705103 0.013576 0.00206623 0.0042998 0.00759149 0.00973704 0.00813922 0.0104732 0.0138198 -0.00821635 -0.00713746 -0.00736283 -0.00831921 0.000513398 0.00596139 0.00493497 -0.000253865 -0.00259919 0.000841879 0.00261189 -0.00839895 -0.00638964 -0.00322929 0.00131813 -0.000233332 0.00247335 0.00969592 0.0139912 0.0073714 0.000463948 0.00658469 0.00796221 0.0140612 0.0139826 0.0194453 0.00191181 0.00143764 0.0202718 0.0170262 -0.00803644 -0.00758273 -0.00406405 0.00576573 0.00436372 -5.10184e-06 0.000536904 -0.00377337 -0.00247375 -0.000445283 -0.00492795 -0.00409649 -0.00556245 -0.0058599 0.00195275 0.00335011 0.00719891 0.00360944 -0.00810764 -0.00155262 -0.00847864 -0.00807466 -0.0053917 -0.000350995 -0.00568016 0.0128959 -0.00668857 -0.0034349 -0.00202652 -0.00337658 -0.00601982 -0.00653509 -0.00266004 -0.00636532 -0.00593774 -0.00682735 -0.00381583 -0.00312711 0.000216266 -0.0040032 -0.00873238 -0.00850584 -0.00868145 -0.007307 -0.00860506 0.00776839 -0.00884863 -0.00816441 -0.000578311 -8.97741e-05 6.57536e-05 -0.000229694 0.000156565
internal_weight=0 172070 137055 35015 16736 8527 4589 3613 3401 2604 34539 315397 35889 35447 120319 797 1783 1666 8209 2614 5595 3217 118089 4505 1438 527 1876 1008 317 33931 355 3938 1383 1176 33576 33093 483 3081 2919 821 484 29846 19149 384 1015 857 3732 3332 5601 2635 1731 2966 2230 1372 911 2763 1531 575 435 13380 2378 113584 27072 5330 976 5061 259 2457 579 432 868 1987 1692 1388 5769 4069 2867 1202 283 1232 725 21742 14227 13800 1594 86512 501 10697 2887 905 3180 3039 2900 2735
internal_count=487467 172070 137055 35015 16736 8527 4589 3613 3401 2604 34539 315397 35889 35447 120319 797 1783 1666 8209 2614 5595 3217 118089 4505 1438 527 1876 1008 317 33931 355 3938 1383 1176 33576 33093 483 3081 2919 821 484 29846 19149 384 1015 857 3732 3332 5601 2635 1731 2966 2230 1372 911 2763 1531 575 435 13380 2378 113584 27072 5330 976 5061 259 2457 579 432 868 1987 1692 1388 5769 4069 2867 1202 283 1232 725 21742 14227 13800 1594 86512 501 10697 2887 905 3180 3039 2900 2735
is_linear=0
shrinkage=0.0951581


Tree=136
num_leaves=24
num_cat=0
split_feature=4 0 4 4 0 3 0 3 4 3 0 3 4 0 3 4 0 4 0 4 0 4 4
split_gain=351.646 67.9231 83.5016 16.0976 13.526 5.24237 1.19315 1.15342 1.66055 0.992184 9.99491 0.806047 0.526802 0.290216 0.15197 0.0795167 0.0634134 0.018837 0.0125768 0.00876086 0.0121014 0.0681763 0.00661976
threshold=0.15000000223517421 1.5000000000000002 0.25000000745058065 0.25000000745058065 1.5000000000000002 0.15000000223517421 2.5000000000000004 0.15000000223517421 0.35000000894069677 0.15000000223517421 2.5000000000000004 0.15000000223517421 0.35000000894069677 3.5000000000000004 0.15000000223517421 0.35000000894069677 3.5000000000000004 0.45000000298023229 2.5000000000000004 0.59999999403953563 4.5000000000000009 0.45000000298023229 0.45000000298023229
decision_type=2 2 2 2 2 2 2 2 2 2 2 2 2 2 2 2 2 2 2 2 2 2 2
left_child=4 3 9 5 -1 -2 14 -8 13 18 -11 -5 -13 -9 -4 -16 17 -10 -3 20 21 -18 -17
right_child=1 2 6 11 -6 -7 7 8 16 10 -12 12 -14 -15 15 22 19 -19 -20 -21 -22 -23 -24
leaf_value=-1.181228875538064e-08 0 0 -3.1350089295083345e-07 2.1464735673289923e-07 -3.291335122134672e-07 0 -2.3396890128367879e-05 1.1812289632248261e-08 9.1704070637328589e-05 0 1.1812289632248261e-08 1.1812289632248261e-08 0.00030316883145916224 1.1812289632248261e-08 1.1812289632248261e-08 0.00016897070499179091 5.1489108954303561e-05 -0.0001267522744454068 0 0.0010174304151745514 4.2121429822577323e-05 3.156341858451844e-06 -0.00020697699629992341
leaf_weight=310726 113386 34831 1364 2798 4671 1992 581 2151 339 2491 150 3390 478 215 4790 531 187 240 1528 116 191 162 159
leaf_count=310726 113386 34831 1364 2798 4671 1992 581 2151 339 2491 150 3390 478 215 4790 531 187 240 1528 116 191 162 159
internal_value=0 -0.00285358 -0.00580657 -0.00164315 -0.00820157 -0.00190584 0.00150513 0.00277146 0.00340624 -0.00787372 -0.00609286 0.00290356 0.00379353 0.00488258 0.000731341 0.000955052 0.000577881 -0.000147916 -0.00800308 0.00121849 0.00105731 0.00139056 -2.26875e-09
internal_weight=0 172070 50026 122044 315397 115378 11026 4182 3601 39000 2641 6666 3868 2366 6844 5480 1235 579 36359 656 540 349 690
internal_count=487467 172070 50026 122044 315397 115378 11026 4182 3601 39000 2641 6666 3868 2366 6844 5480 1235 579 36359 656 540 349 690
is_linear=0
shrinkage=0.0951581


Tree=137
num_leaves=95
num_cat=0
split_feature=4 2 4 4 0 2 2 2 2 0 2 2 2 2 0 2 2 2 2 0 2 2 2 2 2 2 2 2 2 2 2 2 0 2 2 2 2 2 2 2 2 0 2 2 2 2 2 2 2 2 0 0 2 2 2 2 2 2 0 2 2 2 2 0 2 2 2 2 2 0 0 2 2 2 2 2 0 2 2 2 0 0 2 2 2 2 2 2 2 2 2 2 2 2
split_gain=351.646 1310.46 175.004 16.0034 13.526 58.2581 9.5778 8.27867 11.6835 5.28241 9.22628 14.637 4.47426 3.97363 3.34544 3.13646 9.49717 3.09344 22.0035 2.33194 2.32976 4.10742 2.61879 3.94468 2.20836 2.19787 1.81737 18.0476 3.18845 1.80405 1.76262 2.66399 5.21495 1.74348 1.6973 4.75449 1.61305 3.03099 2.64552 1.47148 3.79126 1.61523 1.49282 5.97972 1.37844 1.51498 1.21549 5.69399 4.3666 2.67409 3.92848 1.08413 1.05015 3.70675 0.883715 1.01837 1.75358 0.753242 1.82123 0.740403 1.50642 2.54214 1.26697 1.80559 0.691709 0.684246 0.682331 0.62998 0.593283 0.578582 0.571296 0.555479 0.555031 1.33609 0.529197 0.503818 0.658131 0.487987 0.868963 0.463554 0.521939 0.451722 0.401503 0.537256 0.38135 0.370215 0.361747 0.323064 0.314229 0.298272 0.302853 0.344869 0.269908 0.364962
threshold=0.15000000223517421 0.10458041727542879 0.25000000745058065 0.25000000745058065 1.5000000000000002 0.10559467971324922 0.19101010262966159 0.15460605919361117 0.15629401057958606 2.5000000000000004 0.17660956084728244 0.16505814343690875 0.1067231632769108 0.19012194871902469 1.5000000000000002 0.10388386249542238 0.10458041727542879 0.1139211878180504 0.11203448474407197 1.5000000000000002 0.20240999013185504 0.20071429014205935 0.24515175819396975 0.24171940237283709 0.11630280315876008 0.10481997579336168 0.10074627026915552 0.10259784013032915 0.1067231632769108 0.17006493359804156 0.19548846781253817 0.1981649845838547 1.5000000000000002 0.10594117641448976 0.10388386249542238 0.10421099141240121 0.10259784013032915 0.10074627026915552 0.10317540168762208 0.14379280805587771 0.14586748182773593 2.5000000000000004 0.16505814343690875 0.17660956084728244 0.20439612865448001 0.20745369791984561 0.168457105755806 0.1633739769458771 0.1643650829792023 0.15803226083517077 1.5000000000000002 1.5000000000000002 0.12516666948795321 0.12782331556081775 0.17394282668828967 0.18843366950750354 0.18758561462163928 0.16587346047163012 1.5000000000000002 0.21946247667074206 0.22547236829996112 0.22410600632429126 0.22039676457643512 2.5000000000000004 0.25920708477497106 0.15032467991113665 0.14415185153484347 0.14451952278614047 0.1483045965433121 1.5000000000000002 2.5000000000000004 0.17089758068323138 0.1072077937424183 0.1067231632769108 0.10347852483391763 0.18346994370222094 1.5000000000000002 0.10388386249542238 0.10458041727542879 0.14620192348957065 1.5000000000000002 1.5000000000000002 0.14670995622873309 0.14790198951959613 0.1779797971248627 0.14503520727157596 0.19238026440143588 0.11504717171192171 0.10594117641448976 0.13058389723300937 0.13465463370084765 0.13851648569107058 0.16159114986658099 0.16259328275918963
decision_type=2 2 2 2 2 2 2 2 2 2 2 2 2 2 2 2 2 2 2 2 2 2 2 2 2 2 2 2 2 2 2 2 2 2 2 2 2 2 2 2 2 2 2 2 2 2 2 2 2 2 2 2 2 2 2 2 2 2 2 2 2 2 2 2 2 2 2 2 2 2 2 2 2 2 2 2 2 2 2 2 2 2 2 2 2 2 2 2 2 2 2 2 2 2
left_child=4 3 12 34 26 15 7 24 19 13 11 -11 14 46 25 -6 -17 18 72 -9 21 30 23 44 -4 -3 -1 -28 77 -13 86 32 -32 -16 36 -36 37 -2 -38 -14 51 68 -43 -44 -22 -46 47 49 -49 50 -10 66 -26 -54 71 56 75 -50 -59 -47 61 62 -61 -64 -24 70 -41 -68 79 -57 89 -48 73 -7 -40 76 84 -29 -79 -42 82 -67 -81 -84 -56 -69 -8 -30 -27 -55 -91 -92 -51 -94
right_child=1 2 6 -5 5 17 20 8 9 10 -12 29 39 -15 33 16 -18 -19 -20 -21 22 -23 64 -25 52 88 27 28 87 -31 31 -33 -34 -35 35 -37 38 -39 74 40 41 42 43 -45 45 59 54 48 57 92 -52 -53 53 65 55 69 -58 58 -60 60 -62 -63 63 -65 -66 81 67 85 -70 -71 -72 -73 -74 -75 -76 -77 -78 78 -80 80 -82 -83 83 -85 -86 -87 -88 -89 -90 90 91 -93 93 -95
leaf_value=-1.0688253932205408e-08 2.3765669993667192e-06 5.8347805855227934e-05 1.9422192449057159e-07 2.5707889238599317e-06 8.4704110648376649e-07 -9.2930648353602442e-07 1.09323389208725e-05 1.0688254724555667e-08 -2.4093390980581726e-06 -0.0013899507361576015 5.2767806609953992e-05 1.0688254724555667e-08 0 1.4866492359579878e-08 -0.00017964375152123546 0.0012320296205683542 1.2944610813459955e-05 -2.9781379621530333e-07 3.3923155108544875e-06 1.0688254724555667e-08 1.0688254724555667e-08 -2.7905105402182302e-07 -2.7905105402182302e-07 2.3481116405809443e-08 -5.0707841566702296e-06 0 3.0952159001131221e-07 -1.0308903156762727e-06 -2.3542658095427677e-06 1.0688254724555667e-08 1.0436887684807276e-08 -0.00015541645375822283 -0.00016612450054983059 1.2322254678420435e-06 -3.6607571486248536e-09 2.530579347988851e-08 2.2573479931400969e-08 -3.1753350674185708e-06 2.5315840652216568e-06 0 0 0 1.0688254724555667e-08 0 -5.7675996081674278e-07 9.1963027543313364e-06 4.5646752483845142e-05 1.0688254724555667e-08 1.0688254724555667e-08 -4.9032484933266936e-07 1.0688254724555667e-08 0 1.9422192449057159e-07 -1.2231757997948577e-07 1.0688254724555667e-08 -3.8576748373081165e-09 1.0688254724555667e-08 1.0688254724555667e-08 1.0688254724555667e-08 1.0688254724555667e-08 1.0688254724555667e-08 1.0688254724555667e-08 -0.00022342263600028171 0.0029028434144541177 -6.3901680776348152e-06 -4.7723085410609815e-07 0 0 0 0.00034387727015341681 -3.4822699183080952e-05 -3.1301710319401974e-06 -2.9781379621530333e-07 1.4547622798154785e-05 4.834538076882813e-06 -6.0850748233836712e-07 1.0688254724555667e-08 -3.1037023955601478e-07 -4.8657293855038991e-06 0 0 -0.00043597997130476044 0 0 1.0688254724555667e-08 0 -4.1929459657727867e-07 -1.4435725122676154e-05 0 3.0099740858468486e-06 -1.3796934105789336e-05 1.030541554568308e-06 1.3413199178403424e-06 -1.8142923235985979e-05
leaf_weight=279508 33104 134 226 956 176 284 170 139 159 179 384 183 87108 109 341 115 200 2482 239 172 162 738 725 136 495 897 412 1351 16255 213 152 691 165 240 121 234 224 117 131 195 550 466 117 345 156 1232 223 149 212 737 142 1181 158 138 156 107 162 183 221 132 956 140 197 106 1653 253 634 352 24036 158 218 292 1059 116 128 331 388 1023 4232 321 826 161 926 250 172 782 698 7945 618 200 156 1093 139 119
leaf_count=279508 33104 134 226 956 176 284 170 139 159 179 384 183 87108 109 341 115 200 2482 239 172 162 738 725 136 495 897 412 1351 16255 213 152 691 165 240 121 234 224 117 131 195 550 466 117 345 156 1232 223 149 212 737 142 1181 158 138 156 107 162 183 221 132 956 140 197 106 1653 253 634 352 24036 158 218 292 1059 116 128 331 388 1023 4232 321 826 161 926 250 172 782 698 7945 618 200 156 1093 139 119
internal_value=0 -0.00285358 -0.00705103 0.013576 -0.00820157 -0.00311897 0.00206623 0.0042998 0.0065396 0.00545141 0.0118179 0.0194453 -0.00831921 0.00398341 -0.00409649 0.0278885 0.0222036 -0.00676123 -0.00363148 0.0244474 -0.000253865 -0.00259919 0.000841879 0.00261189 0.000374733 -0.00628424 -0.00827797 -0.00758936 -0.00785396 0.0296528 -0.000233332 0.00247335 0.00969592 0.0021128 0.0139168 0.0073714 0.0139857 0.0139064 0.0194453 -0.00839895 -0.0078357 -0.00818947 -0.00428622 -0.000453136 0.00191181 0.00143764 0.00350088 0.00512034 0.0116304 0.00127758 0.00913644 -0.00470343 -0.000337959 0.000492402 0.00182278 0.00300839 0.0041794 0.00809461 0.0105051 0.00195275 0.00335011 0.00719891 0.00360944 0.000219835 -0.00155262 -0.000510314 -0.00607403 -0.00666322 -0.00832408 -0.00233407 0.000289953 -0.00157057 -0.00801572 -0.0049958 0.0128959 0.00275386 0.00417313 -0.00600104 -0.00558635 -0.0070317 -0.00644355 -0.0039994 -0.00538403 -0.00619822 0.00731092 -0.00532013 -0.00337658 -0.00835976 -0.00731744 0.000917401 0.00132 0.000769491 -0.00109982 0.00154908
internal_weight=0 172070 137055 35015 315397 4671 16736 8527 5429 5118 959 575 120319 4159 2230 491 315 4180 1698 311 8209 2614 5595 3217 3098 1649 310726 31218 30806 396 1876 1008 317 581 34059 355 33704 33221 483 118089 30981 27837 928 462 3081 2919 4050 2061 765 1296 301 3144 2872 2377 1989 1474 1209 616 404 2763 1531 575 435 303 2378 2219 1963 1768 26909 265 1805 515 1459 400 259 1047 716 6606 5255 2873 2323 414 1497 1176 328 1134 868 24200 1515 1587 1449 1249 995 258
internal_count=487467 172070 137055 35015 315397 4671 16736 8527 5429 5118 959 575 120319 4159 2230 491 315 4180 1698 311 8209 2614 5595 3217 3098 1649 310726 31218 30806 396 1876 1008 317 581 34059 355 33704 33221 483 118089 30981 27837 928 462 3081 2919 4050 2061 765 1296 301 3144 2872 2377 1989 1474 1209 616 404 2763 1531 575 435 303 2378 2219 1963 1768 26909 265 1805 515 1459 400 259 1047 716 6606 5255 2873 2323 414 1497 1176 328 1134 868 24200 1515 1587 1449 1249 995 258
is_linear=0
shrinkage=0.0951581


end of trees

feature_importances:
Column_2=8282
Column_0=1315
Column_4=658
Column_3=378

parameters:
[boosting: gbdt]
[objective: quantile]
[metric: quantile]
[tree_learner: serial]
[device_type: cpu]
[data_sample_strategy: bagging]
[data: ]
[valid: ]
[num_iterations: 150]
[learning_rate: 0.0951581]
[num_leaves: 95]
[num_threads: 0]
[seed: 0]
[deterministic: 0]
[force_col_wise: 0]
[force_row_wise: 0]
[histogram_pool_size: -1]
[max_depth: -1]
[min_data_in_leaf: 106]
[min_sum_hessian_in_leaf: 0.001]
[bagging_fraction: 0.750553]
[pos_bagging_fraction: 1]
[neg_bagging_fraction: 1]
[bagging_freq: 0]
[bagging_seed: 3]
[feature_fraction: 0.649836]
[feature_fraction_bynode: 1]
[feature_fraction_seed: 2]
[extra_trees: 0]
[extra_seed: 6]
[early_stopping_round: 0]
[early_stopping_min_delta: 0]
[first_metric_only: 0]
[max_delta_step: 0]
[lambda_l1: 0]
[lambda_l2: 0]
[linear_lambda: 0]
[min_gain_to_split: 0]
[drop_rate: 0.1]
[max_drop: 50]
[skip_drop: 0.5]
[xgboost_dart_mode: 0]
[uniform_drop: 0]
[drop_seed: 4]
[top_rate: 0.2]
[other_rate: 0.1]
[min_data_per_group: 100]
[max_cat_threshold: 32]
[cat_l2: 10]
[cat_smooth: 10]
[max_cat_to_onehot: 4]
[top_k: 20]
[monotone_constraints: ]
[monotone_constraints_method: basic]
[monotone_penalty: 0]
[feature_contri: ]
[forcedsplits_filename: ]
[refit_decay_rate: 0.9]
[cegb_tradeoff: 1]
[cegb_penalty_split: 0]
[cegb_penalty_feature_lazy: ]
[cegb_penalty_feature_coupled: ]
[path_smooth: 0]
[interaction_constraints: ]
[verbosity: -1]
[saved_feature_importance_type: 0]
[use_quantized_grad: 0]
[num_grad_quant_bins: 4]
[quant_train_renew_leaf: 0]
[stochastic_rounding: 1]
[linear_tree: 0]
[max_bin: 255]
[max_bin_by_feature: ]
[min_data_in_bin: 3]
[bin_construct_sample_cnt: 200000]
[data_random_seed: 1]
[is_enable_sparse: 1]
[enable_bundle: 1]
[use_missing: 1]
[zero_as_missing: 0]
[feature_pre_filter: 1]
[pre_partition: 0]
[two_round: 0]
[header: 0]
[label_column: ]
[weight_column: ]
[group_column: ]
[ignore_column: ]
[categorical_feature: ]
[forcedbins_filename: ]
[precise_float_parser: 0]
[parser_config_file: ]
[objective_seed: 5]
[num_class: 1]
[is_unbalance: 0]
[scale_pos_weight: 1]
[sigmoid: 1]
[boost_from_average: 1]
[reg_sqrt: 0]
[alpha: 0.9]
[fair_c: 1]
[poisson_max_delta_step: 0.7]
[tweedie_variance_power: 1.5]
[lambdarank_truncation_level: 30]
[lambdarank_norm: 1]
[label_gain: ]
[lambdarank_position_bias_regularization: 0]
[eval_at: ]
[multi_error_top_k: 1]
[auc_mu_weights: ]
[num_machines: 1]
[local_listen_port: 12400]
[time_out: 120]
[machine_list_filename: ]
[machines: ]
[gpu_platform_id: -1]
[gpu_device_id: -1]
[gpu_use_dp: 0]
[num_gpu: 1]

end of parameters

pandas_categorical:null
